split,num_forget_samples,model,method,trainer,controller_family,monitoring_signal,run_name,is_baseline,is_old_copy,learning_rate,per_device_train_batch_size,gradient_accumulation_steps,effective_batch_size_single_gpu,epochs_configured,beta,alpha,gamma,retain_loss_type,sampling_policy,retain_policy_after_stop,forget_loss_denominator,rebound_semantics,moving_average_window,criterion_threshold,stop_ratio_threshold,absolute_nll_gain_threshold,warm_up_epochs,stop_patience,rebound_ratio_threshold,rebound_delta,reactivation_patience,forget_quality,model_utility,forget_truth_ratio,exact_memorization,extraction_strength,forget_Q_A_Prob,forget_Q_A_ROUGE,privleak,final_active_samples,final_stopped_samples,stop_events,reactivation_events,saved_forget_instances,saved_forget_instances_pct_of_10epoch_budget,trajectory_final_epoch,trainer_completed_epoch,global_step,train_runtime_seconds,train_runtime_minutes,summary_json,trajectory_file,trainer_state_json,run_directory
forget01,40,Llama-2-7b-chat-hf,WGA,SampleEarlyStopWGAIrreversible,absolute_nll_gain,per_sample_length_normalized_nll_gain_from_initial,lr1e-5_b4_ga2_beta1.0_e10_ies_wga_normnll_gain_ge1.0_warm0_patience1_rebounddelta0.1_rpat1_samplingbaseline_masked,False,False,1e-05,4,2,8,10,1.0,1.0,1.0,NLL,forget_anchor_random_retain,full_retain,fixed_original_valid_tokens,absolute_gain_below_threshold_minus_delta,,1.0,,1.0,0,1,,0.1,1,0.006760732303569208,0.6233842720477513,0.5492995161023346,0.8179616391658783,0.14961013103959625,0.2893798828125,0.3927774203787101,-58.94206547930638,8,32,32,0,169,42.25,10,10.0,50,307.4227,5.123711666666667,/unlearning/experment_data/checkpoints/tofu/forget01/Llama-2-7b-chat-hf/SampleEarlyStopWGAIrreversible/lr1e-5_b4_ga2_beta1.0_e10_ies_wga_normnll_gain_ge1.0_warm0_patience1_rebounddelta0.1_rpat1_samplingbaseline_masked/eval/TOFU_SUMMARY.json,/unlearning/experment_data/checkpoints/tofu/forget01/Llama-2-7b-chat-hf/SampleEarlyStopWGAIrreversible/lr1e-5_b4_ga2_beta1.0_e10_ies_wga_normnll_gain_ge1.0_warm0_patience1_rebounddelta0.1_rpat1_samplingbaseline_masked/ies_wga_nll_gain_history.jsonl,/unlearning/experment_data/checkpoints/tofu/forget01/Llama-2-7b-chat-hf/SampleEarlyStopWGAIrreversible/lr1e-5_b4_ga2_beta1.0_e10_ies_wga_normnll_gain_ge1.0_warm0_patience1_rebounddelta0.1_rpat1_samplingbaseline_masked/trainer_state.json,/unlearning/experment_data/checkpoints/tofu/forget01/Llama-2-7b-chat-hf/SampleEarlyStopWGAIrreversible/lr1e-5_b4_ga2_beta1.0_e10_ies_wga_normnll_gain_ge1.0_warm0_patience1_rebounddelta0.1_rpat1_samplingbaseline_masked
forget01,40,Llama-2-7b-chat-hf,WGA,SampleEarlyStopWGAIrreversible,absolute_nll_gain,per_sample_length_normalized_nll_gain_from_initial,lr1e-5_b4_ga2_beta1.0_e10_ies_wga_normnll_gain_ge1.0_warm1_patience1_rebounddelta0.1_rpat2,False,False,1e-05,4,2,8,10,1.0,1.0,1.0,NLL,forget_anchor_random_retain,legacy_or_unspecified,legacy_or_unspecified,absolute_gain_below_threshold_minus_delta,,1.0,,1.0,1,1,,0.1,2,0.054141077480362725,0.6146010446827017,0.5741652527380492,0.8302641630172729,0.13938834738172062,0.34075927734375,0.4392025581664886,-65.86901761896847,11,29,29,0,153,38.25,10,10.0,50,301.2774,5.02129,/unlearning/experment_data/checkpoints/tofu/forget01/Llama-2-7b-chat-hf/SampleEarlyStopWGAIrreversible/lr1e-5_b4_ga2_beta1.0_e10_ies_wga_normnll_gain_ge1.0_warm1_patience1_rebounddelta0.1_rpat2/eval/TOFU_SUMMARY.json,/unlearning/experment_data/checkpoints/tofu/forget01/Llama-2-7b-chat-hf/SampleEarlyStopWGAIrreversible/lr1e-5_b4_ga2_beta1.0_e10_ies_wga_normnll_gain_ge1.0_warm1_patience1_rebounddelta0.1_rpat2/ies_wga_nll_gain_history.jsonl,/unlearning/experment_data/checkpoints/tofu/forget01/Llama-2-7b-chat-hf/SampleEarlyStopWGAIrreversible/lr1e-5_b4_ga2_beta1.0_e10_ies_wga_normnll_gain_ge1.0_warm1_patience1_rebounddelta0.1_rpat2/trainer_state.json,/unlearning/experment_data/checkpoints/tofu/forget01/Llama-2-7b-chat-hf/SampleEarlyStopWGAIrreversible/lr1e-5_b4_ga2_beta1.0_e10_ies_wga_normnll_gain_ge1.0_warm1_patience1_rebounddelta0.1_rpat2
forget01,40,Llama-2-7b-chat-hf,WGA,SampleEarlyStopWGAIrreversible,absolute_nll_gain,per_sample_length_normalized_nll_gain_from_initial,lr1e-5_b4_ga2_beta1.0_e10_ies_wga_normnll_gain_ge1.5_warm1_patience1_rebounddelta0.1_rpat2,False,False,1e-05,4,2,8,10,1.0,1.0,1.0,NLL,forget_anchor_random_retain,legacy_or_unspecified,legacy_or_unspecified,absolute_gain_below_threshold_minus_delta,,1.5,,1.5,1,1,,0.1,2,0.054141077480362725,0.6129863237603201,0.5780522461816766,0.8079336494207382,0.1305103517390191,0.29989013671875,0.4076662077069245,-48.110831224562055,17,23,23,0,101,25.25,10,10.0,50,300.5356,5.0089266666666665,/unlearning/experment_data/checkpoints/tofu/forget01/Llama-2-7b-chat-hf/SampleEarlyStopWGAIrreversible/lr1e-5_b4_ga2_beta1.0_e10_ies_wga_normnll_gain_ge1.5_warm1_patience1_rebounddelta0.1_rpat2/eval/TOFU_SUMMARY.json,/unlearning/experment_data/checkpoints/tofu/forget01/Llama-2-7b-chat-hf/SampleEarlyStopWGAIrreversible/lr1e-5_b4_ga2_beta1.0_e10_ies_wga_normnll_gain_ge1.5_warm1_patience1_rebounddelta0.1_rpat2/ies_wga_nll_gain_history.jsonl,/unlearning/experment_data/checkpoints/tofu/forget01/Llama-2-7b-chat-hf/SampleEarlyStopWGAIrreversible/lr1e-5_b4_ga2_beta1.0_e10_ies_wga_normnll_gain_ge1.5_warm1_patience1_rebounddelta0.1_rpat2/trainer_state.json,/unlearning/experment_data/checkpoints/tofu/forget01/Llama-2-7b-chat-hf/SampleEarlyStopWGAIrreversible/lr1e-5_b4_ga2_beta1.0_e10_ies_wga_normnll_gain_ge1.5_warm1_patience1_rebounddelta0.1_rpat2
forget01,40,Llama-2-7b-chat-hf,WGA,SampleEarlyStopWGAIrreversible,absolute_nll_gain,per_sample_length_normalized_nll_gain_from_initial,lr1e-5_b4_ga2_beta1.0_e10_ies_wga_normnll_gain_ge2.0_warm1_patience1_rebounddelta0.1_rpat2,False,False,1e-05,4,2,8,10,1.0,1.0,1.0,NLL,forget_anchor_random_retain,legacy_or_unspecified,legacy_or_unspecified,absolute_gain_below_threshold_minus_delta,,2.0,,2.0,1,1,,0.1,2,0.02860307028023343,0.6149508033981341,0.5738994177863396,0.8013110354542732,0.13239950545499526,0.297113037109375,0.3917423595201124,-44.58438286255226,26,14,14,0,51,12.75,10,10.0,50,304.6479,5.077465,/unlearning/experment_data/checkpoints/tofu/forget01/Llama-2-7b-chat-hf/SampleEarlyStopWGAIrreversible/lr1e-5_b4_ga2_beta1.0_e10_ies_wga_normnll_gain_ge2.0_warm1_patience1_rebounddelta0.1_rpat2/eval/TOFU_SUMMARY.json,/unlearning/experment_data/checkpoints/tofu/forget01/Llama-2-7b-chat-hf/SampleEarlyStopWGAIrreversible/lr1e-5_b4_ga2_beta1.0_e10_ies_wga_normnll_gain_ge2.0_warm1_patience1_rebounddelta0.1_rpat2/ies_wga_nll_gain_history.jsonl,/unlearning/experment_data/checkpoints/tofu/forget01/Llama-2-7b-chat-hf/SampleEarlyStopWGAIrreversible/lr1e-5_b4_ga2_beta1.0_e10_ies_wga_normnll_gain_ge2.0_warm1_patience1_rebounddelta0.1_rpat2/trainer_state.json,/unlearning/experment_data/checkpoints/tofu/forget01/Llama-2-7b-chat-hf/SampleEarlyStopWGAIrreversible/lr1e-5_b4_ga2_beta1.0_e10_ies_wga_normnll_gain_ge2.0_warm1_patience1_rebounddelta0.1_rpat2
forget01,40,Llama-2-7b-chat-hf,WGA,SampleEarlyStopWGAIrreversible,absolute_nll_gain,per_sample_length_normalized_nll_gain_from_initial,lr1e-5_b4_ga2_beta5.0_e10_ies_wga_normnll_gain_ge1.0_warm0_patience1_rebounddelta0.1_rpat1_samplingbaseline_masked,False,False,1e-05,4,2,8,10,5.0,1.0,1.0,NLL,forget_anchor_random_retain,full_retain,fixed_original_valid_tokens,absolute_gain_below_threshold_minus_delta,,1.0,,1.0,0,1,,0.1,1,0.01430154804770646,0.6252530877018583,0.5464813888664708,0.8241918817162514,0.16098744585441108,0.5267578125,0.457367331276441,-87.40554154409966,30,10,10,0,48,12.0,10,10.0,50,305.502,5.0917,/unlearning/experment_data/checkpoints/tofu/forget01/Llama-2-7b-chat-hf/SampleEarlyStopWGAIrreversible/lr1e-5_b4_ga2_beta5.0_e10_ies_wga_normnll_gain_ge1.0_warm0_patience1_rebounddelta0.1_rpat1_samplingbaseline_masked/eval/TOFU_SUMMARY.json,/unlearning/experment_data/checkpoints/tofu/forget01/Llama-2-7b-chat-hf/SampleEarlyStopWGAIrreversible/lr1e-5_b4_ga2_beta5.0_e10_ies_wga_normnll_gain_ge1.0_warm0_patience1_rebounddelta0.1_rpat1_samplingbaseline_masked/ies_wga_nll_gain_history.jsonl,/unlearning/experment_data/checkpoints/tofu/forget01/Llama-2-7b-chat-hf/SampleEarlyStopWGAIrreversible/lr1e-5_b4_ga2_beta5.0_e10_ies_wga_normnll_gain_ge1.0_warm0_patience1_rebounddelta0.1_rpat1_samplingbaseline_masked/trainer_state.json,/unlearning/experment_data/checkpoints/tofu/forget01/Llama-2-7b-chat-hf/SampleEarlyStopWGAIrreversible/lr1e-5_b4_ga2_beta5.0_e10_ies_wga_normnll_gain_ge1.0_warm0_patience1_rebounddelta0.1_rpat1_samplingbaseline_masked
forget01,40,Llama-2-7b-chat-hf,WGA,SampleEarlyStopWGAIrreversible,absolute_nll_gain,per_sample_length_normalized_nll_gain_from_initial,lr1e-5_b4_ga2_beta5.0_e10_ies_wga_normnll_gain_ge1.0_warm1_patience1_rebounddelta0.1_rpat2,False,False,1e-05,4,2,8,10,5.0,1.0,1.0,NLL,forget_anchor_random_retain,legacy_or_unspecified,legacy_or_unspecified,absolute_gain_below_threshold_minus_delta,,1.0,,1.0,1,1,,0.1,2,0.01430154804770646,0.6144085222209791,0.5449546472230973,0.8284820422530175,0.14549654328771064,0.53916015625,0.47857474961828095,-91.18387907482442,31,9,9,0,34,8.5,10,10.0,50,306.3795,5.106325,/unlearning/experment_data/checkpoints/tofu/forget01/Llama-2-7b-chat-hf/SampleEarlyStopWGAIrreversible/lr1e-5_b4_ga2_beta5.0_e10_ies_wga_normnll_gain_ge1.0_warm1_patience1_rebounddelta0.1_rpat2/eval/TOFU_SUMMARY.json,/unlearning/experment_data/checkpoints/tofu/forget01/Llama-2-7b-chat-hf/SampleEarlyStopWGAIrreversible/lr1e-5_b4_ga2_beta5.0_e10_ies_wga_normnll_gain_ge1.0_warm1_patience1_rebounddelta0.1_rpat2/ies_wga_nll_gain_history.jsonl,/unlearning/experment_data/checkpoints/tofu/forget01/Llama-2-7b-chat-hf/SampleEarlyStopWGAIrreversible/lr1e-5_b4_ga2_beta5.0_e10_ies_wga_normnll_gain_ge1.0_warm1_patience1_rebounddelta0.1_rpat2/trainer_state.json,/unlearning/experment_data/checkpoints/tofu/forget01/Llama-2-7b-chat-hf/SampleEarlyStopWGAIrreversible/lr1e-5_b4_ga2_beta5.0_e10_ies_wga_normnll_gain_ge1.0_warm1_patience1_rebounddelta0.1_rpat2
forget01,40,Llama-2-7b-chat-hf,WGA,SampleEarlyStopWGAIrreversible,absolute_nll_gain,per_sample_length_normalized_nll_gain_from_initial,lr1e-5_b4_ga2_beta5.0_e10_ies_wga_normnll_gain_ge1.5_warm1_patience1_rebounddelta0.1_rpat2,False,False,1e-05,4,2,8,10,5.0,1.0,1.0,NLL,forget_anchor_random_retain,legacy_or_unspecified,legacy_or_unspecified,absolute_gain_below_threshold_minus_delta,,1.5,,1.5,1,1,,0.1,2,0.02860307028023343,0.6150876494333999,0.5466396706121401,0.8272307306528092,0.14873728402845138,0.542578125,0.47588196140400374,-91.43576824353937,39,1,1,0,3,0.75,10,10.0,50,306.7255,5.112091666666667,/unlearning/experment_data/checkpoints/tofu/forget01/Llama-2-7b-chat-hf/SampleEarlyStopWGAIrreversible/lr1e-5_b4_ga2_beta5.0_e10_ies_wga_normnll_gain_ge1.5_warm1_patience1_rebounddelta0.1_rpat2/eval/TOFU_SUMMARY.json,/unlearning/experment_data/checkpoints/tofu/forget01/Llama-2-7b-chat-hf/SampleEarlyStopWGAIrreversible/lr1e-5_b4_ga2_beta5.0_e10_ies_wga_normnll_gain_ge1.5_warm1_patience1_rebounddelta0.1_rpat2/ies_wga_nll_gain_history.jsonl,/unlearning/experment_data/checkpoints/tofu/forget01/Llama-2-7b-chat-hf/SampleEarlyStopWGAIrreversible/lr1e-5_b4_ga2_beta5.0_e10_ies_wga_normnll_gain_ge1.5_warm1_patience1_rebounddelta0.1_rpat2/trainer_state.json,/unlearning/experment_data/checkpoints/tofu/forget01/Llama-2-7b-chat-hf/SampleEarlyStopWGAIrreversible/lr1e-5_b4_ga2_beta5.0_e10_ies_wga_normnll_gain_ge1.5_warm1_patience1_rebounddelta0.1_rpat2
forget01,40,Llama-2-7b-chat-hf,WGA,SampleEarlyStopWGAIrreversible,absolute_nll_gain,per_sample_length_normalized_nll_gain_from_initial,lr1e-5_b4_ga2_beta5.0_e10_ies_wga_normnll_gain_ge2.0_warm1_patience1_rebounddelta0.1_rpat2,False,False,1e-05,4,2,8,10,5.0,1.0,1.0,NLL,forget_anchor_random_retain,legacy_or_unspecified,legacy_or_unspecified,absolute_gain_below_threshold_minus_delta,,2.0,,2.0,1,1,,0.1,2,0.01430154804770646,0.6151994987546465,0.5477213645854215,0.8261447072029113,0.14873728402845138,0.5372802734375,0.4805973653286917,-91.18387907482439,40,0,0,0,0,0.0,10,10.0,50,307.2485,5.120808333333333,/unlearning/experment_data/checkpoints/tofu/forget01/Llama-2-7b-chat-hf/SampleEarlyStopWGAIrreversible/lr1e-5_b4_ga2_beta5.0_e10_ies_wga_normnll_gain_ge2.0_warm1_patience1_rebounddelta0.1_rpat2/eval/TOFU_SUMMARY.json,/unlearning/experment_data/checkpoints/tofu/forget01/Llama-2-7b-chat-hf/SampleEarlyStopWGAIrreversible/lr1e-5_b4_ga2_beta5.0_e10_ies_wga_normnll_gain_ge2.0_warm1_patience1_rebounddelta0.1_rpat2/ies_wga_nll_gain_history.jsonl,/unlearning/experment_data/checkpoints/tofu/forget01/Llama-2-7b-chat-hf/SampleEarlyStopWGAIrreversible/lr1e-5_b4_ga2_beta5.0_e10_ies_wga_normnll_gain_ge2.0_warm1_patience1_rebounddelta0.1_rpat2/trainer_state.json,/unlearning/experment_data/checkpoints/tofu/forget01/Llama-2-7b-chat-hf/SampleEarlyStopWGAIrreversible/lr1e-5_b4_ga2_beta5.0_e10_ies_wga_normnll_gain_ge2.0_warm1_patience1_rebounddelta0.1_rpat2
forget01,40,Llama-2-7b-chat-hf,WGA,SampleEarlyStopWGAIrreversible,absolute_nll_gain,per_sample_length_normalized_nll_gain_from_initial,lr2e-5_b4_ga2_beta1.0_e10_ies_wga_normnll_gain_ge1.0_warm0_patience1_rebounddelta0.1_rpat1_samplingbaseline_masked,False,False,2e-05,4,2,8,10,1.0,1.0,1.0,NLL,forget_anchor_random_retain,full_retain,fixed_original_valid_tokens,absolute_gain_below_threshold_minus_delta,,1.0,,1.0,0,1,,0.1,1,0.2656871402817289,0.6190094330714863,0.6477542826585897,0.7327105075120925,0.08265164705438527,0.145367431640625,0.3289750591461308,26.574307299430867,3,37,38,1,289,72.25,10,10.0,50,296.6251,4.9437516666666665,/unlearning/experment_data/checkpoints/tofu/forget01/Llama-2-7b-chat-hf/SampleEarlyStopWGAIrreversible/lr2e-5_b4_ga2_beta1.0_e10_ies_wga_normnll_gain_ge1.0_warm0_patience1_rebounddelta0.1_rpat1_samplingbaseline_masked/eval/TOFU_SUMMARY.json,/unlearning/experment_data/checkpoints/tofu/forget01/Llama-2-7b-chat-hf/SampleEarlyStopWGAIrreversible/lr2e-5_b4_ga2_beta1.0_e10_ies_wga_normnll_gain_ge1.0_warm0_patience1_rebounddelta0.1_rpat1_samplingbaseline_masked/ies_wga_nll_gain_history.jsonl,/unlearning/experment_data/checkpoints/tofu/forget01/Llama-2-7b-chat-hf/SampleEarlyStopWGAIrreversible/lr2e-5_b4_ga2_beta1.0_e10_ies_wga_normnll_gain_ge1.0_warm0_patience1_rebounddelta0.1_rpat1_samplingbaseline_masked/trainer_state.json,/unlearning/experment_data/checkpoints/tofu/forget01/Llama-2-7b-chat-hf/SampleEarlyStopWGAIrreversible/lr2e-5_b4_ga2_beta1.0_e10_ies_wga_normnll_gain_ge1.0_warm0_patience1_rebounddelta0.1_rpat1_samplingbaseline_masked
forget01,40,Llama-2-7b-chat-hf,WGA,SampleEarlyStopWGAIrreversible,absolute_nll_gain,per_sample_length_normalized_nll_gain_from_initial,lr2e-5_b4_ga2_beta1.0_e10_ies_wga_normnll_gain_ge1.0_warm1_patience1_rebounddelta0.1_rpat2,False,False,2e-05,4,2,8,10,1.0,1.0,1.0,NLL,forget_anchor_random_retain,legacy_or_unspecified,legacy_or_unspecified,absolute_gain_below_threshold_minus_delta,,1.0,,1.0,1,1,,0.1,2,0.2656871402817289,0.6116212190566201,0.6287103411629065,0.7357386961579323,0.08198473855316024,0.15054550170898437,0.3697789768962352,25.314861455855947,3,37,37,0,289,72.25,10,10.0,50,293.84,4.897333333333333,/unlearning/experment_data/checkpoints/tofu/forget01/Llama-2-7b-chat-hf/SampleEarlyStopWGAIrreversible/lr2e-5_b4_ga2_beta1.0_e10_ies_wga_normnll_gain_ge1.0_warm1_patience1_rebounddelta0.1_rpat2/eval/TOFU_SUMMARY.json,/unlearning/experment_data/checkpoints/tofu/forget01/Llama-2-7b-chat-hf/SampleEarlyStopWGAIrreversible/lr2e-5_b4_ga2_beta1.0_e10_ies_wga_normnll_gain_ge1.0_warm1_patience1_rebounddelta0.1_rpat2/ies_wga_nll_gain_history.jsonl,/unlearning/experment_data/checkpoints/tofu/forget01/Llama-2-7b-chat-hf/SampleEarlyStopWGAIrreversible/lr2e-5_b4_ga2_beta1.0_e10_ies_wga_normnll_gain_ge1.0_warm1_patience1_rebounddelta0.1_rpat2/trainer_state.json,/unlearning/experment_data/checkpoints/tofu/forget01/Llama-2-7b-chat-hf/SampleEarlyStopWGAIrreversible/lr2e-5_b4_ga2_beta1.0_e10_ies_wga_normnll_gain_ge1.0_warm1_patience1_rebounddelta0.1_rpat2
forget01,40,Llama-2-7b-chat-hf,WGA,SampleEarlyStopWGAIrreversible,absolute_nll_gain,per_sample_length_normalized_nll_gain_from_initial,lr2e-5_b4_ga2_beta1.0_e10_ies_wga_normnll_gain_ge1.0_warm1_patience1_rebounddelta0.1_rpat2_samplingbaseline_masked,False,False,2e-05,4,2,8,10,1.0,1.0,1.0,NLL,forget_anchor_random_retain,full_retain,fixed_original_valid_tokens,absolute_gain_below_threshold_minus_delta,,1.0,,1.0,1,1,,0.1,2,0.404587405685253,0.6192903414955384,0.6476939088354265,0.7332539856433868,0.09080382096742876,0.14593963623046874,0.33520304114667254,26.70025188378838,3,37,38,1,290,72.5,10,10.0,50,297.4909,4.9581816666666665,/unlearning/experment_data/checkpoints/tofu/forget01/Llama-2-7b-chat-hf/SampleEarlyStopWGAIrreversible/lr2e-5_b4_ga2_beta1.0_e10_ies_wga_normnll_gain_ge1.0_warm1_patience1_rebounddelta0.1_rpat2_samplingbaseline_masked/eval/TOFU_SUMMARY.json,/unlearning/experment_data/checkpoints/tofu/forget01/Llama-2-7b-chat-hf/SampleEarlyStopWGAIrreversible/lr2e-5_b4_ga2_beta1.0_e10_ies_wga_normnll_gain_ge1.0_warm1_patience1_rebounddelta0.1_rpat2_samplingbaseline_masked/ies_wga_nll_gain_history.jsonl,/unlearning/experment_data/checkpoints/tofu/forget01/Llama-2-7b-chat-hf/SampleEarlyStopWGAIrreversible/lr2e-5_b4_ga2_beta1.0_e10_ies_wga_normnll_gain_ge1.0_warm1_patience1_rebounddelta0.1_rpat2_samplingbaseline_masked/trainer_state.json,/unlearning/experment_data/checkpoints/tofu/forget01/Llama-2-7b-chat-hf/SampleEarlyStopWGAIrreversible/lr2e-5_b4_ga2_beta1.0_e10_ies_wga_normnll_gain_ge1.0_warm1_patience1_rebounddelta0.1_rpat2_samplingbaseline_masked
forget01,40,Llama-2-7b-chat-hf,WGA,SampleEarlyStopWGAIrreversible,absolute_nll_gain,per_sample_length_normalized_nll_gain_from_initial,lr2e-5_b4_ga2_beta1.0_e10_ies_wga_normnll_gain_ge1.5_warm1_patience1_rebounddelta0.1_rpat2,False,False,2e-05,4,2,8,10,1.0,1.0,1.0,NLL,forget_anchor_random_retain,legacy_or_unspecified,legacy_or_unspecified,absolute_gain_below_threshold_minus_delta,,1.5,,1.5,1,1,,0.1,2,0.16497269950224194,0.6197129310679929,0.6163002626854268,0.6457502953708172,0.057335495558579606,0.04980926513671875,0.22235282502142611,87.65743071281464,1,39,39,0,287,71.75,10,10.0,50,293.0572,4.884286666666667,/unlearning/experment_data/checkpoints/tofu/forget01/Llama-2-7b-chat-hf/SampleEarlyStopWGAIrreversible/lr2e-5_b4_ga2_beta1.0_e10_ies_wga_normnll_gain_ge1.5_warm1_patience1_rebounddelta0.1_rpat2/eval/TOFU_SUMMARY.json,/unlearning/experment_data/checkpoints/tofu/forget01/Llama-2-7b-chat-hf/SampleEarlyStopWGAIrreversible/lr2e-5_b4_ga2_beta1.0_e10_ies_wga_normnll_gain_ge1.5_warm1_patience1_rebounddelta0.1_rpat2/ies_wga_nll_gain_history.jsonl,/unlearning/experment_data/checkpoints/tofu/forget01/Llama-2-7b-chat-hf/SampleEarlyStopWGAIrreversible/lr2e-5_b4_ga2_beta1.0_e10_ies_wga_normnll_gain_ge1.5_warm1_patience1_rebounddelta0.1_rpat2/trainer_state.json,/unlearning/experment_data/checkpoints/tofu/forget01/Llama-2-7b-chat-hf/SampleEarlyStopWGAIrreversible/lr2e-5_b4_ga2_beta1.0_e10_ies_wga_normnll_gain_ge1.5_warm1_patience1_rebounddelta0.1_rpat2
forget01,40,Llama-2-7b-chat-hf,WGA,SampleEarlyStopWGAIrreversible,absolute_nll_gain,per_sample_length_normalized_nll_gain_from_initial,lr2e-5_b4_ga2_beta1.0_e10_ies_wga_normnll_gain_ge2.0_warm1_patience1_rebounddelta0.1_rpat2,False,False,2e-05,4,2,8,10,1.0,1.0,1.0,NLL,forget_anchor_random_retain,legacy_or_unspecified,legacy_or_unspecified,absolute_gain_below_threshold_minus_delta,,2.0,,2.0,1,1,,0.1,2,0.09707484379785862,0.6177311648502232,0.5721657209305274,0.4163655016571283,0.0383923181023574,0.01743605136871338,0.05076209050546689,96.72544078655407,1,39,39,0,277,69.25,10,10.0,50,295.6917,4.9281950000000005,/unlearning/experment_data/checkpoints/tofu/forget01/Llama-2-7b-chat-hf/SampleEarlyStopWGAIrreversible/lr2e-5_b4_ga2_beta1.0_e10_ies_wga_normnll_gain_ge2.0_warm1_patience1_rebounddelta0.1_rpat2/eval/TOFU_SUMMARY.json,/unlearning/experment_data/checkpoints/tofu/forget01/Llama-2-7b-chat-hf/SampleEarlyStopWGAIrreversible/lr2e-5_b4_ga2_beta1.0_e10_ies_wga_normnll_gain_ge2.0_warm1_patience1_rebounddelta0.1_rpat2/ies_wga_nll_gain_history.jsonl,/unlearning/experment_data/checkpoints/tofu/forget01/Llama-2-7b-chat-hf/SampleEarlyStopWGAIrreversible/lr2e-5_b4_ga2_beta1.0_e10_ies_wga_normnll_gain_ge2.0_warm1_patience1_rebounddelta0.1_rpat2/trainer_state.json,/unlearning/experment_data/checkpoints/tofu/forget01/Llama-2-7b-chat-hf/SampleEarlyStopWGAIrreversible/lr2e-5_b4_ga2_beta1.0_e10_ies_wga_normnll_gain_ge2.0_warm1_patience1_rebounddelta0.1_rpat2
forget01,40,Llama-2-7b-chat-hf,WGA,SampleEarlyStopWGAIrreversible,absolute_nll_gain,per_sample_length_normalized_nll_gain_from_initial,lr2e-5_b4_ga2_beta5.0_e10_ies_wga_normnll_gain_ge1.0_warm0_patience1_rebounddelta0.1_rpat1_samplingbaseline_masked,False,False,2e-05,4,2,8,10,5.0,1.0,1.0,NLL,forget_anchor_random_retain,full_retain,fixed_original_valid_tokens,absolute_gain_below_threshold_minus_delta,,1.0,,1.0,0,1,,0.1,1,0.054141077480362725,0.6210877993677792,0.5950668069553577,0.7583912461996078,0.08462348012555707,0.30137939453125,0.40127112341808946,-48.61460956199203,8,32,32,0,235,58.75,10,10.0,50,302.1363,5.035605,/unlearning/experment_data/checkpoints/tofu/forget01/Llama-2-7b-chat-hf/SampleEarlyStopWGAIrreversible/lr2e-5_b4_ga2_beta5.0_e10_ies_wga_normnll_gain_ge1.0_warm0_patience1_rebounddelta0.1_rpat1_samplingbaseline_masked/eval/TOFU_SUMMARY.json,/unlearning/experment_data/checkpoints/tofu/forget01/Llama-2-7b-chat-hf/SampleEarlyStopWGAIrreversible/lr2e-5_b4_ga2_beta5.0_e10_ies_wga_normnll_gain_ge1.0_warm0_patience1_rebounddelta0.1_rpat1_samplingbaseline_masked/ies_wga_nll_gain_history.jsonl,/unlearning/experment_data/checkpoints/tofu/forget01/Llama-2-7b-chat-hf/SampleEarlyStopWGAIrreversible/lr2e-5_b4_ga2_beta5.0_e10_ies_wga_normnll_gain_ge1.0_warm0_patience1_rebounddelta0.1_rpat1_samplingbaseline_masked/trainer_state.json,/unlearning/experment_data/checkpoints/tofu/forget01/Llama-2-7b-chat-hf/SampleEarlyStopWGAIrreversible/lr2e-5_b4_ga2_beta5.0_e10_ies_wga_normnll_gain_ge1.0_warm0_patience1_rebounddelta0.1_rpat1_samplingbaseline_masked
forget01,40,Llama-2-7b-chat-hf,WGA,SampleEarlyStopWGAIrreversible,absolute_nll_gain,per_sample_length_normalized_nll_gain_from_initial,lr2e-5_b4_ga2_beta5.0_e10_ies_wga_normnll_gain_ge1.0_warm1_patience1_rebounddelta0.1_rpat2,False,False,2e-05,4,2,8,10,5.0,1.0,1.0,NLL,forget_anchor_random_retain,legacy_or_unspecified,legacy_or_unspecified,absolute_gain_below_threshold_minus_delta,,1.0,,1.0,1,1,,0.1,2,0.054141077480362725,0.6110529715590528,0.603906147198727,0.7604519098997116,0.0937144685907658,0.301446533203125,0.4004342458729445,-42.19143575975991,10,30,31,1,217,54.25,10,10.0,50,297.1824,4.95304,/unlearning/experment_data/checkpoints/tofu/forget01/Llama-2-7b-chat-hf/SampleEarlyStopWGAIrreversible/lr2e-5_b4_ga2_beta5.0_e10_ies_wga_normnll_gain_ge1.0_warm1_patience1_rebounddelta0.1_rpat2/eval/TOFU_SUMMARY.json,/unlearning/experment_data/checkpoints/tofu/forget01/Llama-2-7b-chat-hf/SampleEarlyStopWGAIrreversible/lr2e-5_b4_ga2_beta5.0_e10_ies_wga_normnll_gain_ge1.0_warm1_patience1_rebounddelta0.1_rpat2/ies_wga_nll_gain_history.jsonl,/unlearning/experment_data/checkpoints/tofu/forget01/Llama-2-7b-chat-hf/SampleEarlyStopWGAIrreversible/lr2e-5_b4_ga2_beta5.0_e10_ies_wga_normnll_gain_ge1.0_warm1_patience1_rebounddelta0.1_rpat2/trainer_state.json,/unlearning/experment_data/checkpoints/tofu/forget01/Llama-2-7b-chat-hf/SampleEarlyStopWGAIrreversible/lr2e-5_b4_ga2_beta5.0_e10_ies_wga_normnll_gain_ge1.0_warm1_patience1_rebounddelta0.1_rpat2
forget01,40,Llama-2-7b-chat-hf,WGA,SampleEarlyStopWGAIrreversible,absolute_nll_gain,per_sample_length_normalized_nll_gain_from_initial,lr2e-5_b4_ga2_beta5.0_e10_ies_wga_normnll_gain_ge1.0_warm1_patience1_rebounddelta0.1_rpat2_samplingbaseline_masked,False,False,2e-05,4,2,8,10,5.0,1.0,1.0,NLL,forget_anchor_random_retain,full_retain,fixed_original_valid_tokens,absolute_gain_below_threshold_minus_delta,,1.0,,1.0,1,1,,0.1,2,0.054141077480362725,0.6210877993677792,0.5950668069553577,0.7583912461996078,0.08462348012555707,0.30137939453125,0.40127112341808946,-48.61460956199203,8,32,32,0,235,58.75,10,10.0,50,303.2692,5.054486666666667,/unlearning/experment_data/checkpoints/tofu/forget01/Llama-2-7b-chat-hf/SampleEarlyStopWGAIrreversible/lr2e-5_b4_ga2_beta5.0_e10_ies_wga_normnll_gain_ge1.0_warm1_patience1_rebounddelta0.1_rpat2_samplingbaseline_masked/eval/TOFU_SUMMARY.json,/unlearning/experment_data/checkpoints/tofu/forget01/Llama-2-7b-chat-hf/SampleEarlyStopWGAIrreversible/lr2e-5_b4_ga2_beta5.0_e10_ies_wga_normnll_gain_ge1.0_warm1_patience1_rebounddelta0.1_rpat2_samplingbaseline_masked/ies_wga_nll_gain_history.jsonl,/unlearning/experment_data/checkpoints/tofu/forget01/Llama-2-7b-chat-hf/SampleEarlyStopWGAIrreversible/lr2e-5_b4_ga2_beta5.0_e10_ies_wga_normnll_gain_ge1.0_warm1_patience1_rebounddelta0.1_rpat2_samplingbaseline_masked/trainer_state.json,/unlearning/experment_data/checkpoints/tofu/forget01/Llama-2-7b-chat-hf/SampleEarlyStopWGAIrreversible/lr2e-5_b4_ga2_beta5.0_e10_ies_wga_normnll_gain_ge1.0_warm1_patience1_rebounddelta0.1_rpat2_samplingbaseline_masked
forget01,40,Llama-2-7b-chat-hf,WGA,SampleEarlyStopWGAIrreversible,absolute_nll_gain,per_sample_length_normalized_nll_gain_from_initial,lr2e-5_b4_ga2_beta5.0_e10_ies_wga_normnll_gain_ge1.5_warm1_patience1_rebounddelta0.1_rpat2,False,False,2e-05,4,2,8,10,5.0,1.0,1.0,NLL,forget_anchor_random_retain,legacy_or_unspecified,legacy_or_unspecified,absolute_gain_below_threshold_minus_delta,,1.5,,1.5,1,1,,0.1,2,0.02860307028023343,0.6168168832990657,0.6018035592675904,0.6977624952793121,0.07286215554418964,0.215606689453125,0.35918731433548423,-11.209068007816821,10,30,30,0,188,47.0,10,10.0,50,297.3638,4.956063333333334,/unlearning/experment_data/checkpoints/tofu/forget01/Llama-2-7b-chat-hf/SampleEarlyStopWGAIrreversible/lr2e-5_b4_ga2_beta5.0_e10_ies_wga_normnll_gain_ge1.5_warm1_patience1_rebounddelta0.1_rpat2/eval/TOFU_SUMMARY.json,/unlearning/experment_data/checkpoints/tofu/forget01/Llama-2-7b-chat-hf/SampleEarlyStopWGAIrreversible/lr2e-5_b4_ga2_beta5.0_e10_ies_wga_normnll_gain_ge1.5_warm1_patience1_rebounddelta0.1_rpat2/ies_wga_nll_gain_history.jsonl,/unlearning/experment_data/checkpoints/tofu/forget01/Llama-2-7b-chat-hf/SampleEarlyStopWGAIrreversible/lr2e-5_b4_ga2_beta5.0_e10_ies_wga_normnll_gain_ge1.5_warm1_patience1_rebounddelta0.1_rpat2/trainer_state.json,/unlearning/experment_data/checkpoints/tofu/forget01/Llama-2-7b-chat-hf/SampleEarlyStopWGAIrreversible/lr2e-5_b4_ga2_beta5.0_e10_ies_wga_normnll_gain_ge1.5_warm1_patience1_rebounddelta0.1_rpat2
forget01,40,Llama-2-7b-chat-hf,WGA,SampleEarlyStopWGAIrreversible,absolute_nll_gain,per_sample_length_normalized_nll_gain_from_initial,lr2e-5_b4_ga2_beta5.0_e10_ies_wga_normnll_gain_ge2.0_warm1_patience1_rebounddelta0.1_rpat2,False,False,2e-05,4,2,8,10,5.0,1.0,1.0,NLL,forget_anchor_random_retain,legacy_or_unspecified,legacy_or_unspecified,absolute_gain_below_threshold_minus_delta,,2.0,,2.0,1,1,,0.1,2,0.054141077480362725,0.6148454451680967,0.6138343136119294,0.6652819849550724,0.08056084568058638,0.19811935424804689,0.33615363550358335,10.45340050167186,17,23,23,0,139,34.75,10,10.0,50,301.8457,5.030761666666667,/unlearning/experment_data/checkpoints/tofu/forget01/Llama-2-7b-chat-hf/SampleEarlyStopWGAIrreversible/lr2e-5_b4_ga2_beta5.0_e10_ies_wga_normnll_gain_ge2.0_warm1_patience1_rebounddelta0.1_rpat2/eval/TOFU_SUMMARY.json,/unlearning/experment_data/checkpoints/tofu/forget01/Llama-2-7b-chat-hf/SampleEarlyStopWGAIrreversible/lr2e-5_b4_ga2_beta5.0_e10_ies_wga_normnll_gain_ge2.0_warm1_patience1_rebounddelta0.1_rpat2/ies_wga_nll_gain_history.jsonl,/unlearning/experment_data/checkpoints/tofu/forget01/Llama-2-7b-chat-hf/SampleEarlyStopWGAIrreversible/lr2e-5_b4_ga2_beta5.0_e10_ies_wga_normnll_gain_ge2.0_warm1_patience1_rebounddelta0.1_rpat2/trainer_state.json,/unlearning/experment_data/checkpoints/tofu/forget01/Llama-2-7b-chat-hf/SampleEarlyStopWGAIrreversible/lr2e-5_b4_ga2_beta5.0_e10_ies_wga_normnll_gain_ge2.0_warm1_patience1_rebounddelta0.1_rpat2
forget01,40,Llama-2-7b-chat-hf,WGA,SampleEarlyStopWGAIrreversible,absolute_nll_gain,per_sample_length_normalized_nll_gain_from_initial,lr5e-5_b4_ga2_beta1.0_e10_ies_wga_normnll_gain_ge1.0_warm0_patience1_rebounddelta0.1_rpat1_samplingbaseline_masked,False,False,5e-05,4,2,8,10,1.0,1.0,1.0,NLL,forget_anchor_random_retain,full_retain,fixed_original_valid_tokens,absolute_gain_below_threshold_minus_delta,,1.0,,1.0,0,1,,0.1,1,0.2656871402817289,0.5961790972726931,0.7284747735331998,0.6221807524561882,0.046392147757240945,0.04089508056640625,0.2573525336184553,96.85138537091156,0,40,40,0,353,88.25,10,10.0,50,289.8198,4.83033,/unlearning/experment_data/checkpoints/tofu/forget01/Llama-2-7b-chat-hf/SampleEarlyStopWGAIrreversible/lr5e-5_b4_ga2_beta1.0_e10_ies_wga_normnll_gain_ge1.0_warm0_patience1_rebounddelta0.1_rpat1_samplingbaseline_masked/eval/TOFU_SUMMARY.json,/unlearning/experment_data/checkpoints/tofu/forget01/Llama-2-7b-chat-hf/SampleEarlyStopWGAIrreversible/lr5e-5_b4_ga2_beta1.0_e10_ies_wga_normnll_gain_ge1.0_warm0_patience1_rebounddelta0.1_rpat1_samplingbaseline_masked/ies_wga_nll_gain_history.jsonl,/unlearning/experment_data/checkpoints/tofu/forget01/Llama-2-7b-chat-hf/SampleEarlyStopWGAIrreversible/lr5e-5_b4_ga2_beta1.0_e10_ies_wga_normnll_gain_ge1.0_warm0_patience1_rebounddelta0.1_rpat1_samplingbaseline_masked/trainer_state.json,/unlearning/experment_data/checkpoints/tofu/forget01/Llama-2-7b-chat-hf/SampleEarlyStopWGAIrreversible/lr5e-5_b4_ga2_beta1.0_e10_ies_wga_normnll_gain_ge1.0_warm0_patience1_rebounddelta0.1_rpat1_samplingbaseline_masked
forget01,40,Llama-2-7b-chat-hf,WGA,SampleEarlyStopWGAIrreversible,absolute_nll_gain,per_sample_length_normalized_nll_gain_from_initial,lr5e-5_b4_ga2_beta1.0_e10_ies_wga_normnll_gain_ge1.0_warm1_patience1_rebounddelta0.1_rpat2,False,False,5e-05,4,2,8,10,1.0,1.0,1.0,NLL,forget_anchor_random_retain,legacy_or_unspecified,legacy_or_unspecified,absolute_gain_below_threshold_minus_delta,,1.0,,1.0,1,1,,0.1,2,0.0005039436209702519,0.6043225563404913,0.7873092111153274,0.2897335710003972,0.02732116774929485,0.018322780542257534,0.14415071053923997,100.88161207035131,0,40,40,0,318,79.5,10,10.0,50,292.7253,4.878755,/unlearning/experment_data/checkpoints/tofu/forget01/Llama-2-7b-chat-hf/SampleEarlyStopWGAIrreversible/lr5e-5_b4_ga2_beta1.0_e10_ies_wga_normnll_gain_ge1.0_warm1_patience1_rebounddelta0.1_rpat2/eval/TOFU_SUMMARY.json,/unlearning/experment_data/checkpoints/tofu/forget01/Llama-2-7b-chat-hf/SampleEarlyStopWGAIrreversible/lr5e-5_b4_ga2_beta1.0_e10_ies_wga_normnll_gain_ge1.0_warm1_patience1_rebounddelta0.1_rpat2/ies_wga_nll_gain_history.jsonl,/unlearning/experment_data/checkpoints/tofu/forget01/Llama-2-7b-chat-hf/SampleEarlyStopWGAIrreversible/lr5e-5_b4_ga2_beta1.0_e10_ies_wga_normnll_gain_ge1.0_warm1_patience1_rebounddelta0.1_rpat2/trainer_state.json,/unlearning/experment_data/checkpoints/tofu/forget01/Llama-2-7b-chat-hf/SampleEarlyStopWGAIrreversible/lr5e-5_b4_ga2_beta1.0_e10_ies_wga_normnll_gain_ge1.0_warm1_patience1_rebounddelta0.1_rpat2
forget01,40,Llama-2-7b-chat-hf,WGA,SampleEarlyStopWGAIrreversible,absolute_nll_gain,per_sample_length_normalized_nll_gain_from_initial,lr5e-5_b4_ga2_beta1.0_e10_ies_wga_normnll_gain_ge1.0_warm1_patience1_rebounddelta0.1_rpat2_samplingbaseline_masked,False,False,5e-05,4,2,8,10,1.0,1.0,1.0,NLL,forget_anchor_random_retain,full_retain,fixed_original_valid_tokens,absolute_gain_below_threshold_minus_delta,,1.0,,1.0,1,1,,0.1,2,0.006760732303569208,0.592131087755139,0.781996451696752,0.16810265299864113,0.02677408969307493,0.0012970410287380218,0.026400063563612363,101.51133499213879,0,40,40,0,320,80.0,10,10.0,50,291.8207,4.8636783333333335,/unlearning/experment_data/checkpoints/tofu/forget01/Llama-2-7b-chat-hf/SampleEarlyStopWGAIrreversible/lr5e-5_b4_ga2_beta1.0_e10_ies_wga_normnll_gain_ge1.0_warm1_patience1_rebounddelta0.1_rpat2_samplingbaseline_masked/eval/TOFU_SUMMARY.json,/unlearning/experment_data/checkpoints/tofu/forget01/Llama-2-7b-chat-hf/SampleEarlyStopWGAIrreversible/lr5e-5_b4_ga2_beta1.0_e10_ies_wga_normnll_gain_ge1.0_warm1_patience1_rebounddelta0.1_rpat2_samplingbaseline_masked/ies_wga_nll_gain_history.jsonl,/unlearning/experment_data/checkpoints/tofu/forget01/Llama-2-7b-chat-hf/SampleEarlyStopWGAIrreversible/lr5e-5_b4_ga2_beta1.0_e10_ies_wga_normnll_gain_ge1.0_warm1_patience1_rebounddelta0.1_rpat2_samplingbaseline_masked/trainer_state.json,/unlearning/experment_data/checkpoints/tofu/forget01/Llama-2-7b-chat-hf/SampleEarlyStopWGAIrreversible/lr5e-5_b4_ga2_beta1.0_e10_ies_wga_normnll_gain_ge1.0_warm1_patience1_rebounddelta0.1_rpat2_samplingbaseline_masked
forget01,40,Llama-2-7b-chat-hf,WGA,SampleEarlyStopWGAIrreversible,absolute_nll_gain,per_sample_length_normalized_nll_gain_from_initial,lr5e-5_b4_ga2_beta1.0_e10_ies_wga_normnll_gain_ge1.5_warm1_patience1_rebounddelta0.1_rpat2,False,False,5e-05,4,2,8,10,1.0,1.0,1.0,NLL,forget_anchor_random_retain,legacy_or_unspecified,legacy_or_unspecified,absolute_gain_below_threshold_minus_delta,,1.5,,1.5,1,1,,0.1,2,0.0012708143485281624,0.6045589992789232,0.7679129926855429,0.2639958692714572,0.032436415976245206,0.010295132645842387,0.1555284475353453,101.51133499213879,0,40,40,0,316,79.0,10,10.0,50,291.9711,4.866185,/unlearning/experment_data/checkpoints/tofu/forget01/Llama-2-7b-chat-hf/SampleEarlyStopWGAIrreversible/lr5e-5_b4_ga2_beta1.0_e10_ies_wga_normnll_gain_ge1.5_warm1_patience1_rebounddelta0.1_rpat2/eval/TOFU_SUMMARY.json,/unlearning/experment_data/checkpoints/tofu/forget01/Llama-2-7b-chat-hf/SampleEarlyStopWGAIrreversible/lr5e-5_b4_ga2_beta1.0_e10_ies_wga_normnll_gain_ge1.5_warm1_patience1_rebounddelta0.1_rpat2/ies_wga_nll_gain_history.jsonl,/unlearning/experment_data/checkpoints/tofu/forget01/Llama-2-7b-chat-hf/SampleEarlyStopWGAIrreversible/lr5e-5_b4_ga2_beta1.0_e10_ies_wga_normnll_gain_ge1.5_warm1_patience1_rebounddelta0.1_rpat2/trainer_state.json,/unlearning/experment_data/checkpoints/tofu/forget01/Llama-2-7b-chat-hf/SampleEarlyStopWGAIrreversible/lr5e-5_b4_ga2_beta1.0_e10_ies_wga_normnll_gain_ge1.5_warm1_patience1_rebounddelta0.1_rpat2
forget01,40,Llama-2-7b-chat-hf,WGA,SampleEarlyStopWGAIrreversible,absolute_nll_gain,per_sample_length_normalized_nll_gain_from_initial,lr5e-5_b4_ga2_beta1.0_e10_ies_wga_normnll_gain_ge2.0_warm1_patience1_rebounddelta0.1_rpat2,False,False,5e-05,4,2,8,10,1.0,1.0,1.0,NLL,forget_anchor_random_retain,legacy_or_unspecified,legacy_or_unspecified,absolute_gain_below_threshold_minus_delta,,2.0,,2.0,1,1,,0.1,2,6.5768913245274e-05,0.6041057998841937,0.7069315392786175,0.15149613581597804,0.024956645332140856,0.0014524875798088033,0.0760872557611659,101.51133499213879,0,40,40,0,311,77.75,10,10.0,50,293.7738,4.89623,/unlearning/experment_data/checkpoints/tofu/forget01/Llama-2-7b-chat-hf/SampleEarlyStopWGAIrreversible/lr5e-5_b4_ga2_beta1.0_e10_ies_wga_normnll_gain_ge2.0_warm1_patience1_rebounddelta0.1_rpat2/eval/TOFU_SUMMARY.json,/unlearning/experment_data/checkpoints/tofu/forget01/Llama-2-7b-chat-hf/SampleEarlyStopWGAIrreversible/lr5e-5_b4_ga2_beta1.0_e10_ies_wga_normnll_gain_ge2.0_warm1_patience1_rebounddelta0.1_rpat2/ies_wga_nll_gain_history.jsonl,/unlearning/experment_data/checkpoints/tofu/forget01/Llama-2-7b-chat-hf/SampleEarlyStopWGAIrreversible/lr5e-5_b4_ga2_beta1.0_e10_ies_wga_normnll_gain_ge2.0_warm1_patience1_rebounddelta0.1_rpat2/trainer_state.json,/unlearning/experment_data/checkpoints/tofu/forget01/Llama-2-7b-chat-hf/SampleEarlyStopWGAIrreversible/lr5e-5_b4_ga2_beta1.0_e10_ies_wga_normnll_gain_ge2.0_warm1_patience1_rebounddelta0.1_rpat2
forget01,40,Llama-2-7b-chat-hf,WGA,SampleEarlyStopWGAIrreversible,absolute_nll_gain,per_sample_length_normalized_nll_gain_from_initial,lr5e-5_b4_ga2_beta5.0_e10_ies_wga_normnll_gain_ge1.0_warm0_patience1_rebounddelta0.1_rpat1_samplingbaseline_masked,False,False,5e-05,4,2,8,10,5.0,1.0,1.0,NLL,forget_anchor_random_retain,full_retain,fixed_original_valid_tokens,absolute_gain_below_threshold_minus_delta,,1.0,,1.0,0,1,,0.1,1,0.9188052214121167,0.5926082043401517,0.7449567539563303,0.6519707702100277,0.04597380658057463,0.12074127197265624,0.31258948540204806,49.748110821209465,1,39,39,0,336,84.0,10,10.0,50,291.903,4.86505,/unlearning/experment_data/checkpoints/tofu/forget01/Llama-2-7b-chat-hf/SampleEarlyStopWGAIrreversible/lr5e-5_b4_ga2_beta5.0_e10_ies_wga_normnll_gain_ge1.0_warm0_patience1_rebounddelta0.1_rpat1_samplingbaseline_masked/eval/TOFU_SUMMARY.json,/unlearning/experment_data/checkpoints/tofu/forget01/Llama-2-7b-chat-hf/SampleEarlyStopWGAIrreversible/lr5e-5_b4_ga2_beta5.0_e10_ies_wga_normnll_gain_ge1.0_warm0_patience1_rebounddelta0.1_rpat1_samplingbaseline_masked/ies_wga_nll_gain_history.jsonl,/unlearning/experment_data/checkpoints/tofu/forget01/Llama-2-7b-chat-hf/SampleEarlyStopWGAIrreversible/lr5e-5_b4_ga2_beta5.0_e10_ies_wga_normnll_gain_ge1.0_warm0_patience1_rebounddelta0.1_rpat1_samplingbaseline_masked/trainer_state.json,/unlearning/experment_data/checkpoints/tofu/forget01/Llama-2-7b-chat-hf/SampleEarlyStopWGAIrreversible/lr5e-5_b4_ga2_beta5.0_e10_ies_wga_normnll_gain_ge1.0_warm0_patience1_rebounddelta0.1_rpat1_samplingbaseline_masked
forget01,40,Llama-2-7b-chat-hf,WGA,SampleEarlyStopWGAIrreversible,absolute_nll_gain,per_sample_length_normalized_nll_gain_from_initial,lr5e-5_b4_ga2_beta5.0_e10_ies_wga_normnll_gain_ge1.0_warm1_patience1_rebounddelta0.1_rpat2,False,False,5e-05,4,2,8,10,5.0,1.0,1.0,NLL,forget_anchor_random_retain,legacy_or_unspecified,legacy_or_unspecified,absolute_gain_below_threshold_minus_delta,,1.0,,1.0,1,1,,0.1,2,0.9188052214121167,0.5868956826472167,0.7203703045762454,0.553807819634676,0.03417241908522687,0.100732421875,0.22947793021988172,59.06801006366388,0,40,40,0,302,75.5,10,10.0,50,292.319,4.8719833333333336,/unlearning/experment_data/checkpoints/tofu/forget01/Llama-2-7b-chat-hf/SampleEarlyStopWGAIrreversible/lr5e-5_b4_ga2_beta5.0_e10_ies_wga_normnll_gain_ge1.0_warm1_patience1_rebounddelta0.1_rpat2/eval/TOFU_SUMMARY.json,/unlearning/experment_data/checkpoints/tofu/forget01/Llama-2-7b-chat-hf/SampleEarlyStopWGAIrreversible/lr5e-5_b4_ga2_beta5.0_e10_ies_wga_normnll_gain_ge1.0_warm1_patience1_rebounddelta0.1_rpat2/ies_wga_nll_gain_history.jsonl,/unlearning/experment_data/checkpoints/tofu/forget01/Llama-2-7b-chat-hf/SampleEarlyStopWGAIrreversible/lr5e-5_b4_ga2_beta5.0_e10_ies_wga_normnll_gain_ge1.0_warm1_patience1_rebounddelta0.1_rpat2/trainer_state.json,/unlearning/experment_data/checkpoints/tofu/forget01/Llama-2-7b-chat-hf/SampleEarlyStopWGAIrreversible/lr5e-5_b4_ga2_beta5.0_e10_ies_wga_normnll_gain_ge1.0_warm1_patience1_rebounddelta0.1_rpat2
forget01,40,Llama-2-7b-chat-hf,WGA,SampleEarlyStopWGAIrreversible,absolute_nll_gain,per_sample_length_normalized_nll_gain_from_initial,lr5e-5_b4_ga2_beta5.0_e10_ies_wga_normnll_gain_ge1.0_warm1_patience1_rebounddelta0.1_rpat2_samplingbaseline_masked,False,False,5e-05,4,2,8,10,5.0,1.0,1.0,NLL,forget_anchor_random_retain,full_retain,fixed_original_valid_tokens,absolute_gain_below_threshold_minus_delta,,1.0,,1.0,1,1,,0.1,2,0.5786001416508443,0.5918439424749673,0.780262214264224,0.5719840668141842,0.039950063780917186,0.07016677856445312,0.2375720175941513,78.3375314703602,0,40,40,0,315,78.75,10,10.0,50,293.8129,4.896881666666667,/unlearning/experment_data/checkpoints/tofu/forget01/Llama-2-7b-chat-hf/SampleEarlyStopWGAIrreversible/lr5e-5_b4_ga2_beta5.0_e10_ies_wga_normnll_gain_ge1.0_warm1_patience1_rebounddelta0.1_rpat2_samplingbaseline_masked/eval/TOFU_SUMMARY.json,/unlearning/experment_data/checkpoints/tofu/forget01/Llama-2-7b-chat-hf/SampleEarlyStopWGAIrreversible/lr5e-5_b4_ga2_beta5.0_e10_ies_wga_normnll_gain_ge1.0_warm1_patience1_rebounddelta0.1_rpat2_samplingbaseline_masked/ies_wga_nll_gain_history.jsonl,/unlearning/experment_data/checkpoints/tofu/forget01/Llama-2-7b-chat-hf/SampleEarlyStopWGAIrreversible/lr5e-5_b4_ga2_beta5.0_e10_ies_wga_normnll_gain_ge1.0_warm1_patience1_rebounddelta0.1_rpat2_samplingbaseline_masked/trainer_state.json,/unlearning/experment_data/checkpoints/tofu/forget01/Llama-2-7b-chat-hf/SampleEarlyStopWGAIrreversible/lr5e-5_b4_ga2_beta5.0_e10_ies_wga_normnll_gain_ge1.0_warm1_patience1_rebounddelta0.1_rpat2_samplingbaseline_masked
forget01,40,Llama-2-7b-chat-hf,WGA,SampleEarlyStopWGAIrreversible,absolute_nll_gain,per_sample_length_normalized_nll_gain_from_initial,lr5e-5_b4_ga2_beta5.0_e10_ies_wga_normnll_gain_ge1.5_warm1_patience1_rebounddelta0.1_rpat2,False,False,5e-05,4,2,8,10,5.0,1.0,1.0,NLL,forget_anchor_random_retain,legacy_or_unspecified,legacy_or_unspecified,absolute_gain_below_threshold_minus_delta,,1.5,,1.5,1,1,,0.1,2,0.16497269950224194,0.586748318410077,0.7884716798305627,0.3990997772663832,0.029304564535999778,0.02615184783935547,0.1261591898419558,95.84382869605163,0,40,40,0,284,71.0,10,10.0,50,293.86,4.897666666666667,/unlearning/experment_data/checkpoints/tofu/forget01/Llama-2-7b-chat-hf/SampleEarlyStopWGAIrreversible/lr5e-5_b4_ga2_beta5.0_e10_ies_wga_normnll_gain_ge1.5_warm1_patience1_rebounddelta0.1_rpat2/eval/TOFU_SUMMARY.json,/unlearning/experment_data/checkpoints/tofu/forget01/Llama-2-7b-chat-hf/SampleEarlyStopWGAIrreversible/lr5e-5_b4_ga2_beta5.0_e10_ies_wga_normnll_gain_ge1.5_warm1_patience1_rebounddelta0.1_rpat2/ies_wga_nll_gain_history.jsonl,/unlearning/experment_data/checkpoints/tofu/forget01/Llama-2-7b-chat-hf/SampleEarlyStopWGAIrreversible/lr5e-5_b4_ga2_beta5.0_e10_ies_wga_normnll_gain_ge1.5_warm1_patience1_rebounddelta0.1_rpat2/trainer_state.json,/unlearning/experment_data/checkpoints/tofu/forget01/Llama-2-7b-chat-hf/SampleEarlyStopWGAIrreversible/lr5e-5_b4_ga2_beta5.0_e10_ies_wga_normnll_gain_ge1.5_warm1_patience1_rebounddelta0.1_rpat2
forget01,40,Llama-2-7b-chat-hf,WGA,SampleEarlyStopWGAIrreversible,absolute_nll_gain,per_sample_length_normalized_nll_gain_from_initial,lr5e-5_b4_ga2_beta5.0_e10_ies_wga_normnll_gain_ge2.0_warm1_patience1_rebounddelta0.1_rpat2,False,False,5e-05,4,2,8,10,5.0,1.0,1.0,NLL,forget_anchor_random_retain,legacy_or_unspecified,legacy_or_unspecified,absolute_gain_below_threshold_minus_delta,,2.0,,2.0,1,1,,0.1,2,0.02860307028023343,0.5998051062463562,0.7919170926609852,0.30528540089726447,0.028333819855148712,0.016458415985107423,0.03883940693359864,99.6221662267764,0,40,40,0,267,66.75,10,10.0,50,294.5052,4.9084200000000004,/unlearning/experment_data/checkpoints/tofu/forget01/Llama-2-7b-chat-hf/SampleEarlyStopWGAIrreversible/lr5e-5_b4_ga2_beta5.0_e10_ies_wga_normnll_gain_ge2.0_warm1_patience1_rebounddelta0.1_rpat2/eval/TOFU_SUMMARY.json,/unlearning/experment_data/checkpoints/tofu/forget01/Llama-2-7b-chat-hf/SampleEarlyStopWGAIrreversible/lr5e-5_b4_ga2_beta5.0_e10_ies_wga_normnll_gain_ge2.0_warm1_patience1_rebounddelta0.1_rpat2/ies_wga_nll_gain_history.jsonl,/unlearning/experment_data/checkpoints/tofu/forget01/Llama-2-7b-chat-hf/SampleEarlyStopWGAIrreversible/lr5e-5_b4_ga2_beta5.0_e10_ies_wga_normnll_gain_ge2.0_warm1_patience1_rebounddelta0.1_rpat2/trainer_state.json,/unlearning/experment_data/checkpoints/tofu/forget01/Llama-2-7b-chat-hf/SampleEarlyStopWGAIrreversible/lr5e-5_b4_ga2_beta5.0_e10_ies_wga_normnll_gain_ge2.0_warm1_patience1_rebounddelta0.1_rpat2
forget01,40,Llama-2-7b-chat-hf,WGA,WGA,baseline,none,lr1e-5_b4_ga2_beta1.0_e10_nlltrace,True,False,1e-05,4,2,8,10,1.0,1.0,1.0,NLL,forget_anchor_random_retain,full_retain,baseline_mean,none,,,,,,,,,,0.01430154804770646,0.6228218921616174,0.5565746301024603,0.7440893039107322,0.11971213432683939,0.1998992919921875,0.36491210596788975,-11.083123423459309,,,,,,,,10.0,50,308.8595,5.147658333333334,/unlearning/experment_data/checkpoints/tofu/forget01/Llama-2-7b-chat-hf/WGA/lr1e-5_b4_ga2_beta1.0_e10_nlltrace/eval/TOFU_SUMMARY.json,,/unlearning/experment_data/checkpoints/tofu/forget01/Llama-2-7b-chat-hf/WGA/lr1e-5_b4_ga2_beta1.0_e10_nlltrace/trainer_state.json,/unlearning/experment_data/checkpoints/tofu/forget01/Llama-2-7b-chat-hf/WGA/lr1e-5_b4_ga2_beta1.0_e10_nlltrace
forget01,40,Llama-2-7b-chat-hf,WGA,WGA,baseline,none,lr1e-5_b4_ga2_beta5.0_e10_nlltrace,True,False,1e-05,4,2,8,10,5.0,1.0,1.0,NLL,forget_anchor_random_retain,full_retain,baseline_mean,none,,,,,,,,,,0.01430154804770646,0.6249769856003502,0.5460919501634034,0.8151654556393624,0.15530824531240567,0.5156005859375,0.45938895862867274,-86.77581862231219,,,,,,,,10.0,50,309.9619,5.166031666666667,/unlearning/experment_data/checkpoints/tofu/forget01/Llama-2-7b-chat-hf/WGA/lr1e-5_b4_ga2_beta5.0_e10_nlltrace/eval/TOFU_SUMMARY.json,,/unlearning/experment_data/checkpoints/tofu/forget01/Llama-2-7b-chat-hf/WGA/lr1e-5_b4_ga2_beta5.0_e10_nlltrace/trainer_state.json,/unlearning/experment_data/checkpoints/tofu/forget01/Llama-2-7b-chat-hf/WGA/lr1e-5_b4_ga2_beta5.0_e10_nlltrace
forget01,40,Llama-2-7b-chat-hf,WGA,WGA,baseline,none,lr2e-5_b4_ga2_beta1.0_e10_nlltrace,True,False,2e-05,4,2,8,10,1.0,1.0,1.0,NLL,forget_anchor_random_retain,full_retain,baseline_mean,none,,,,,,,,,,6.5768913245274e-05,0.6246264983472426,0.32894141561974843,0.26121445195749404,0.02979635009276364,0.017879486102912005,0.11097904189453837,93.32493700890178,,,,,,,,10.0,50,308.2394,5.137323333333333,/unlearning/experment_data/checkpoints/tofu/forget01/Llama-2-7b-chat-hf/WGA/lr2e-5_b4_ga2_beta1.0_e10_nlltrace/eval/TOFU_SUMMARY.json,,/unlearning/experment_data/checkpoints/tofu/forget01/Llama-2-7b-chat-hf/WGA/lr2e-5_b4_ga2_beta1.0_e10_nlltrace/trainer_state.json,/unlearning/experment_data/checkpoints/tofu/forget01/Llama-2-7b-chat-hf/WGA/lr2e-5_b4_ga2_beta1.0_e10_nlltrace
forget01,40,Llama-2-7b-chat-hf,WGA,WGA,baseline,none,lr2e-5_b4_ga2_beta5.0_e10_nlltrace,True,False,2e-05,4,2,8,10,5.0,1.0,1.0,NLL,forget_anchor_random_retain,full_retain,baseline_mean,none,,,,,,,,,,0.16497269950224194,0.6220645252173733,0.6478435289377622,0.6278797782957554,0.058519524322369135,0.2157623291015625,0.3485076855438013,-1.1335012592174287,,,,,,,,10.0,50,310.3359,5.1722649999999994,/unlearning/experment_data/checkpoints/tofu/forget01/Llama-2-7b-chat-hf/WGA/lr2e-5_b4_ga2_beta5.0_e10_nlltrace/eval/TOFU_SUMMARY.json,,/unlearning/experment_data/checkpoints/tofu/forget01/Llama-2-7b-chat-hf/WGA/lr2e-5_b4_ga2_beta5.0_e10_nlltrace/trainer_state.json,/unlearning/experment_data/checkpoints/tofu/forget01/Llama-2-7b-chat-hf/WGA/lr2e-5_b4_ga2_beta5.0_e10_nlltrace
forget01,40,Llama-2-7b-chat-hf,WGA,WGA,baseline,none,lr5e-5_b4_ga2_beta1.0_e10_nlltrace,True,False,5e-05,4,2,8,10,1.0,1.0,1.0,NLL,forget_anchor_random_retain,full_retain,baseline_mean,none,,,,,,,,,,0.02860307028023343,0.5718695628423728,0.6476819310759134,0.0024758454412221907,0.024157807278400844,4.6801669034124414e-05,0.002173913043478261,101.51133499213879,,,,,,,,10.0,50,313.6037,5.226728333333333,/unlearning/experment_data/checkpoints/tofu/forget01/Llama-2-7b-chat-hf/WGA/lr5e-5_b4_ga2_beta1.0_e10_nlltrace/eval/TOFU_SUMMARY.json,,/unlearning/experment_data/checkpoints/tofu/forget01/Llama-2-7b-chat-hf/WGA/lr5e-5_b4_ga2_beta1.0_e10_nlltrace/trainer_state.json,/unlearning/experment_data/checkpoints/tofu/forget01/Llama-2-7b-chat-hf/WGA/lr5e-5_b4_ga2_beta1.0_e10_nlltrace
forget01,40,Llama-2-7b-chat-hf,WGA,WGA,baseline,none,lr5e-5_b4_ga2_beta5.0_e10_nlltrace,True,False,5e-05,4,2,8,10,5.0,1.0,1.0,NLL,forget_anchor_random_retain,full_retain,baseline_mean,none,,,,,,,,,,0.00018791118070078278,0.5724242498165139,0.8087708462332642,0.07640391453169286,0.024157807278400844,0.001991236209869385,0.02092934126347211,101.25944582342382,,,,,,,,10.0,50,309.4346,5.157243333333333,/unlearning/experment_data/checkpoints/tofu/forget01/Llama-2-7b-chat-hf/WGA/lr5e-5_b4_ga2_beta5.0_e10_nlltrace/eval/TOFU_SUMMARY.json,,/unlearning/experment_data/checkpoints/tofu/forget01/Llama-2-7b-chat-hf/WGA/lr5e-5_b4_ga2_beta5.0_e10_nlltrace/trainer_state.json,/unlearning/experment_data/checkpoints/tofu/forget01/Llama-2-7b-chat-hf/WGA/lr5e-5_b4_ga2_beta5.0_e10_nlltrace
forget05,200,Llama-2-7b-chat-hf,WGA,SampleEarlyStopWGAIrreversible,absolute_nll_gain,per_sample_length_normalized_nll_gain_from_initial,lr1e-5_b8_ga2_beta1.0_e10_ies_wga_normnll_gain_ge0.5_warm0_patience1_rebounddelta0.1_rpat2_samplingbaseline_masked,False,False,1e-05,8,2,16,10,1.0,1.0,1.0,NLL,forget_anchor_random_retain,full_retain,fixed_original_valid_tokens,absolute_gain_below_threshold_minus_delta,,0.5,,0.5,0,1,,0.1,2,1.2127544312107394e-10,0.6226083681270428,0.5395010329182481,0.8810011902451516,0.221216294987767,0.55669921875,0.4998743663861937,-96.30800060177155,49,151,151,0,942,47.1,10,,,,,/unlearning/experment_data/checkpoints/tofu/forget05/Llama-2-7b-chat-hf/SampleEarlyStopWGAIrreversible/lr1e-5_b8_ga2_beta1.0_e10_ies_wga_normnll_gain_ge0.5_warm0_patience1_rebounddelta0.1_rpat2_samplingbaseline_masked/eval/TOFU_SUMMARY.json,/unlearning/experment_data/checkpoints/tofu/forget05/Llama-2-7b-chat-hf/SampleEarlyStopWGAIrreversible/lr1e-5_b8_ga2_beta1.0_e10_ies_wga_normnll_gain_ge0.5_warm0_patience1_rebounddelta0.1_rpat2_samplingbaseline_masked/ies_wga_nll_gain_history.jsonl,,/unlearning/experment_data/checkpoints/tofu/forget05/Llama-2-7b-chat-hf/SampleEarlyStopWGAIrreversible/lr1e-5_b8_ga2_beta1.0_e10_ies_wga_normnll_gain_ge0.5_warm0_patience1_rebounddelta0.1_rpat2_samplingbaseline_masked
forget05,200,Llama-2-7b-chat-hf,WGA,SampleEarlyStopWGAIrreversible,absolute_nll_gain,per_sample_length_normalized_nll_gain_from_initial,lr1e-5_b8_ga2_beta1.0_e10_ies_wga_normnll_gain_ge0.8_warm0_patience1_rebounddelta0.1_rpat2_samplingbaseline_masked,False,False,1e-05,8,2,16,10,1.0,1.0,1.0,NLL,forget_anchor_random_retain,full_retain,fixed_original_valid_tokens,absolute_gain_below_threshold_minus_delta,,0.8,,0.8,0,1,,0.1,2,1.2940880677508261e-08,0.6246426188801841,0.5465565860309334,0.8527680012583733,0.18487119669958807,0.474404296875,0.48355412126018493,-92.81254815896214,80,120,120,0,643,32.15,10,,,,,/unlearning/experment_data/checkpoints/tofu/forget05/Llama-2-7b-chat-hf/SampleEarlyStopWGAIrreversible/lr1e-5_b8_ga2_beta1.0_e10_ies_wga_normnll_gain_ge0.8_warm0_patience1_rebounddelta0.1_rpat2_samplingbaseline_masked/eval/TOFU_SUMMARY.json,/unlearning/experment_data/checkpoints/tofu/forget05/Llama-2-7b-chat-hf/SampleEarlyStopWGAIrreversible/lr1e-5_b8_ga2_beta1.0_e10_ies_wga_normnll_gain_ge0.8_warm0_patience1_rebounddelta0.1_rpat2_samplingbaseline_masked/ies_wga_nll_gain_history.jsonl,,/unlearning/experment_data/checkpoints/tofu/forget05/Llama-2-7b-chat-hf/SampleEarlyStopWGAIrreversible/lr1e-5_b8_ga2_beta1.0_e10_ies_wga_normnll_gain_ge0.8_warm0_patience1_rebounddelta0.1_rpat2_samplingbaseline_masked
forget05,200,Llama-2-7b-chat-hf,WGA,SampleEarlyStopWGAIrreversible,absolute_nll_gain,per_sample_length_normalized_nll_gain_from_initial,lr1e-5_b8_ga2_beta1.0_e10_ies_wga_normnll_gain_ge1.0_warm0_patience1_rebounddelta0.1_rpat2_samplingbaseline_masked,False,False,1e-05,8,2,16,10,1.0,1.0,1.0,NLL,forget_anchor_random_retain,full_retain,fixed_original_valid_tokens,absolute_gain_below_threshold_minus_delta,,1.0,,1.0,0,1,,0.1,2,1.2940880677508261e-08,0.6259862116128255,0.5526687068550387,0.8397981432080269,0.17202443932779232,0.4458251953125,0.47160251200342485,-89.671650980473,105,95,95,0,480,24.0,10,,,,,/unlearning/experment_data/checkpoints/tofu/forget05/Llama-2-7b-chat-hf/SampleEarlyStopWGAIrreversible/lr1e-5_b8_ga2_beta1.0_e10_ies_wga_normnll_gain_ge1.0_warm0_patience1_rebounddelta0.1_rpat2_samplingbaseline_masked/eval/TOFU_SUMMARY.json,/unlearning/experment_data/checkpoints/tofu/forget05/Llama-2-7b-chat-hf/SampleEarlyStopWGAIrreversible/lr1e-5_b8_ga2_beta1.0_e10_ies_wga_normnll_gain_ge1.0_warm0_patience1_rebounddelta0.1_rpat2_samplingbaseline_masked/ies_wga_nll_gain_history.jsonl,,/unlearning/experment_data/checkpoints/tofu/forget05/Llama-2-7b-chat-hf/SampleEarlyStopWGAIrreversible/lr1e-5_b8_ga2_beta1.0_e10_ies_wga_normnll_gain_ge1.0_warm0_patience1_rebounddelta0.1_rpat2_samplingbaseline_masked
forget05,200,Llama-2-7b-chat-hf,WGA,SampleEarlyStopWGAIrreversible,absolute_nll_gain,per_sample_length_normalized_nll_gain_from_initial,lr1e-5_b8_ga2_beta5.0_e10_ies_wga_normnll_gain_ge0.5_warm0_patience1_rebounddelta0.1_rpat2_samplingbaseline_masked,False,False,1e-05,8,2,16,10,5.0,1.0,1.0,NLL,forget_anchor_random_retain,full_retain,fixed_original_valid_tokens,absolute_gain_below_threshold_minus_delta,,0.5,,0.5,0,1,,0.1,2,1.2127544312107394e-10,0.6232797685277801,0.5395445301673071,0.8714610210061073,0.22618280217047976,0.691865234375,0.5628251110258797,-98.80915675985676,134,66,66,0,343,17.15,10,,,,,/unlearning/experment_data/checkpoints/tofu/forget05/Llama-2-7b-chat-hf/SampleEarlyStopWGAIrreversible/lr1e-5_b8_ga2_beta5.0_e10_ies_wga_normnll_gain_ge0.5_warm0_patience1_rebounddelta0.1_rpat2_samplingbaseline_masked/eval/TOFU_SUMMARY.json,/unlearning/experment_data/checkpoints/tofu/forget05/Llama-2-7b-chat-hf/SampleEarlyStopWGAIrreversible/lr1e-5_b8_ga2_beta5.0_e10_ies_wga_normnll_gain_ge0.5_warm0_patience1_rebounddelta0.1_rpat2_samplingbaseline_masked/ies_wga_nll_gain_history.jsonl,,/unlearning/experment_data/checkpoints/tofu/forget05/Llama-2-7b-chat-hf/SampleEarlyStopWGAIrreversible/lr1e-5_b8_ga2_beta5.0_e10_ies_wga_normnll_gain_ge0.5_warm0_patience1_rebounddelta0.1_rpat2_samplingbaseline_masked
forget05,200,Llama-2-7b-chat-hf,WGA,SampleEarlyStopWGAIrreversible,absolute_nll_gain,per_sample_length_normalized_nll_gain_from_initial,lr1e-5_b8_ga2_beta5.0_e10_ies_wga_normnll_gain_ge0.8_warm0_patience1_rebounddelta0.1_rpat2_samplingbaseline_masked,False,False,1e-05,8,2,16,10,5.0,1.0,1.0,NLL,forget_anchor_random_retain,full_retain,fixed_original_valid_tokens,absolute_gain_below_threshold_minus_delta,,0.8,,0.8,0,1,,0.1,2,1.2127544312107394e-10,0.6233105698201159,0.5425539912425564,0.8611368700861931,0.21267960307672917,0.66759765625,0.5412748764395533,-98.2811777249451,176,24,24,0,107,5.35,10,,,,,/unlearning/experment_data/checkpoints/tofu/forget05/Llama-2-7b-chat-hf/SampleEarlyStopWGAIrreversible/lr1e-5_b8_ga2_beta5.0_e10_ies_wga_normnll_gain_ge0.8_warm0_patience1_rebounddelta0.1_rpat2_samplingbaseline_masked/eval/TOFU_SUMMARY.json,/unlearning/experment_data/checkpoints/tofu/forget05/Llama-2-7b-chat-hf/SampleEarlyStopWGAIrreversible/lr1e-5_b8_ga2_beta5.0_e10_ies_wga_normnll_gain_ge0.8_warm0_patience1_rebounddelta0.1_rpat2_samplingbaseline_masked/ies_wga_nll_gain_history.jsonl,,/unlearning/experment_data/checkpoints/tofu/forget05/Llama-2-7b-chat-hf/SampleEarlyStopWGAIrreversible/lr1e-5_b8_ga2_beta5.0_e10_ies_wga_normnll_gain_ge0.8_warm0_patience1_rebounddelta0.1_rpat2_samplingbaseline_masked
forget05,200,Llama-2-7b-chat-hf,WGA,SampleEarlyStopWGAIrreversible,absolute_nll_gain,per_sample_length_normalized_nll_gain_from_initial,lr1e-5_b8_ga2_beta5.0_e10_ies_wga_normnll_gain_ge1.0_warm0_patience1_rebounddelta0.1_rpat2_samplingbaseline_masked,False,False,1e-05,8,2,16,10,5.0,1.0,1.0,NLL,forget_anchor_random_retain,full_retain,fixed_original_valid_tokens,absolute_gain_below_threshold_minus_delta,,1.0,,1.0,0,1,,0.1,2,2.44374577116149e-10,0.6231152499642174,0.5441872645855935,0.8593556562066078,0.208522312616844,0.6651171875,0.543453809044127,-98.21951593984592,192,8,8,0,34,1.7,10,,,,,/unlearning/experment_data/checkpoints/tofu/forget05/Llama-2-7b-chat-hf/SampleEarlyStopWGAIrreversible/lr1e-5_b8_ga2_beta5.0_e10_ies_wga_normnll_gain_ge1.0_warm0_patience1_rebounddelta0.1_rpat2_samplingbaseline_masked/eval/TOFU_SUMMARY.json,/unlearning/experment_data/checkpoints/tofu/forget05/Llama-2-7b-chat-hf/SampleEarlyStopWGAIrreversible/lr1e-5_b8_ga2_beta5.0_e10_ies_wga_normnll_gain_ge1.0_warm0_patience1_rebounddelta0.1_rpat2_samplingbaseline_masked/ies_wga_nll_gain_history.jsonl,,/unlearning/experment_data/checkpoints/tofu/forget05/Llama-2-7b-chat-hf/SampleEarlyStopWGAIrreversible/lr1e-5_b8_ga2_beta5.0_e10_ies_wga_normnll_gain_ge1.0_warm0_patience1_rebounddelta0.1_rpat2_samplingbaseline_masked
forget05,200,Llama-2-7b-chat-hf,WGA,SampleEarlyStopWGAIrreversible,absolute_nll_gain,per_sample_length_normalized_nll_gain_from_initial,lr2e-5_b8_ga2_beta1.0_e10_ies_wga_normnll_gain_ge0.5_warm0_patience1_rebounddelta0.1_rpat2_samplingbaseline_masked,False,False,2e-05,8,2,16,10,1.0,1.0,1.0,NLL,forget_anchor_random_retain,full_retain,fixed_original_valid_tokens,absolute_gain_below_threshold_minus_delta,,0.5,,0.5,0,1,,0.1,2,7.536785951251345e-05,0.6226687614765063,0.6046459326497786,0.8027391168475151,0.13247866650220175,0.3027032470703125,0.4150371438567029,-64.55988899883461,4,196,199,3,1529,76.45,10,,,,,/unlearning/experment_data/checkpoints/tofu/forget05/Llama-2-7b-chat-hf/SampleEarlyStopWGAIrreversible/lr2e-5_b8_ga2_beta1.0_e10_ies_wga_normnll_gain_ge0.5_warm0_patience1_rebounddelta0.1_rpat2_samplingbaseline_masked/eval/TOFU_SUMMARY.json,/unlearning/experment_data/checkpoints/tofu/forget05/Llama-2-7b-chat-hf/SampleEarlyStopWGAIrreversible/lr2e-5_b8_ga2_beta1.0_e10_ies_wga_normnll_gain_ge0.5_warm0_patience1_rebounddelta0.1_rpat2_samplingbaseline_masked/ies_wga_nll_gain_history.jsonl,,/unlearning/experment_data/checkpoints/tofu/forget05/Llama-2-7b-chat-hf/SampleEarlyStopWGAIrreversible/lr2e-5_b8_ga2_beta1.0_e10_ies_wga_normnll_gain_ge0.5_warm0_patience1_rebounddelta0.1_rpat2_samplingbaseline_masked
forget05,200,Llama-2-7b-chat-hf,WGA,SampleEarlyStopWGAIrreversible,absolute_nll_gain,per_sample_length_normalized_nll_gain_from_initial,lr2e-5_b8_ga2_beta1.0_e10_ies_wga_normnll_gain_ge0.8_warm0_patience1_rebounddelta0.1_rpat2_samplingbaseline_masked,False,False,2e-05,8,2,16,10,1.0,1.0,1.0,NLL,forget_anchor_random_retain,full_retain,fixed_original_valid_tokens,absolute_gain_below_threshold_minus_delta,,0.8,,0.8,0,1,,0.1,2,0.0030098470801667434,0.6248305254340559,0.6305503551722001,0.7594581899046898,0.09975625982677115,0.1999609375,0.35934788858063416,-42.12656080744157,1,199,200,1,1459,72.95,10,,,,,/unlearning/experment_data/checkpoints/tofu/forget05/Llama-2-7b-chat-hf/SampleEarlyStopWGAIrreversible/lr2e-5_b8_ga2_beta1.0_e10_ies_wga_normnll_gain_ge0.8_warm0_patience1_rebounddelta0.1_rpat2_samplingbaseline_masked/eval/TOFU_SUMMARY.json,/unlearning/experment_data/checkpoints/tofu/forget05/Llama-2-7b-chat-hf/SampleEarlyStopWGAIrreversible/lr2e-5_b8_ga2_beta1.0_e10_ies_wga_normnll_gain_ge0.8_warm0_patience1_rebounddelta0.1_rpat2_samplingbaseline_masked/ies_wga_nll_gain_history.jsonl,,/unlearning/experment_data/checkpoints/tofu/forget05/Llama-2-7b-chat-hf/SampleEarlyStopWGAIrreversible/lr2e-5_b8_ga2_beta1.0_e10_ies_wga_normnll_gain_ge0.8_warm0_patience1_rebounddelta0.1_rpat2_samplingbaseline_masked
forget05,200,Llama-2-7b-chat-hf,WGA,SampleEarlyStopWGAIrreversible,absolute_nll_gain,per_sample_length_normalized_nll_gain_from_initial,lr2e-5_b8_ga2_beta1.0_e10_ies_wga_normnll_gain_ge1.0_warm0_patience1_rebounddelta0.1_rpat2_samplingbaseline_masked,False,False,2e-05,8,2,16,10,1.0,1.0,1.0,NLL,forget_anchor_random_retain,full_retain,fixed_original_valid_tokens,absolute_gain_below_threshold_minus_delta,,1.0,,1.0,0,1,,0.1,2,0.0297148244707607,0.6266730711374374,0.645317124634674,0.7321742251515388,0.08819451451023565,0.16699951171875,0.3459847503399114,-30.649761055857912,5,195,197,2,1401,70.05,10,,,,,/unlearning/experment_data/checkpoints/tofu/forget05/Llama-2-7b-chat-hf/SampleEarlyStopWGAIrreversible/lr2e-5_b8_ga2_beta1.0_e10_ies_wga_normnll_gain_ge1.0_warm0_patience1_rebounddelta0.1_rpat2_samplingbaseline_masked/eval/TOFU_SUMMARY.json,/unlearning/experment_data/checkpoints/tofu/forget05/Llama-2-7b-chat-hf/SampleEarlyStopWGAIrreversible/lr2e-5_b8_ga2_beta1.0_e10_ies_wga_normnll_gain_ge1.0_warm0_patience1_rebounddelta0.1_rpat2_samplingbaseline_masked/ies_wga_nll_gain_history.jsonl,,/unlearning/experment_data/checkpoints/tofu/forget05/Llama-2-7b-chat-hf/SampleEarlyStopWGAIrreversible/lr2e-5_b8_ga2_beta1.0_e10_ies_wga_normnll_gain_ge1.0_warm0_patience1_rebounddelta0.1_rpat2_samplingbaseline_masked
forget05,200,Llama-2-7b-chat-hf,WGA,SampleEarlyStopWGAIrreversible,absolute_nll_gain,per_sample_length_normalized_nll_gain_from_initial,lr2e-5_b8_ga2_beta5.0_e10_ies_wga_normnll_gain_ge0.5_warm0_patience1_rebounddelta0.1_rpat2_samplingbaseline_masked,False,False,2e-05,8,2,16,10,5.0,1.0,1.0,NLL,forget_anchor_random_retain,full_retain,fixed_original_valid_tokens,absolute_gain_below_threshold_minus_delta,,0.5,,0.5,0,1,,0.1,2,1.8266119303942767e-05,0.6209445539797175,0.604554847155512,0.753880201280117,0.10170856670604218,0.37570220947265626,0.38834947477986614,-74.41035916842756,21,179,182,3,1222,61.1,10,,,,,/unlearning/experment_data/checkpoints/tofu/forget05/Llama-2-7b-chat-hf/SampleEarlyStopWGAIrreversible/lr2e-5_b8_ga2_beta5.0_e10_ies_wga_normnll_gain_ge0.5_warm0_patience1_rebounddelta0.1_rpat2_samplingbaseline_masked/eval/TOFU_SUMMARY.json,/unlearning/experment_data/checkpoints/tofu/forget05/Llama-2-7b-chat-hf/SampleEarlyStopWGAIrreversible/lr2e-5_b8_ga2_beta5.0_e10_ies_wga_normnll_gain_ge0.5_warm0_patience1_rebounddelta0.1_rpat2_samplingbaseline_masked/ies_wga_nll_gain_history.jsonl,,/unlearning/experment_data/checkpoints/tofu/forget05/Llama-2-7b-chat-hf/SampleEarlyStopWGAIrreversible/lr2e-5_b8_ga2_beta5.0_e10_ies_wga_normnll_gain_ge0.5_warm0_patience1_rebounddelta0.1_rpat2_samplingbaseline_masked
forget05,200,Llama-2-7b-chat-hf,WGA,SampleEarlyStopWGAIrreversible,absolute_nll_gain,per_sample_length_normalized_nll_gain_from_initial,lr2e-5_b8_ga2_beta5.0_e10_ies_wga_normnll_gain_ge0.8_warm0_patience1_rebounddelta0.1_rpat2_samplingbaseline_masked,False,False,2e-05,8,2,16,10,5.0,1.0,1.0,NLL,forget_anchor_random_retain,full_retain,fixed_original_valid_tokens,absolute_gain_below_threshold_minus_delta,,0.8,,0.8,0,1,,0.1,2,0.0009668691315127085,0.6197519790723346,0.6440526304512183,0.6481490937992931,0.0837752425547782,0.30895296096801755,0.3355818419064092,-56.32996761887931,41,159,159,0,991,49.55,10,,,,,/unlearning/experment_data/checkpoints/tofu/forget05/Llama-2-7b-chat-hf/SampleEarlyStopWGAIrreversible/lr2e-5_b8_ga2_beta5.0_e10_ies_wga_normnll_gain_ge0.8_warm0_patience1_rebounddelta0.1_rpat2_samplingbaseline_masked/eval/TOFU_SUMMARY.json,/unlearning/experment_data/checkpoints/tofu/forget05/Llama-2-7b-chat-hf/SampleEarlyStopWGAIrreversible/lr2e-5_b8_ga2_beta5.0_e10_ies_wga_normnll_gain_ge0.8_warm0_patience1_rebounddelta0.1_rpat2_samplingbaseline_masked/ies_wga_nll_gain_history.jsonl,,/unlearning/experment_data/checkpoints/tofu/forget05/Llama-2-7b-chat-hf/SampleEarlyStopWGAIrreversible/lr2e-5_b8_ga2_beta5.0_e10_ies_wga_normnll_gain_ge0.8_warm0_patience1_rebounddelta0.1_rpat2_samplingbaseline_masked
forget05,200,Llama-2-7b-chat-hf,WGA,SampleEarlyStopWGAIrreversible,absolute_nll_gain,per_sample_length_normalized_nll_gain_from_initial,lr2e-5_b8_ga2_beta5.0_e10_ies_wga_normnll_gain_ge1.0_warm0_patience1_rebounddelta0.1_rpat2_samplingbaseline_masked,False,False,2e-05,8,2,16,10,5.0,1.0,1.0,NLL,forget_anchor_random_retain,full_retain,fixed_original_valid_tokens,absolute_gain_below_threshold_minus_delta,,1.0,,1.0,0,1,,0.1,2,0.052139087188847716,0.6194406207346791,0.677172093242961,0.5562379697710276,0.07317297887363759,0.24639979362487793,0.2900591054887581,-39.694774157592924,48,152,152,0,860,43.0,10,,,,,/unlearning/experment_data/checkpoints/tofu/forget05/Llama-2-7b-chat-hf/SampleEarlyStopWGAIrreversible/lr2e-5_b8_ga2_beta5.0_e10_ies_wga_normnll_gain_ge1.0_warm0_patience1_rebounddelta0.1_rpat2_samplingbaseline_masked/eval/TOFU_SUMMARY.json,/unlearning/experment_data/checkpoints/tofu/forget05/Llama-2-7b-chat-hf/SampleEarlyStopWGAIrreversible/lr2e-5_b8_ga2_beta5.0_e10_ies_wga_normnll_gain_ge1.0_warm0_patience1_rebounddelta0.1_rpat2_samplingbaseline_masked/ies_wga_nll_gain_history.jsonl,,/unlearning/experment_data/checkpoints/tofu/forget05/Llama-2-7b-chat-hf/SampleEarlyStopWGAIrreversible/lr2e-5_b8_ga2_beta5.0_e10_ies_wga_normnll_gain_ge1.0_warm0_patience1_rebounddelta0.1_rpat2_samplingbaseline_masked
forget05,200,Llama-2-7b-chat-hf,WGA,SampleEarlyStopWGAIrreversible,absolute_nll_gain,per_sample_length_normalized_nll_gain_from_initial,lr5e-5_b8_ga2_beta1.0_e10_ies_wga_normnll_gain_ge0.5_warm0_patience1_rebounddelta0.1_rpat2_samplingbaseline_masked,False,False,5e-05,8,2,16,10,1.0,1.0,1.0,NLL,forget_anchor_random_retain,full_retain,fixed_original_valid_tokens,absolute_gain_below_threshold_minus_delta,,0.5,,0.5,0,1,,0.1,2,0.6284308022715471,0.600493819739608,0.7238334413005216,0.599088919213973,0.07303960717461194,0.14236981868743898,0.2595433912070733,0.37767843373243,0,200,205,5,1732,86.6,10,,,,,/unlearning/experment_data/checkpoints/tofu/forget05/Llama-2-7b-chat-hf/SampleEarlyStopWGAIrreversible/lr5e-5_b8_ga2_beta1.0_e10_ies_wga_normnll_gain_ge0.5_warm0_patience1_rebounddelta0.1_rpat2_samplingbaseline_masked/eval/TOFU_SUMMARY.json,/unlearning/experment_data/checkpoints/tofu/forget05/Llama-2-7b-chat-hf/SampleEarlyStopWGAIrreversible/lr5e-5_b8_ga2_beta1.0_e10_ies_wga_normnll_gain_ge0.5_warm0_patience1_rebounddelta0.1_rpat2_samplingbaseline_masked/ies_wga_nll_gain_history.jsonl,,/unlearning/experment_data/checkpoints/tofu/forget05/Llama-2-7b-chat-hf/SampleEarlyStopWGAIrreversible/lr5e-5_b8_ga2_beta1.0_e10_ies_wga_normnll_gain_ge0.5_warm0_patience1_rebounddelta0.1_rpat2_samplingbaseline_masked
forget05,200,Llama-2-7b-chat-hf,WGA,SampleEarlyStopWGAIrreversible,absolute_nll_gain,per_sample_length_normalized_nll_gain_from_initial,lr5e-5_b8_ga2_beta1.0_e10_ies_wga_normnll_gain_ge0.8_warm0_patience1_rebounddelta0.1_rpat2_samplingbaseline_masked,False,False,5e-05,8,2,16,10,1.0,1.0,1.0,NLL,forget_anchor_random_retain,full_retain,fixed_original_valid_tokens,absolute_gain_below_threshold_minus_delta,,0.8,,0.8,0,1,,0.1,2,0.0009668691315127085,0.5947062162023465,0.6882833830840012,0.3388106423104182,0.049774223643414744,0.05597528077118933,0.1277119722724243,35.67519654144054,1,199,203,4,1689,84.45,10,,,,,/unlearning/experment_data/checkpoints/tofu/forget05/Llama-2-7b-chat-hf/SampleEarlyStopWGAIrreversible/lr5e-5_b8_ga2_beta1.0_e10_ies_wga_normnll_gain_ge0.8_warm0_patience1_rebounddelta0.1_rpat2_samplingbaseline_masked/eval/TOFU_SUMMARY.json,/unlearning/experment_data/checkpoints/tofu/forget05/Llama-2-7b-chat-hf/SampleEarlyStopWGAIrreversible/lr5e-5_b8_ga2_beta1.0_e10_ies_wga_normnll_gain_ge0.8_warm0_patience1_rebounddelta0.1_rpat2_samplingbaseline_masked/ies_wga_nll_gain_history.jsonl,,/unlearning/experment_data/checkpoints/tofu/forget05/Llama-2-7b-chat-hf/SampleEarlyStopWGAIrreversible/lr5e-5_b8_ga2_beta1.0_e10_ies_wga_normnll_gain_ge0.8_warm0_patience1_rebounddelta0.1_rpat2_samplingbaseline_masked
forget05,200,Llama-2-7b-chat-hf,WGA,SampleEarlyStopWGAIrreversible,absolute_nll_gain,per_sample_length_normalized_nll_gain_from_initial,lr5e-5_b8_ga2_beta1.0_e10_ies_wga_normnll_gain_ge1.0_warm0_patience1_rebounddelta0.1_rpat2_samplingbaseline_masked,False,False,5e-05,8,2,16,10,1.0,1.0,1.0,NLL,forget_anchor_random_retain,full_retain,fixed_original_valid_tokens,absolute_gain_below_threshold_minus_delta,,1.0,,1.0,0,1,,0.1,2,8.114129962716335e-08,0.5939864989154807,0.7524772059889626,0.2176998252235353,0.03525744068588142,0.02348721832036972,0.07144424609095196,47.005549553413644,0,200,206,6,1656,82.8,10,,,,,/unlearning/experment_data/checkpoints/tofu/forget05/Llama-2-7b-chat-hf/SampleEarlyStopWGAIrreversible/lr5e-5_b8_ga2_beta1.0_e10_ies_wga_normnll_gain_ge1.0_warm0_patience1_rebounddelta0.1_rpat2_samplingbaseline_masked/eval/TOFU_SUMMARY.json,/unlearning/experment_data/checkpoints/tofu/forget05/Llama-2-7b-chat-hf/SampleEarlyStopWGAIrreversible/lr5e-5_b8_ga2_beta1.0_e10_ies_wga_normnll_gain_ge1.0_warm0_patience1_rebounddelta0.1_rpat2_samplingbaseline_masked/ies_wga_nll_gain_history.jsonl,,/unlearning/experment_data/checkpoints/tofu/forget05/Llama-2-7b-chat-hf/SampleEarlyStopWGAIrreversible/lr5e-5_b8_ga2_beta1.0_e10_ies_wga_normnll_gain_ge1.0_warm0_patience1_rebounddelta0.1_rpat2_samplingbaseline_masked
forget05,200,Llama-2-7b-chat-hf,WGA,SampleEarlyStopWGAIrreversible,absolute_nll_gain,per_sample_length_normalized_nll_gain_from_initial,lr5e-5_b8_ga2_beta5.0_e10_ies_wga_normnll_gain_ge0.5_warm0_patience1_rebounddelta0.1_rpat2_samplingbaseline_masked,False,False,5e-05,8,2,16,10,5.0,1.0,1.0,NLL,forget_anchor_random_retain,full_retain,fixed_original_valid_tokens,absolute_gain_below_threshold_minus_delta,,0.5,,0.5,0,1,,0.1,2,0.052139087188847716,0.6009561706931206,0.7082843137860136,0.5664090583752841,0.07836368181698564,0.24390419960021972,0.2831900286849546,-33.18174810649272,7,193,199,6,1632,81.6,10,,,,,/unlearning/experment_data/checkpoints/tofu/forget05/Llama-2-7b-chat-hf/SampleEarlyStopWGAIrreversible/lr5e-5_b8_ga2_beta5.0_e10_ies_wga_normnll_gain_ge0.5_warm0_patience1_rebounddelta0.1_rpat2_samplingbaseline_masked/eval/TOFU_SUMMARY.json,/unlearning/experment_data/checkpoints/tofu/forget05/Llama-2-7b-chat-hf/SampleEarlyStopWGAIrreversible/lr5e-5_b8_ga2_beta5.0_e10_ies_wga_normnll_gain_ge0.5_warm0_patience1_rebounddelta0.1_rpat2_samplingbaseline_masked/ies_wga_nll_gain_history.jsonl,,/unlearning/experment_data/checkpoints/tofu/forget05/Llama-2-7b-chat-hf/SampleEarlyStopWGAIrreversible/lr5e-5_b8_ga2_beta5.0_e10_ies_wga_normnll_gain_ge0.5_warm0_patience1_rebounddelta0.1_rpat2_samplingbaseline_masked
forget05,200,Llama-2-7b-chat-hf,WGA,SampleEarlyStopWGAIrreversible,absolute_nll_gain,per_sample_length_normalized_nll_gain_from_initial,lr5e-5_b8_ga2_beta5.0_e10_ies_wga_normnll_gain_ge0.8_warm0_patience1_rebounddelta0.1_rpat2_samplingbaseline_masked,False,False,5e-05,8,2,16,10,5.0,1.0,1.0,NLL,forget_anchor_random_retain,full_retain,fixed_original_valid_tokens,absolute_gain_below_threshold_minus_delta,,0.8,,0.8,0,1,,0.1,2,0.03956202584899502,0.60078220857648,0.7419089161520307,0.5297418686188757,0.059122091642660024,0.17161088943481445,0.25170961389574664,-16.85293663991786,10,190,196,6,1533,76.65,10,,,,,/unlearning/experment_data/checkpoints/tofu/forget05/Llama-2-7b-chat-hf/SampleEarlyStopWGAIrreversible/lr5e-5_b8_ga2_beta5.0_e10_ies_wga_normnll_gain_ge0.8_warm0_patience1_rebounddelta0.1_rpat2_samplingbaseline_masked/eval/TOFU_SUMMARY.json,/unlearning/experment_data/checkpoints/tofu/forget05/Llama-2-7b-chat-hf/SampleEarlyStopWGAIrreversible/lr5e-5_b8_ga2_beta5.0_e10_ies_wga_normnll_gain_ge0.8_warm0_patience1_rebounddelta0.1_rpat2_samplingbaseline_masked/ies_wga_nll_gain_history.jsonl,,/unlearning/experment_data/checkpoints/tofu/forget05/Llama-2-7b-chat-hf/SampleEarlyStopWGAIrreversible/lr5e-5_b8_ga2_beta5.0_e10_ies_wga_normnll_gain_ge0.8_warm0_patience1_rebounddelta0.1_rpat2_samplingbaseline_masked
forget05,200,Llama-2-7b-chat-hf,WGA,SampleEarlyStopWGAIrreversible,absolute_nll_gain,per_sample_length_normalized_nll_gain_from_initial,lr5e-5_b8_ga2_beta5.0_e10_ies_wga_normnll_gain_ge1.0_warm0_patience1_rebounddelta0.1_rpat2_samplingbaseline_masked,False,False,5e-05,8,2,16,10,5.0,1.0,1.0,NLL,forget_anchor_random_retain,full_retain,fixed_original_valid_tokens,absolute_gain_below_threshold_minus_delta,,1.0,,1.0,0,1,,0.1,2,0.006094418258803505,0.6044598215661825,0.7633710667332348,0.3879466594196856,0.0427871703686326,0.103264479637146,0.18888934967082174,10.686758130000493,8,192,195,3,1495,74.75,10,,,,,/unlearning/experment_data/checkpoints/tofu/forget05/Llama-2-7b-chat-hf/SampleEarlyStopWGAIrreversible/lr5e-5_b8_ga2_beta5.0_e10_ies_wga_normnll_gain_ge1.0_warm0_patience1_rebounddelta0.1_rpat2_samplingbaseline_masked/eval/TOFU_SUMMARY.json,/unlearning/experment_data/checkpoints/tofu/forget05/Llama-2-7b-chat-hf/SampleEarlyStopWGAIrreversible/lr5e-5_b8_ga2_beta5.0_e10_ies_wga_normnll_gain_ge1.0_warm0_patience1_rebounddelta0.1_rpat2_samplingbaseline_masked/ies_wga_nll_gain_history.jsonl,,/unlearning/experment_data/checkpoints/tofu/forget05/Llama-2-7b-chat-hf/SampleEarlyStopWGAIrreversible/lr5e-5_b8_ga2_beta5.0_e10_ies_wga_normnll_gain_ge1.0_warm0_patience1_rebounddelta0.1_rpat2_samplingbaseline_masked
forget05,200,Llama-2-7b-chat-hf,WGA,WGA,baseline,none,lr1e-5_b8_ga2_beta1.0_e10_nlltrace,True,False,1e-05,8,2,16,10,1.0,1.0,1.0,NLL,forget_anchor_random_retain,full_retain,baseline_mean,none,,,,,,,,,,4.448673570292354e-08,0.6244439211982173,0.553827082272221,0.8311881878972054,0.19015147959262435,0.44002685546875,0.4635502318620474,-85.39001077764915,,,,,,,,9.24,120,780.2887,13.004811666666665,/unlearning/experment_data/checkpoints/tofu/forget05/Llama-2-7b-chat-hf/WGA/lr1e-5_b8_ga2_beta1.0_e10_nlltrace/eval/TOFU_SUMMARY.json,,/unlearning/experment_data/checkpoints/tofu/forget05/Llama-2-7b-chat-hf/WGA/lr1e-5_b8_ga2_beta1.0_e10_nlltrace/trainer_state.json,/unlearning/experment_data/checkpoints/tofu/forget05/Llama-2-7b-chat-hf/WGA/lr1e-5_b8_ga2_beta1.0_e10_nlltrace
forget05,200,Llama-2-7b-chat-hf,WGA,WGA,baseline,none,lr1e-5_b8_ga2_beta5.0_e10_nlltrace,True,False,1e-05,8,2,16,10,5.0,1.0,1.0,NLL,forget_anchor_random_retain,full_retain,baseline_mean,none,,,,,,,,,,5.951062636424447e-11,0.622113303014278,0.5396520055686543,0.874592173397541,0.25262926380786216,0.7015234375,0.5588175031843395,-98.87081854495592,,,,,,,,9.24,120,781.3591,13.022651666666667,/unlearning/experment_data/checkpoints/tofu/forget05/Llama-2-7b-chat-hf/WGA/lr1e-5_b8_ga2_beta5.0_e10_nlltrace/eval/TOFU_SUMMARY.json,,/unlearning/experment_data/checkpoints/tofu/forget05/Llama-2-7b-chat-hf/WGA/lr1e-5_b8_ga2_beta5.0_e10_nlltrace/trainer_state.json,/unlearning/experment_data/checkpoints/tofu/forget05/Llama-2-7b-chat-hf/WGA/lr1e-5_b8_ga2_beta5.0_e10_nlltrace
forget05,200,Llama-2-7b-chat-hf,WGA,WGA,baseline,none,lr2e-5_b8_ga2_beta1.0_e10_nlltrace,True,False,2e-05,8,2,16,10,1.0,1.0,1.0,NLL,forget_anchor_random_retain,full_retain,baseline_mean,none,,,,,,,,,,2.4125498977354686e-08,0.6351096413765444,0.7440051684675245,0.03140075978357345,0.027223306249250095,0.012114366228759705,0.031634372566148414,49.498997988361474,,,,,,,,9.24,120,779.5782,12.992970000000001,/unlearning/experment_data/checkpoints/tofu/forget05/Llama-2-7b-chat-hf/WGA/lr2e-5_b8_ga2_beta1.0_e10_nlltrace/eval/TOFU_SUMMARY.json,,/unlearning/experment_data/checkpoints/tofu/forget05/Llama-2-7b-chat-hf/WGA/lr2e-5_b8_ga2_beta1.0_e10_nlltrace/trainer_state.json,/unlearning/experment_data/checkpoints/tofu/forget05/Llama-2-7b-chat-hf/WGA/lr2e-5_b8_ga2_beta1.0_e10_nlltrace
forget05,200,Llama-2-7b-chat-hf,WGA,WGA,baseline,none,lr2e-5_b8_ga2_beta5.0_e10_nlltrace,True,False,2e-05,8,2,16,10,5.0,1.0,1.0,NLL,forget_anchor_random_retain,full_retain,baseline_mean,none,,,,,,,,,,0.17793352788293415,0.6243798127835831,0.7014540323294388,0.4524596049636602,0.06584366833525532,0.1957985305786133,0.24744430487210173,-21.84754123295091,,,,,,,,9.24,120,784.2478,13.070796666666666,/unlearning/experment_data/checkpoints/tofu/forget05/Llama-2-7b-chat-hf/WGA/lr2e-5_b8_ga2_beta5.0_e10_nlltrace/eval/TOFU_SUMMARY.json,,/unlearning/experment_data/checkpoints/tofu/forget05/Llama-2-7b-chat-hf/WGA/lr2e-5_b8_ga2_beta5.0_e10_nlltrace/trainer_state.json,/unlearning/experment_data/checkpoints/tofu/forget05/Llama-2-7b-chat-hf/WGA/lr2e-5_b8_ga2_beta5.0_e10_nlltrace
forget05,200,Llama-2-7b-chat-hf,WGA,WGA,baseline,none,lr5e-5_b8_ga2_beta1.0_e10_nlltrace,True,False,5e-05,8,2,16,10,1.0,1.0,1.0,NLL,forget_anchor_random_retain,full_retain,baseline_mean,none,,,,,,,,,,1.5340721316207992e-24,0.6131660011323281,0.8771990848377125,0.01839071337133646,0.027223306249250095,0.0023362350463867186,0.014775255336050579,53.164020340193595,,,,,,,,9.24,120,787.7217,13.128695,/unlearning/experment_data/checkpoints/tofu/forget05/Llama-2-7b-chat-hf/WGA/lr5e-5_b8_ga2_beta1.0_e10_nlltrace/eval/TOFU_SUMMARY.json,,/unlearning/experment_data/checkpoints/tofu/forget05/Llama-2-7b-chat-hf/WGA/lr5e-5_b8_ga2_beta1.0_e10_nlltrace/trainer_state.json,/unlearning/experment_data/checkpoints/tofu/forget05/Llama-2-7b-chat-hf/WGA/lr5e-5_b8_ga2_beta1.0_e10_nlltrace
forget05,200,Llama-2-7b-chat-hf,WGA,WGA,baseline,none,lr5e-5_b8_ga2_beta5.0_e10_nlltrace,True,False,5e-05,8,2,16,10,5.0,1.0,1.0,NLL,forget_anchor_random_retain,full_retain,baseline_mean,none,,,,,,,,,,5.616971116352186e-17,0.6059505147806333,0.8579516324686906,0.07992119779344647,0.02774469029406979,0.012688579708337784,0.03343054740154285,49.96146137660528,,,,,,,,9.24,120,783.1696,13.052826666666666,/unlearning/experment_data/checkpoints/tofu/forget05/Llama-2-7b-chat-hf/WGA/lr5e-5_b8_ga2_beta5.0_e10_nlltrace/eval/TOFU_SUMMARY.json,,/unlearning/experment_data/checkpoints/tofu/forget05/Llama-2-7b-chat-hf/WGA/lr5e-5_b8_ga2_beta5.0_e10_nlltrace/trainer_state.json,/unlearning/experment_data/checkpoints/tofu/forget05/Llama-2-7b-chat-hf/WGA/lr5e-5_b8_ga2_beta5.0_e10_nlltrace
forget05,200,Llama-2-7b-chat-hf,WGA,SampleEarlyStopWGAMarginalRatio,marginal_ratio,per_sample_normalized_nll_epoch_gain_ratio,lr2e-5_b8_ga2_beta1.0_e10_marginalratio_ma2_stop0.1_rebound0.1_fullretain_fixed_forget_denom,False,False,2e-05,8,2,16,10,1.0,1.0,1.0,NLL,forget_anchor_random_retain,full_retain,fixed_original_valid_tokens,recovery_ma_over_historical_peak,rginalratio,0.1,0.1,,,,0.1,,,2.4125498977354686e-08,0.63858706103625,0.756044429863126,0.0330152635043487,0.027223306249250095,0.014598238021135405,0.03681171539222541,49.6762756205216,5,195,198,3,345,17.25,9,9.24,120,779.6796,12.994660000000001,/unlearning/experment_data/checkpoints/tofu/forget05/Llama-2-7b-chat-hf/SampleEarlyStopWGAMarginalRatio/lr2e-5_b8_ga2_beta1.0_e10_marginalratio_ma2_stop0.1_rebound0.1_fullretain_fixed_forget_denom/eval/TOFU_SUMMARY.json,/unlearning/experment_data/checkpoints/tofu/forget05/Llama-2-7b-chat-hf/SampleEarlyStopWGAMarginalRatio/lr2e-5_b8_ga2_beta1.0_e10_marginalratio_ma2_stop0.1_rebound0.1_fullretain_fixed_forget_denom/ies_nll_gain_history.jsonl,/unlearning/experment_data/checkpoints/tofu/forget05/Llama-2-7b-chat-hf/SampleEarlyStopWGAMarginalRatio/lr2e-5_b8_ga2_beta1.0_e10_marginalratio_ma2_stop0.1_rebound0.1_fullretain_fixed_forget_denom/trainer_state.json,/unlearning/experment_data/checkpoints/tofu/forget05/Llama-2-7b-chat-hf/SampleEarlyStopWGAMarginalRatio/lr2e-5_b8_ga2_beta1.0_e10_marginalratio_ma2_stop0.1_rebound0.1_fullretain_fixed_forget_denom
forget05,200,Llama-2-7b-chat-hf,WGA,SampleEarlyStopWGAMarginalRatio,marginal_ratio,per_sample_normalized_nll_epoch_gain_ratio,lr2e-5_b8_ga2_beta1.0_e10_marginalratio_ma2_stop0.2_rebound0.1_fullretain_fixed_forget_denom,False,False,2e-05,8,2,16,10,1.0,1.0,1.0,NLL,forget_anchor_random_retain,full_retain,fixed_original_valid_tokens,recovery_ma_over_historical_peak,rginalratio,0.2,0.2,,,,0.1,,,2.6127403909667314e-07,0.6361744774918162,0.734110360089242,0.03304170422255993,0.027395720042353543,0.01587536117527634,0.0371939781525503,49.48358254208669,4,196,200,4,370,18.5,9,9.24,120,766.6586,12.777643333333334,/unlearning/experment_data/checkpoints/tofu/forget05/Llama-2-7b-chat-hf/SampleEarlyStopWGAMarginalRatio/lr2e-5_b8_ga2_beta1.0_e10_marginalratio_ma2_stop0.2_rebound0.1_fullretain_fixed_forget_denom/eval/TOFU_SUMMARY.json,/unlearning/experment_data/checkpoints/tofu/forget05/Llama-2-7b-chat-hf/SampleEarlyStopWGAMarginalRatio/lr2e-5_b8_ga2_beta1.0_e10_marginalratio_ma2_stop0.2_rebound0.1_fullretain_fixed_forget_denom/ies_nll_gain_history.jsonl,/unlearning/experment_data/checkpoints/tofu/forget05/Llama-2-7b-chat-hf/SampleEarlyStopWGAMarginalRatio/lr2e-5_b8_ga2_beta1.0_e10_marginalratio_ma2_stop0.2_rebound0.1_fullretain_fixed_forget_denom/trainer_state.json,/unlearning/experment_data/checkpoints/tofu/forget05/Llama-2-7b-chat-hf/SampleEarlyStopWGAMarginalRatio/lr2e-5_b8_ga2_beta1.0_e10_marginalratio_ma2_stop0.2_rebound0.1_fullretain_fixed_forget_denom
forget10,400,Llama-2-7b-chat-hf,WGA,SampleEarlyStopWGAIrreversible,absolute_nll_gain,per_sample_length_normalized_nll_gain_from_initial,lr1e-5_b8_ga2_beta1.0_e10_ies_wga_normnll_gain_ge0.5_warm0_patience1_rebounddelta0.1_rpat2_samplingbaseline_masked,False,False,1e-05,8,2,16,10,1.0,1.0,1.0,NLL,forget_anchor_random_retain,full_retain,fixed_original_valid_tokens,absolute_gain_below_threshold_minus_delta,,0.5,,0.5,0,1,,0.1,2,2.241003819205479e-17,0.6224125913323683,0.5506775174192522,0.8714740127325058,0.18301142793871134,0.52837646484375,0.522271443433167,-96.16846523046583,65,335,335,0,1982,49.55,10,,,,,/unlearning/experment_data/checkpoints/tofu/forget10/Llama-2-7b-chat-hf/SampleEarlyStopWGAIrreversible/lr1e-5_b8_ga2_beta1.0_e10_ies_wga_normnll_gain_ge0.5_warm0_patience1_rebounddelta0.1_rpat2_samplingbaseline_masked/eval/TOFU_SUMMARY.json,/unlearning/experment_data/checkpoints/tofu/forget10/Llama-2-7b-chat-hf/SampleEarlyStopWGAIrreversible/lr1e-5_b8_ga2_beta1.0_e10_ies_wga_normnll_gain_ge0.5_warm0_patience1_rebounddelta0.1_rpat2_samplingbaseline_masked/ies_wga_nll_gain_history.jsonl,,/unlearning/experment_data/checkpoints/tofu/forget10/Llama-2-7b-chat-hf/SampleEarlyStopWGAIrreversible/lr1e-5_b8_ga2_beta1.0_e10_ies_wga_normnll_gain_ge0.5_warm0_patience1_rebounddelta0.1_rpat2_samplingbaseline_masked
forget10,400,Llama-2-7b-chat-hf,WGA,SampleEarlyStopWGAIrreversible,absolute_nll_gain,per_sample_length_normalized_nll_gain_from_initial,lr1e-5_b8_ga2_beta1.0_e10_ies_wga_normnll_gain_ge0.8_warm0_patience1_rebounddelta0.1_rpat2_samplingbaseline_masked,False,False,1e-05,8,2,16,10,1.0,1.0,1.0,NLL,forget_anchor_random_retain,full_retain,fixed_original_valid_tokens,absolute_gain_below_threshold_minus_delta,,0.8,,0.8,0,1,,0.1,2,5.137999089404319e-16,0.6232176851525675,0.5617424626113138,0.8373008482158184,0.1532297536674734,0.43917724609375,0.4798343040716393,-92.74148348176594,133,267,267,0,1432,35.8,10,,,,,/unlearning/experment_data/checkpoints/tofu/forget10/Llama-2-7b-chat-hf/SampleEarlyStopWGAIrreversible/lr1e-5_b8_ga2_beta1.0_e10_ies_wga_normnll_gain_ge0.8_warm0_patience1_rebounddelta0.1_rpat2_samplingbaseline_masked/eval/TOFU_SUMMARY.json,/unlearning/experment_data/checkpoints/tofu/forget10/Llama-2-7b-chat-hf/SampleEarlyStopWGAIrreversible/lr1e-5_b8_ga2_beta1.0_e10_ies_wga_normnll_gain_ge0.8_warm0_patience1_rebounddelta0.1_rpat2_samplingbaseline_masked/ies_wga_nll_gain_history.jsonl,,/unlearning/experment_data/checkpoints/tofu/forget10/Llama-2-7b-chat-hf/SampleEarlyStopWGAIrreversible/lr1e-5_b8_ga2_beta1.0_e10_ies_wga_normnll_gain_ge0.8_warm0_patience1_rebounddelta0.1_rpat2_samplingbaseline_masked
forget10,400,Llama-2-7b-chat-hf,WGA,SampleEarlyStopWGAIrreversible,absolute_nll_gain,per_sample_length_normalized_nll_gain_from_initial,lr1e-5_b8_ga2_beta1.0_e10_ies_wga_normnll_gain_ge1.0_warm0_patience1_rebounddelta0.1_rpat2_samplingbaseline_masked,False,False,1e-05,8,2,16,10,1.0,1.0,1.0,NLL,forget_anchor_random_retain,full_retain,fixed_original_valid_tokens,absolute_gain_below_threshold_minus_delta,,1.0,,1.0,0,1,,0.1,2,1.02724452984523e-14,0.6249281969354107,0.5709076492669476,0.8181185112893581,0.14202402304030876,0.400225830078125,0.46014203156865463,-87.68406141254272,171,229,229,0,1141,28.525,10,10.0,250,1689.4141,28.156901666666666,/unlearning/experment_data/checkpoints/tofu/forget10/Llama-2-7b-chat-hf/SampleEarlyStopWGAIrreversible/lr1e-5_b8_ga2_beta1.0_e10_ies_wga_normnll_gain_ge1.0_warm0_patience1_rebounddelta0.1_rpat2_samplingbaseline_masked/eval/TOFU_SUMMARY.json,/unlearning/experment_data/checkpoints/tofu/forget10/Llama-2-7b-chat-hf/SampleEarlyStopWGAIrreversible/lr1e-5_b8_ga2_beta1.0_e10_ies_wga_normnll_gain_ge1.0_warm0_patience1_rebounddelta0.1_rpat2_samplingbaseline_masked/ies_wga_nll_gain_history.jsonl,/unlearning/experment_data/checkpoints/tofu/forget10/Llama-2-7b-chat-hf/SampleEarlyStopWGAIrreversible/lr1e-5_b8_ga2_beta1.0_e10_ies_wga_normnll_gain_ge1.0_warm0_patience1_rebounddelta0.1_rpat2_samplingbaseline_masked/trainer_state.json,/unlearning/experment_data/checkpoints/tofu/forget10/Llama-2-7b-chat-hf/SampleEarlyStopWGAIrreversible/lr1e-5_b8_ga2_beta1.0_e10_ies_wga_normnll_gain_ge1.0_warm0_patience1_rebounddelta0.1_rpat2_samplingbaseline_masked
forget10,400,Llama-2-7b-chat-hf,WGA,SampleEarlyStopWGAIrreversible,absolute_nll_gain,per_sample_length_normalized_nll_gain_from_initial,lr1e-5_b8_ga2_beta5.0_e10_ies_wga_normnll_gain_ge0.5_warm0_patience1_rebounddelta0.1_rpat2_samplingbaseline_masked,False,False,1e-05,8,2,16,10,5.0,1.0,1.0,NLL,forget_anchor_random_retain,full_retain,fixed_original_valid_tokens,absolute_gain_below_threshold_minus_delta,,0.5,,0.5,0,1,,0.1,2,4.353260441808186e-19,0.6225384513584161,0.5589303297617089,0.870978792309761,0.21112551598836052,0.6942333984375,0.5505567895143285,-98.37261673877329,276,124,124,0,610,15.25,10,,,,,/unlearning/experment_data/checkpoints/tofu/forget10/Llama-2-7b-chat-hf/SampleEarlyStopWGAIrreversible/lr1e-5_b8_ga2_beta5.0_e10_ies_wga_normnll_gain_ge0.5_warm0_patience1_rebounddelta0.1_rpat2_samplingbaseline_masked/eval/TOFU_SUMMARY.json,/unlearning/experment_data/checkpoints/tofu/forget10/Llama-2-7b-chat-hf/SampleEarlyStopWGAIrreversible/lr1e-5_b8_ga2_beta5.0_e10_ies_wga_normnll_gain_ge0.5_warm0_patience1_rebounddelta0.1_rpat2_samplingbaseline_masked/ies_wga_nll_gain_history.jsonl,,/unlearning/experment_data/checkpoints/tofu/forget10/Llama-2-7b-chat-hf/SampleEarlyStopWGAIrreversible/lr1e-5_b8_ga2_beta5.0_e10_ies_wga_normnll_gain_ge0.5_warm0_patience1_rebounddelta0.1_rpat2_samplingbaseline_masked
forget10,400,Llama-2-7b-chat-hf,WGA,SampleEarlyStopWGAIrreversible,absolute_nll_gain,per_sample_length_normalized_nll_gain_from_initial,lr1e-5_b8_ga2_beta5.0_e10_ies_wga_normnll_gain_ge0.8_warm0_patience1_rebounddelta0.1_rpat2_samplingbaseline_masked,False,False,1e-05,8,2,16,10,5.0,1.0,1.0,NLL,forget_anchor_random_retain,full_retain,fixed_original_valid_tokens,absolute_gain_below_threshold_minus_delta,,0.8,,0.8,0,1,,0.1,2,3.2024272501633618e-18,0.6248464974955044,0.5649334210595925,0.8574034951627254,0.19608984154425677,0.663046875,0.5378026929864435,-97.72757378696626,348,52,52,0,202,5.05,10,,,,,/unlearning/experment_data/checkpoints/tofu/forget10/Llama-2-7b-chat-hf/SampleEarlyStopWGAIrreversible/lr1e-5_b8_ga2_beta5.0_e10_ies_wga_normnll_gain_ge0.8_warm0_patience1_rebounddelta0.1_rpat2_samplingbaseline_masked/eval/TOFU_SUMMARY.json,/unlearning/experment_data/checkpoints/tofu/forget10/Llama-2-7b-chat-hf/SampleEarlyStopWGAIrreversible/lr1e-5_b8_ga2_beta5.0_e10_ies_wga_normnll_gain_ge0.8_warm0_patience1_rebounddelta0.1_rpat2_samplingbaseline_masked/ies_wga_nll_gain_history.jsonl,,/unlearning/experment_data/checkpoints/tofu/forget10/Llama-2-7b-chat-hf/SampleEarlyStopWGAIrreversible/lr1e-5_b8_ga2_beta5.0_e10_ies_wga_normnll_gain_ge0.8_warm0_patience1_rebounddelta0.1_rpat2_samplingbaseline_masked
forget10,400,Llama-2-7b-chat-hf,WGA,SampleEarlyStopWGAIrreversible,absolute_nll_gain,per_sample_length_normalized_nll_gain_from_initial,lr1e-5_b8_ga2_beta5.0_e10_ies_wga_normnll_gain_ge1.0_warm0_patience1_rebounddelta0.1_rpat2_samplingbaseline_masked,False,False,1e-05,8,2,16,10,5.0,1.0,1.0,NLL,forget_anchor_random_retain,full_retain,fixed_original_valid_tokens,absolute_gain_below_threshold_minus_delta,,1.0,,1.0,0,1,,0.1,2,1.6558004532094654e-18,0.6235225552867174,0.5664309185654877,0.8558254121243953,0.19268264321536377,0.65859619140625,0.5361456835013045,-97.59204343532275,378,22,22,0,82,2.05,10,10.0,250,1728.6216,28.81036,/unlearning/experment_data/checkpoints/tofu/forget10/Llama-2-7b-chat-hf/SampleEarlyStopWGAIrreversible/lr1e-5_b8_ga2_beta5.0_e10_ies_wga_normnll_gain_ge1.0_warm0_patience1_rebounddelta0.1_rpat2_samplingbaseline_masked/eval/TOFU_SUMMARY.json,/unlearning/experment_data/checkpoints/tofu/forget10/Llama-2-7b-chat-hf/SampleEarlyStopWGAIrreversible/lr1e-5_b8_ga2_beta5.0_e10_ies_wga_normnll_gain_ge1.0_warm0_patience1_rebounddelta0.1_rpat2_samplingbaseline_masked/ies_wga_nll_gain_history.jsonl,/unlearning/experment_data/checkpoints/tofu/forget10/Llama-2-7b-chat-hf/SampleEarlyStopWGAIrreversible/lr1e-5_b8_ga2_beta5.0_e10_ies_wga_normnll_gain_ge1.0_warm0_patience1_rebounddelta0.1_rpat2_samplingbaseline_masked/trainer_state.json,/unlearning/experment_data/checkpoints/tofu/forget10/Llama-2-7b-chat-hf/SampleEarlyStopWGAIrreversible/lr1e-5_b8_ga2_beta5.0_e10_ies_wga_normnll_gain_ge1.0_warm0_patience1_rebounddelta0.1_rpat2_samplingbaseline_masked
forget10,400,Llama-2-7b-chat-hf,WGA,SampleEarlyStopWGAIrreversible,absolute_nll_gain,per_sample_length_normalized_nll_gain_from_initial,lr2e-5_b8_ga2_beta1.0_e10_ies_wga_normnll_gain_ge0.5_warm0_patience1_rebounddelta0.1_rpat2_samplingbaseline_masked,False,False,2e-05,8,2,16,10,1.0,1.0,1.0,NLL,forget_anchor_random_retain,full_retain,fixed_original_valid_tokens,absolute_gain_below_threshold_minus_delta,,0.5,,0.5,0,1,,0.1,2,0.0007748993373290397,0.6118631729597022,0.6688829254567349,0.6568424212606624,0.09790115688295735,0.2286300103366375,0.3350397384079822,-37.4160577930089,0,400,400,0,3033,75.825,10,,,,,/unlearning/experment_data/checkpoints/tofu/forget10/Llama-2-7b-chat-hf/SampleEarlyStopWGAIrreversible/lr2e-5_b8_ga2_beta1.0_e10_ies_wga_normnll_gain_ge0.5_warm0_patience1_rebounddelta0.1_rpat2_samplingbaseline_masked/eval/TOFU_SUMMARY.json,/unlearning/experment_data/checkpoints/tofu/forget10/Llama-2-7b-chat-hf/SampleEarlyStopWGAIrreversible/lr2e-5_b8_ga2_beta1.0_e10_ies_wga_normnll_gain_ge0.5_warm0_patience1_rebounddelta0.1_rpat2_samplingbaseline_masked/ies_wga_nll_gain_history.jsonl,,/unlearning/experment_data/checkpoints/tofu/forget10/Llama-2-7b-chat-hf/SampleEarlyStopWGAIrreversible/lr2e-5_b8_ga2_beta1.0_e10_ies_wga_normnll_gain_ge0.5_warm0_patience1_rebounddelta0.1_rpat2_samplingbaseline_masked
forget10,400,Llama-2-7b-chat-hf,WGA,SampleEarlyStopWGAIrreversible,absolute_nll_gain,per_sample_length_normalized_nll_gain_from_initial,lr2e-5_b8_ga2_beta1.0_e10_ies_wga_normnll_gain_ge0.8_warm0_patience1_rebounddelta0.1_rpat2_samplingbaseline_masked,False,False,2e-05,8,2,16,10,1.0,1.0,1.0,NLL,forget_anchor_random_retain,full_retain,fixed_original_valid_tokens,absolute_gain_below_threshold_minus_delta,,0.8,,0.8,0,1,,0.1,2,0.09352461409425458,0.6149957500304791,0.7127153379993229,0.49387894076295197,0.0670798589409353,0.12451089629471085,0.24574854834867843,-1.937166905821756,4,396,399,3,2921,73.025,10,,,,,/unlearning/experment_data/checkpoints/tofu/forget10/Llama-2-7b-chat-hf/SampleEarlyStopWGAIrreversible/lr2e-5_b8_ga2_beta1.0_e10_ies_wga_normnll_gain_ge0.8_warm0_patience1_rebounddelta0.1_rpat2_samplingbaseline_masked/eval/TOFU_SUMMARY.json,/unlearning/experment_data/checkpoints/tofu/forget10/Llama-2-7b-chat-hf/SampleEarlyStopWGAIrreversible/lr2e-5_b8_ga2_beta1.0_e10_ies_wga_normnll_gain_ge0.8_warm0_patience1_rebounddelta0.1_rpat2_samplingbaseline_masked/ies_wga_nll_gain_history.jsonl,,/unlearning/experment_data/checkpoints/tofu/forget10/Llama-2-7b-chat-hf/SampleEarlyStopWGAIrreversible/lr2e-5_b8_ga2_beta1.0_e10_ies_wga_normnll_gain_ge0.8_warm0_patience1_rebounddelta0.1_rpat2_samplingbaseline_masked
forget10,400,Llama-2-7b-chat-hf,WGA,SampleEarlyStopWGAIrreversible,absolute_nll_gain,per_sample_length_normalized_nll_gain_from_initial,lr2e-5_b8_ga2_beta1.0_e10_ies_wga_normnll_gain_ge1.0_warm0_patience1_rebounddelta0.1_rpat2_samplingbaseline_masked,False,False,2e-05,8,2,16,10,1.0,1.0,1.0,NLL,forget_anchor_random_retain,full_retain,fixed_original_valid_tokens,absolute_gain_below_threshold_minus_delta,,1.0,,1.0,0,1,,0.1,2,4.455792684961036e-06,0.6146491461939848,0.7687644918148129,0.34082290991442277,0.04828603407379733,0.07091304688892705,0.17223283798786285,21.216614183409604,3,397,399,2,2859,71.475,10,10.0,250,1626.0047,27.100078333333332,/unlearning/experment_data/checkpoints/tofu/forget10/Llama-2-7b-chat-hf/SampleEarlyStopWGAIrreversible/lr2e-5_b8_ga2_beta1.0_e10_ies_wga_normnll_gain_ge1.0_warm0_patience1_rebounddelta0.1_rpat2_samplingbaseline_masked/eval/TOFU_SUMMARY.json,/unlearning/experment_data/checkpoints/tofu/forget10/Llama-2-7b-chat-hf/SampleEarlyStopWGAIrreversible/lr2e-5_b8_ga2_beta1.0_e10_ies_wga_normnll_gain_ge1.0_warm0_patience1_rebounddelta0.1_rpat2_samplingbaseline_masked/ies_wga_nll_gain_history.jsonl,/unlearning/experment_data/checkpoints/tofu/forget10/Llama-2-7b-chat-hf/SampleEarlyStopWGAIrreversible/lr2e-5_b8_ga2_beta1.0_e10_ies_wga_normnll_gain_ge1.0_warm0_patience1_rebounddelta0.1_rpat2_samplingbaseline_masked/trainer_state.json,/unlearning/experment_data/checkpoints/tofu/forget10/Llama-2-7b-chat-hf/SampleEarlyStopWGAIrreversible/lr2e-5_b8_ga2_beta1.0_e10_ies_wga_normnll_gain_ge1.0_warm0_patience1_rebounddelta0.1_rpat2_samplingbaseline_masked
forget10,400,Llama-2-7b-chat-hf,WGA,SampleEarlyStopWGAIrreversible,absolute_nll_gain,per_sample_length_normalized_nll_gain_from_initial,lr2e-5_b8_ga2_beta5.0_e10_ies_wga_normnll_gain_ge0.5_warm0_patience1_rebounddelta0.1_rpat2_samplingbaseline_masked,False,False,2e-05,8,2,16,10,5.0,1.0,1.0,NLL,forget_anchor_random_retain,full_retain,fixed_original_valid_tokens,absolute_gain_below_threshold_minus_delta,,0.5,,0.5,0,1,,0.1,2,0.00794521285574355,0.612950156035062,0.7382044323380239,0.4228754082461819,0.0773346566991004,0.2154439151287079,0.23422506900969148,-10.7170880318397,20,380,382,2,2539,63.475,10,,,,,/unlearning/experment_data/checkpoints/tofu/forget10/Llama-2-7b-chat-hf/SampleEarlyStopWGAIrreversible/lr2e-5_b8_ga2_beta5.0_e10_ies_wga_normnll_gain_ge0.5_warm0_patience1_rebounddelta0.1_rpat2_samplingbaseline_masked/eval/TOFU_SUMMARY.json,/unlearning/experment_data/checkpoints/tofu/forget10/Llama-2-7b-chat-hf/SampleEarlyStopWGAIrreversible/lr2e-5_b8_ga2_beta5.0_e10_ies_wga_normnll_gain_ge0.5_warm0_patience1_rebounddelta0.1_rpat2_samplingbaseline_masked/ies_wga_nll_gain_history.jsonl,,/unlearning/experment_data/checkpoints/tofu/forget10/Llama-2-7b-chat-hf/SampleEarlyStopWGAIrreversible/lr2e-5_b8_ga2_beta5.0_e10_ies_wga_normnll_gain_ge0.5_warm0_patience1_rebounddelta0.1_rpat2_samplingbaseline_masked
forget10,400,Llama-2-7b-chat-hf,WGA,SampleEarlyStopWGAIrreversible,absolute_nll_gain,per_sample_length_normalized_nll_gain_from_initial,lr2e-5_b8_ga2_beta5.0_e10_ies_wga_normnll_gain_ge0.8_warm0_patience1_rebounddelta0.1_rpat2_samplingbaseline_masked,False,False,2e-05,8,2,16,10,5.0,1.0,1.0,NLL,forget_anchor_random_retain,full_retain,fixed_original_valid_tokens,absolute_gain_below_threshold_minus_delta,,0.8,,0.8,0,1,,0.1,2,1.4629553806612078e-06,0.6131877843103771,0.800354864640774,0.3108617717004381,0.0564170550627715,0.10091312646865845,0.1586048573516943,10.156624171659836,18,382,384,2,2330,58.25,10,,,,,/unlearning/experment_data/checkpoints/tofu/forget10/Llama-2-7b-chat-hf/SampleEarlyStopWGAIrreversible/lr2e-5_b8_ga2_beta5.0_e10_ies_wga_normnll_gain_ge0.8_warm0_patience1_rebounddelta0.1_rpat2_samplingbaseline_masked/eval/TOFU_SUMMARY.json,/unlearning/experment_data/checkpoints/tofu/forget10/Llama-2-7b-chat-hf/SampleEarlyStopWGAIrreversible/lr2e-5_b8_ga2_beta5.0_e10_ies_wga_normnll_gain_ge0.8_warm0_patience1_rebounddelta0.1_rpat2_samplingbaseline_masked/ies_wga_nll_gain_history.jsonl,,/unlearning/experment_data/checkpoints/tofu/forget10/Llama-2-7b-chat-hf/SampleEarlyStopWGAIrreversible/lr2e-5_b8_ga2_beta5.0_e10_ies_wga_normnll_gain_ge0.8_warm0_patience1_rebounddelta0.1_rpat2_samplingbaseline_masked
forget10,400,Llama-2-7b-chat-hf,WGA,SampleEarlyStopWGAIrreversible,absolute_nll_gain,per_sample_length_normalized_nll_gain_from_initial,lr2e-5_b8_ga2_beta5.0_e10_ies_wga_normnll_gain_ge1.0_warm0_patience1_rebounddelta0.1_rpat2_samplingbaseline_masked,False,False,2e-05,8,2,16,10,5.0,1.0,1.0,NLL,forget_anchor_random_retain,full_retain,fixed_original_valid_tokens,absolute_gain_below_threshold_minus_delta,,1.0,,1.0,0,1,,0.1,2,3.277026375806354e-14,0.6122465521293755,0.8211346808925118,0.20241351826349274,0.04070481974677618,0.04561157584190369,0.10180698150989304,37.935760645175705,12,388,391,3,2347,58.675,10,10.0,250,1658.4704,27.64117333333333,/unlearning/experment_data/checkpoints/tofu/forget10/Llama-2-7b-chat-hf/SampleEarlyStopWGAIrreversible/lr2e-5_b8_ga2_beta5.0_e10_ies_wga_normnll_gain_ge1.0_warm0_patience1_rebounddelta0.1_rpat2_samplingbaseline_masked/eval/TOFU_SUMMARY.json,/unlearning/experment_data/checkpoints/tofu/forget10/Llama-2-7b-chat-hf/SampleEarlyStopWGAIrreversible/lr2e-5_b8_ga2_beta5.0_e10_ies_wga_normnll_gain_ge1.0_warm0_patience1_rebounddelta0.1_rpat2_samplingbaseline_masked/ies_wga_nll_gain_history.jsonl,/unlearning/experment_data/checkpoints/tofu/forget10/Llama-2-7b-chat-hf/SampleEarlyStopWGAIrreversible/lr2e-5_b8_ga2_beta5.0_e10_ies_wga_normnll_gain_ge1.0_warm0_patience1_rebounddelta0.1_rpat2_samplingbaseline_masked/trainer_state.json,/unlearning/experment_data/checkpoints/tofu/forget10/Llama-2-7b-chat-hf/SampleEarlyStopWGAIrreversible/lr2e-5_b8_ga2_beta5.0_e10_ies_wga_normnll_gain_ge1.0_warm0_patience1_rebounddelta0.1_rpat2_samplingbaseline_masked
forget10,400,Llama-2-7b-chat-hf,WGA,SampleEarlyStopWGAIrreversible,absolute_nll_gain,per_sample_length_normalized_nll_gain_from_initial,lr5e-5_b8_ga2_beta1.0_e10_ies_wga_normnll_gain_ge0.5_warm0_patience1_rebounddelta0.1_rpat2_samplingbaseline_masked,False,False,5e-05,8,2,16,10,1.0,1.0,1.0,NLL,forget_anchor_random_retain,full_retain,fixed_original_valid_tokens,absolute_gain_below_threshold_minus_delta,,0.5,,0.5,0,1,,0.1,2,0.0001305755477065129,0.6125011753552659,0.7553388297993284,0.3047946441685781,0.047550141100739095,0.1054454779624939,0.14022137799529838,22.70235292548646,4,396,418,22,3461,86.525,10,,,,,/unlearning/experment_data/checkpoints/tofu/forget10/Llama-2-7b-chat-hf/SampleEarlyStopWGAIrreversible/lr5e-5_b8_ga2_beta1.0_e10_ies_wga_normnll_gain_ge0.5_warm0_patience1_rebounddelta0.1_rpat2_samplingbaseline_masked/eval/TOFU_SUMMARY.json,/unlearning/experment_data/checkpoints/tofu/forget10/Llama-2-7b-chat-hf/SampleEarlyStopWGAIrreversible/lr5e-5_b8_ga2_beta1.0_e10_ies_wga_normnll_gain_ge0.5_warm0_patience1_rebounddelta0.1_rpat2_samplingbaseline_masked/ies_wga_nll_gain_history.jsonl,,/unlearning/experment_data/checkpoints/tofu/forget10/Llama-2-7b-chat-hf/SampleEarlyStopWGAIrreversible/lr5e-5_b8_ga2_beta1.0_e10_ies_wga_normnll_gain_ge0.5_warm0_patience1_rebounddelta0.1_rpat2_samplingbaseline_masked
forget10,400,Llama-2-7b-chat-hf,WGA,SampleEarlyStopWGAIrreversible,absolute_nll_gain,per_sample_length_normalized_nll_gain_from_initial,lr5e-5_b8_ga2_beta1.0_e10_ies_wga_normnll_gain_ge0.8_warm0_patience1_rebounddelta0.1_rpat2_samplingbaseline_masked,False,False,5e-05,8,2,16,10,1.0,1.0,1.0,NLL,forget_anchor_random_retain,full_retain,fixed_original_valid_tokens,absolute_gain_below_threshold_minus_delta,,0.8,,0.8,0,1,,0.1,2,0.24405687970418488,0.5977212382056032,0.7024260782221969,0.31580374638549985,0.037418948066109105,0.04676552653312683,0.10802623769361518,41.20326495002443,2,398,424,26,3372,84.3,10,,,,,/unlearning/experment_data/checkpoints/tofu/forget10/Llama-2-7b-chat-hf/SampleEarlyStopWGAIrreversible/lr5e-5_b8_ga2_beta1.0_e10_ies_wga_normnll_gain_ge0.8_warm0_patience1_rebounddelta0.1_rpat2_samplingbaseline_masked/eval/TOFU_SUMMARY.json,/unlearning/experment_data/checkpoints/tofu/forget10/Llama-2-7b-chat-hf/SampleEarlyStopWGAIrreversible/lr5e-5_b8_ga2_beta1.0_e10_ies_wga_normnll_gain_ge0.8_warm0_patience1_rebounddelta0.1_rpat2_samplingbaseline_masked/ies_wga_nll_gain_history.jsonl,,/unlearning/experment_data/checkpoints/tofu/forget10/Llama-2-7b-chat-hf/SampleEarlyStopWGAIrreversible/lr5e-5_b8_ga2_beta1.0_e10_ies_wga_normnll_gain_ge0.8_warm0_patience1_rebounddelta0.1_rpat2_samplingbaseline_masked
forget10,400,Llama-2-7b-chat-hf,WGA,SampleEarlyStopWGAIrreversible,absolute_nll_gain,per_sample_length_normalized_nll_gain_from_initial,lr5e-5_b8_ga2_beta1.0_e10_ies_wga_normnll_gain_ge1.0_warm0_patience1_rebounddelta0.1_rpat2_samplingbaseline_masked,False,False,5e-05,8,2,16,10,1.0,1.0,1.0,NLL,forget_anchor_random_retain,full_retain,fixed_original_valid_tokens,absolute_gain_below_threshold_minus_delta,,1.0,,1.0,0,1,,0.1,2,1.4921665744660114e-16,0.5973644411914044,0.8019813618814622,0.13496475618099793,0.02953113768300327,0.016392884254455568,0.06109771292453267,55.07831207767771,2,398,428,30,3327,83.175,10,10.0,250,1609.1013,26.818355,/unlearning/experment_data/checkpoints/tofu/forget10/Llama-2-7b-chat-hf/SampleEarlyStopWGAIrreversible/lr5e-5_b8_ga2_beta1.0_e10_ies_wga_normnll_gain_ge1.0_warm0_patience1_rebounddelta0.1_rpat2_samplingbaseline_masked/eval/TOFU_SUMMARY.json,/unlearning/experment_data/checkpoints/tofu/forget10/Llama-2-7b-chat-hf/SampleEarlyStopWGAIrreversible/lr5e-5_b8_ga2_beta1.0_e10_ies_wga_normnll_gain_ge1.0_warm0_patience1_rebounddelta0.1_rpat2_samplingbaseline_masked/ies_wga_nll_gain_history.jsonl,/unlearning/experment_data/checkpoints/tofu/forget10/Llama-2-7b-chat-hf/SampleEarlyStopWGAIrreversible/lr5e-5_b8_ga2_beta1.0_e10_ies_wga_normnll_gain_ge1.0_warm0_patience1_rebounddelta0.1_rpat2_samplingbaseline_masked/trainer_state.json,/unlearning/experment_data/checkpoints/tofu/forget10/Llama-2-7b-chat-hf/SampleEarlyStopWGAIrreversible/lr5e-5_b8_ga2_beta1.0_e10_ies_wga_normnll_gain_ge1.0_warm0_patience1_rebounddelta0.1_rpat2_samplingbaseline_masked
forget10,400,Llama-2-7b-chat-hf,WGA,SampleEarlyStopWGAIrreversible,absolute_nll_gain,per_sample_length_normalized_nll_gain_from_initial,lr5e-5_b8_ga2_beta5.0_e10_ies_wga_normnll_gain_ge0.5_warm0_patience1_rebounddelta0.1_rpat2_samplingbaseline_masked,False,False,5e-05,8,2,16,10,5.0,1.0,1.0,NLL,forget_anchor_random_retain,full_retain,fixed_original_valid_tokens,absolute_gain_below_threshold_minus_delta,,0.5,,0.5,0,1,,0.1,2,0.0013468720321565051,0.6154581661813923,0.7684572256437755,0.37965301928576084,0.06248668336928738,0.1666671657562256,0.21332618757351363,-2.274464247130006,6,394,404,10,3274,81.85,10,,,,,/unlearning/experment_data/checkpoints/tofu/forget10/Llama-2-7b-chat-hf/SampleEarlyStopWGAIrreversible/lr5e-5_b8_ga2_beta5.0_e10_ies_wga_normnll_gain_ge0.5_warm0_patience1_rebounddelta0.1_rpat2_samplingbaseline_masked/eval/TOFU_SUMMARY.json,/unlearning/experment_data/checkpoints/tofu/forget10/Llama-2-7b-chat-hf/SampleEarlyStopWGAIrreversible/lr5e-5_b8_ga2_beta5.0_e10_ies_wga_normnll_gain_ge0.5_warm0_patience1_rebounddelta0.1_rpat2_samplingbaseline_masked/ies_wga_nll_gain_history.jsonl,,/unlearning/experment_data/checkpoints/tofu/forget10/Llama-2-7b-chat-hf/SampleEarlyStopWGAIrreversible/lr5e-5_b8_ga2_beta5.0_e10_ies_wga_normnll_gain_ge0.5_warm0_patience1_rebounddelta0.1_rpat2_samplingbaseline_masked
forget10,400,Llama-2-7b-chat-hf,WGA,SampleEarlyStopWGAIrreversible,absolute_nll_gain,per_sample_length_normalized_nll_gain_from_initial,lr5e-5_b8_ga2_beta5.0_e10_ies_wga_normnll_gain_ge0.8_warm0_patience1_rebounddelta0.1_rpat2_samplingbaseline_masked,False,False,5e-05,8,2,16,10,5.0,1.0,1.0,NLL,forget_anchor_random_retain,full_retain,fixed_original_valid_tokens,absolute_gain_below_threshold_minus_delta,,0.8,,0.8,0,1,,0.1,2,3.1252666340221845e-13,0.608954737589482,0.8212202907226097,0.22971246883738786,0.04215297888934688,0.0980895146727562,0.1363038753720674,20.153261386868316,15,385,411,26,3116,77.9,10,,,,,/unlearning/experment_data/checkpoints/tofu/forget10/Llama-2-7b-chat-hf/SampleEarlyStopWGAIrreversible/lr5e-5_b8_ga2_beta5.0_e10_ies_wga_normnll_gain_ge0.8_warm0_patience1_rebounddelta0.1_rpat2_samplingbaseline_masked/eval/TOFU_SUMMARY.json,/unlearning/experment_data/checkpoints/tofu/forget10/Llama-2-7b-chat-hf/SampleEarlyStopWGAIrreversible/lr5e-5_b8_ga2_beta5.0_e10_ies_wga_normnll_gain_ge0.8_warm0_patience1_rebounddelta0.1_rpat2_samplingbaseline_masked/ies_wga_nll_gain_history.jsonl,,/unlearning/experment_data/checkpoints/tofu/forget10/Llama-2-7b-chat-hf/SampleEarlyStopWGAIrreversible/lr5e-5_b8_ga2_beta5.0_e10_ies_wga_normnll_gain_ge0.8_warm0_patience1_rebounddelta0.1_rpat2_samplingbaseline_masked
forget10,400,Llama-2-7b-chat-hf,WGA,SampleEarlyStopWGAIrreversible,absolute_nll_gain,per_sample_length_normalized_nll_gain_from_initial,lr5e-5_b8_ga2_beta5.0_e10_ies_wga_normnll_gain_ge1.0_warm0_patience1_rebounddelta0.1_rpat2_samplingbaseline_masked,False,False,5e-05,8,2,16,10,5.0,1.0,1.0,NLL,forget_anchor_random_retain,full_retain,fixed_original_valid_tokens,absolute_gain_below_threshold_minus_delta,,1.0,,1.0,0,1,,0.1,2,1.6196210141854015e-10,0.6142203173121525,0.8159922867956243,0.2071177944377996,0.03639742882166736,0.06676107287406921,0.12310421398426136,28.729377472820865,14,386,408,22,3025,75.625,10,10.0,250,1615.1251,26.918751666666665,/unlearning/experment_data/checkpoints/tofu/forget10/Llama-2-7b-chat-hf/SampleEarlyStopWGAIrreversible/lr5e-5_b8_ga2_beta5.0_e10_ies_wga_normnll_gain_ge1.0_warm0_patience1_rebounddelta0.1_rpat2_samplingbaseline_masked/eval/TOFU_SUMMARY.json,/unlearning/experment_data/checkpoints/tofu/forget10/Llama-2-7b-chat-hf/SampleEarlyStopWGAIrreversible/lr5e-5_b8_ga2_beta5.0_e10_ies_wga_normnll_gain_ge1.0_warm0_patience1_rebounddelta0.1_rpat2_samplingbaseline_masked/ies_wga_nll_gain_history.jsonl,/unlearning/experment_data/checkpoints/tofu/forget10/Llama-2-7b-chat-hf/SampleEarlyStopWGAIrreversible/lr5e-5_b8_ga2_beta5.0_e10_ies_wga_normnll_gain_ge1.0_warm0_patience1_rebounddelta0.1_rpat2_samplingbaseline_masked/trainer_state.json,/unlearning/experment_data/checkpoints/tofu/forget10/Llama-2-7b-chat-hf/SampleEarlyStopWGAIrreversible/lr5e-5_b8_ga2_beta5.0_e10_ies_wga_normnll_gain_ge1.0_warm0_patience1_rebounddelta0.1_rpat2_samplingbaseline_masked
forget10,400,Llama-2-7b-chat-hf,WGA,WGA,baseline,none,lr1e-5_b8_ga2_beta1.0_e10_nlltrace,True,False,1e-05,8,2,16,10,1.0,1.0,1.0,NLL,forget_anchor_random_retain,full_retain,baseline_mean,none,,,,,,,,,,9.906736183347326e-11,0.6254461568018383,0.5899121422584664,0.744374161735177,0.12096144060039667,0.3023934173583984,0.40909681064300996,-59.72455747856894,,,,,,,,10.0,250,1651.3125,27.521875,/unlearning/experment_data/checkpoints/tofu/forget10/Llama-2-7b-chat-hf/WGA/lr1e-5_b8_ga2_beta1.0_e10_nlltrace/eval/TOFU_SUMMARY.json,,/unlearning/experment_data/checkpoints/tofu/forget10/Llama-2-7b-chat-hf/WGA/lr1e-5_b8_ga2_beta1.0_e10_nlltrace/trainer_state.json,/unlearning/experment_data/checkpoints/tofu/forget10/Llama-2-7b-chat-hf/WGA/lr1e-5_b8_ga2_beta1.0_e10_nlltrace
forget10,400,Llama-2-7b-chat-hf,WGA,WGA,baseline,none,lr1e-5_b8_ga2_beta5.0_e10_nlltrace,True,False,1e-05,8,2,16,10,5.0,1.0,1.0,NLL,forget_anchor_random_retain,full_retain,baseline_mean,none,,,,,,,,,,3.2024272501633618e-18,0.6216055478732531,0.5661719611410091,0.8579258269071579,0.2022332055108481,0.66244873046875,0.5392206281532395,-97.75406844217476,,,,,,,,10.0,250,1649.5899,27.493164999999998,/unlearning/experment_data/checkpoints/tofu/forget10/Llama-2-7b-chat-hf/WGA/lr1e-5_b8_ga2_beta5.0_e10_nlltrace/eval/TOFU_SUMMARY.json,,/unlearning/experment_data/checkpoints/tofu/forget10/Llama-2-7b-chat-hf/WGA/lr1e-5_b8_ga2_beta5.0_e10_nlltrace/trainer_state.json,/unlearning/experment_data/checkpoints/tofu/forget10/Llama-2-7b-chat-hf/WGA/lr1e-5_b8_ga2_beta5.0_e10_nlltrace
forget10,400,Llama-2-7b-chat-hf,WGA,WGA,baseline,none,lr2e-5_b8_ga2_beta1.0_e10_nlltrace,True,False,2e-05,8,2,16,10,1.0,1.0,1.0,NLL,forget_anchor_random_retain,full_retain,baseline_mean,none,,,,,,,,,,1.0731326177429798e-37,0.6172820253199764,0.8794248487338666,0.024955831291154026,0.026895808835135718,0.004766057878732681,0.026189629251091952,60.78485319950926,,,,,,,,10.0,250,1647.3763,27.456271666666666,/unlearning/experment_data/checkpoints/tofu/forget10/Llama-2-7b-chat-hf/WGA/lr2e-5_b8_ga2_beta1.0_e10_nlltrace/eval/TOFU_SUMMARY.json,,/unlearning/experment_data/checkpoints/tofu/forget10/Llama-2-7b-chat-hf/WGA/lr2e-5_b8_ga2_beta1.0_e10_nlltrace/trainer_state.json,/unlearning/experment_data/checkpoints/tofu/forget10/Llama-2-7b-chat-hf/WGA/lr2e-5_b8_ga2_beta1.0_e10_nlltrace
forget10,400,Llama-2-7b-chat-hf,WGA,WGA,baseline,none,lr2e-5_b8_ga2_beta5.0_e10_nlltrace,True,False,2e-05,8,2,16,10,5.0,1.0,1.0,NLL,forget_anchor_random_retain,full_retain,baseline_mean,none,,,,,,,,,,4.416671697087842e-24,0.6074542644032672,0.8561489747931,0.08832194857299328,0.032942177625461394,0.015528440475463867,0.04465659065316936,56.01785331237926,,,,,,,,10.0,250,1647.8369,27.463948333333335,/unlearning/experment_data/checkpoints/tofu/forget10/Llama-2-7b-chat-hf/WGA/lr2e-5_b8_ga2_beta5.0_e10_nlltrace/eval/TOFU_SUMMARY.json,,/unlearning/experment_data/checkpoints/tofu/forget10/Llama-2-7b-chat-hf/WGA/lr2e-5_b8_ga2_beta5.0_e10_nlltrace/trainer_state.json,/unlearning/experment_data/checkpoints/tofu/forget10/Llama-2-7b-chat-hf/WGA/lr2e-5_b8_ga2_beta5.0_e10_nlltrace
forget10,400,Llama-2-7b-chat-hf,WGA,WGA,baseline,none,lr5e-5_b8_ga2_beta1.0_e10_nlltrace,True,False,5e-05,8,2,16,10,1.0,1.0,1.0,NLL,forget_anchor_random_retain,full_retain,baseline_mean,none,,,,,,,,,,7.975373070421785e-17,0.6064262772201227,0.8054921290126285,0.014887388893403113,0.026895808835135718,0.0011089574685320257,0.01991519164168238,62.64865029090746,,,,,,,,10.0,250,1640.7848,27.34641333333333,/unlearning/experment_data/checkpoints/tofu/forget10/Llama-2-7b-chat-hf/WGA/lr5e-5_b8_ga2_beta1.0_e10_nlltrace/eval/TOFU_SUMMARY.json,,/unlearning/experment_data/checkpoints/tofu/forget10/Llama-2-7b-chat-hf/WGA/lr5e-5_b8_ga2_beta1.0_e10_nlltrace/trainer_state.json,/unlearning/experment_data/checkpoints/tofu/forget10/Llama-2-7b-chat-hf/WGA/lr5e-5_b8_ga2_beta1.0_e10_nlltrace
forget10,400,Llama-2-7b-chat-hf,WGA,SampleEarlyStopWGAMarginalRatio,marginal_ratio,per_sample_normalized_nll_epoch_gain_ratio,lr2e-5_b8_ga2_beta1.0_e10_marginalratio_ma2_stop0.1_rebound0.1_fullretain_fixed_forget_denom,False,False,2e-05,8,2,16,10,1.0,1.0,1.0,NLL,forget_anchor_random_retain,full_retain,fixed_original_valid_tokens,recovery_ma_over_historical_peak,rginalratio,0.1,0.1,,,,0.1,,,1.2200783565230283e-41,0.6165915377477025,0.8807122675556078,0.02785811728797853,0.026895808835135718,0.005568586196750403,0.030777464633757717,59.96657596364664,0,400,400,0,1742,43.55,10,10.0,250,1579.3031,26.321718333333333,/unlearning/experment_data/checkpoints/tofu/forget10/Llama-2-7b-chat-hf/SampleEarlyStopWGAMarginalRatio/lr2e-5_b8_ga2_beta1.0_e10_marginalratio_ma2_stop0.1_rebound0.1_fullretain_fixed_forget_denom/eval/TOFU_SUMMARY.json,/unlearning/experment_data/checkpoints/tofu/forget10/Llama-2-7b-chat-hf/SampleEarlyStopWGAMarginalRatio/lr2e-5_b8_ga2_beta1.0_e10_marginalratio_ma2_stop0.1_rebound0.1_fullretain_fixed_forget_denom/ies_nll_gain_history.jsonl,/unlearning/experment_data/checkpoints/tofu/forget10/Llama-2-7b-chat-hf/SampleEarlyStopWGAMarginalRatio/lr2e-5_b8_ga2_beta1.0_e10_marginalratio_ma2_stop0.1_rebound0.1_fullretain_fixed_forget_denom/trainer_state.json,/unlearning/experment_data/checkpoints/tofu/forget10/Llama-2-7b-chat-hf/SampleEarlyStopWGAMarginalRatio/lr2e-5_b8_ga2_beta1.0_e10_marginalratio_ma2_stop0.1_rebound0.1_fullretain_fixed_forget_denom
forget10,400,Llama-2-7b-chat-hf,WGA,SampleEarlyStopWGAMarginalRatio,marginal_ratio,per_sample_normalized_nll_epoch_gain_ratio,lr2e-5_b8_ga2_beta1.0_e10_marginalratio_ma2_stop0.2_rebound0.1_fullretain_fixed_forget_denom,False,False,2e-05,8,2,16,10,1.0,1.0,1.0,NLL,forget_anchor_random_retain,full_retain,fixed_original_valid_tokens,recovery_ma_over_historical_peak,rginalratio,0.2,0.2,,,,0.1,,,1.9766120410520412e-36,0.6178350325224925,0.8630651530407252,0.03039780359715223,0.026895808835135718,0.005802290700376034,0.031229650719950347,59.800474855993315,0,400,401,1,1775,44.375,10,10.0,250,1577.8212,26.29702,/unlearning/experment_data/checkpoints/tofu/forget10/Llama-2-7b-chat-hf/SampleEarlyStopWGAMarginalRatio/lr2e-5_b8_ga2_beta1.0_e10_marginalratio_ma2_stop0.2_rebound0.1_fullretain_fixed_forget_denom/eval/TOFU_SUMMARY.json,/unlearning/experment_data/checkpoints/tofu/forget10/Llama-2-7b-chat-hf/SampleEarlyStopWGAMarginalRatio/lr2e-5_b8_ga2_beta1.0_e10_marginalratio_ma2_stop0.2_rebound0.1_fullretain_fixed_forget_denom/ies_nll_gain_history.jsonl,/unlearning/experment_data/checkpoints/tofu/forget10/Llama-2-7b-chat-hf/SampleEarlyStopWGAMarginalRatio/lr2e-5_b8_ga2_beta1.0_e10_marginalratio_ma2_stop0.2_rebound0.1_fullretain_fixed_forget_denom/trainer_state.json,/unlearning/experment_data/checkpoints/tofu/forget10/Llama-2-7b-chat-hf/SampleEarlyStopWGAMarginalRatio/lr2e-5_b8_ga2_beta1.0_e10_marginalratio_ma2_stop0.2_rebound0.1_fullretain_fixed_forget_denom
