split,num_forget_samples,model,method,controller_family,monitoring_signal,run_name,is_baseline,is_old_copy,learning_rate,per_device_train_batch_size,gradient_accumulation_steps,effective_batch_size_single_gpu,epochs_configured,beta,alpha,gamma,retain_loss_type,sampling_policy,retain_policy_after_stop,forget_loss_denominator,rebound_semantics,moving_average_window,criterion_threshold,stop_ratio_threshold,absolute_nll_gain_threshold,second_difference_tau,second_difference_window,warm_up_epochs,stop_patience,rebound_ratio_threshold,rebound_delta,reactivation_patience,stability_checks,forced_control,forget_quality,model_utility,forget_truth_ratio,exact_memorization,extraction_strength,forget_Q_A_Prob,forget_Q_A_ROUGE,privleak,final_active_samples,final_stopped_samples,stop_events,reactivation_events,saved_forget_instances,saved_forget_instances_pct_of_10epoch_budget,trajectory_final_epoch,trainer_completed_epoch,global_step,train_runtime_seconds,train_runtime_minutes,summary_json,trajectory_file,trainer_state_json,run_directory
forget01,40,Llama-2-7b-chat-hf,NPO,baseline,none,lr1e-5_b4_ga2_e10,True,False,1e-5,4,2,8,10,0.1,1,1,NLL,forget_anchor_random_retain,full_retain,baseline_mean,none,,,,,,,,,,,,,,0.006760732304,0.6134392509,0.5671999638,0.8124502599,0.1095535454,0.1456054687,0.393833144,-36.39798488,,,,,,,,10,50,323.0322,5.38387,/unlearning/experment_data/checkpoints/tofu/forget01/Llama-2-7b-chat-hf/NPO/lr1e-5_b4_ga2_e10/eval/TOFU_SUMMARY.json,,/unlearning/experment_data/checkpoints/tofu/forget01/Llama-2-7b-chat-hf/NPO/lr1e-5_b4_ga2_e10/trainer_state.json,/unlearning/experment_data/checkpoints/tofu/forget01/Llama-2-7b-chat-hf/NPO/lr1e-5_b4_ga2_e10
forget01,40,Llama-2-7b-chat-hf,NPO,baseline,none,lr2e-5_b4_ga2_e10,True,False,2e-5,4,2,8,10,0.1,1,1,NLL,forget_anchor_random_retain,full_retain,baseline_mean,none,,,,,,,,,,,,,,0.5786001417,0.6171076594,0.6731055942,0.7472526342,0.078479688,0.0732421875,0.3163000007,59.44584382,,,,,,,,10,50,324.1782,5.40297,/unlearning/experment_data/checkpoints/tofu/forget01/Llama-2-7b-chat-hf/NPO/lr2e-5_b4_ga2_e10/eval/TOFU_SUMMARY.json,,/unlearning/experment_data/checkpoints/tofu/forget01/Llama-2-7b-chat-hf/NPO/lr2e-5_b4_ga2_e10/trainer_state.json,/unlearning/experment_data/checkpoints/tofu/forget01/Llama-2-7b-chat-hf/NPO/lr2e-5_b4_ga2_e10
forget01,40,Llama-2-7b-chat-hf,NPO,baseline,none,lr2e-5_b4_ga2_e10_old,True,True,2e-5,4,2,8,10,0.1,1,1,NLL,forget_anchor_random_retain,full_retain,baseline_mean,none,,,,,,,,,,,,,,0.5786001417,0.6171076594,0.6731055942,0.7472526342,0.078479688,0.0732421875,0.3163000007,59.44584382,,,,,,,,10,50,321.2045,5.353408333,/unlearning/experment_data/checkpoints/tofu/forget01/Llama-2-7b-chat-hf/NPO/lr2e-5_b4_ga2_e10_old/eval/TOFU_SUMMARY.json,,/unlearning/experment_data/checkpoints/tofu/forget01/Llama-2-7b-chat-hf/NPO/lr2e-5_b4_ga2_e10_old/trainer_state.json,/unlearning/experment_data/checkpoints/tofu/forget01/Llama-2-7b-chat-hf/NPO/lr2e-5_b4_ga2_e10_old
forget01,40,Llama-2-7b-chat-hf,NPO,baseline,none,lr5e-5_b4_ga2_e10,True,False,5e-5,4,2,8,10,0.1,1,1,NLL,forget_anchor_random_retain,full_retain,baseline_mean,none,,,,,,,,,,,,,,0.1649726995,0.5582630474,0.6821872213,0.5678991362,0.05270647377,0.02317888737,0.2159934144,99.8740554,,,,,,,,10,50,324.2973,5.404955,/unlearning/experment_data/checkpoints/tofu/forget01/Llama-2-7b-chat-hf/NPO/lr5e-5_b4_ga2_e10/eval/TOFU_SUMMARY.json,,/unlearning/experment_data/checkpoints/tofu/forget01/Llama-2-7b-chat-hf/NPO/lr5e-5_b4_ga2_e10/trainer_state.json,/unlearning/experment_data/checkpoints/tofu/forget01/Llama-2-7b-chat-hf/NPO/lr5e-5_b4_ga2_e10
forget01,40,Llama-2-7b-chat-hf,SampleEarlyStopNPOLossIrreversible,absolute_normalized_nll_gain,normalized_nll_minus_initial,lr2e-5_b4_ga2_e10_ies_normnll_gain_ge1.8_warm2_patience1,False,False,2e-5,4,2,8,10,0.1,1,1,NLL,forget_anchor_random_retain,full_retain,fixed_original_batch,none_irreversible,,1.8,,1.8,,,2,1,,,,,,0.5786001417,0.627719645,0.6508605884,0.584174712,0.04714164136,0.0316875726,0.1808275225,87.53148613,1,39,39,0,272,68,10,,,,,/unlearning/experment_data/checkpoints/tofu/forget01/Llama-2-7b-chat-hf/SampleEarlyStopNPOLossIrreversible/lr2e-5_b4_ga2_e10_ies_normnll_gain_ge1.8_warm2_patience1/eval/TOFU_SUMMARY.json,/unlearning/experment_data/checkpoints/tofu/forget01/Llama-2-7b-chat-hf/SampleEarlyStopNPOLossIrreversible/lr2e-5_b4_ga2_e10_ies_normnll_gain_ge1.8_warm2_patience1/ies_nll_gain_history.jsonl,,/unlearning/experment_data/checkpoints/tofu/forget01/Llama-2-7b-chat-hf/SampleEarlyStopNPOLossIrreversible/lr2e-5_b4_ga2_e10_ies_normnll_gain_ge1.8_warm2_patience1
forget01,40,Llama-2-7b-chat-hf,SampleEarlyStopNPOLossIrreversible,absolute_normalized_nll_gain,normalized_nll_minus_initial,lr2e-5_b4_ga2_e10_ies_normnll_gain_ge1.8_warm2_patience1_forced_sample0_epoch3,False,False,2e-5,4,2,8,10,0.1,1,1,NLL,forget_anchor_random_retain,full_retain,fixed_original_batch,none_irreversible,,1.8,,1.8,,,2,1,,,,,sample0_stop_epoch3,0.5786001417,0.6273709875,0.634725812,0.5649475649,0.05611696578,0.0326736711,0.1680052852,86.27204028,0,40,40,0,279,69.75,10,10,50,304.4658,5.07443,/unlearning/experment_data/checkpoints/tofu/forget01/Llama-2-7b-chat-hf/SampleEarlyStopNPOLossIrreversible/lr2e-5_b4_ga2_e10_ies_normnll_gain_ge1.8_warm2_patience1_forced_sample0_epoch3/eval/TOFU_SUMMARY.json,/unlearning/experment_data/checkpoints/tofu/forget01/Llama-2-7b-chat-hf/SampleEarlyStopNPOLossIrreversible/lr2e-5_b4_ga2_e10_ies_normnll_gain_ge1.8_warm2_patience1_forced_sample0_epoch3/ies_nll_gain_history.jsonl,/unlearning/experment_data/checkpoints/tofu/forget01/Llama-2-7b-chat-hf/SampleEarlyStopNPOLossIrreversible/lr2e-5_b4_ga2_e10_ies_normnll_gain_ge1.8_warm2_patience1_forced_sample0_epoch3/trainer_state.json,/unlearning/experment_data/checkpoints/tofu/forget01/Llama-2-7b-chat-hf/SampleEarlyStopNPOLossIrreversible/lr2e-5_b4_ga2_e10_ies_normnll_gain_ge1.8_warm2_patience1_forced_sample0_epoch3
forget01,40,Llama-2-7b-chat-hf,SampleEarlyStopNPOLossIrreversible,absolute_normalized_nll_gain,normalized_nll_minus_initial,lr2e-5_b4_ga2_e10_ies_normnll_gain_ge2.0_warm2_patience1,False,False,2e-5,4,2,8,10,0.1,1,1,NLL,forget_anchor_random_retain,full_retain,fixed_original_batch,none_irreversible,,2.0,,2,,,2,1,,,,,,0.5786001417,0.627719645,0.6508605884,0.584174712,0.04714164136,0.0316875726,0.1808275225,87.53148613,1,39,39,0,272,68,10,10,50,299.2749,4.987915,/unlearning/experment_data/checkpoints/tofu/forget01/Llama-2-7b-chat-hf/SampleEarlyStopNPOLossIrreversible/lr2e-5_b4_ga2_e10_ies_normnll_gain_ge2.0_warm2_patience1/eval/TOFU_SUMMARY.json,/unlearning/experment_data/checkpoints/tofu/forget01/Llama-2-7b-chat-hf/SampleEarlyStopNPOLossIrreversible/lr2e-5_b4_ga2_e10_ies_normnll_gain_ge2.0_warm2_patience1/ies_nll_gain_history.jsonl,/unlearning/experment_data/checkpoints/tofu/forget01/Llama-2-7b-chat-hf/SampleEarlyStopNPOLossIrreversible/lr2e-5_b4_ga2_e10_ies_normnll_gain_ge2.0_warm2_patience1/trainer_state.json,/unlearning/experment_data/checkpoints/tofu/forget01/Llama-2-7b-chat-hf/SampleEarlyStopNPOLossIrreversible/lr2e-5_b4_ga2_e10_ies_normnll_gain_ge2.0_warm2_patience1
forget01,40,Llama-2-7b-chat-hf,SampleEarlyStopNPOLossIrreversible,absolute_normalized_nll_gain,normalized_nll_minus_initial,lr2e-5_b4_ga2_e10_ies_normnll_gain_ge2.0_warm2_patience1_forced_sample0_epoch3,False,False,2e-5,4,2,8,10,0.1,1,1,NLL,forget_anchor_random_retain,full_retain,fixed_original_batch,none_irreversible,,2.0,,2,,,2,1,,,,,sample0_stop_epoch3,0.5786001417,0.6273709875,0.634725812,0.5649475649,0.05611696578,0.0326736711,0.1680052852,86.27204028,0,40,40,0,279,69.75,10,10,50,303.6471,5.060785,/unlearning/experment_data/checkpoints/tofu/forget01/Llama-2-7b-chat-hf/SampleEarlyStopNPOLossIrreversible/lr2e-5_b4_ga2_e10_ies_normnll_gain_ge2.0_warm2_patience1_forced_sample0_epoch3/eval/TOFU_SUMMARY.json,/unlearning/experment_data/checkpoints/tofu/forget01/Llama-2-7b-chat-hf/SampleEarlyStopNPOLossIrreversible/lr2e-5_b4_ga2_e10_ies_normnll_gain_ge2.0_warm2_patience1_forced_sample0_epoch3/ies_nll_gain_history.jsonl,/unlearning/experment_data/checkpoints/tofu/forget01/Llama-2-7b-chat-hf/SampleEarlyStopNPOLossIrreversible/lr2e-5_b4_ga2_e10_ies_normnll_gain_ge2.0_warm2_patience1_forced_sample0_epoch3/trainer_state.json,/unlearning/experment_data/checkpoints/tofu/forget01/Llama-2-7b-chat-hf/SampleEarlyStopNPOLossIrreversible/lr2e-5_b4_ga2_e10_ies_normnll_gain_ge2.0_warm2_patience1_forced_sample0_epoch3
forget01,40,Llama-2-7b-chat-hf,SampleEarlyStopNPOLossIrreversible,normalized_nll_second_difference,normalized_nll_second_difference,lr2e-5_b4_ga2_e10_ies_normnll_irreversible_d2absmean3_tau0.1,False,False,2e-5,4,2,8,10,0.1,1,1,NLL,forget_anchor_random_retain,full_retain,fixed_original_batch,none_irreversible,,0.1,,,0.1,3,,,,,,,,0.2656871403,0.6165356857,0.6756774728,0.7434891775,0.07795885466,0.07215423584,0.3395972691,60.20151132,1,39,39,0,70,17.5,10,10,42,264.7827,4.413045,/unlearning/experment_data/checkpoints/tofu/forget01/Llama-2-7b-chat-hf/SampleEarlyStopNPOLossIrreversible/lr2e-5_b4_ga2_e10_ies_normnll_irreversible_d2absmean3_tau0.1/eval/TOFU_SUMMARY.json,/unlearning/experment_data/checkpoints/tofu/forget01/Llama-2-7b-chat-hf/SampleEarlyStopNPOLossIrreversible/lr2e-5_b4_ga2_e10_ies_normnll_irreversible_d2absmean3_tau0.1/ies_normalized_nll_irreversible_history.jsonl,/unlearning/experment_data/checkpoints/tofu/forget01/Llama-2-7b-chat-hf/SampleEarlyStopNPOLossIrreversible/lr2e-5_b4_ga2_e10_ies_normnll_irreversible_d2absmean3_tau0.1/trainer_state.json,/unlearning/experment_data/checkpoints/tofu/forget01/Llama-2-7b-chat-hf/SampleEarlyStopNPOLossIrreversible/lr2e-5_b4_ga2_e10_ies_normnll_irreversible_d2absmean3_tau0.1
forget01,40,Llama-2-7b-chat-hf,SampleEarlyStopNPOLossIrreversible,normalized_nll_second_difference,normalized_nll_second_difference,lr2e-5_b4_ga2_e10_ies_normnll_irreversible_d2absmean3_tau0.12,False,False,2e-5,4,2,8,10,0.1,1,1,NLL,forget_anchor_random_retain,full_retain,fixed_original_batch,none_irreversible,,0.12,,,0.12,3,,,,,,,,0.2656871403,0.6163905282,0.674321319,0.7440357983,0.07795885466,0.07219390869,0.3213954424,60.07556674,1,39,39,0,79,19.75,10,10,41,258.1097,4.301828333,/unlearning/experment_data/checkpoints/tofu/forget01/Llama-2-7b-chat-hf/SampleEarlyStopNPOLossIrreversible/lr2e-5_b4_ga2_e10_ies_normnll_irreversible_d2absmean3_tau0.12/eval/TOFU_SUMMARY.json,/unlearning/experment_data/checkpoints/tofu/forget01/Llama-2-7b-chat-hf/SampleEarlyStopNPOLossIrreversible/lr2e-5_b4_ga2_e10_ies_normnll_irreversible_d2absmean3_tau0.12/ies_normalized_nll_irreversible_history.jsonl,/unlearning/experment_data/checkpoints/tofu/forget01/Llama-2-7b-chat-hf/SampleEarlyStopNPOLossIrreversible/lr2e-5_b4_ga2_e10_ies_normnll_irreversible_d2absmean3_tau0.12/trainer_state.json,/unlearning/experment_data/checkpoints/tofu/forget01/Llama-2-7b-chat-hf/SampleEarlyStopNPOLossIrreversible/lr2e-5_b4_ga2_e10_ies_normnll_irreversible_d2absmean3_tau0.12
forget01,40,Llama-2-7b-chat-hf,SampleEarlyStopNPOLossIrreversible,normalized_nll_second_difference,normalized_nll_second_difference,lr2e-5_b4_ga2_e10_ies_normnll_irreversible_d2absmean3_tau0.15,False,False,2e-5,4,2,8,10,0.1,1,1,NLL,forget_anchor_random_retain,full_retain,fixed_original_batch,none_irreversible,,0.15,,,0.15,3,,,,,,,,0.2656871403,0.6154087235,0.6756650215,0.7445770353,0.07795885466,0.071875,0.3256526502,59.82367757,0,40,40,0,88,22,10,10,40,257.7222,4.29537,/unlearning/experment_data/checkpoints/tofu/forget01/Llama-2-7b-chat-hf/SampleEarlyStopNPOLossIrreversible/lr2e-5_b4_ga2_e10_ies_normnll_irreversible_d2absmean3_tau0.15/eval/TOFU_SUMMARY.json,/unlearning/experment_data/checkpoints/tofu/forget01/Llama-2-7b-chat-hf/SampleEarlyStopNPOLossIrreversible/lr2e-5_b4_ga2_e10_ies_normnll_irreversible_d2absmean3_tau0.15/ies_normalized_nll_irreversible_history.jsonl,/unlearning/experment_data/checkpoints/tofu/forget01/Llama-2-7b-chat-hf/SampleEarlyStopNPOLossIrreversible/lr2e-5_b4_ga2_e10_ies_normnll_irreversible_d2absmean3_tau0.15/trainer_state.json,/unlearning/experment_data/checkpoints/tofu/forget01/Llama-2-7b-chat-hf/SampleEarlyStopNPOLossIrreversible/lr2e-5_b4_ga2_e10_ies_normnll_irreversible_d2absmean3_tau0.15
forget01,40,Llama-2-7b-chat-hf,SampleEarlyStopNPOLossIrreversible,normalized_nll_second_difference,normalized_nll_second_difference,lr2e-5_b4_ga2_e10_ies_normnll_irreversible_d2absmean3_tau0.18,False,False,2e-5,4,2,8,10,0.1,1,1,NLL,forget_anchor_random_retain,full_retain,fixed_original_batch,none_irreversible,,0.18,,,0.18,3,,,,,,,,0.2656871403,0.615629525,0.6744094971,0.7443196893,0.07648826643,0.07193603516,0.3261287484,59.82367757,0,40,40,0,94,23.5,10,10,40,252.8389,4.213981667,/unlearning/experment_data/checkpoints/tofu/forget01/Llama-2-7b-chat-hf/SampleEarlyStopNPOLossIrreversible/lr2e-5_b4_ga2_e10_ies_normnll_irreversible_d2absmean3_tau0.18/eval/TOFU_SUMMARY.json,/unlearning/experment_data/checkpoints/tofu/forget01/Llama-2-7b-chat-hf/SampleEarlyStopNPOLossIrreversible/lr2e-5_b4_ga2_e10_ies_normnll_irreversible_d2absmean3_tau0.18/ies_normalized_nll_irreversible_history.jsonl,/unlearning/experment_data/checkpoints/tofu/forget01/Llama-2-7b-chat-hf/SampleEarlyStopNPOLossIrreversible/lr2e-5_b4_ga2_e10_ies_normnll_irreversible_d2absmean3_tau0.18/trainer_state.json,/unlearning/experment_data/checkpoints/tofu/forget01/Llama-2-7b-chat-hf/SampleEarlyStopNPOLossIrreversible/lr2e-5_b4_ga2_e10_ies_normnll_irreversible_d2absmean3_tau0.18
forget01,40,Llama-2-7b-chat-hf,SampleEarlyStopNPOLossIrreversible,npo_loss_second_difference,per_sample_npo_loss_second_difference,lr2e-5_b4_ga2_e10_ies_npoloss_irreversible_tau1e-4_stable2,False,False,2e-5,4,2,8,10,0.1,1,1,NLL,forget_anchor_random_retain,full_retain,fixed_original_batch,none_irreversible,,1e-4,,,1e-4,,,,,,,2,,0.2656871403,0.6138426359,0.6775855678,0.7404901564,0.06980668075,0.0686050415,0.3120967418,61.08312341,10,30,30,0,108,27,10,10,39,245.9097,4.098495,/unlearning/experment_data/checkpoints/tofu/forget01/Llama-2-7b-chat-hf/SampleEarlyStopNPOLossIrreversible/lr2e-5_b4_ga2_e10_ies_npoloss_irreversible_tau1e-4_stable2/eval/TOFU_SUMMARY.json,/unlearning/experment_data/checkpoints/tofu/forget01/Llama-2-7b-chat-hf/SampleEarlyStopNPOLossIrreversible/lr2e-5_b4_ga2_e10_ies_npoloss_irreversible_tau1e-4_stable2/ies_npo_loss_irreversible_history.jsonl,/unlearning/experment_data/checkpoints/tofu/forget01/Llama-2-7b-chat-hf/SampleEarlyStopNPOLossIrreversible/lr2e-5_b4_ga2_e10_ies_npoloss_irreversible_tau1e-4_stable2/trainer_state.json,/unlearning/experment_data/checkpoints/tofu/forget01/Llama-2-7b-chat-hf/SampleEarlyStopNPOLossIrreversible/lr2e-5_b4_ga2_e10_ies_npoloss_irreversible_tau1e-4_stable2
forget01,40,Llama-2-7b-chat-hf,SampleEarlyStopNPOLossIrreversible,npo_loss_second_difference,per_sample_npo_loss_second_difference,lr2e-5_b4_ga2_e10_ies_npoloss_irreversible_tau1e-5_stable2,False,False,2e-5,4,2,8,10,0.1,1,1,NLL,forget_anchor_random_retain,full_retain,fixed_original_batch,none_irreversible,,1e-5,,,1e-5,,,,,,,2,,0.2656871403,0.6161112469,0.6746373667,0.742521809,0.06980668075,0.07075653076,0.3287197662,61.46095717,17,23,23,0,72,18,10,10,43,274.6024,4.576706667,/unlearning/experment_data/checkpoints/tofu/forget01/Llama-2-7b-chat-hf/SampleEarlyStopNPOLossIrreversible/lr2e-5_b4_ga2_e10_ies_npoloss_irreversible_tau1e-5_stable2/eval/TOFU_SUMMARY.json,/unlearning/experment_data/checkpoints/tofu/forget01/Llama-2-7b-chat-hf/SampleEarlyStopNPOLossIrreversible/lr2e-5_b4_ga2_e10_ies_npoloss_irreversible_tau1e-5_stable2/ies_npo_loss_irreversible_history.jsonl,/unlearning/experment_data/checkpoints/tofu/forget01/Llama-2-7b-chat-hf/SampleEarlyStopNPOLossIrreversible/lr2e-5_b4_ga2_e10_ies_npoloss_irreversible_tau1e-5_stable2/trainer_state.json,/unlearning/experment_data/checkpoints/tofu/forget01/Llama-2-7b-chat-hf/SampleEarlyStopNPOLossIrreversible/lr2e-5_b4_ga2_e10_ies_npoloss_irreversible_tau1e-5_stable2
forget01,40,Llama-2-7b-chat-hf,SampleEarlyStopNPOLossIrreversible,npo_loss_second_difference,per_sample_npo_loss_second_difference,lr2e-5_b4_ga2_e10_ies_npoloss_irreversible_tau3e-5_stable2,False,False,2e-5,4,2,8,10,0.1,1,1,NLL,forget_anchor_random_retain,full_retain,fixed_original_batch,none_irreversible,,3e-5,,,3e-5,,,,,,,2,,0.2656871403,0.6156270757,0.6773655758,0.7413567111,0.06980668075,0.068409729,0.3153362305,60.83123424,11,29,29,0,92,23,10,10,40,257.0158,4.283596667,/unlearning/experment_data/checkpoints/tofu/forget01/Llama-2-7b-chat-hf/SampleEarlyStopNPOLossIrreversible/lr2e-5_b4_ga2_e10_ies_npoloss_irreversible_tau3e-5_stable2/eval/TOFU_SUMMARY.json,/unlearning/experment_data/checkpoints/tofu/forget01/Llama-2-7b-chat-hf/SampleEarlyStopNPOLossIrreversible/lr2e-5_b4_ga2_e10_ies_npoloss_irreversible_tau3e-5_stable2/ies_npo_loss_irreversible_history.jsonl,/unlearning/experment_data/checkpoints/tofu/forget01/Llama-2-7b-chat-hf/SampleEarlyStopNPOLossIrreversible/lr2e-5_b4_ga2_e10_ies_npoloss_irreversible_tau3e-5_stable2/trainer_state.json,/unlearning/experment_data/checkpoints/tofu/forget01/Llama-2-7b-chat-hf/SampleEarlyStopNPOLossIrreversible/lr2e-5_b4_ga2_e10_ies_npoloss_irreversible_tau3e-5_stable2
forget01,40,Llama-2-7b-chat-hf,SampleEarlyStopNPOLossIrreversible,npo_loss_second_difference,per_sample_npo_loss_second_difference,lr2e-5_b4_ga2_e10_ies_npoloss_irreversible_tau5e-5_stable2,False,False,2e-5,4,2,8,10,0.1,1,1,NLL,forget_anchor_random_retain,full_retain,fixed_original_batch,none_irreversible,,5e-5,,,5e-5,,,,,,,2,,0.4045874057,0.6160229067,0.6763462875,0.7430660397,0.06980668075,0.06816253662,0.3197521181,61.08312341,10,30,30,0,99,24.75,10,10,39,245.2725,4.087875,/unlearning/experment_data/checkpoints/tofu/forget01/Llama-2-7b-chat-hf/SampleEarlyStopNPOLossIrreversible/lr2e-5_b4_ga2_e10_ies_npoloss_irreversible_tau5e-5_stable2/eval/TOFU_SUMMARY.json,/unlearning/experment_data/checkpoints/tofu/forget01/Llama-2-7b-chat-hf/SampleEarlyStopNPOLossIrreversible/lr2e-5_b4_ga2_e10_ies_npoloss_irreversible_tau5e-5_stable2/ies_npo_loss_irreversible_history.jsonl,/unlearning/experment_data/checkpoints/tofu/forget01/Llama-2-7b-chat-hf/SampleEarlyStopNPOLossIrreversible/lr2e-5_b4_ga2_e10_ies_npoloss_irreversible_tau5e-5_stable2/trainer_state.json,/unlearning/experment_data/checkpoints/tofu/forget01/Llama-2-7b-chat-hf/SampleEarlyStopNPOLossIrreversible/lr2e-5_b4_ga2_e10_ies_npoloss_irreversible_tau5e-5_stable2
forget01,40,Llama-2-7b-chat-hf,SampleEarlyStopNPOLossIrreversible,npo_loss_second_difference,per_sample_npo_loss_second_difference,lr2e-5_b4_ga2_e10_ies_npoloss_irreversible_tau7e-5_stable2,False,False,2e-5,4,2,8,10,0.1,1,1,NLL,forget_anchor_random_retain,full_retain,fixed_original_batch,none_irreversible,,7e-5,,,7e-5,,,,,,,2,,0.2656871403,0.6152993827,0.6766935289,0.7418085903,0.06980668075,0.06828460693,0.3104731413,61.58690175,11,29,29,0,104,26,10,10,39,245.6145,4.093575,/unlearning/experment_data/checkpoints/tofu/forget01/Llama-2-7b-chat-hf/SampleEarlyStopNPOLossIrreversible/lr2e-5_b4_ga2_e10_ies_npoloss_irreversible_tau7e-5_stable2/eval/TOFU_SUMMARY.json,/unlearning/experment_data/checkpoints/tofu/forget01/Llama-2-7b-chat-hf/SampleEarlyStopNPOLossIrreversible/lr2e-5_b4_ga2_e10_ies_npoloss_irreversible_tau7e-5_stable2/ies_npo_loss_irreversible_history.jsonl,/unlearning/experment_data/checkpoints/tofu/forget01/Llama-2-7b-chat-hf/SampleEarlyStopNPOLossIrreversible/lr2e-5_b4_ga2_e10_ies_npoloss_irreversible_tau7e-5_stable2/trainer_state.json,/unlearning/experment_data/checkpoints/tofu/forget01/Llama-2-7b-chat-hf/SampleEarlyStopNPOLossIrreversible/lr2e-5_b4_ga2_e10_ies_npoloss_irreversible_tau7e-5_stable2
forget01,40,Llama-2-7b-chat-hf,SampleEarlyStopNPOMarginalRatio,marginal_nll_gain_ratio,normalized_nll_epoch_gain_ma,lr1e-5_b4_ga2_e10_marginalratio_ma3_stop0.05_rebound0.2_samplingbaseline_masked,False,False,1e-5,4,2,8,10,0.1,1,1,NLL,forget_anchor_random_retain,full_retain,fixed_original_batch,cumulative_progress_loss_ratio,3,0.05,0.05,,,,,,0.2,,,,,0.02860307028,0.6121200487,0.5711144,0.8140984148,0.131724148,0.144229126,0.3970348076,-33.62720402,2,38,38,0,47,11.75,10,10,50,352.6234,5.877056667,/unlearning/experment_data/checkpoints/tofu/forget01/Llama-2-7b-chat-hf/SampleEarlyStopNPOMarginalRatio/lr1e-5_b4_ga2_e10_marginalratio_ma3_stop0.05_rebound0.2_samplingbaseline_masked/eval/TOFU_SUMMARY.json,/unlearning/experment_data/checkpoints/tofu/forget01/Llama-2-7b-chat-hf/SampleEarlyStopNPOMarginalRatio/lr1e-5_b4_ga2_e10_marginalratio_ma3_stop0.05_rebound0.2_samplingbaseline_masked/ies_nll_gain_history.jsonl,/unlearning/experment_data/checkpoints/tofu/forget01/Llama-2-7b-chat-hf/SampleEarlyStopNPOMarginalRatio/lr1e-5_b4_ga2_e10_marginalratio_ma3_stop0.05_rebound0.2_samplingbaseline_masked/trainer_state.json,/unlearning/experment_data/checkpoints/tofu/forget01/Llama-2-7b-chat-hf/SampleEarlyStopNPOMarginalRatio/lr1e-5_b4_ga2_e10_marginalratio_ma3_stop0.05_rebound0.2_samplingbaseline_masked
forget01,40,Llama-2-7b-chat-hf,SampleEarlyStopNPOMarginalRatio,marginal_nll_gain_ratio,normalized_nll_epoch_gain_ma,lr1e-5_b4_ga2_e10_marginalratio_ma3_stop0.1_rebound0.2_samplingbaseline_masked,False,False,1e-5,4,2,8,10,0.1,1,1,NLL,forget_anchor_random_retain,full_retain,fixed_original_batch,cumulative_progress_loss_ratio,3,0.1,0.1,,,,,,0.2,,,,,0.01430154805,0.6120737163,0.5694090422,0.8117197737,0.116644783,0.1442382812,0.3926442454,-34.13098236,1,39,39,0,66,16.5,10,10,50,322.7672,5.379453333,/unlearning/experment_data/checkpoints/tofu/forget01/Llama-2-7b-chat-hf/SampleEarlyStopNPOMarginalRatio/lr1e-5_b4_ga2_e10_marginalratio_ma3_stop0.1_rebound0.2_samplingbaseline_masked/eval/TOFU_SUMMARY.json,/unlearning/experment_data/checkpoints/tofu/forget01/Llama-2-7b-chat-hf/SampleEarlyStopNPOMarginalRatio/lr1e-5_b4_ga2_e10_marginalratio_ma3_stop0.1_rebound0.2_samplingbaseline_masked/ies_nll_gain_history.jsonl,/unlearning/experment_data/checkpoints/tofu/forget01/Llama-2-7b-chat-hf/SampleEarlyStopNPOMarginalRatio/lr1e-5_b4_ga2_e10_marginalratio_ma3_stop0.1_rebound0.2_samplingbaseline_masked/trainer_state.json,/unlearning/experment_data/checkpoints/tofu/forget01/Llama-2-7b-chat-hf/SampleEarlyStopNPOMarginalRatio/lr1e-5_b4_ga2_e10_marginalratio_ma3_stop0.1_rebound0.2_samplingbaseline_masked
forget01,40,Llama-2-7b-chat-hf,SampleEarlyStopNPOMarginalRatio,marginal_nll_gain_ratio,normalized_nll_epoch_gain_ma,lr1e-5_b4_ga2_e10_marginalratio_ma3_stop0.2_rebound0.2_samplingbaseline_masked,False,False,1e-5,4,2,8,10,0.1,1,1,NLL,forget_anchor_random_retain,full_retain,fixed_original_batch,cumulative_progress_loss_ratio,3,0.2,0.2,,,,,,0.2,,,,,0.01430154805,0.6118141023,0.5699181049,0.8147534385,0.1178352591,0.1446624756,0.3838235929,-33.75314861,0,40,40,0,86,21.5,10,10,50,317.8797,5.297995,/unlearning/experment_data/checkpoints/tofu/forget01/Llama-2-7b-chat-hf/SampleEarlyStopNPOMarginalRatio/lr1e-5_b4_ga2_e10_marginalratio_ma3_stop0.2_rebound0.2_samplingbaseline_masked/eval/TOFU_SUMMARY.json,/unlearning/experment_data/checkpoints/tofu/forget01/Llama-2-7b-chat-hf/SampleEarlyStopNPOMarginalRatio/lr1e-5_b4_ga2_e10_marginalratio_ma3_stop0.2_rebound0.2_samplingbaseline_masked/ies_nll_gain_history.jsonl,/unlearning/experment_data/checkpoints/tofu/forget01/Llama-2-7b-chat-hf/SampleEarlyStopNPOMarginalRatio/lr1e-5_b4_ga2_e10_marginalratio_ma3_stop0.2_rebound0.2_samplingbaseline_masked/trainer_state.json,/unlearning/experment_data/checkpoints/tofu/forget01/Llama-2-7b-chat-hf/SampleEarlyStopNPOMarginalRatio/lr1e-5_b4_ga2_e10_marginalratio_ma3_stop0.2_rebound0.2_samplingbaseline_masked
forget01,40,Llama-2-7b-chat-hf,SampleEarlyStopNPOMarginalRatio,marginal_nll_gain_ratio,normalized_nll_epoch_gain_ma,lr2e-5_b4_ga2_e10_marginalratio_ma3_stop0.05_rebound0.2_samplingbaseline_masked,False,False,2e-5,4,2,8,10,0.1,1,1,NLL,forget_anchor_random_retain,full_retain,fixed_original_batch,cumulative_progress_loss_ratio,3,0.05,0.05,,,,,,0.2,,,,,0.2656871403,0.6181698144,0.6759550388,0.7471407697,0.078479688,0.07747573853,0.3141950113,57.68261964,1,39,39,0,147,36.75,10,10,50,314.2951,5.238251667,/unlearning/experment_data/checkpoints/tofu/forget01/Llama-2-7b-chat-hf/SampleEarlyStopNPOMarginalRatio/lr2e-5_b4_ga2_e10_marginalratio_ma3_stop0.05_rebound0.2_samplingbaseline_masked/eval/TOFU_SUMMARY.json,/unlearning/experment_data/checkpoints/tofu/forget01/Llama-2-7b-chat-hf/SampleEarlyStopNPOMarginalRatio/lr2e-5_b4_ga2_e10_marginalratio_ma3_stop0.05_rebound0.2_samplingbaseline_masked/ies_nll_gain_history.jsonl,/unlearning/experment_data/checkpoints/tofu/forget01/Llama-2-7b-chat-hf/SampleEarlyStopNPOMarginalRatio/lr2e-5_b4_ga2_e10_marginalratio_ma3_stop0.05_rebound0.2_samplingbaseline_masked/trainer_state.json,/unlearning/experment_data/checkpoints/tofu/forget01/Llama-2-7b-chat-hf/SampleEarlyStopNPOMarginalRatio/lr2e-5_b4_ga2_e10_marginalratio_ma3_stop0.05_rebound0.2_samplingbaseline_masked
forget01,40,Llama-2-7b-chat-hf,SampleEarlyStopNPOMarginalRatio,marginal_nll_gain_ratio,normalized_nll_epoch_gain_ma,lr2e-5_b4_ga2_e10_marginalratio_ma3_stop0.1_rebound0.2_samplingbaseline_masked,False,False,2e-5,4,2,8,10,0.1,1,1,NLL,forget_anchor_random_retain,full_retain,fixed_original_batch,cumulative_progress_loss_ratio,3,0.1,0.1,,,,,,0.2,,,,,0.2656871403,0.6183951931,0.673047432,0.7479226723,0.078479688,0.07888412476,0.3210102445,57.68261964,2,38,39,1,155,38.75,10,10,50,312.0931,5.201551667,/unlearning/experment_data/checkpoints/tofu/forget01/Llama-2-7b-chat-hf/SampleEarlyStopNPOMarginalRatio/lr2e-5_b4_ga2_e10_marginalratio_ma3_stop0.1_rebound0.2_samplingbaseline_masked/eval/TOFU_SUMMARY.json,/unlearning/experment_data/checkpoints/tofu/forget01/Llama-2-7b-chat-hf/SampleEarlyStopNPOMarginalRatio/lr2e-5_b4_ga2_e10_marginalratio_ma3_stop0.1_rebound0.2_samplingbaseline_masked/ies_nll_gain_history.jsonl,/unlearning/experment_data/checkpoints/tofu/forget01/Llama-2-7b-chat-hf/SampleEarlyStopNPOMarginalRatio/lr2e-5_b4_ga2_e10_marginalratio_ma3_stop0.1_rebound0.2_samplingbaseline_masked/trainer_state.json,/unlearning/experment_data/checkpoints/tofu/forget01/Llama-2-7b-chat-hf/SampleEarlyStopNPOMarginalRatio/lr2e-5_b4_ga2_e10_marginalratio_ma3_stop0.1_rebound0.2_samplingbaseline_masked
forget01,40,Llama-2-7b-chat-hf,SampleEarlyStopNPOMarginalRatio,marginal_nll_gain_ratio,normalized_nll_epoch_gain_ma,lr2e-5_b4_ga2_e10_marginalratio_ma3_stop0.2_rebound0.2_samplingbaseline_masked,False,False,2e-5,4,2,8,10,0.1,1,1,NLL,forget_anchor_random_retain,full_retain,fixed_original_batch,cumulative_progress_loss_ratio,3,0.2,0.2,,,,,,0.2,,,,,0.2656871403,0.6185783564,0.6726631833,0.7476143628,0.07986857689,0.07925338745,0.3258026094,57.1788413,1,39,40,1,174,43.5,10,10,50,312.3097,5.205161667,/unlearning/experment_data/checkpoints/tofu/forget01/Llama-2-7b-chat-hf/SampleEarlyStopNPOMarginalRatio/lr2e-5_b4_ga2_e10_marginalratio_ma3_stop0.2_rebound0.2_samplingbaseline_masked/eval/TOFU_SUMMARY.json,/unlearning/experment_data/checkpoints/tofu/forget01/Llama-2-7b-chat-hf/SampleEarlyStopNPOMarginalRatio/lr2e-5_b4_ga2_e10_marginalratio_ma3_stop0.2_rebound0.2_samplingbaseline_masked/ies_nll_gain_history.jsonl,/unlearning/experment_data/checkpoints/tofu/forget01/Llama-2-7b-chat-hf/SampleEarlyStopNPOMarginalRatio/lr2e-5_b4_ga2_e10_marginalratio_ma3_stop0.2_rebound0.2_samplingbaseline_masked/trainer_state.json,/unlearning/experment_data/checkpoints/tofu/forget01/Llama-2-7b-chat-hf/SampleEarlyStopNPOMarginalRatio/lr2e-5_b4_ga2_e10_marginalratio_ma3_stop0.2_rebound0.2_samplingbaseline_masked
forget01,40,Llama-2-7b-chat-hf,SampleEarlyStopNPOMarginalRatio,marginal_nll_gain_ratio,normalized_nll_epoch_gain_ma,lr5e-5_b4_ga2_e10_marginalratio_ma3_stop0.05_rebound0.2_samplingbaseline_masked,False,False,5e-5,4,2,8,10,0.1,1,1,NLL,forget_anchor_random_retain,full_retain,fixed_original_batch,cumulative_progress_loss_ratio,3,0.05,0.05,,,,,,0.2,,,,,0.1649726995,0.5410647292,0.6702100578,0.5520137414,0.05175331472,0.02303063869,0.1672231272,99.99999998,0,40,40,0,117,29.25,10,10,50,318.168,5.3028,/unlearning/experment_data/checkpoints/tofu/forget01/Llama-2-7b-chat-hf/SampleEarlyStopNPOMarginalRatio/lr5e-5_b4_ga2_e10_marginalratio_ma3_stop0.05_rebound0.2_samplingbaseline_masked/eval/TOFU_SUMMARY.json,/unlearning/experment_data/checkpoints/tofu/forget01/Llama-2-7b-chat-hf/SampleEarlyStopNPOMarginalRatio/lr5e-5_b4_ga2_e10_marginalratio_ma3_stop0.05_rebound0.2_samplingbaseline_masked/ies_nll_gain_history.jsonl,/unlearning/experment_data/checkpoints/tofu/forget01/Llama-2-7b-chat-hf/SampleEarlyStopNPOMarginalRatio/lr5e-5_b4_ga2_e10_marginalratio_ma3_stop0.05_rebound0.2_samplingbaseline_masked/trainer_state.json,/unlearning/experment_data/checkpoints/tofu/forget01/Llama-2-7b-chat-hf/SampleEarlyStopNPOMarginalRatio/lr5e-5_b4_ga2_e10_marginalratio_ma3_stop0.05_rebound0.2_samplingbaseline_masked
forget01,40,Llama-2-7b-chat-hf,SampleEarlyStopNPOMarginalRatio,marginal_nll_gain_ratio,normalized_nll_epoch_gain_ma,lr5e-5_b4_ga2_e10_marginalratio_ma3_stop0.1_rebound0.2_samplingbaseline_masked,False,False,5e-5,4,2,8,10,0.1,1,1,NLL,forget_anchor_random_retain,full_retain,fixed_original_batch,cumulative_progress_loss_ratio,3,0.1,0.1,,,,,,0.2,,,,,0.1649726995,0.5418345062,0.6692475815,0.5521354273,0.05160652159,0.02301561832,0.1745811044,99.8740554,0,40,40,0,138,34.5,10,10,50,311.8636,5.197726667,/unlearning/experment_data/checkpoints/tofu/forget01/Llama-2-7b-chat-hf/SampleEarlyStopNPOMarginalRatio/lr5e-5_b4_ga2_e10_marginalratio_ma3_stop0.1_rebound0.2_samplingbaseline_masked/eval/TOFU_SUMMARY.json,/unlearning/experment_data/checkpoints/tofu/forget01/Llama-2-7b-chat-hf/SampleEarlyStopNPOMarginalRatio/lr5e-5_b4_ga2_e10_marginalratio_ma3_stop0.1_rebound0.2_samplingbaseline_masked/ies_nll_gain_history.jsonl,/unlearning/experment_data/checkpoints/tofu/forget01/Llama-2-7b-chat-hf/SampleEarlyStopNPOMarginalRatio/lr5e-5_b4_ga2_e10_marginalratio_ma3_stop0.1_rebound0.2_samplingbaseline_masked/trainer_state.json,/unlearning/experment_data/checkpoints/tofu/forget01/Llama-2-7b-chat-hf/SampleEarlyStopNPOMarginalRatio/lr5e-5_b4_ga2_e10_marginalratio_ma3_stop0.1_rebound0.2_samplingbaseline_masked
forget01,40,Llama-2-7b-chat-hf,SampleEarlyStopNPOMarginalRatio,marginal_nll_gain_ratio,normalized_nll_epoch_gain_ma,lr5e-5_b4_ga2_e10_marginalratio_ma3_stop0.2_rebound0.2_samplingbaseline_masked,False,False,5e-5,4,2,8,10,0.1,1,1,NLL,forget_anchor_random_retain,full_retain,fixed_original_batch,cumulative_progress_loss_ratio,3,0.2,0.2,,,,,,0.2,,,,,0.1649726995,0.5406662075,0.6690174433,0.5532163814,0.05160652159,0.02326005697,0.189203708,99.8740554,0,40,40,0,174,43.5,10,10,50,310.1591,5.169318333,/unlearning/experment_data/checkpoints/tofu/forget01/Llama-2-7b-chat-hf/SampleEarlyStopNPOMarginalRatio/lr5e-5_b4_ga2_e10_marginalratio_ma3_stop0.2_rebound0.2_samplingbaseline_masked/eval/TOFU_SUMMARY.json,/unlearning/experment_data/checkpoints/tofu/forget01/Llama-2-7b-chat-hf/SampleEarlyStopNPOMarginalRatio/lr5e-5_b4_ga2_e10_marginalratio_ma3_stop0.2_rebound0.2_samplingbaseline_masked/ies_nll_gain_history.jsonl,/unlearning/experment_data/checkpoints/tofu/forget01/Llama-2-7b-chat-hf/SampleEarlyStopNPOMarginalRatio/lr5e-5_b4_ga2_e10_marginalratio_ma3_stop0.2_rebound0.2_samplingbaseline_masked/trainer_state.json,/unlearning/experment_data/checkpoints/tofu/forget01/Llama-2-7b-chat-hf/SampleEarlyStopNPOMarginalRatio/lr5e-5_b4_ga2_e10_marginalratio_ma3_stop0.2_rebound0.2_samplingbaseline_masked
forget01,40,Llama-2-7b-chat-hf,SampleEarlyStopNPOMarginalRatioDropStopped,marginal_nll_gain_ratio,normalized_nll_epoch_gain_ma,lr1e-5_b4_ga2_e10_marginalratio_ma3_stop0.05_rebound0.2_dropstopped_no_retain_recovery,False,False,1e-5,4,2,8,10,0.1,1,1,NLL,forget_anchor_random_retain,drop_paired_retain,actual_active_mean,cumulative_progress_loss_ratio,3,0.05,0.05,,,,,,0.2,,,,,0.01430154805,0.6107444109,0.570292512,0.8151140302,0.131724148,0.1461486816,0.4063784002,-35.51637279,1,39,39,0,52,13,10,10,50,323.2711,5.387851667,/unlearning/experment_data/checkpoints/tofu/forget01/Llama-2-7b-chat-hf/SampleEarlyStopNPOMarginalRatioDropStopped/lr1e-5_b4_ga2_e10_marginalratio_ma3_stop0.05_rebound0.2_dropstopped_no_retain_recovery/eval/TOFU_SUMMARY.json,/unlearning/experment_data/checkpoints/tofu/forget01/Llama-2-7b-chat-hf/SampleEarlyStopNPOMarginalRatioDropStopped/lr1e-5_b4_ga2_e10_marginalratio_ma3_stop0.05_rebound0.2_dropstopped_no_retain_recovery/ies_nll_gain_history.jsonl,/unlearning/experment_data/checkpoints/tofu/forget01/Llama-2-7b-chat-hf/SampleEarlyStopNPOMarginalRatioDropStopped/lr1e-5_b4_ga2_e10_marginalratio_ma3_stop0.05_rebound0.2_dropstopped_no_retain_recovery/trainer_state.json,/unlearning/experment_data/checkpoints/tofu/forget01/Llama-2-7b-chat-hf/SampleEarlyStopNPOMarginalRatioDropStopped/lr1e-5_b4_ga2_e10_marginalratio_ma3_stop0.05_rebound0.2_dropstopped_no_retain_recovery
forget01,40,Llama-2-7b-chat-hf,SampleEarlyStopNPOMarginalRatioDropStopped,marginal_nll_gain_ratio,normalized_nll_epoch_gain_ma,lr1e-5_b4_ga2_e10_marginalratio_ma3_stop0.1_rebound0.2_dropstopped_no_retain_recovery,False,False,1e-5,4,2,8,10,0.1,1,1,NLL,forget_anchor_random_retain,drop_paired_retain,actual_active_mean,cumulative_progress_loss_ratio,3,0.1,0.1,,,,,,0.2,,,,,0.02860307028,0.6115002301,0.5688562661,0.8142977238,0.131724148,0.146282959,0.4115410808,-36.27204029,1,39,39,0,66,16.5,10,10,50,310.2353,5.170588333,/unlearning/experment_data/checkpoints/tofu/forget01/Llama-2-7b-chat-hf/SampleEarlyStopNPOMarginalRatioDropStopped/lr1e-5_b4_ga2_e10_marginalratio_ma3_stop0.1_rebound0.2_dropstopped_no_retain_recovery/eval/TOFU_SUMMARY.json,/unlearning/experment_data/checkpoints/tofu/forget01/Llama-2-7b-chat-hf/SampleEarlyStopNPOMarginalRatioDropStopped/lr1e-5_b4_ga2_e10_marginalratio_ma3_stop0.1_rebound0.2_dropstopped_no_retain_recovery/ies_nll_gain_history.jsonl,/unlearning/experment_data/checkpoints/tofu/forget01/Llama-2-7b-chat-hf/SampleEarlyStopNPOMarginalRatioDropStopped/lr1e-5_b4_ga2_e10_marginalratio_ma3_stop0.1_rebound0.2_dropstopped_no_retain_recovery/trainer_state.json,/unlearning/experment_data/checkpoints/tofu/forget01/Llama-2-7b-chat-hf/SampleEarlyStopNPOMarginalRatioDropStopped/lr1e-5_b4_ga2_e10_marginalratio_ma3_stop0.1_rebound0.2_dropstopped_no_retain_recovery
forget01,40,Llama-2-7b-chat-hf,SampleEarlyStopNPOMarginalRatioDropStopped,marginal_nll_gain_ratio,normalized_nll_epoch_gain_ma,lr1e-5_b4_ga2_e10_marginalratio_ma3_stop0.2_rebound0.2_dropstopped_no_retain_recovery,False,False,1e-5,4,2,8,10,0.1,1,1,NLL,forget_anchor_random_retain,drop_paired_retain,actual_active_mean,cumulative_progress_loss_ratio,3,0.2,0.2,,,,,,0.2,,,,,0.01430154805,0.6114362385,0.5696242,0.8163869336,0.1178352591,0.1447509766,0.408942775,-36.14609571,0,40,40,0,88,22,10,10,50,286.547,4.775783333,/unlearning/experment_data/checkpoints/tofu/forget01/Llama-2-7b-chat-hf/SampleEarlyStopNPOMarginalRatioDropStopped/lr1e-5_b4_ga2_e10_marginalratio_ma3_stop0.2_rebound0.2_dropstopped_no_retain_recovery/eval/TOFU_SUMMARY.json,/unlearning/experment_data/checkpoints/tofu/forget01/Llama-2-7b-chat-hf/SampleEarlyStopNPOMarginalRatioDropStopped/lr1e-5_b4_ga2_e10_marginalratio_ma3_stop0.2_rebound0.2_dropstopped_no_retain_recovery/ies_nll_gain_history.jsonl,/unlearning/experment_data/checkpoints/tofu/forget01/Llama-2-7b-chat-hf/SampleEarlyStopNPOMarginalRatioDropStopped/lr1e-5_b4_ga2_e10_marginalratio_ma3_stop0.2_rebound0.2_dropstopped_no_retain_recovery/trainer_state.json,/unlearning/experment_data/checkpoints/tofu/forget01/Llama-2-7b-chat-hf/SampleEarlyStopNPOMarginalRatioDropStopped/lr1e-5_b4_ga2_e10_marginalratio_ma3_stop0.2_rebound0.2_dropstopped_no_retain_recovery
forget01,40,Llama-2-7b-chat-hf,SampleEarlyStopNPOMarginalRatioDropStopped,marginal_nll_gain_ratio,normalized_nll_epoch_gain_ma,lr2e-5_b4_ga2_e10_marginalratio_ma3_stop0.05_rebound0.2_dropstopped_fixed_baseline_denoms_no_retain_recovery,False,False,2e-5,4,2,8,10,0.1,1,1,NLL,forget_anchor_random_retain,drop_paired_retain,fixed_original_batch,cumulative_progress_loss_ratio,3,0.05,0.05,,,,,,0.2,,,,,0.5786001417,0.6176505913,0.683936648,0.7418276802,0.078479688,0.07032394409,0.3121717852,57.9345088,3,37,37,0,148,37,10,10,50,264.6971,4.411618333,/unlearning/experment_data/checkpoints/tofu/forget01/Llama-2-7b-chat-hf/SampleEarlyStopNPOMarginalRatioDropStopped/lr2e-5_b4_ga2_e10_marginalratio_ma3_stop0.05_rebound0.2_dropstopped_fixed_baseline_denoms_no_retain_recovery/eval/TOFU_SUMMARY.json,/unlearning/experment_data/checkpoints/tofu/forget01/Llama-2-7b-chat-hf/SampleEarlyStopNPOMarginalRatioDropStopped/lr2e-5_b4_ga2_e10_marginalratio_ma3_stop0.05_rebound0.2_dropstopped_fixed_baseline_denoms_no_retain_recovery/ies_nll_gain_history.jsonl,/unlearning/experment_data/checkpoints/tofu/forget01/Llama-2-7b-chat-hf/SampleEarlyStopNPOMarginalRatioDropStopped/lr2e-5_b4_ga2_e10_marginalratio_ma3_stop0.05_rebound0.2_dropstopped_fixed_baseline_denoms_no_retain_recovery/trainer_state.json,/unlearning/experment_data/checkpoints/tofu/forget01/Llama-2-7b-chat-hf/SampleEarlyStopNPOMarginalRatioDropStopped/lr2e-5_b4_ga2_e10_marginalratio_ma3_stop0.05_rebound0.2_dropstopped_fixed_baseline_denoms_no_retain_recovery
forget01,40,Llama-2-7b-chat-hf,SampleEarlyStopNPOMarginalRatioDropStopped,marginal_nll_gain_ratio,normalized_nll_epoch_gain_ma,lr2e-5_b4_ga2_e10_marginalratio_ma3_stop0.05_rebound0.2_dropstopped_no_retain_recovery,False,False,2e-5,4,2,8,10,0.1,1,1,NLL,forget_anchor_random_retain,drop_paired_retain,actual_active_mean,cumulative_progress_loss_ratio,3,0.05,0.05,,,,,,0.2,,,,,0.4045874057,0.6178006503,0.680282541,0.7433142215,0.078479688,0.0698928833,0.3137950933,57.9345088,3,37,37,0,147,36.75,10,10,50,264.3664,4.406106667,/unlearning/experment_data/checkpoints/tofu/forget01/Llama-2-7b-chat-hf/SampleEarlyStopNPOMarginalRatioDropStopped/lr2e-5_b4_ga2_e10_marginalratio_ma3_stop0.05_rebound0.2_dropstopped_no_retain_recovery/eval/TOFU_SUMMARY.json,/unlearning/experment_data/checkpoints/tofu/forget01/Llama-2-7b-chat-hf/SampleEarlyStopNPOMarginalRatioDropStopped/lr2e-5_b4_ga2_e10_marginalratio_ma3_stop0.05_rebound0.2_dropstopped_no_retain_recovery/ies_nll_gain_history.jsonl,/unlearning/experment_data/checkpoints/tofu/forget01/Llama-2-7b-chat-hf/SampleEarlyStopNPOMarginalRatioDropStopped/lr2e-5_b4_ga2_e10_marginalratio_ma3_stop0.05_rebound0.2_dropstopped_no_retain_recovery/trainer_state.json,/unlearning/experment_data/checkpoints/tofu/forget01/Llama-2-7b-chat-hf/SampleEarlyStopNPOMarginalRatioDropStopped/lr2e-5_b4_ga2_e10_marginalratio_ma3_stop0.05_rebound0.2_dropstopped_no_retain_recovery
forget01,40,Llama-2-7b-chat-hf,SampleEarlyStopNPOMarginalRatioDropStopped,marginal_nll_gain_ratio,normalized_nll_epoch_gain_ma,lr2e-5_b4_ga2_e10_marginalratio_ma3_stop0.1_rebound0.2_dropstopped_fixed_baseline_denoms_no_retain_recovery,False,False,2e-5,4,2,8,10,0.1,1,1,NLL,forget_anchor_random_retain,drop_paired_retain,fixed_original_batch,cumulative_progress_loss_ratio,3,0.1,0.1,,,,,,0.2,,,,,0.4045874057,0.6154769385,0.6817405863,0.7424420819,0.078479688,0.07049713135,0.3087327447,57.68261964,3,37,38,1,152,38,10,10,50,258.7338,4.31223,/unlearning/experment_data/checkpoints/tofu/forget01/Llama-2-7b-chat-hf/SampleEarlyStopNPOMarginalRatioDropStopped/lr2e-5_b4_ga2_e10_marginalratio_ma3_stop0.1_rebound0.2_dropstopped_fixed_baseline_denoms_no_retain_recovery/eval/TOFU_SUMMARY.json,/unlearning/experment_data/checkpoints/tofu/forget01/Llama-2-7b-chat-hf/SampleEarlyStopNPOMarginalRatioDropStopped/lr2e-5_b4_ga2_e10_marginalratio_ma3_stop0.1_rebound0.2_dropstopped_fixed_baseline_denoms_no_retain_recovery/ies_nll_gain_history.jsonl,/unlearning/experment_data/checkpoints/tofu/forget01/Llama-2-7b-chat-hf/SampleEarlyStopNPOMarginalRatioDropStopped/lr2e-5_b4_ga2_e10_marginalratio_ma3_stop0.1_rebound0.2_dropstopped_fixed_baseline_denoms_no_retain_recovery/trainer_state.json,/unlearning/experment_data/checkpoints/tofu/forget01/Llama-2-7b-chat-hf/SampleEarlyStopNPOMarginalRatioDropStopped/lr2e-5_b4_ga2_e10_marginalratio_ma3_stop0.1_rebound0.2_dropstopped_fixed_baseline_denoms_no_retain_recovery
forget01,40,Llama-2-7b-chat-hf,SampleEarlyStopNPOMarginalRatioDropStopped,marginal_nll_gain_ratio,normalized_nll_epoch_gain_ma,lr2e-5_b4_ga2_e10_marginalratio_ma3_stop0.1_rebound0.2_dropstopped_no_retain_recovery,False,False,2e-5,4,2,8,10,0.1,1,1,NLL,forget_anchor_random_retain,drop_paired_retain,actual_active_mean,cumulative_progress_loss_ratio,3,0.1,0.1,,,,,,0.2,,,,,0.4045874057,0.6155720332,0.6818805068,0.7426661298,0.078479688,0.07024612427,0.3032310407,58.18639797,3,37,38,1,151,37.75,10,10,50,263.6911,4.394851667,/unlearning/experment_data/checkpoints/tofu/forget01/Llama-2-7b-chat-hf/SampleEarlyStopNPOMarginalRatioDropStopped/lr2e-5_b4_ga2_e10_marginalratio_ma3_stop0.1_rebound0.2_dropstopped_no_retain_recovery/eval/TOFU_SUMMARY.json,/unlearning/experment_data/checkpoints/tofu/forget01/Llama-2-7b-chat-hf/SampleEarlyStopNPOMarginalRatioDropStopped/lr2e-5_b4_ga2_e10_marginalratio_ma3_stop0.1_rebound0.2_dropstopped_no_retain_recovery/ies_nll_gain_history.jsonl,/unlearning/experment_data/checkpoints/tofu/forget01/Llama-2-7b-chat-hf/SampleEarlyStopNPOMarginalRatioDropStopped/lr2e-5_b4_ga2_e10_marginalratio_ma3_stop0.1_rebound0.2_dropstopped_no_retain_recovery/trainer_state.json,/unlearning/experment_data/checkpoints/tofu/forget01/Llama-2-7b-chat-hf/SampleEarlyStopNPOMarginalRatioDropStopped/lr2e-5_b4_ga2_e10_marginalratio_ma3_stop0.1_rebound0.2_dropstopped_no_retain_recovery
forget01,40,Llama-2-7b-chat-hf,SampleEarlyStopNPOMarginalRatioDropStopped,marginal_nll_gain_ratio,normalized_nll_epoch_gain_ma,lr2e-5_b4_ga2_e10_marginalratio_ma3_stop0.2_rebound0.2_dropstopped_fixed_baseline_denoms_no_retain_recovery,False,False,2e-5,4,2,8,10,0.1,1,1,NLL,forget_anchor_random_retain,drop_paired_retain,fixed_original_batch,cumulative_progress_loss_ratio,3,0.2,0.2,,,,,,0.2,,,,,0.4045874057,0.6128053625,0.6818959462,0.7432673588,0.09676672503,0.07372894287,0.3211662319,50.37783374,0,40,40,0,182,45.5,10,10,50,208.0085,3.466808333,/unlearning/experment_data/checkpoints/tofu/forget01/Llama-2-7b-chat-hf/SampleEarlyStopNPOMarginalRatioDropStopped/lr2e-5_b4_ga2_e10_marginalratio_ma3_stop0.2_rebound0.2_dropstopped_fixed_baseline_denoms_no_retain_recovery/eval/TOFU_SUMMARY.json,/unlearning/experment_data/checkpoints/tofu/forget01/Llama-2-7b-chat-hf/SampleEarlyStopNPOMarginalRatioDropStopped/lr2e-5_b4_ga2_e10_marginalratio_ma3_stop0.2_rebound0.2_dropstopped_fixed_baseline_denoms_no_retain_recovery/ies_nll_gain_history.jsonl,/unlearning/experment_data/checkpoints/tofu/forget01/Llama-2-7b-chat-hf/SampleEarlyStopNPOMarginalRatioDropStopped/lr2e-5_b4_ga2_e10_marginalratio_ma3_stop0.2_rebound0.2_dropstopped_fixed_baseline_denoms_no_retain_recovery/trainer_state.json,/unlearning/experment_data/checkpoints/tofu/forget01/Llama-2-7b-chat-hf/SampleEarlyStopNPOMarginalRatioDropStopped/lr2e-5_b4_ga2_e10_marginalratio_ma3_stop0.2_rebound0.2_dropstopped_fixed_baseline_denoms_no_retain_recovery
forget01,40,Llama-2-7b-chat-hf,SampleEarlyStopNPOMarginalRatioDropStopped,marginal_nll_gain_ratio,normalized_nll_epoch_gain_ma,lr2e-5_b4_ga2_e10_marginalratio_ma3_stop0.2_rebound0.2_dropstopped_no_retain_recovery,False,False,2e-5,4,2,8,10,0.1,1,1,NLL,forget_anchor_random_retain,drop_paired_retain,actual_active_mean,cumulative_progress_loss_ratio,3,0.2,0.2,,,,,,0.2,,,,,0.4045874057,0.6123570504,0.6815566023,0.7434988409,0.097229688,0.07332611084,0.3197814764,50.88161208,0,40,40,0,182,45.5,10,10,50,206.4792,3.44132,/unlearning/experment_data/checkpoints/tofu/forget01/Llama-2-7b-chat-hf/SampleEarlyStopNPOMarginalRatioDropStopped/lr2e-5_b4_ga2_e10_marginalratio_ma3_stop0.2_rebound0.2_dropstopped_no_retain_recovery/eval/TOFU_SUMMARY.json,/unlearning/experment_data/checkpoints/tofu/forget01/Llama-2-7b-chat-hf/SampleEarlyStopNPOMarginalRatioDropStopped/lr2e-5_b4_ga2_e10_marginalratio_ma3_stop0.2_rebound0.2_dropstopped_no_retain_recovery/ies_nll_gain_history.jsonl,/unlearning/experment_data/checkpoints/tofu/forget01/Llama-2-7b-chat-hf/SampleEarlyStopNPOMarginalRatioDropStopped/lr2e-5_b4_ga2_e10_marginalratio_ma3_stop0.2_rebound0.2_dropstopped_no_retain_recovery/trainer_state.json,/unlearning/experment_data/checkpoints/tofu/forget01/Llama-2-7b-chat-hf/SampleEarlyStopNPOMarginalRatioDropStopped/lr2e-5_b4_ga2_e10_marginalratio_ma3_stop0.2_rebound0.2_dropstopped_no_retain_recovery
forget01,40,Llama-2-7b-chat-hf,SampleEarlyStopNPOMarginalRatioDropStopped,marginal_nll_gain_ratio,normalized_nll_epoch_gain_ma,lr5e-5_b4_ga2_e10_marginalratio_ma3_stop0.05_rebound0.2_dropstopped_no_retain_recovery,False,False,5e-5,4,2,8,10,0.1,1,1,NLL,forget_anchor_random_retain,drop_paired_retain,actual_active_mean,cumulative_progress_loss_ratio,3,0.05,0.05,,,,,,0.2,,,,,0.0970748438,0.5467613729,0.6793654205,0.5417244114,0.04903077031,0.02269849777,0.1575877629,99.37027706,0,40,40,0,104,26,10,10,50,286.7258,4.778763333,/unlearning/experment_data/checkpoints/tofu/forget01/Llama-2-7b-chat-hf/SampleEarlyStopNPOMarginalRatioDropStopped/lr5e-5_b4_ga2_e10_marginalratio_ma3_stop0.05_rebound0.2_dropstopped_no_retain_recovery/eval/TOFU_SUMMARY.json,/unlearning/experment_data/checkpoints/tofu/forget01/Llama-2-7b-chat-hf/SampleEarlyStopNPOMarginalRatioDropStopped/lr5e-5_b4_ga2_e10_marginalratio_ma3_stop0.05_rebound0.2_dropstopped_no_retain_recovery/ies_nll_gain_history.jsonl,/unlearning/experment_data/checkpoints/tofu/forget01/Llama-2-7b-chat-hf/SampleEarlyStopNPOMarginalRatioDropStopped/lr5e-5_b4_ga2_e10_marginalratio_ma3_stop0.05_rebound0.2_dropstopped_no_retain_recovery/trainer_state.json,/unlearning/experment_data/checkpoints/tofu/forget01/Llama-2-7b-chat-hf/SampleEarlyStopNPOMarginalRatioDropStopped/lr5e-5_b4_ga2_e10_marginalratio_ma3_stop0.05_rebound0.2_dropstopped_no_retain_recovery
forget01,40,Llama-2-7b-chat-hf,SampleEarlyStopNPOMarginalRatioDropStopped,marginal_nll_gain_ratio,normalized_nll_epoch_gain_ma,lr5e-5_b4_ga2_e10_marginalratio_ma3_stop0.1_rebound0.2_dropstopped_no_retain_recovery,False,False,5e-5,4,2,8,10,0.1,1,1,NLL,forget_anchor_random_retain,drop_paired_retain,actual_active_mean,cumulative_progress_loss_ratio,3,0.1,0.1,,,,,,0.2,,,,,0.0970748438,0.5485622383,0.6788372835,0.5436456658,0.04703077031,0.02280683517,0.1504693208,99.8740554,0,40,40,0,137,34.25,10,10,50,255.2912,4.254853333,/unlearning/experment_data/checkpoints/tofu/forget01/Llama-2-7b-chat-hf/SampleEarlyStopNPOMarginalRatioDropStopped/lr5e-5_b4_ga2_e10_marginalratio_ma3_stop0.1_rebound0.2_dropstopped_no_retain_recovery/eval/TOFU_SUMMARY.json,/unlearning/experment_data/checkpoints/tofu/forget01/Llama-2-7b-chat-hf/SampleEarlyStopNPOMarginalRatioDropStopped/lr5e-5_b4_ga2_e10_marginalratio_ma3_stop0.1_rebound0.2_dropstopped_no_retain_recovery/ies_nll_gain_history.jsonl,/unlearning/experment_data/checkpoints/tofu/forget01/Llama-2-7b-chat-hf/SampleEarlyStopNPOMarginalRatioDropStopped/lr5e-5_b4_ga2_e10_marginalratio_ma3_stop0.1_rebound0.2_dropstopped_no_retain_recovery/trainer_state.json,/unlearning/experment_data/checkpoints/tofu/forget01/Llama-2-7b-chat-hf/SampleEarlyStopNPOMarginalRatioDropStopped/lr5e-5_b4_ga2_e10_marginalratio_ma3_stop0.1_rebound0.2_dropstopped_no_retain_recovery
forget01,40,Llama-2-7b-chat-hf,SampleEarlyStopNPOMarginalRatioDropStopped,marginal_nll_gain_ratio,normalized_nll_epoch_gain_ma,lr5e-5_b4_ga2_e10_marginalratio_ma3_stop0.2_rebound0.2_dropstopped_no_retain_recovery,False,False,5e-5,4,2,8,10,0.1,1,1,NLL,forget_anchor_random_retain,drop_paired_retain,actual_active_mean,cumulative_progress_loss_ratio,3,0.2,0.2,,,,,,0.2,,,,,0.05414107748,0.5332585858,0.6863809605,0.5304841302,0.04862431821,0.02375297546,0.1670403119,99.24433247,0,40,40,0,185,46.25,10,10,50,218.03,3.633833333,/unlearning/experment_data/checkpoints/tofu/forget01/Llama-2-7b-chat-hf/SampleEarlyStopNPOMarginalRatioDropStopped/lr5e-5_b4_ga2_e10_marginalratio_ma3_stop0.2_rebound0.2_dropstopped_no_retain_recovery/eval/TOFU_SUMMARY.json,/unlearning/experment_data/checkpoints/tofu/forget01/Llama-2-7b-chat-hf/SampleEarlyStopNPOMarginalRatioDropStopped/lr5e-5_b4_ga2_e10_marginalratio_ma3_stop0.2_rebound0.2_dropstopped_no_retain_recovery/ies_nll_gain_history.jsonl,/unlearning/experment_data/checkpoints/tofu/forget01/Llama-2-7b-chat-hf/SampleEarlyStopNPOMarginalRatioDropStopped/lr5e-5_b4_ga2_e10_marginalratio_ma3_stop0.2_rebound0.2_dropstopped_no_retain_recovery/trainer_state.json,/unlearning/experment_data/checkpoints/tofu/forget01/Llama-2-7b-chat-hf/SampleEarlyStopNPOMarginalRatioDropStopped/lr5e-5_b4_ga2_e10_marginalratio_ma3_stop0.2_rebound0.2_dropstopped_no_retain_recovery
forget05,200,Llama-2-7b-chat-hf,NPO,baseline,none,lr2e-5_b4_ga2_e10,True,False,2e-5,4,2,8,10,0.1,1,1,NLL,forget_anchor_random_retain,full_retain,baseline_mean,none,,,,,,,,,,,,,,0.006094418259,0.6382783555,0.6168711411,0.6935873033,0.07807452085,0.07342094421,0.3253912602,19.04193001,,,,,,,,10,250,1758.8804,29.31467333,/unlearning/experment_data/checkpoints/tofu/forget05/Llama-2-7b-chat-hf/NPO/lr2e-5_b4_ga2_e10/eval/TOFU_SUMMARY.json,,/unlearning/experment_data/checkpoints/tofu/forget05/Llama-2-7b-chat-hf/NPO/lr2e-5_b4_ga2_e10/trainer_state.json,/unlearning/experment_data/checkpoints/tofu/forget05/Llama-2-7b-chat-hf/NPO/lr2e-5_b4_ga2_e10
forget05,200,Llama-2-7b-chat-hf,NPO,baseline,none,lr5e-5_b4_ga2_e10,True,False,5e-5,4,2,8,10,0.1,1,1,NLL,forget_anchor_random_retain,full_retain,baseline_mean,none,,,,,,,,,,,,,,0.06801920461,0.5845485581,0.6599950395,0.4960670102,0.05168086219,0.02966104422,0.2232571271,50.30060119,,,,,,,,10,250,1608.5639,26.80939833,/unlearning/experment_data/checkpoints/tofu/forget05/Llama-2-7b-chat-hf/NPO/lr5e-5_b4_ga2_e10/eval/TOFU_SUMMARY.json,,/unlearning/experment_data/checkpoints/tofu/forget05/Llama-2-7b-chat-hf/NPO/lr5e-5_b4_ga2_e10/trainer_state.json,/unlearning/experment_data/checkpoints/tofu/forget05/Llama-2-7b-chat-hf/NPO/lr5e-5_b4_ga2_e10
forget05,200,Llama-2-7b-chat-hf,SampleEarlyStopNPOLossIrreversible,absolute_normalized_nll_gain,normalized_nll_minus_initial,lr1e-5_b4_ga2_e10_ies_normnll_gain_ge1.8_warm2_patience1_rebounddelta0.2_rpat2,False,False,1e-5,4,2,8,10,0.1,1,1,NLL,forget_anchor_random_retain,full_retain,fixed_original_batch,gain_threshold_minus_delta,,1.8,,1.8,,,2,1,,0.2,2,,,2.443745771e-10,0.5699244042,0.5467672159,0.9167690918,0.3418074063,0.2728674316,0.5657322142,-92.176661,171,29,49,20,214,10.7,10,10,250,1602.6417,26.710695,/unlearning/experment_data/checkpoints/tofu/forget05/Llama-2-7b-chat-hf/SampleEarlyStopNPOLossIrreversible/lr1e-5_b4_ga2_e10_ies_normnll_gain_ge1.8_warm2_patience1_rebounddelta0.2_rpat2/eval/TOFU_SUMMARY.json,/unlearning/experment_data/checkpoints/tofu/forget05/Llama-2-7b-chat-hf/SampleEarlyStopNPOLossIrreversible/lr1e-5_b4_ga2_e10_ies_normnll_gain_ge1.8_warm2_patience1_rebounddelta0.2_rpat2/ies_nll_gain_history.jsonl,/unlearning/experment_data/checkpoints/tofu/forget05/Llama-2-7b-chat-hf/SampleEarlyStopNPOLossIrreversible/lr1e-5_b4_ga2_e10_ies_normnll_gain_ge1.8_warm2_patience1_rebounddelta0.2_rpat2/trainer_state.json,/unlearning/experment_data/checkpoints/tofu/forget05/Llama-2-7b-chat-hf/SampleEarlyStopNPOLossIrreversible/lr1e-5_b4_ga2_e10_ies_normnll_gain_ge1.8_warm2_patience1_rebounddelta0.2_rpat2
forget05,200,Llama-2-7b-chat-hf,SampleEarlyStopNPOLossIrreversible,absolute_normalized_nll_gain,normalized_nll_minus_initial,lr1e-5_b4_ga2_e10_ies_normnll_gain_ge2.0_warm2_patience1_rebounddelta0.2_rpat2,False,False,1e-5,4,2,8,10,0.1,1,1,NLL,forget_anchor_random_retain,full_retain,fixed_original_batch,gain_threshold_minus_delta,,2.0,,2,,,2,1,,0.2,2,,,5.951062636e-11,0.5678893971,0.5464389599,0.9202626547,0.3576305512,0.2850085449,0.5650869015,-92.73547093,188,12,28,16,117,5.85,10,10,250,1620.6872,27.01145333,/unlearning/experment_data/checkpoints/tofu/forget05/Llama-2-7b-chat-hf/SampleEarlyStopNPOLossIrreversible/lr1e-5_b4_ga2_e10_ies_normnll_gain_ge2.0_warm2_patience1_rebounddelta0.2_rpat2/eval/TOFU_SUMMARY.json,/unlearning/experment_data/checkpoints/tofu/forget05/Llama-2-7b-chat-hf/SampleEarlyStopNPOLossIrreversible/lr1e-5_b4_ga2_e10_ies_normnll_gain_ge2.0_warm2_patience1_rebounddelta0.2_rpat2/ies_nll_gain_history.jsonl,/unlearning/experment_data/checkpoints/tofu/forget05/Llama-2-7b-chat-hf/SampleEarlyStopNPOLossIrreversible/lr1e-5_b4_ga2_e10_ies_normnll_gain_ge2.0_warm2_patience1_rebounddelta0.2_rpat2/trainer_state.json,/unlearning/experment_data/checkpoints/tofu/forget05/Llama-2-7b-chat-hf/SampleEarlyStopNPOLossIrreversible/lr1e-5_b4_ga2_e10_ies_normnll_gain_ge2.0_warm2_patience1_rebounddelta0.2_rpat2
forget05,200,Llama-2-7b-chat-hf,SampleEarlyStopNPOLossIrreversible,absolute_normalized_nll_gain,normalized_nll_minus_initial,lr1e-5_b4_ga2_e10_ies_normnll_gain_ge2.2_warm2_patience1_rebounddelta0.2_rpat2,False,False,1e-5,4,2,8,10,0.1,1,1,NLL,forget_anchor_random_retain,full_retain,fixed_original_batch,gain_threshold_minus_delta,,2.2,,2.2,,,2,1,,0.2,2,,,1.385084006e-11,0.569092442,0.5463605817,0.9223865098,0.3629623562,0.2863098145,0.5783666505,-92.94743331,190,10,17,7,92,4.6,10,10,250,1602.8073,26.713455,/unlearning/experment_data/checkpoints/tofu/forget05/Llama-2-7b-chat-hf/SampleEarlyStopNPOLossIrreversible/lr1e-5_b4_ga2_e10_ies_normnll_gain_ge2.2_warm2_patience1_rebounddelta0.2_rpat2/eval/TOFU_SUMMARY.json,/unlearning/experment_data/checkpoints/tofu/forget05/Llama-2-7b-chat-hf/SampleEarlyStopNPOLossIrreversible/lr1e-5_b4_ga2_e10_ies_normnll_gain_ge2.2_warm2_patience1_rebounddelta0.2_rpat2/ies_nll_gain_history.jsonl,/unlearning/experment_data/checkpoints/tofu/forget05/Llama-2-7b-chat-hf/SampleEarlyStopNPOLossIrreversible/lr1e-5_b4_ga2_e10_ies_normnll_gain_ge2.2_warm2_patience1_rebounddelta0.2_rpat2/trainer_state.json,/unlearning/experment_data/checkpoints/tofu/forget05/Llama-2-7b-chat-hf/SampleEarlyStopNPOLossIrreversible/lr1e-5_b4_ga2_e10_ies_normnll_gain_ge2.2_warm2_patience1_rebounddelta0.2_rpat2
forget05,200,Llama-2-7b-chat-hf,SampleEarlyStopNPOLossIrreversible,absolute_normalized_nll_gain,normalized_nll_minus_initial,lr2e-5_b4_ga2_e10_ies_normnll_gain_ge1.8_warm2_patience1,False,False,2e-5,4,2,8,10,0.1,1,1,NLL,forget_anchor_random_retain,full_retain,fixed_original_batch,none_irreversible,,1.8,,1.8,,,2,1,,,,,,0.2205412176,0.620947168,0.6502572837,0.7029948603,0.07936464364,0.1272203064,0.3027842469,-3.507014028,13,187,187,0,1266,63.3,10,10,250,1510.7252,25.17875333,/unlearning/experment_data/checkpoints/tofu/forget05/Llama-2-7b-chat-hf/SampleEarlyStopNPOLossIrreversible/lr2e-5_b4_ga2_e10_ies_normnll_gain_ge1.8_warm2_patience1/eval/TOFU_SUMMARY.json,/unlearning/experment_data/checkpoints/tofu/forget05/Llama-2-7b-chat-hf/SampleEarlyStopNPOLossIrreversible/lr2e-5_b4_ga2_e10_ies_normnll_gain_ge1.8_warm2_patience1/ies_nll_gain_history.jsonl,/unlearning/experment_data/checkpoints/tofu/forget05/Llama-2-7b-chat-hf/SampleEarlyStopNPOLossIrreversible/lr2e-5_b4_ga2_e10_ies_normnll_gain_ge1.8_warm2_patience1/trainer_state.json,/unlearning/experment_data/checkpoints/tofu/forget05/Llama-2-7b-chat-hf/SampleEarlyStopNPOLossIrreversible/lr2e-5_b4_ga2_e10_ies_normnll_gain_ge1.8_warm2_patience1
forget05,200,Llama-2-7b-chat-hf,SampleEarlyStopNPOLossIrreversible,absolute_normalized_nll_gain,normalized_nll_minus_initial,lr2e-5_b4_ga2_e10_ies_normnll_gain_ge1.8_warm2_patience1_rebounddelta0.2_rpat2,False,False,2e-5,4,2,8,10,0.1,1,1,NLL,forget_anchor_random_retain,full_retain,fixed_original_batch,gain_threshold_minus_delta,,1.8,,1.8,,,2,1,,0.2,2,,,0.3281154441,0.6225434121,0.6483230435,0.697138595,0.08065561404,0.1168978119,0.2987591226,1.587790966,29,171,190,19,1225,61.25,10,10,250,1501.3873,25.02312167,/unlearning/experment_data/checkpoints/tofu/forget05/Llama-2-7b-chat-hf/SampleEarlyStopNPOLossIrreversible/lr2e-5_b4_ga2_e10_ies_normnll_gain_ge1.8_warm2_patience1_rebounddelta0.2_rpat2/eval/TOFU_SUMMARY.json,/unlearning/experment_data/checkpoints/tofu/forget05/Llama-2-7b-chat-hf/SampleEarlyStopNPOLossIrreversible/lr2e-5_b4_ga2_e10_ies_normnll_gain_ge1.8_warm2_patience1_rebounddelta0.2_rpat2/ies_nll_gain_history.jsonl,/unlearning/experment_data/checkpoints/tofu/forget05/Llama-2-7b-chat-hf/SampleEarlyStopNPOLossIrreversible/lr2e-5_b4_ga2_e10_ies_normnll_gain_ge1.8_warm2_patience1_rebounddelta0.2_rpat2/trainer_state.json,/unlearning/experment_data/checkpoints/tofu/forget05/Llama-2-7b-chat-hf/SampleEarlyStopNPOLossIrreversible/lr2e-5_b4_ga2_e10_ies_normnll_gain_ge1.8_warm2_patience1_rebounddelta0.2_rpat2
forget05,200,Llama-2-7b-chat-hf,SampleEarlyStopNPOLossIrreversible,absolute_normalized_nll_gain,normalized_nll_minus_initial,lr2e-5_b4_ga2_e10_ies_normnll_gain_ge2.0_warm2_patience1,False,False,2e-5,4,2,8,10,0.1,1,1,NLL,forget_anchor_random_retain,full_retain,fixed_original_batch,none_irreversible,,2.0,,2,,,2,1,,,,,,0.2704743833,0.6234860441,0.6432177312,0.6998852782,0.07960303719,0.124728241,0.3101370503,-4.821180822,30,170,170,0,1144,57.2,10,10,250,1503.832,25.06386667,/unlearning/experment_data/checkpoints/tofu/forget05/Llama-2-7b-chat-hf/SampleEarlyStopNPOLossIrreversible/lr2e-5_b4_ga2_e10_ies_normnll_gain_ge2.0_warm2_patience1/eval/TOFU_SUMMARY.json,/unlearning/experment_data/checkpoints/tofu/forget05/Llama-2-7b-chat-hf/SampleEarlyStopNPOLossIrreversible/lr2e-5_b4_ga2_e10_ies_normnll_gain_ge2.0_warm2_patience1/ies_nll_gain_history.jsonl,/unlearning/experment_data/checkpoints/tofu/forget05/Llama-2-7b-chat-hf/SampleEarlyStopNPOLossIrreversible/lr2e-5_b4_ga2_e10_ies_normnll_gain_ge2.0_warm2_patience1/trainer_state.json,/unlearning/experment_data/checkpoints/tofu/forget05/Llama-2-7b-chat-hf/SampleEarlyStopNPOLossIrreversible/lr2e-5_b4_ga2_e10_ies_normnll_gain_ge2.0_warm2_patience1
forget05,200,Llama-2-7b-chat-hf,SampleEarlyStopNPOLossIrreversible,absolute_normalized_nll_gain,normalized_nll_minus_initial,lr2e-5_b4_ga2_e10_ies_normnll_gain_ge2.0_warm2_patience1_rebounddelta0.2_rpat2,False,False,2e-5,4,2,8,10,0.1,1,1,NLL,forget_anchor_random_retain,full_retain,fixed_original_batch,gain_threshold_minus_delta,,2.0,,2,,,2,1,,0.2,2,,,0.3281154441,0.6215336601,0.6421780835,0.6881778835,0.07825963437,0.1059693527,0.2968811104,5.37999075,46,154,178,24,1116,55.8,10,10,250,1516.0598,25.26766333,/unlearning/experment_data/checkpoints/tofu/forget05/Llama-2-7b-chat-hf/SampleEarlyStopNPOLossIrreversible/lr2e-5_b4_ga2_e10_ies_normnll_gain_ge2.0_warm2_patience1_rebounddelta0.2_rpat2/eval/TOFU_SUMMARY.json,/unlearning/experment_data/checkpoints/tofu/forget05/Llama-2-7b-chat-hf/SampleEarlyStopNPOLossIrreversible/lr2e-5_b4_ga2_e10_ies_normnll_gain_ge2.0_warm2_patience1_rebounddelta0.2_rpat2/ies_nll_gain_history.jsonl,/unlearning/experment_data/checkpoints/tofu/forget05/Llama-2-7b-chat-hf/SampleEarlyStopNPOLossIrreversible/lr2e-5_b4_ga2_e10_ies_normnll_gain_ge2.0_warm2_patience1_rebounddelta0.2_rpat2/trainer_state.json,/unlearning/experment_data/checkpoints/tofu/forget05/Llama-2-7b-chat-hf/SampleEarlyStopNPOLossIrreversible/lr2e-5_b4_ga2_e10_ies_normnll_gain_ge2.0_warm2_patience1_rebounddelta0.2_rpat2
forget05,200,Llama-2-7b-chat-hf,SampleEarlyStopNPOLossIrreversible,absolute_normalized_nll_gain,normalized_nll_minus_initial,lr2e-5_b4_ga2_e10_ies_normnll_gain_ge2.2_warm2_patience1,False,False,2e-5,4,2,8,10,0.1,1,1,NLL,forget_anchor_random_retain,full_retain,fixed_original_batch,none_irreversible,,2.2,,2.2,,,2,1,,,,,,0.1420746515,0.6225002747,0.6464809046,0.6986270747,0.07874592119,0.1173929596,0.3294411647,2.150454755,44,156,156,0,1037,51.85,10,10,250,1519.2585,25.320975,/unlearning/experment_data/checkpoints/tofu/forget05/Llama-2-7b-chat-hf/SampleEarlyStopNPOLossIrreversible/lr2e-5_b4_ga2_e10_ies_normnll_gain_ge2.2_warm2_patience1/eval/TOFU_SUMMARY.json,/unlearning/experment_data/checkpoints/tofu/forget05/Llama-2-7b-chat-hf/SampleEarlyStopNPOLossIrreversible/lr2e-5_b4_ga2_e10_ies_normnll_gain_ge2.2_warm2_patience1/ies_nll_gain_history.jsonl,/unlearning/experment_data/checkpoints/tofu/forget05/Llama-2-7b-chat-hf/SampleEarlyStopNPOLossIrreversible/lr2e-5_b4_ga2_e10_ies_normnll_gain_ge2.2_warm2_patience1/trainer_state.json,/unlearning/experment_data/checkpoints/tofu/forget05/Llama-2-7b-chat-hf/SampleEarlyStopNPOLossIrreversible/lr2e-5_b4_ga2_e10_ies_normnll_gain_ge2.2_warm2_patience1
forget05,200,Llama-2-7b-chat-hf,SampleEarlyStopNPOLossIrreversible,absolute_normalized_nll_gain,normalized_nll_minus_initial,lr2e-5_b4_ga2_e10_ies_normnll_gain_ge2.2_warm2_patience1_rebounddelta0.2_rpat2,False,False,2e-5,4,2,8,10,0.1,1,1,NLL,forget_anchor_random_retain,full_retain,fixed_original_batch,gain_threshold_minus_delta,,2.2,,2.2,,,2,1,,0.2,2,,,0.1122836029,0.6197713862,0.6413086187,0.6844822849,0.07839447448,0.1008784676,0.307185179,9.522891936,66,134,166,32,1004,50.2,10,10,250,1521.1866,25.35311,/unlearning/experment_data/checkpoints/tofu/forget05/Llama-2-7b-chat-hf/SampleEarlyStopNPOLossIrreversible/lr2e-5_b4_ga2_e10_ies_normnll_gain_ge2.2_warm2_patience1_rebounddelta0.2_rpat2/eval/TOFU_SUMMARY.json,/unlearning/experment_data/checkpoints/tofu/forget05/Llama-2-7b-chat-hf/SampleEarlyStopNPOLossIrreversible/lr2e-5_b4_ga2_e10_ies_normnll_gain_ge2.2_warm2_patience1_rebounddelta0.2_rpat2/ies_nll_gain_history.jsonl,/unlearning/experment_data/checkpoints/tofu/forget05/Llama-2-7b-chat-hf/SampleEarlyStopNPOLossIrreversible/lr2e-5_b4_ga2_e10_ies_normnll_gain_ge2.2_warm2_patience1_rebounddelta0.2_rpat2/trainer_state.json,/unlearning/experment_data/checkpoints/tofu/forget05/Llama-2-7b-chat-hf/SampleEarlyStopNPOLossIrreversible/lr2e-5_b4_ga2_e10_ies_normnll_gain_ge2.2_warm2_patience1_rebounddelta0.2_rpat2
forget05,200,Llama-2-7b-chat-hf,SampleEarlyStopNPOLossIrreversible,normalized_nll_second_difference,normalized_nll_second_difference,lr2e-5_b4_ga2_e10_ies_normnll_irreversible_d2absmean3_tau0.1,False,False,2e-5,4,2,8,10,0.1,1,1,NLL,forget_anchor_random_retain,full_retain,fixed_original_batch,none_irreversible,,0.1,,,0.1,3,,,,,,,,0.3281154441,0.6417563589,0.6467023504,0.661571741,0.06844616036,0.06505482674,0.2867617382,30.39155233,25,175,175,0,95,4.75,10,10,240,1483.5245,24.72540833,/unlearning/experment_data/checkpoints/tofu/forget05/Llama-2-7b-chat-hf/SampleEarlyStopNPOLossIrreversible/lr2e-5_b4_ga2_e10_ies_normnll_irreversible_d2absmean3_tau0.1/eval/TOFU_SUMMARY.json,/unlearning/experment_data/checkpoints/tofu/forget05/Llama-2-7b-chat-hf/SampleEarlyStopNPOLossIrreversible/lr2e-5_b4_ga2_e10_ies_normnll_irreversible_d2absmean3_tau0.1/ies_normalized_nll_irreversible_history.jsonl,/unlearning/experment_data/checkpoints/tofu/forget05/Llama-2-7b-chat-hf/SampleEarlyStopNPOLossIrreversible/lr2e-5_b4_ga2_e10_ies_normnll_irreversible_d2absmean3_tau0.1/trainer_state.json,/unlearning/experment_data/checkpoints/tofu/forget05/Llama-2-7b-chat-hf/SampleEarlyStopNPOLossIrreversible/lr2e-5_b4_ga2_e10_ies_normnll_irreversible_d2absmean3_tau0.1
forget05,200,Llama-2-7b-chat-hf,SampleEarlyStopNPOLossIrreversible,normalized_nll_second_difference,normalized_nll_second_difference,lr2e-5_b4_ga2_e10_ies_normnll_irreversible_d2absmean3_tau0.12,False,False,2e-5,4,2,8,10,0.1,1,1,NLL,forget_anchor_random_retain,full_retain,fixed_original_batch,none_irreversible,,0.12,,,0.12,3,,,,,,,,0.3281154441,0.6414567334,0.6472757124,0.6608574782,0.06787382939,0.06513354301,0.2777244388,30.42623708,17,183,183,0,120,6,10,10,237,1464.7829,24.41304833,/unlearning/experment_data/checkpoints/tofu/forget05/Llama-2-7b-chat-hf/SampleEarlyStopNPOLossIrreversible/lr2e-5_b4_ga2_e10_ies_normnll_irreversible_d2absmean3_tau0.12/eval/TOFU_SUMMARY.json,/unlearning/experment_data/checkpoints/tofu/forget05/Llama-2-7b-chat-hf/SampleEarlyStopNPOLossIrreversible/lr2e-5_b4_ga2_e10_ies_normnll_irreversible_d2absmean3_tau0.12/ies_normalized_nll_irreversible_history.jsonl,/unlearning/experment_data/checkpoints/tofu/forget05/Llama-2-7b-chat-hf/SampleEarlyStopNPOLossIrreversible/lr2e-5_b4_ga2_e10_ies_normnll_irreversible_d2absmean3_tau0.12/trainer_state.json,/unlearning/experment_data/checkpoints/tofu/forget05/Llama-2-7b-chat-hf/SampleEarlyStopNPOLossIrreversible/lr2e-5_b4_ga2_e10_ies_normnll_irreversible_d2absmean3_tau0.12
forget05,200,Llama-2-7b-chat-hf,SampleEarlyStopNPOLossIrreversible,normalized_nll_second_difference,normalized_nll_second_difference,lr2e-5_b4_ga2_e10_ies_normnll_irreversible_d2absmean3_tau0.15,False,False,2e-5,4,2,8,10,0.1,1,1,NLL,forget_anchor_random_retain,full_retain,fixed_original_batch,none_irreversible,,0.15,,,0.15,3,,,,,,,,0.3281154441,0.6413037668,0.6454069644,0.6609449579,0.06776807146,0.06496845245,0.2854013249,30.54185293,10,190,190,0,164,8.2,10,10,231,1427.2566,23.78761,/unlearning/experment_data/checkpoints/tofu/forget05/Llama-2-7b-chat-hf/SampleEarlyStopNPOLossIrreversible/lr2e-5_b4_ga2_e10_ies_normnll_irreversible_d2absmean3_tau0.15/eval/TOFU_SUMMARY.json,/unlearning/experment_data/checkpoints/tofu/forget05/Llama-2-7b-chat-hf/SampleEarlyStopNPOLossIrreversible/lr2e-5_b4_ga2_e10_ies_normnll_irreversible_d2absmean3_tau0.15/ies_normalized_nll_irreversible_history.jsonl,/unlearning/experment_data/checkpoints/tofu/forget05/Llama-2-7b-chat-hf/SampleEarlyStopNPOLossIrreversible/lr2e-5_b4_ga2_e10_ies_normnll_irreversible_d2absmean3_tau0.15/trainer_state.json,/unlearning/experment_data/checkpoints/tofu/forget05/Llama-2-7b-chat-hf/SampleEarlyStopNPOLossIrreversible/lr2e-5_b4_ga2_e10_ies_normnll_irreversible_d2absmean3_tau0.15
forget05,200,Llama-2-7b-chat-hf,SampleEarlyStopNPOLossIrreversible,normalized_nll_second_difference,normalized_nll_second_difference,lr2e-5_b4_ga2_e10_ies_normnll_irreversible_d2absmean3_tau0.18,False,False,2e-5,4,2,8,10,0.1,1,1,NLL,forget_anchor_random_retain,full_retain,fixed_original_batch,none_irreversible,,0.18,,,0.18,3,,,,,,,,0.3281154441,0.641017084,0.6457701083,0.661225144,0.06771998323,0.06502928734,0.2838054792,30.46092184,6,194,194,0,194,9.7,10,10,228,1404.2107,23.40351167,/unlearning/experment_data/checkpoints/tofu/forget05/Llama-2-7b-chat-hf/SampleEarlyStopNPOLossIrreversible/lr2e-5_b4_ga2_e10_ies_normnll_irreversible_d2absmean3_tau0.18/eval/TOFU_SUMMARY.json,/unlearning/experment_data/checkpoints/tofu/forget05/Llama-2-7b-chat-hf/SampleEarlyStopNPOLossIrreversible/lr2e-5_b4_ga2_e10_ies_normnll_irreversible_d2absmean3_tau0.18/ies_normalized_nll_irreversible_history.jsonl,/unlearning/experment_data/checkpoints/tofu/forget05/Llama-2-7b-chat-hf/SampleEarlyStopNPOLossIrreversible/lr2e-5_b4_ga2_e10_ies_normnll_irreversible_d2absmean3_tau0.18/trainer_state.json,/unlearning/experment_data/checkpoints/tofu/forget05/Llama-2-7b-chat-hf/SampleEarlyStopNPOLossIrreversible/lr2e-5_b4_ga2_e10_ies_normnll_irreversible_d2absmean3_tau0.18
forget05,200,Llama-2-7b-chat-hf,SampleEarlyStopNPOLossIrreversible,npo_loss_second_difference,per_sample_npo_loss_second_difference,lr2e-5_b4_ga2_e10_ies_npoloss_irreversible_tau1e-4_stable2,False,False,2e-5,4,2,8,10,0.1,1,1,NLL,forget_anchor_random_retain,full_retain,fixed_original_batch,none_irreversible,,1e-4,,,1e-4,,,,,,,2,,0.3281154441,0.6431184309,0.6464879264,0.661101035,0.06762194402,0.06418733597,0.2761404291,30.99275474,59,141,141,0,218,10.9,10,10,224,1388.2782,23.13797,/unlearning/experment_data/checkpoints/tofu/forget05/Llama-2-7b-chat-hf/SampleEarlyStopNPOLossIrreversible/lr2e-5_b4_ga2_e10_ies_npoloss_irreversible_tau1e-4_stable2/eval/TOFU_SUMMARY.json,/unlearning/experment_data/checkpoints/tofu/forget05/Llama-2-7b-chat-hf/SampleEarlyStopNPOLossIrreversible/lr2e-5_b4_ga2_e10_ies_npoloss_irreversible_tau1e-4_stable2/ies_npo_loss_irreversible_history.jsonl,/unlearning/experment_data/checkpoints/tofu/forget05/Llama-2-7b-chat-hf/SampleEarlyStopNPOLossIrreversible/lr2e-5_b4_ga2_e10_ies_npoloss_irreversible_tau1e-4_stable2/trainer_state.json,/unlearning/experment_data/checkpoints/tofu/forget05/Llama-2-7b-chat-hf/SampleEarlyStopNPOLossIrreversible/lr2e-5_b4_ga2_e10_ies_npoloss_irreversible_tau1e-4_stable2
forget05,200,Llama-2-7b-chat-hf,SampleEarlyStopNPOLossIrreversible,npo_loss_second_difference,per_sample_npo_loss_second_difference,lr2e-5_b4_ga2_e10_ies_npoloss_irreversible_tau1e-5_stable2,False,False,2e-5,4,2,8,10,0.1,1,1,NLL,forget_anchor_random_retain,full_retain,fixed_original_batch,none_irreversible,,1e-5,,,1e-5,,,,,,,2,,0.3281154441,0.6416391715,0.6470992924,0.659410592,0.06744692521,0.06448187828,0.2765061644,30.7653769,128,72,72,0,111,5.55,10,10,238,1495.2794,24.92132333,/unlearning/experment_data/checkpoints/tofu/forget05/Llama-2-7b-chat-hf/SampleEarlyStopNPOLossIrreversible/lr2e-5_b4_ga2_e10_ies_npoloss_irreversible_tau1e-5_stable2/eval/TOFU_SUMMARY.json,/unlearning/experment_data/checkpoints/tofu/forget05/Llama-2-7b-chat-hf/SampleEarlyStopNPOLossIrreversible/lr2e-5_b4_ga2_e10_ies_npoloss_irreversible_tau1e-5_stable2/ies_npo_loss_irreversible_history.jsonl,/unlearning/experment_data/checkpoints/tofu/forget05/Llama-2-7b-chat-hf/SampleEarlyStopNPOLossIrreversible/lr2e-5_b4_ga2_e10_ies_npoloss_irreversible_tau1e-5_stable2/trainer_state.json,/unlearning/experment_data/checkpoints/tofu/forget05/Llama-2-7b-chat-hf/SampleEarlyStopNPOLossIrreversible/lr2e-5_b4_ga2_e10_ies_npoloss_irreversible_tau1e-5_stable2
forget05,200,Llama-2-7b-chat-hf,SampleEarlyStopNPOLossIrreversible,npo_loss_second_difference,per_sample_npo_loss_second_difference,lr2e-5_b4_ga2_e10_ies_npoloss_irreversible_tau3e-5_stable2,False,False,2e-5,4,2,8,10,0.1,1,1,NLL,forget_anchor_random_retain,full_retain,fixed_original_batch,none_irreversible,,3e-5,,,3e-5,,,,,,,2,,0.3281154441,0.6407368172,0.6458522647,0.6593383683,0.06733328885,0.06441986084,0.2773098296,30.88099275,94,106,106,0,155,7.75,10,10,232,1439.9763,23.999605,/unlearning/experment_data/checkpoints/tofu/forget05/Llama-2-7b-chat-hf/SampleEarlyStopNPOLossIrreversible/lr2e-5_b4_ga2_e10_ies_npoloss_irreversible_tau3e-5_stable2/eval/TOFU_SUMMARY.json,/unlearning/experment_data/checkpoints/tofu/forget05/Llama-2-7b-chat-hf/SampleEarlyStopNPOLossIrreversible/lr2e-5_b4_ga2_e10_ies_npoloss_irreversible_tau3e-5_stable2/ies_npo_loss_irreversible_history.jsonl,/unlearning/experment_data/checkpoints/tofu/forget05/Llama-2-7b-chat-hf/SampleEarlyStopNPOLossIrreversible/lr2e-5_b4_ga2_e10_ies_npoloss_irreversible_tau3e-5_stable2/trainer_state.json,/unlearning/experment_data/checkpoints/tofu/forget05/Llama-2-7b-chat-hf/SampleEarlyStopNPOLossIrreversible/lr2e-5_b4_ga2_e10_ies_npoloss_irreversible_tau3e-5_stable2
forget05,200,Llama-2-7b-chat-hf,SampleEarlyStopNPOLossIrreversible,npo_loss_second_difference,per_sample_npo_loss_second_difference,lr2e-5_b4_ga2_e10_ies_npoloss_irreversible_tau5e-5_stable2,False,False,2e-5,4,2,8,10,0.1,1,1,NLL,forget_anchor_random_retain,full_retain,fixed_original_batch,none_irreversible,,5e-5,,,5e-5,,,,,,,2,,0.3935274336,0.6428436032,0.6471032702,0.6593988605,0.06707905156,0.06441050529,0.2806632031,30.73069215,79,121,121,0,189,9.45,10,10,228,1407.7209,23.462015,/unlearning/experment_data/checkpoints/tofu/forget05/Llama-2-7b-chat-hf/SampleEarlyStopNPOLossIrreversible/lr2e-5_b4_ga2_e10_ies_npoloss_irreversible_tau5e-5_stable2/eval/TOFU_SUMMARY.json,/unlearning/experment_data/checkpoints/tofu/forget05/Llama-2-7b-chat-hf/SampleEarlyStopNPOLossIrreversible/lr2e-5_b4_ga2_e10_ies_npoloss_irreversible_tau5e-5_stable2/ies_npo_loss_irreversible_history.jsonl,/unlearning/experment_data/checkpoints/tofu/forget05/Llama-2-7b-chat-hf/SampleEarlyStopNPOLossIrreversible/lr2e-5_b4_ga2_e10_ies_npoloss_irreversible_tau5e-5_stable2/trainer_state.json,/unlearning/experment_data/checkpoints/tofu/forget05/Llama-2-7b-chat-hf/SampleEarlyStopNPOLossIrreversible/lr2e-5_b4_ga2_e10_ies_npoloss_irreversible_tau5e-5_stable2
forget05,200,Llama-2-7b-chat-hf,SampleEarlyStopNPOLossIrreversible,npo_loss_second_difference,per_sample_npo_loss_second_difference,lr2e-5_b4_ga2_e10_ies_npoloss_irreversible_tau7e-5_stable2,False,False,2e-5,4,2,8,10,0.1,1,1,NLL,forget_anchor_random_retain,full_retain,fixed_original_batch,none_irreversible,,7e-5,,,7e-5,,,,,,,2,,0.3281154441,0.6414833818,0.6466673628,0.6591507031,0.06723524963,0.0641119957,0.2821700755,30.8964082,71,129,129,0,199,9.95,10,10,227,1404.4461,23.407435,/unlearning/experment_data/checkpoints/tofu/forget05/Llama-2-7b-chat-hf/SampleEarlyStopNPOLossIrreversible/lr2e-5_b4_ga2_e10_ies_npoloss_irreversible_tau7e-5_stable2/eval/TOFU_SUMMARY.json,/unlearning/experment_data/checkpoints/tofu/forget05/Llama-2-7b-chat-hf/SampleEarlyStopNPOLossIrreversible/lr2e-5_b4_ga2_e10_ies_npoloss_irreversible_tau7e-5_stable2/ies_npo_loss_irreversible_history.jsonl,/unlearning/experment_data/checkpoints/tofu/forget05/Llama-2-7b-chat-hf/SampleEarlyStopNPOLossIrreversible/lr2e-5_b4_ga2_e10_ies_npoloss_irreversible_tau7e-5_stable2/trainer_state.json,/unlearning/experment_data/checkpoints/tofu/forget05/Llama-2-7b-chat-hf/SampleEarlyStopNPOLossIrreversible/lr2e-5_b4_ga2_e10_ies_npoloss_irreversible_tau7e-5_stable2
forget05,200,Llama-2-7b-chat-hf,SampleEarlyStopNPOLossIrreversible,absolute_normalized_nll_gain,normalized_nll_minus_initial,lr2e-5_b8_ga2_e10_ies_normnll_gain_ge1.8_warm2_patience1,False,False,2e-5,8,2,16,10,0.1,1,1,NLL,forget_anchor_random_retain,full_retain,fixed_original_batch,none_irreversible,,1.8,,1.8,,,2,1,,,,,,0.1420746515,0.5920875653,0.6507263822,0.6840458889,0.09294235656,0.1257496834,0.2430968448,1.107985201,31,169,169,0,936,46.8,9,9.24,120,1260.6534,21.01089,/unlearning/experment_data/checkpoints/tofu/forget05/Llama-2-7b-chat-hf/SampleEarlyStopNPOLossIrreversible/lr2e-5_b8_ga2_e10_ies_normnll_gain_ge1.8_warm2_patience1/eval/TOFU_SUMMARY.json,/unlearning/experment_data/checkpoints/tofu/forget05/Llama-2-7b-chat-hf/SampleEarlyStopNPOLossIrreversible/lr2e-5_b8_ga2_e10_ies_normnll_gain_ge1.8_warm2_patience1/ies_nll_gain_history.jsonl,/unlearning/experment_data/checkpoints/tofu/forget05/Llama-2-7b-chat-hf/SampleEarlyStopNPOLossIrreversible/lr2e-5_b8_ga2_e10_ies_normnll_gain_ge1.8_warm2_patience1/trainer_state.json,/unlearning/experment_data/checkpoints/tofu/forget05/Llama-2-7b-chat-hf/SampleEarlyStopNPOLossIrreversible/lr2e-5_b8_ga2_e10_ies_normnll_gain_ge1.8_warm2_patience1
forget05,200,Llama-2-7b-chat-hf,SampleEarlyStopNPOLossIrreversible,absolute_normalized_nll_gain,normalized_nll_minus_initial,lr2e-5_b8_ga2_e10_ies_normnll_gain_ge2.0_warm2_patience1,False,False,2e-5,8,2,16,10,0.1,1,1,NLL,forget_anchor_random_retain,full_retain,fixed_original_batch,none_irreversible,,2.0,,2,,,2,1,,,,,,0.1122836029,0.5907090535,0.6497542635,0.6897012918,0.09127849485,0.1163870239,0.2580223519,4.308617234,50,150,150,0,825,41.25,9,9.24,120,774.5535,12.909225,/unlearning/experment_data/checkpoints/tofu/forget05/Llama-2-7b-chat-hf/SampleEarlyStopNPOLossIrreversible/lr2e-5_b8_ga2_e10_ies_normnll_gain_ge2.0_warm2_patience1/eval/TOFU_SUMMARY.json,/unlearning/experment_data/checkpoints/tofu/forget05/Llama-2-7b-chat-hf/SampleEarlyStopNPOLossIrreversible/lr2e-5_b8_ga2_e10_ies_normnll_gain_ge2.0_warm2_patience1/ies_nll_gain_history.jsonl,/unlearning/experment_data/checkpoints/tofu/forget05/Llama-2-7b-chat-hf/SampleEarlyStopNPOLossIrreversible/lr2e-5_b8_ga2_e10_ies_normnll_gain_ge2.0_warm2_patience1/trainer_state.json,/unlearning/experment_data/checkpoints/tofu/forget05/Llama-2-7b-chat-hf/SampleEarlyStopNPOLossIrreversible/lr2e-5_b8_ga2_e10_ies_normnll_gain_ge2.0_warm2_patience1
forget05,200,Llama-2-7b-chat-hf,SampleEarlyStopNPOLossIrreversible,absolute_normalized_nll_gain,normalized_nll_minus_initial,lr2e-5_b8_ga2_e10_ies_normnll_gain_ge2.2_warm2_patience1,False,False,2e-5,8,2,16,10,0.1,1,1,NLL,forget_anchor_random_retain,full_retain,fixed_original_batch,none_irreversible,,2.2,,2.2,,,2,1,,,,,,0.1420746515,0.5853598458,0.650887388,0.689866258,0.08988501937,0.1136637115,0.2661218154,7.73855403,64,136,136,0,736,36.8,9,9.24,120,780.5221,13.00870167,/unlearning/experment_data/checkpoints/tofu/forget05/Llama-2-7b-chat-hf/SampleEarlyStopNPOLossIrreversible/lr2e-5_b8_ga2_e10_ies_normnll_gain_ge2.2_warm2_patience1/eval/TOFU_SUMMARY.json,/unlearning/experment_data/checkpoints/tofu/forget05/Llama-2-7b-chat-hf/SampleEarlyStopNPOLossIrreversible/lr2e-5_b8_ga2_e10_ies_normnll_gain_ge2.2_warm2_patience1/ies_nll_gain_history.jsonl,/unlearning/experment_data/checkpoints/tofu/forget05/Llama-2-7b-chat-hf/SampleEarlyStopNPOLossIrreversible/lr2e-5_b8_ga2_e10_ies_normnll_gain_ge2.2_warm2_patience1/trainer_state.json,/unlearning/experment_data/checkpoints/tofu/forget05/Llama-2-7b-chat-hf/SampleEarlyStopNPOLossIrreversible/lr2e-5_b8_ga2_e10_ies_normnll_gain_ge2.2_warm2_patience1
forget05,200,Llama-2-7b-chat-hf,SampleEarlyStopNPOLossIrreversible,absolute_normalized_nll_gain,normalized_nll_minus_initial,lr5e-5_b4_ga2_e10_ies_normnll_gain_ge1.8_warm2_patience1,False,False,5e-5,4,2,8,10,0.1,1,1,NLL,forget_anchor_random_retain,full_retain,fixed_original_batch,none_irreversible,,1.8,,1.8,,,2,1,,,,,,0.1420746515,0.5438044844,0.6259355434,0.617659592,0.06849085346,0.0515249138,0.232305926,44.72020964,3,197,197,0,1369,68.45,10,10,250,1479.7359,24.662265,/unlearning/experment_data/checkpoints/tofu/forget05/Llama-2-7b-chat-hf/SampleEarlyStopNPOLossIrreversible/lr5e-5_b4_ga2_e10_ies_normnll_gain_ge1.8_warm2_patience1/eval/TOFU_SUMMARY.json,/unlearning/experment_data/checkpoints/tofu/forget05/Llama-2-7b-chat-hf/SampleEarlyStopNPOLossIrreversible/lr5e-5_b4_ga2_e10_ies_normnll_gain_ge1.8_warm2_patience1/ies_nll_gain_history.jsonl,/unlearning/experment_data/checkpoints/tofu/forget05/Llama-2-7b-chat-hf/SampleEarlyStopNPOLossIrreversible/lr5e-5_b4_ga2_e10_ies_normnll_gain_ge1.8_warm2_patience1/trainer_state.json,/unlearning/experment_data/checkpoints/tofu/forget05/Llama-2-7b-chat-hf/SampleEarlyStopNPOLossIrreversible/lr5e-5_b4_ga2_e10_ies_normnll_gain_ge1.8_warm2_patience1
forget05,200,Llama-2-7b-chat-hf,SampleEarlyStopNPOLossIrreversible,absolute_normalized_nll_gain,normalized_nll_minus_initial,lr5e-5_b4_ga2_e10_ies_normnll_gain_ge1.8_warm2_patience1_rebounddelta0.2_rpat2,False,False,5e-5,4,2,8,10,0.1,1,1,NLL,forget_anchor_random_retain,full_retain,fixed_original_batch,gain_threshold_minus_delta,,1.8,,1.8,,,2,1,,0.2,2,,,0.2704743833,0.5451322382,0.6240332575,0.6018496379,0.06879147799,0.05004791611,0.2398692403,46.33112378,2,198,200,2,1371,68.55,10,10,250,1492.8856,24.88142667,/unlearning/experment_data/checkpoints/tofu/forget05/Llama-2-7b-chat-hf/SampleEarlyStopNPOLossIrreversible/lr5e-5_b4_ga2_e10_ies_normnll_gain_ge1.8_warm2_patience1_rebounddelta0.2_rpat2/eval/TOFU_SUMMARY.json,/unlearning/experment_data/checkpoints/tofu/forget05/Llama-2-7b-chat-hf/SampleEarlyStopNPOLossIrreversible/lr5e-5_b4_ga2_e10_ies_normnll_gain_ge1.8_warm2_patience1_rebounddelta0.2_rpat2/ies_nll_gain_history.jsonl,/unlearning/experment_data/checkpoints/tofu/forget05/Llama-2-7b-chat-hf/SampleEarlyStopNPOLossIrreversible/lr5e-5_b4_ga2_e10_ies_normnll_gain_ge1.8_warm2_patience1_rebounddelta0.2_rpat2/trainer_state.json,/unlearning/experment_data/checkpoints/tofu/forget05/Llama-2-7b-chat-hf/SampleEarlyStopNPOLossIrreversible/lr5e-5_b4_ga2_e10_ies_normnll_gain_ge1.8_warm2_patience1_rebounddelta0.2_rpat2
forget05,200,Llama-2-7b-chat-hf,SampleEarlyStopNPOLossIrreversible,absolute_normalized_nll_gain,normalized_nll_minus_initial,lr5e-5_b4_ga2_e10_ies_normnll_gain_ge2.0_warm2_patience1,False,False,5e-5,4,2,8,10,0.1,1,1,NLL,forget_anchor_random_retain,full_retain,fixed_original_batch,none_irreversible,,2.0,,2,,,2,1,,,,,,0.1420746515,0.5553733134,0.6271919618,0.6121530653,0.06601160725,0.05093793858,0.2346407724,45.22891937,7,193,193,0,1324,66.2,10,10,250,1492.8591,24.880985,/unlearning/experment_data/checkpoints/tofu/forget05/Llama-2-7b-chat-hf/SampleEarlyStopNPOLossIrreversible/lr5e-5_b4_ga2_e10_ies_normnll_gain_ge2.0_warm2_patience1/eval/TOFU_SUMMARY.json,/unlearning/experment_data/checkpoints/tofu/forget05/Llama-2-7b-chat-hf/SampleEarlyStopNPOLossIrreversible/lr5e-5_b4_ga2_e10_ies_normnll_gain_ge2.0_warm2_patience1/ies_nll_gain_history.jsonl,/unlearning/experment_data/checkpoints/tofu/forget05/Llama-2-7b-chat-hf/SampleEarlyStopNPOLossIrreversible/lr5e-5_b4_ga2_e10_ies_normnll_gain_ge2.0_warm2_patience1/trainer_state.json,/unlearning/experment_data/checkpoints/tofu/forget05/Llama-2-7b-chat-hf/SampleEarlyStopNPOLossIrreversible/lr5e-5_b4_ga2_e10_ies_normnll_gain_ge2.0_warm2_patience1
forget05,200,Llama-2-7b-chat-hf,SampleEarlyStopNPOLossIrreversible,absolute_normalized_nll_gain,normalized_nll_minus_initial,lr5e-5_b4_ga2_e10_ies_normnll_gain_ge2.0_warm2_patience1_rebounddelta0.2_rpat2,False,False,5e-5,4,2,8,10,0.1,1,1,NLL,forget_anchor_random_retain,full_retain,fixed_original_batch,gain_threshold_minus_delta,,2.0,,2,,,2,1,,0.2,2,,,0.08783828267,0.5493121779,0.6246461243,0.6025816005,0.06779313344,0.04937173655,0.2311106431,45.96500693,7,193,195,2,1325,66.25,10,10,250,1492.5586,24.87597667,/unlearning/experment_data/checkpoints/tofu/forget05/Llama-2-7b-chat-hf/SampleEarlyStopNPOLossIrreversible/lr5e-5_b4_ga2_e10_ies_normnll_gain_ge2.0_warm2_patience1_rebounddelta0.2_rpat2/eval/TOFU_SUMMARY.json,/unlearning/experment_data/checkpoints/tofu/forget05/Llama-2-7b-chat-hf/SampleEarlyStopNPOLossIrreversible/lr5e-5_b4_ga2_e10_ies_normnll_gain_ge2.0_warm2_patience1_rebounddelta0.2_rpat2/ies_nll_gain_history.jsonl,/unlearning/experment_data/checkpoints/tofu/forget05/Llama-2-7b-chat-hf/SampleEarlyStopNPOLossIrreversible/lr5e-5_b4_ga2_e10_ies_normnll_gain_ge2.0_warm2_patience1_rebounddelta0.2_rpat2/trainer_state.json,/unlearning/experment_data/checkpoints/tofu/forget05/Llama-2-7b-chat-hf/SampleEarlyStopNPOLossIrreversible/lr5e-5_b4_ga2_e10_ies_normnll_gain_ge2.0_warm2_patience1_rebounddelta0.2_rpat2
forget05,200,Llama-2-7b-chat-hf,SampleEarlyStopNPOLossIrreversible,absolute_normalized_nll_gain,normalized_nll_minus_initial,lr5e-5_b4_ga2_e10_ies_normnll_gain_ge2.2_warm2_patience1,False,False,5e-5,4,2,8,10,0.1,1,1,NLL,forget_anchor_random_retain,full_retain,fixed_original_batch,none_irreversible,,2.2,,2.2,,,2,1,,,,,,0.2704743833,0.5656819616,0.6224325002,0.6194553366,0.06807164154,0.05034654588,0.2203821983,46.76661014,17,183,183,0,1256,62.8,10,10,250,1500.1065,25.001775,/unlearning/experment_data/checkpoints/tofu/forget05/Llama-2-7b-chat-hf/SampleEarlyStopNPOLossIrreversible/lr5e-5_b4_ga2_e10_ies_normnll_gain_ge2.2_warm2_patience1/eval/TOFU_SUMMARY.json,/unlearning/experment_data/checkpoints/tofu/forget05/Llama-2-7b-chat-hf/SampleEarlyStopNPOLossIrreversible/lr5e-5_b4_ga2_e10_ies_normnll_gain_ge2.2_warm2_patience1/ies_nll_gain_history.jsonl,/unlearning/experment_data/checkpoints/tofu/forget05/Llama-2-7b-chat-hf/SampleEarlyStopNPOLossIrreversible/lr5e-5_b4_ga2_e10_ies_normnll_gain_ge2.2_warm2_patience1/trainer_state.json,/unlearning/experment_data/checkpoints/tofu/forget05/Llama-2-7b-chat-hf/SampleEarlyStopNPOLossIrreversible/lr5e-5_b4_ga2_e10_ies_normnll_gain_ge2.2_warm2_patience1
forget05,200,Llama-2-7b-chat-hf,SampleEarlyStopNPOLossIrreversible,absolute_normalized_nll_gain,normalized_nll_minus_initial,lr5e-5_b4_ga2_e10_ies_normnll_gain_ge2.2_warm2_patience1_rebounddelta0.2_rpat2,False,False,5e-5,4,2,8,10,0.1,1,1,NLL,forget_anchor_random_retain,full_retain,fixed_original_batch,gain_threshold_minus_delta,,2.2,,2.2,,,2,1,,0.2,2,,,0.2205412176,0.5719435384,0.6151092765,0.6005919502,0.06756760111,0.04636295948,0.213060862,47.60675196,17,183,186,3,1256,62.8,10,10,250,1508.7902,25.14650333,/unlearning/experment_data/checkpoints/tofu/forget05/Llama-2-7b-chat-hf/SampleEarlyStopNPOLossIrreversible/lr5e-5_b4_ga2_e10_ies_normnll_gain_ge2.2_warm2_patience1_rebounddelta0.2_rpat2/eval/TOFU_SUMMARY.json,/unlearning/experment_data/checkpoints/tofu/forget05/Llama-2-7b-chat-hf/SampleEarlyStopNPOLossIrreversible/lr5e-5_b4_ga2_e10_ies_normnll_gain_ge2.2_warm2_patience1_rebounddelta0.2_rpat2/ies_nll_gain_history.jsonl,/unlearning/experment_data/checkpoints/tofu/forget05/Llama-2-7b-chat-hf/SampleEarlyStopNPOLossIrreversible/lr5e-5_b4_ga2_e10_ies_normnll_gain_ge2.2_warm2_patience1_rebounddelta0.2_rpat2/trainer_state.json,/unlearning/experment_data/checkpoints/tofu/forget05/Llama-2-7b-chat-hf/SampleEarlyStopNPOLossIrreversible/lr5e-5_b4_ga2_e10_ies_normnll_gain_ge2.2_warm2_patience1_rebounddelta0.2_rpat2
forget05,200,Llama-2-7b-chat-hf,SampleEarlyStopNPOLossIrreversible,absolute_normalized_nll_gain,normalized_nll_minus_initial,lr5e-5_b8_ga2_e10_ies_normnll_gain_ge1.8_warm2_patience1,False,False,5e-5,8,2,16,10,0.1,1,1,NLL,forget_anchor_random_retain,full_retain,fixed_original_batch,none_irreversible,,1.8,,1.8,,,2,1,,,,,,0.02971482447,0.5870445855,0.6884170132,0.53415356,0.05682691492,0.04080927551,0.2355077226,45.9881301,0,200,200,0,1193,59.65,9,9.24,120,942.9238,15.71539667,/unlearning/experment_data/checkpoints/tofu/forget05/Llama-2-7b-chat-hf/SampleEarlyStopNPOLossIrreversible/lr5e-5_b8_ga2_e10_ies_normnll_gain_ge1.8_warm2_patience1/eval/TOFU_SUMMARY.json,/unlearning/experment_data/checkpoints/tofu/forget05/Llama-2-7b-chat-hf/SampleEarlyStopNPOLossIrreversible/lr5e-5_b8_ga2_e10_ies_normnll_gain_ge1.8_warm2_patience1/ies_nll_gain_history.jsonl,/unlearning/experment_data/checkpoints/tofu/forget05/Llama-2-7b-chat-hf/SampleEarlyStopNPOLossIrreversible/lr5e-5_b8_ga2_e10_ies_normnll_gain_ge1.8_warm2_patience1/trainer_state.json,/unlearning/experment_data/checkpoints/tofu/forget05/Llama-2-7b-chat-hf/SampleEarlyStopNPOLossIrreversible/lr5e-5_b8_ga2_e10_ies_normnll_gain_ge1.8_warm2_patience1
forget05,200,Llama-2-7b-chat-hf,SampleEarlyStopNPOLossIrreversible,absolute_normalized_nll_gain,normalized_nll_minus_initial,lr5e-5_b8_ga2_e10_ies_normnll_gain_ge2.0_warm2_patience1,False,False,5e-5,8,2,16,10,0.1,1,1,NLL,forget_anchor_random_retain,full_retain,fixed_original_batch,none_irreversible,,2.0,,2,,,2,1,,,,,,0.1122836029,0.5840847491,0.6744393116,0.5281783214,0.0556489478,0.03818427563,0.2292377241,47.20595035,3,197,197,0,1163,58.15,9,9.24,120,751.8208,12.53034667,/unlearning/experment_data/checkpoints/tofu/forget05/Llama-2-7b-chat-hf/SampleEarlyStopNPOLossIrreversible/lr5e-5_b8_ga2_e10_ies_normnll_gain_ge2.0_warm2_patience1/eval/TOFU_SUMMARY.json,/unlearning/experment_data/checkpoints/tofu/forget05/Llama-2-7b-chat-hf/SampleEarlyStopNPOLossIrreversible/lr5e-5_b8_ga2_e10_ies_normnll_gain_ge2.0_warm2_patience1/ies_nll_gain_history.jsonl,/unlearning/experment_data/checkpoints/tofu/forget05/Llama-2-7b-chat-hf/SampleEarlyStopNPOLossIrreversible/lr5e-5_b8_ga2_e10_ies_normnll_gain_ge2.0_warm2_patience1/trainer_state.json,/unlearning/experment_data/checkpoints/tofu/forget05/Llama-2-7b-chat-hf/SampleEarlyStopNPOLossIrreversible/lr5e-5_b8_ga2_e10_ies_normnll_gain_ge2.0_warm2_patience1
forget05,200,Llama-2-7b-chat-hf,SampleEarlyStopNPOLossIrreversible,absolute_normalized_nll_gain,normalized_nll_minus_initial,lr5e-5_b8_ga2_e10_ies_normnll_gain_ge2.2_warm2_patience1,False,False,5e-5,8,2,16,10,0.1,1,1,NLL,forget_anchor_random_retain,full_retain,fixed_original_batch,none_irreversible,,2.2,,2.2,,,2,1,,,,,,0.1122836029,0.5825132434,0.6780099103,0.5323159056,0.05786054889,0.04114810288,0.2097698021,46.15384615,14,186,186,0,1106,55.3,9,9.24,120,754.3467,12.572445,/unlearning/experment_data/checkpoints/tofu/forget05/Llama-2-7b-chat-hf/SampleEarlyStopNPOLossIrreversible/lr5e-5_b8_ga2_e10_ies_normnll_gain_ge2.2_warm2_patience1/eval/TOFU_SUMMARY.json,/unlearning/experment_data/checkpoints/tofu/forget05/Llama-2-7b-chat-hf/SampleEarlyStopNPOLossIrreversible/lr5e-5_b8_ga2_e10_ies_normnll_gain_ge2.2_warm2_patience1/ies_nll_gain_history.jsonl,/unlearning/experment_data/checkpoints/tofu/forget05/Llama-2-7b-chat-hf/SampleEarlyStopNPOLossIrreversible/lr5e-5_b8_ga2_e10_ies_normnll_gain_ge2.2_warm2_patience1/trainer_state.json,/unlearning/experment_data/checkpoints/tofu/forget05/Llama-2-7b-chat-hf/SampleEarlyStopNPOLossIrreversible/lr5e-5_b8_ga2_e10_ies_normnll_gain_ge2.2_warm2_patience1
forget05,200,Llama-2-7b-chat-hf,SampleEarlyStopNPOMarginalRatioDropStopped,marginal_nll_gain_ratio,normalized_nll_epoch_gain_ma,lr2e-5_b4_ga2_e10_marginalratio_ma2_stop0.05_rebound0.2_dropstopped_fixed_baseline_denoms_no_retain_recovery,False,False,2e-5,4,2,8,10,0.1,1,1,NLL,forget_anchor_random_retain,drop_paired_retain,fixed_original_batch,cumulative_progress_loss_ratio,2,0.05,0.05,,,,,,0.2,,,,,0.4662863907,0.6261448094,0.6570893714,0.6518515375,0.06709887286,0.07127283812,0.3134940457,25.1503006,1,199,200,1,649,32.45,10,,,,,/unlearning/experment_data/checkpoints/tofu/forget05/Llama-2-7b-chat-hf/SampleEarlyStopNPOMarginalRatioDropStopped/lr2e-5_b4_ga2_e10_marginalratio_ma2_stop0.05_rebound0.2_dropstopped_fixed_baseline_denoms_no_retain_recovery/eval/TOFU_SUMMARY.json,/unlearning/experment_data/checkpoints/tofu/forget05/Llama-2-7b-chat-hf/SampleEarlyStopNPOMarginalRatioDropStopped/lr2e-5_b4_ga2_e10_marginalratio_ma2_stop0.05_rebound0.2_dropstopped_fixed_baseline_denoms_no_retain_recovery/ies_nll_gain_history.jsonl,,/unlearning/experment_data/checkpoints/tofu/forget05/Llama-2-7b-chat-hf/SampleEarlyStopNPOMarginalRatioDropStopped/lr2e-5_b4_ga2_e10_marginalratio_ma2_stop0.05_rebound0.2_dropstopped_fixed_baseline_denoms_no_retain_recovery
forget05,200,Llama-2-7b-chat-hf,SampleEarlyStopNPOMarginalRatioDropStopped,marginal_nll_gain_ratio,normalized_nll_epoch_gain_ma,lr2e-5_b4_ga2_e10_marginalratio_ma3_stop0.05_rebound0.2_dropstopped_fixed_baseline_denoms_no_retain_recovery,False,False,2e-5,4,2,8,10,0.1,1,1,NLL,forget_anchor_random_retain,drop_paired_retain,fixed_original_batch,cumulative_progress_loss_ratio,3,0.05,0.05,,,,,,0.2,,,,,0.2704743833,0.6273871046,0.6553096983,0.6524827204,0.0679531933,0.06733094573,0.31660513,27.23909357,2,198,198,0,414,20.7,10,10,250,1498.4511,24.974185,/unlearning/experment_data/checkpoints/tofu/forget05/Llama-2-7b-chat-hf/SampleEarlyStopNPOMarginalRatioDropStopped/lr2e-5_b4_ga2_e10_marginalratio_ma3_stop0.05_rebound0.2_dropstopped_fixed_baseline_denoms_no_retain_recovery/eval/TOFU_SUMMARY.json,/unlearning/experment_data/checkpoints/tofu/forget05/Llama-2-7b-chat-hf/SampleEarlyStopNPOMarginalRatioDropStopped/lr2e-5_b4_ga2_e10_marginalratio_ma3_stop0.05_rebound0.2_dropstopped_fixed_baseline_denoms_no_retain_recovery/ies_nll_gain_history.jsonl,/unlearning/experment_data/checkpoints/tofu/forget05/Llama-2-7b-chat-hf/SampleEarlyStopNPOMarginalRatioDropStopped/lr2e-5_b4_ga2_e10_marginalratio_ma3_stop0.05_rebound0.2_dropstopped_fixed_baseline_denoms_no_retain_recovery/trainer_state.json,/unlearning/experment_data/checkpoints/tofu/forget05/Llama-2-7b-chat-hf/SampleEarlyStopNPOMarginalRatioDropStopped/lr2e-5_b4_ga2_e10_marginalratio_ma3_stop0.05_rebound0.2_dropstopped_fixed_baseline_denoms_no_retain_recovery
forget05,200,Llama-2-7b-chat-hf,SampleEarlyStopNPOMarginalRatioDropStopped,marginal_nll_gain_ratio,normalized_nll_epoch_gain_ma,lr2e-5_b8_ga2_e10_marginalratio_ma3_stop0.05_rebound0.2_dropstopped_fixed_baseline_denoms_no_retain_recovery,False,False,2e-5,8,2,16,10,0.1,1,1,NLL,forget_anchor_random_retain,drop_paired_retain,fixed_original_batch,cumulative_progress_loss_ratio,3,0.05,0.05,,,,,,0.2,,,,,0.00300984708,0.6087202284,0.6445356446,0.7475805193,0.1043782022,0.1449729156,0.3710916253,-29.59765685,53,147,150,3,277,13.85,9,9.24,120,806.5993,13.44332167,/unlearning/experment_data/checkpoints/tofu/forget05/Llama-2-7b-chat-hf/SampleEarlyStopNPOMarginalRatioDropStopped/lr2e-5_b8_ga2_e10_marginalratio_ma3_stop0.05_rebound0.2_dropstopped_fixed_baseline_denoms_no_retain_recovery/eval/TOFU_SUMMARY.json,/unlearning/experment_data/checkpoints/tofu/forget05/Llama-2-7b-chat-hf/SampleEarlyStopNPOMarginalRatioDropStopped/lr2e-5_b8_ga2_e10_marginalratio_ma3_stop0.05_rebound0.2_dropstopped_fixed_baseline_denoms_no_retain_recovery/ies_nll_gain_history.jsonl,/unlearning/experment_data/checkpoints/tofu/forget05/Llama-2-7b-chat-hf/SampleEarlyStopNPOMarginalRatioDropStopped/lr2e-5_b8_ga2_e10_marginalratio_ma3_stop0.05_rebound0.2_dropstopped_fixed_baseline_denoms_no_retain_recovery/trainer_state.json,/unlearning/experment_data/checkpoints/tofu/forget05/Llama-2-7b-chat-hf/SampleEarlyStopNPOMarginalRatioDropStopped/lr2e-5_b8_ga2_e10_marginalratio_ma3_stop0.05_rebound0.2_dropstopped_fixed_baseline_denoms_no_retain_recovery
forget05,200,Llama-2-7b-chat-hf,SampleEarlyStopNPOMarginalRatioDropStopped,marginal_nll_gain_ratio,normalized_nll_epoch_gain_ma,lr2e-5_b8_ga2_e10_marginalratio_ma3_stop0.15_rebound0.2_dropstopped_fixed_baseline_denoms_no_retain_recovery,False,False,2e-5,8,2,16,10,0.1,1,1,NLL,forget_anchor_random_retain,drop_paired_retain,fixed_original_batch,cumulative_progress_loss_ratio,3,0.15,0.15,,,,,,0.2,,,,,0.002082763383,0.6081440389,0.6416213371,0.7502554774,0.1040065485,0.1495027924,0.3680001938,-30.59580699,21,179,182,3,417,20.85,9,9.24,120,799.9056,13.33176,/unlearning/experment_data/checkpoints/tofu/forget05/Llama-2-7b-chat-hf/SampleEarlyStopNPOMarginalRatioDropStopped/lr2e-5_b8_ga2_e10_marginalratio_ma3_stop0.15_rebound0.2_dropstopped_fixed_baseline_denoms_no_retain_recovery/eval/TOFU_SUMMARY.json,/unlearning/experment_data/checkpoints/tofu/forget05/Llama-2-7b-chat-hf/SampleEarlyStopNPOMarginalRatioDropStopped/lr2e-5_b8_ga2_e10_marginalratio_ma3_stop0.15_rebound0.2_dropstopped_fixed_baseline_denoms_no_retain_recovery/ies_nll_gain_history.jsonl,/unlearning/experment_data/checkpoints/tofu/forget05/Llama-2-7b-chat-hf/SampleEarlyStopNPOMarginalRatioDropStopped/lr2e-5_b8_ga2_e10_marginalratio_ma3_stop0.15_rebound0.2_dropstopped_fixed_baseline_denoms_no_retain_recovery/trainer_state.json,/unlearning/experment_data/checkpoints/tofu/forget05/Llama-2-7b-chat-hf/SampleEarlyStopNPOMarginalRatioDropStopped/lr2e-5_b8_ga2_e10_marginalratio_ma3_stop0.15_rebound0.2_dropstopped_fixed_baseline_denoms_no_retain_recovery
forget05,200,Llama-2-7b-chat-hf,SampleEarlyStopNPOMarginalRatioDropStopped,marginal_nll_gain_ratio,normalized_nll_epoch_gain_ma,lr2e-5_b8_ga2_e10_marginalratio_ma3_stop0.1_rebound0.2_dropstopped_fixed_baseline_denoms_no_retain_recovery,False,False,2e-5,8,2,16,10,0.1,1,1,NLL,forget_anchor_random_retain,drop_paired_retain,fixed_original_batch,cumulative_progress_loss_ratio,3,0.1,0.1,,,,,,0.2,,,,,0.002082763383,0.6097139575,0.64302275,0.7496716672,0.1048940022,0.1478238678,0.3656882949,-29.69785725,32,168,172,4,363,18.15,9,9.24,120,802.4841,13.374735,/unlearning/experment_data/checkpoints/tofu/forget05/Llama-2-7b-chat-hf/SampleEarlyStopNPOMarginalRatioDropStopped/lr2e-5_b8_ga2_e10_marginalratio_ma3_stop0.1_rebound0.2_dropstopped_fixed_baseline_denoms_no_retain_recovery/eval/TOFU_SUMMARY.json,/unlearning/experment_data/checkpoints/tofu/forget05/Llama-2-7b-chat-hf/SampleEarlyStopNPOMarginalRatioDropStopped/lr2e-5_b8_ga2_e10_marginalratio_ma3_stop0.1_rebound0.2_dropstopped_fixed_baseline_denoms_no_retain_recovery/ies_nll_gain_history.jsonl,/unlearning/experment_data/checkpoints/tofu/forget05/Llama-2-7b-chat-hf/SampleEarlyStopNPOMarginalRatioDropStopped/lr2e-5_b8_ga2_e10_marginalratio_ma3_stop0.1_rebound0.2_dropstopped_fixed_baseline_denoms_no_retain_recovery/trainer_state.json,/unlearning/experment_data/checkpoints/tofu/forget05/Llama-2-7b-chat-hf/SampleEarlyStopNPOMarginalRatioDropStopped/lr2e-5_b8_ga2_e10_marginalratio_ma3_stop0.1_rebound0.2_dropstopped_fixed_baseline_denoms_no_retain_recovery
forget10,400,Llama-2-7b-chat-hf,NPO,baseline,none,lr2e-5_b4_ga2_e10,True,False,2e-5,4,2,8,10,0.1,1,1,NLL,forget_anchor_random_retain,full_retain,baseline_mean,none,,,,,,,,,,,,,,9.532297003e-05,0.6320185941,0.6082546559,0.6955229723,0.08237050139,0.06032113023,0.3651791905,10.82459519,,,,,,,,10,500,3164.6735,52.74455833,/unlearning/experment_data/checkpoints/tofu/forget10/Llama-2-7b-chat-hf/NPO/lr2e-5_b4_ga2_e10/eval/TOFU_SUMMARY.json,,/unlearning/experment_data/checkpoints/tofu/forget10/Llama-2-7b-chat-hf/NPO/lr2e-5_b4_ga2_e10/trainer_state.json,/unlearning/experment_data/checkpoints/tofu/forget10/Llama-2-7b-chat-hf/NPO/lr2e-5_b4_ga2_e10
forget10,400,Llama-2-7b-chat-hf,SampleEarlyStopNPOLossIrreversible,absolute_normalized_nll_gain,normalized_nll_minus_initial,lr2e-5_b4_ga2_e10_ies_normnll_gain_ge1.8_warm2_patience1_rebounddelta0.2_rpat2,False,False,2e-5,4,2,8,10,0.1,1,1,NLL,forget_anchor_random_retain,full_retain,fixed_original_batch,gain_threshold_minus_delta,,1.8,,1.8,,,2,1,,0.2,2,,,0.001024214776,0.6242626608,0.6284743966,0.6826749046,0.1077585893,0.07473704338,0.335514173,-11.57663579,24,376,398,22,2371,59.275,10,10,500,3229.7931,53.829885,/unlearning/experment_data/checkpoints/tofu/forget10/Llama-2-7b-chat-hf/SampleEarlyStopNPOLossIrreversible/lr2e-5_b4_ga2_e10_ies_normnll_gain_ge1.8_warm2_patience1_rebounddelta0.2_rpat2/eval/TOFU_SUMMARY.json,/unlearning/experment_data/checkpoints/tofu/forget10/Llama-2-7b-chat-hf/SampleEarlyStopNPOLossIrreversible/lr2e-5_b4_ga2_e10_ies_normnll_gain_ge1.8_warm2_patience1_rebounddelta0.2_rpat2/ies_nll_gain_history.jsonl,/unlearning/experment_data/checkpoints/tofu/forget10/Llama-2-7b-chat-hf/SampleEarlyStopNPOLossIrreversible/lr2e-5_b4_ga2_e10_ies_normnll_gain_ge1.8_warm2_patience1_rebounddelta0.2_rpat2/trainer_state.json,/unlearning/experment_data/checkpoints/tofu/forget10/Llama-2-7b-chat-hf/SampleEarlyStopNPOLossIrreversible/lr2e-5_b4_ga2_e10_ies_normnll_gain_ge1.8_warm2_patience1_rebounddelta0.2_rpat2
forget10,400,Llama-2-7b-chat-hf,SampleEarlyStopNPOLossIrreversible,absolute_normalized_nll_gain,normalized_nll_minus_initial,lr2e-5_b4_ga2_e10_ies_normnll_gain_ge2.0_warm2_patience1_rebounddelta0.2_rpat2,False,False,2e-5,4,2,8,10,0.1,1,1,NLL,forget_anchor_random_retain,full_retain,fixed_original_batch,gain_threshold_minus_delta,,2.0,,2,,,2,1,,0.2,2,,,3.913229651e-08,0.6251799512,0.5904403279,0.7660661039,0.1235318888,0.08743953705,0.4254779305,-31.74773012,56,344,361,17,2066,51.65,10,10,500,3052.7409,50.879015,/unlearning/experment_data/checkpoints/tofu/forget10/Llama-2-7b-chat-hf/SampleEarlyStopNPOLossIrreversible/lr2e-5_b4_ga2_e10_ies_normnll_gain_ge2.0_warm2_patience1_rebounddelta0.2_rpat2/eval/TOFU_SUMMARY.json,/unlearning/experment_data/checkpoints/tofu/forget10/Llama-2-7b-chat-hf/SampleEarlyStopNPOLossIrreversible/lr2e-5_b4_ga2_e10_ies_normnll_gain_ge2.0_warm2_patience1_rebounddelta0.2_rpat2/ies_nll_gain_history.jsonl,/unlearning/experment_data/checkpoints/tofu/forget10/Llama-2-7b-chat-hf/SampleEarlyStopNPOLossIrreversible/lr2e-5_b4_ga2_e10_ies_normnll_gain_ge2.0_warm2_patience1_rebounddelta0.2_rpat2/trainer_state.json,/unlearning/experment_data/checkpoints/tofu/forget10/Llama-2-7b-chat-hf/SampleEarlyStopNPOLossIrreversible/lr2e-5_b4_ga2_e10_ies_normnll_gain_ge2.0_warm2_patience1_rebounddelta0.2_rpat2
forget10,400,Llama-2-7b-chat-hf,SampleEarlyStopNPOLossIrreversible,absolute_normalized_nll_gain,normalized_nll_minus_initial,lr2e-5_b4_ga2_e10_ies_normnll_gain_ge2.2_warm2_patience1_rebounddelta0.2_rpat2,False,False,2e-5,4,2,8,10,0.1,1,1,NLL,forget_anchor_random_retain,full_retain,fixed_original_batch,gain_threshold_minus_delta,,2.2,,2.2,,,2,1,,0.2,2,,,1.06550539e-08,0.6203180985,0.582956875,0.7648305276,0.1267046214,0.08361792088,0.4206132105,-28.69167354,93,307,332,25,1886,47.15,10,10,500,3106.44,51.774,/unlearning/experment_data/checkpoints/tofu/forget10/Llama-2-7b-chat-hf/SampleEarlyStopNPOLossIrreversible/lr2e-5_b4_ga2_e10_ies_normnll_gain_ge2.2_warm2_patience1_rebounddelta0.2_rpat2/eval/TOFU_SUMMARY.json,/unlearning/experment_data/checkpoints/tofu/forget10/Llama-2-7b-chat-hf/SampleEarlyStopNPOLossIrreversible/lr2e-5_b4_ga2_e10_ies_normnll_gain_ge2.2_warm2_patience1_rebounddelta0.2_rpat2/ies_nll_gain_history.jsonl,/unlearning/experment_data/checkpoints/tofu/forget10/Llama-2-7b-chat-hf/SampleEarlyStopNPOLossIrreversible/lr2e-5_b4_ga2_e10_ies_normnll_gain_ge2.2_warm2_patience1_rebounddelta0.2_rpat2/trainer_state.json,/unlearning/experment_data/checkpoints/tofu/forget10/Llama-2-7b-chat-hf/SampleEarlyStopNPOLossIrreversible/lr2e-5_b4_ga2_e10_ies_normnll_gain_ge2.2_warm2_patience1_rebounddelta0.2_rpat2
forget10,400,Llama-2-7b-chat-hf,SampleEarlyStopNPOLossIrreversible,normalized_nll_second_difference,normalized_nll_second_difference,lr2e-5_b4_ga2_e10_ies_normnll_irreversible_d2absmean3_tau0.1,False,False,2e-5,4,2,8,10,0.1,1,1,NLL,forget_anchor_random_retain,full_retain,fixed_original_batch,none_irreversible,,0.1,,,0.1,3,,,,,,,,0.0005832940307,0.62779384,0.6105339424,0.7077939263,0.0892081115,0.06395946831,0.390586157,3.279223095,146,254,254,0,162,4.05,10,10,481,2962.9899,49.383165,/unlearning/experment_data/checkpoints/tofu/forget10/Llama-2-7b-chat-hf/SampleEarlyStopNPOLossIrreversible/lr2e-5_b4_ga2_e10_ies_normnll_irreversible_d2absmean3_tau0.1/eval/TOFU_SUMMARY.json,/unlearning/experment_data/checkpoints/tofu/forget10/Llama-2-7b-chat-hf/SampleEarlyStopNPOLossIrreversible/lr2e-5_b4_ga2_e10_ies_normnll_irreversible_d2absmean3_tau0.1/ies_normalized_nll_irreversible_history.jsonl,/unlearning/experment_data/checkpoints/tofu/forget10/Llama-2-7b-chat-hf/SampleEarlyStopNPOLossIrreversible/lr2e-5_b4_ga2_e10_ies_normnll_irreversible_d2absmean3_tau0.1/trainer_state.json,/unlearning/experment_data/checkpoints/tofu/forget10/Llama-2-7b-chat-hf/SampleEarlyStopNPOLossIrreversible/lr2e-5_b4_ga2_e10_ies_normnll_irreversible_d2absmean3_tau0.1
forget10,400,Llama-2-7b-chat-hf,SampleEarlyStopNPOLossIrreversible,normalized_nll_second_difference,normalized_nll_second_difference,lr2e-5_b4_ga2_e10_ies_normnll_irreversible_d2absmean3_tau0.12,False,False,2e-5,4,2,8,10,0.1,1,1,NLL,forget_anchor_random_retain,full_retain,fixed_original_batch,none_irreversible,,0.12,,,0.12,3,,,,,,,,0.0007748993373,0.6277867468,0.6092297337,0.7059136363,0.08836479296,0.06345195115,0.3856203283,4.164755994,84,316,316,0,235,5.875,10,10,472,2908.489,48.47481667,/unlearning/experment_data/checkpoints/tofu/forget10/Llama-2-7b-chat-hf/SampleEarlyStopNPOLossIrreversible/lr2e-5_b4_ga2_e10_ies_normnll_irreversible_d2absmean3_tau0.12/eval/TOFU_SUMMARY.json,/unlearning/experment_data/checkpoints/tofu/forget10/Llama-2-7b-chat-hf/SampleEarlyStopNPOLossIrreversible/lr2e-5_b4_ga2_e10_ies_normnll_irreversible_d2absmean3_tau0.12/ies_normalized_nll_irreversible_history.jsonl,/unlearning/experment_data/checkpoints/tofu/forget10/Llama-2-7b-chat-hf/SampleEarlyStopNPOLossIrreversible/lr2e-5_b4_ga2_e10_ies_normnll_irreversible_d2absmean3_tau0.12/trainer_state.json,/unlearning/experment_data/checkpoints/tofu/forget10/Llama-2-7b-chat-hf/SampleEarlyStopNPOLossIrreversible/lr2e-5_b4_ga2_e10_ies_normnll_irreversible_d2absmean3_tau0.12
forget10,400,Llama-2-7b-chat-hf,SampleEarlyStopNPOLossIrreversible,normalized_nll_second_difference,normalized_nll_second_difference,lr2e-5_b4_ga2_e10_ies_normnll_irreversible_d2absmean3_tau0.15,False,False,2e-5,4,2,8,10,0.1,1,1,NLL,forget_anchor_random_retain,full_retain,fixed_original_batch,none_irreversible,,0.15,,,0.15,3,,,,,,,,0.0005832940307,0.6284476382,0.6085807846,0.7058555697,0.08762667552,0.06322161317,0.3885557617,3.926304097,71,329,329,0,305,7.625,10,10,463,2854.5262,47.57543667,/unlearning/experment_data/checkpoints/tofu/forget10/Llama-2-7b-chat-hf/SampleEarlyStopNPOLossIrreversible/lr2e-5_b4_ga2_e10_ies_normnll_irreversible_d2absmean3_tau0.15/eval/TOFU_SUMMARY.json,/unlearning/experment_data/checkpoints/tofu/forget10/Llama-2-7b-chat-hf/SampleEarlyStopNPOLossIrreversible/lr2e-5_b4_ga2_e10_ies_normnll_irreversible_d2absmean3_tau0.15/ies_normalized_nll_irreversible_history.jsonl,/unlearning/experment_data/checkpoints/tofu/forget10/Llama-2-7b-chat-hf/SampleEarlyStopNPOLossIrreversible/lr2e-5_b4_ga2_e10_ies_normnll_irreversible_d2absmean3_tau0.15/trainer_state.json,/unlearning/experment_data/checkpoints/tofu/forget10/Llama-2-7b-chat-hf/SampleEarlyStopNPOLossIrreversible/lr2e-5_b4_ga2_e10_ies_normnll_irreversible_d2absmean3_tau0.15
forget10,400,Llama-2-7b-chat-hf,SampleEarlyStopNPOLossIrreversible,normalized_nll_second_difference,normalized_nll_second_difference,lr2e-5_b4_ga2_e10_ies_normnll_irreversible_d2absmean3_tau0.18,False,False,2e-5,4,2,8,10,0.1,1,1,NLL,forget_anchor_random_retain,full_retain,fixed_original_batch,none_irreversible,,0.18,,,0.18,3,,,,,,,,0.0001305755477,0.6268446739,0.6071511894,0.7082897921,0.08851402943,0.06399808735,0.3968453347,2.959758694,46,354,354,0,399,9.975,10,10,452,2787.727,46.46211667,/unlearning/experment_data/checkpoints/tofu/forget10/Llama-2-7b-chat-hf/SampleEarlyStopNPOLossIrreversible/lr2e-5_b4_ga2_e10_ies_normnll_irreversible_d2absmean3_tau0.18/eval/TOFU_SUMMARY.json,/unlearning/experment_data/checkpoints/tofu/forget10/Llama-2-7b-chat-hf/SampleEarlyStopNPOLossIrreversible/lr2e-5_b4_ga2_e10_ies_normnll_irreversible_d2absmean3_tau0.18/ies_normalized_nll_irreversible_history.jsonl,/unlearning/experment_data/checkpoints/tofu/forget10/Llama-2-7b-chat-hf/SampleEarlyStopNPOLossIrreversible/lr2e-5_b4_ga2_e10_ies_normnll_irreversible_d2absmean3_tau0.18/trainer_state.json,/unlearning/experment_data/checkpoints/tofu/forget10/Llama-2-7b-chat-hf/SampleEarlyStopNPOLossIrreversible/lr2e-5_b4_ga2_e10_ies_normnll_irreversible_d2absmean3_tau0.18
forget10,400,Llama-2-7b-chat-hf,SampleEarlyStopNPOLossIrreversible,npo_loss_second_difference,per_sample_npo_loss_second_difference,lr2e-5_b4_ga2_e10_ies_npoloss_irreversible_tau1e-4_stable2,False,False,2e-5,4,2,8,10,0.1,1,1,NLL,forget_anchor_random_retain,full_retain,fixed_original_batch,none_irreversible,,1e-4,,,1e-4,,,,,,,2,,0.0004368337392,0.6258167913,0.6094237505,0.7060170019,0.08666591518,0.06225446671,0.3909869419,4.949405398,103,297,297,0,511,12.775,10,10,438,2713.0273,45.21712167,/unlearning/experment_data/checkpoints/tofu/forget10/Llama-2-7b-chat-hf/SampleEarlyStopNPOLossIrreversible/lr2e-5_b4_ga2_e10_ies_npoloss_irreversible_tau1e-4_stable2/eval/TOFU_SUMMARY.json,/unlearning/experment_data/checkpoints/tofu/forget10/Llama-2-7b-chat-hf/SampleEarlyStopNPOLossIrreversible/lr2e-5_b4_ga2_e10_ies_npoloss_irreversible_tau1e-4_stable2/ies_npo_loss_irreversible_history.jsonl,/unlearning/experment_data/checkpoints/tofu/forget10/Llama-2-7b-chat-hf/SampleEarlyStopNPOLossIrreversible/lr2e-5_b4_ga2_e10_ies_npoloss_irreversible_tau1e-4_stable2/trainer_state.json,/unlearning/experment_data/checkpoints/tofu/forget10/Llama-2-7b-chat-hf/SampleEarlyStopNPOLossIrreversible/lr2e-5_b4_ga2_e10_ies_npoloss_irreversible_tau1e-4_stable2
forget10,400,Llama-2-7b-chat-hf,SampleEarlyStopNPOLossIrreversible,npo_loss_second_difference,per_sample_npo_loss_second_difference,lr2e-5_b4_ga2_e10_ies_npoloss_irreversible_tau1e-5_stable2,False,False,2e-5,4,2,8,10,0.1,1,1,NLL,forget_anchor_random_retain,full_retain,fixed_original_batch,none_irreversible,,1e-5,,,1e-5,,,,,,,2,,0.0005832940307,0.6274427671,0.6081189808,0.7078241021,0.08958342163,0.0638149935,0.3910823066,3.700080502,237,163,163,0,248,6.2,10,10,470,2938.6167,48.976945,/unlearning/experment_data/checkpoints/tofu/forget10/Llama-2-7b-chat-hf/SampleEarlyStopNPOLossIrreversible/lr2e-5_b4_ga2_e10_ies_npoloss_irreversible_tau1e-5_stable2/eval/TOFU_SUMMARY.json,/unlearning/experment_data/checkpoints/tofu/forget10/Llama-2-7b-chat-hf/SampleEarlyStopNPOLossIrreversible/lr2e-5_b4_ga2_e10_ies_npoloss_irreversible_tau1e-5_stable2/ies_npo_loss_irreversible_history.jsonl,/unlearning/experment_data/checkpoints/tofu/forget10/Llama-2-7b-chat-hf/SampleEarlyStopNPOLossIrreversible/lr2e-5_b4_ga2_e10_ies_npoloss_irreversible_tau1e-5_stable2/trainer_state.json,/unlearning/experment_data/checkpoints/tofu/forget10/Llama-2-7b-chat-hf/SampleEarlyStopNPOLossIrreversible/lr2e-5_b4_ga2_e10_ies_npoloss_irreversible_tau1e-5_stable2
forget10,400,Llama-2-7b-chat-hf,SampleEarlyStopNPOLossIrreversible,npo_loss_second_difference,per_sample_npo_loss_second_difference,lr2e-5_b4_ga2_e10_ies_npoloss_irreversible_tau3e-5_stable2,False,False,2e-5,4,2,8,10,0.1,1,1,NLL,forget_anchor_random_retain,full_retain,fixed_original_batch,none_irreversible,,3e-5,,,3e-5,,,,,,,2,,0.0004368337392,0.6259921494,0.6098227931,0.7056762606,0.08819430651,0.06266432822,0.3856621551,4.649811989,187,213,213,0,352,8.8,10,10,458,2831.0415,47.184025,/unlearning/experment_data/checkpoints/tofu/forget10/Llama-2-7b-chat-hf/SampleEarlyStopNPOLossIrreversible/lr2e-5_b4_ga2_e10_ies_npoloss_irreversible_tau3e-5_stable2/eval/TOFU_SUMMARY.json,/unlearning/experment_data/checkpoints/tofu/forget10/Llama-2-7b-chat-hf/SampleEarlyStopNPOLossIrreversible/lr2e-5_b4_ga2_e10_ies_npoloss_irreversible_tau3e-5_stable2/ies_npo_loss_irreversible_history.jsonl,/unlearning/experment_data/checkpoints/tofu/forget10/Llama-2-7b-chat-hf/SampleEarlyStopNPOLossIrreversible/lr2e-5_b4_ga2_e10_ies_npoloss_irreversible_tau3e-5_stable2/trainer_state.json,/unlearning/experment_data/checkpoints/tofu/forget10/Llama-2-7b-chat-hf/SampleEarlyStopNPOLossIrreversible/lr2e-5_b4_ga2_e10_ies_npoloss_irreversible_tau3e-5_stable2
forget10,400,Llama-2-7b-chat-hf,SampleEarlyStopNPOLossIrreversible,npo_loss_second_difference,per_sample_npo_loss_second_difference,lr2e-5_b4_ga2_e10_ies_npoloss_irreversible_tau5e-5_stable2,False,False,2e-5,4,2,8,10,0.1,1,1,NLL,forget_anchor_random_retain,full_retain,fixed_original_batch,none_irreversible,,5e-5,,,5e-5,,,,,,,2,,0.0005832940307,0.6280707412,0.6092012057,0.7047418958,0.08859918162,0.06234774739,0.3861064473,4.835784088,135,265,265,0,417,10.425,10,10,450,2778.7118,46.31186333,/unlearning/experment_data/checkpoints/tofu/forget10/Llama-2-7b-chat-hf/SampleEarlyStopNPOLossIrreversible/lr2e-5_b4_ga2_e10_ies_npoloss_irreversible_tau5e-5_stable2/eval/TOFU_SUMMARY.json,/unlearning/experment_data/checkpoints/tofu/forget10/Llama-2-7b-chat-hf/SampleEarlyStopNPOLossIrreversible/lr2e-5_b4_ga2_e10_ies_npoloss_irreversible_tau5e-5_stable2/ies_npo_loss_irreversible_history.jsonl,/unlearning/experment_data/checkpoints/tofu/forget10/Llama-2-7b-chat-hf/SampleEarlyStopNPOLossIrreversible/lr2e-5_b4_ga2_e10_ies_npoloss_irreversible_tau5e-5_stable2/trainer_state.json,/unlearning/experment_data/checkpoints/tofu/forget10/Llama-2-7b-chat-hf/SampleEarlyStopNPOLossIrreversible/lr2e-5_b4_ga2_e10_ies_npoloss_irreversible_tau5e-5_stable2
forget10,400,Llama-2-7b-chat-hf,SampleEarlyStopNPOLossIrreversible,npo_loss_second_difference,per_sample_npo_loss_second_difference,lr2e-5_b4_ga2_e10_ies_npoloss_irreversible_tau7e-5_stable2,False,False,2e-5,4,2,8,10,0.1,1,1,NLL,forget_anchor_random_retain,full_retain,fixed_original_batch,none_irreversible,,7e-5,,,7e-5,,,,,,,2,,0.0005832940307,0.6261239651,0.6099012244,0.7056518643,0.08799352677,0.06214004755,0.3867750455,5.204161698,124,276,276,0,455,11.375,10,10,445,2757.3223,45.95537167,/unlearning/experment_data/checkpoints/tofu/forget10/Llama-2-7b-chat-hf/SampleEarlyStopNPOLossIrreversible/lr2e-5_b4_ga2_e10_ies_npoloss_irreversible_tau7e-5_stable2/eval/TOFU_SUMMARY.json,/unlearning/experment_data/checkpoints/tofu/forget10/Llama-2-7b-chat-hf/SampleEarlyStopNPOLossIrreversible/lr2e-5_b4_ga2_e10_ies_npoloss_irreversible_tau7e-5_stable2/ies_npo_loss_irreversible_history.jsonl,/unlearning/experment_data/checkpoints/tofu/forget10/Llama-2-7b-chat-hf/SampleEarlyStopNPOLossIrreversible/lr2e-5_b4_ga2_e10_ies_npoloss_irreversible_tau7e-5_stable2/trainer_state.json,/unlearning/experment_data/checkpoints/tofu/forget10/Llama-2-7b-chat-hf/SampleEarlyStopNPOLossIrreversible/lr2e-5_b4_ga2_e10_ies_npoloss_irreversible_tau7e-5_stable2
forget10,400,Llama-2-7b-chat-hf,SampleEarlyStopNPOLossIrreversible,absolute_normalized_nll_gain,normalized_nll_minus_initial,lr5e-5_b4_ga2_e10_ies_normnll_gain_ge1.8_warm2_patience1_rebounddelta0.2_rpat2,False,False,5e-5,4,2,8,10,0.1,1,1,NLL,forget_anchor_random_retain,full_retain,fixed_original_batch,gain_threshold_minus_delta,,1.8,,1.8,,,2,1,,0.2,2,,,0.06521994354,0.5735887226,0.6772675262,0.477630738,0.04854790319,0.02483666107,0.2575352538,59.74340944,2,398,418,20,2770,69.25,10,10,500,2988.5641,49.80940167,/unlearning/experment_data/checkpoints/tofu/forget10/Llama-2-7b-chat-hf/SampleEarlyStopNPOLossIrreversible/lr5e-5_b4_ga2_e10_ies_normnll_gain_ge1.8_warm2_patience1_rebounddelta0.2_rpat2/eval/TOFU_SUMMARY.json,/unlearning/experment_data/checkpoints/tofu/forget10/Llama-2-7b-chat-hf/SampleEarlyStopNPOLossIrreversible/lr5e-5_b4_ga2_e10_ies_normnll_gain_ge1.8_warm2_patience1_rebounddelta0.2_rpat2/ies_nll_gain_history.jsonl,/unlearning/experment_data/checkpoints/tofu/forget10/Llama-2-7b-chat-hf/SampleEarlyStopNPOLossIrreversible/lr5e-5_b4_ga2_e10_ies_normnll_gain_ge1.8_warm2_patience1_rebounddelta0.2_rpat2/trainer_state.json,/unlearning/experment_data/checkpoints/tofu/forget10/Llama-2-7b-chat-hf/SampleEarlyStopNPOLossIrreversible/lr5e-5_b4_ga2_e10_ies_normnll_gain_ge1.8_warm2_patience1_rebounddelta0.2_rpat2
forget10,400,Llama-2-7b-chat-hf,SampleEarlyStopNPOLossIrreversible,absolute_normalized_nll_gain,normalized_nll_minus_initial,lr5e-5_b4_ga2_e10_ies_normnll_gain_ge2.0_warm2_patience1_rebounddelta0.2_rpat2,False,False,5e-5,4,2,8,10,0.1,1,1,NLL,forget_anchor_random_retain,full_retain,fixed_original_batch,gain_threshold_minus_delta,,2.0,,2,,,2,1,,0.2,2,,,0.1111488462,0.5938062265,0.6848036004,0.475356367,0.04760298373,0.02382581674,0.2587395808,60.25597912,1,399,421,22,2761,69.025,10,10,500,2977.5492,49.62582,/unlearning/experment_data/checkpoints/tofu/forget10/Llama-2-7b-chat-hf/SampleEarlyStopNPOLossIrreversible/lr5e-5_b4_ga2_e10_ies_normnll_gain_ge2.0_warm2_patience1_rebounddelta0.2_rpat2/eval/TOFU_SUMMARY.json,/unlearning/experment_data/checkpoints/tofu/forget10/Llama-2-7b-chat-hf/SampleEarlyStopNPOLossIrreversible/lr5e-5_b4_ga2_e10_ies_normnll_gain_ge2.0_warm2_patience1_rebounddelta0.2_rpat2/ies_nll_gain_history.jsonl,/unlearning/experment_data/checkpoints/tofu/forget10/Llama-2-7b-chat-hf/SampleEarlyStopNPOLossIrreversible/lr5e-5_b4_ga2_e10_ies_normnll_gain_ge2.0_warm2_patience1_rebounddelta0.2_rpat2/trainer_state.json,/unlearning/experment_data/checkpoints/tofu/forget10/Llama-2-7b-chat-hf/SampleEarlyStopNPOLossIrreversible/lr5e-5_b4_ga2_e10_ies_normnll_gain_ge2.0_warm2_patience1_rebounddelta0.2_rpat2
forget10,400,Llama-2-7b-chat-hf,SampleEarlyStopNPOLossIrreversible,absolute_normalized_nll_gain,normalized_nll_minus_initial,lr5e-5_b4_ga2_e10_ies_normnll_gain_ge2.2_warm2_patience1_rebounddelta0.2_rpat2,False,False,5e-5,4,2,8,10,0.1,1,1,NLL,forget_anchor_random_retain,full_retain,fixed_original_batch,gain_threshold_minus_delta,,2.2,,2.2,,,2,1,,0.2,2,,,0.1546129196,0.57464898,0.6805706372,0.4744592292,0.04705669522,0.02539717395,0.2508637832,59.59972689,8,392,409,17,2734,68.35,10,10,500,2964.3985,49.40664167,/unlearning/experment_data/checkpoints/tofu/forget10/Llama-2-7b-chat-hf/SampleEarlyStopNPOLossIrreversible/lr5e-5_b4_ga2_e10_ies_normnll_gain_ge2.2_warm2_patience1_rebounddelta0.2_rpat2/eval/TOFU_SUMMARY.json,/unlearning/experment_data/checkpoints/tofu/forget10/Llama-2-7b-chat-hf/SampleEarlyStopNPOLossIrreversible/lr5e-5_b4_ga2_e10_ies_normnll_gain_ge2.2_warm2_patience1_rebounddelta0.2_rpat2/ies_nll_gain_history.jsonl,/unlearning/experment_data/checkpoints/tofu/forget10/Llama-2-7b-chat-hf/SampleEarlyStopNPOLossIrreversible/lr5e-5_b4_ga2_e10_ies_normnll_gain_ge2.2_warm2_patience1_rebounddelta0.2_rpat2/trainer_state.json,/unlearning/experment_data/checkpoints/tofu/forget10/Llama-2-7b-chat-hf/SampleEarlyStopNPOLossIrreversible/lr5e-5_b4_ga2_e10_ies_normnll_gain_ge2.2_warm2_patience1_rebounddelta0.2_rpat2
forget10,400,Llama-2-7b-chat-hf,SampleEarlyStopNPOMarginalRatio,marginal_nll_gain_ratio,normalized_nll_epoch_gain_ma,lr2e-5_b4_ga2_e10_marginalratio_ma2_stop0.15_rebound0.1_fullretain_fixed_forget_denom,False,False,2e-5,4,2,8,10,0.1,1,1,NLL,forget_anchor_random_retain,full_retain,fixed_original_batch,cumulative_progress_loss_ratio,2,0.15,0.15,,,,,,0.1,,,,,0.002970877043,0.6323861547,0.6124965365,0.6859155008,0.07257976669,0.07573579669,0.3739345537,-1.751194807,9,391,458,67,1590,39.75,10,,,,,/unlearning/experment_data/checkpoints/tofu/forget10/Llama-2-7b-chat-hf/SampleEarlyStopNPOMarginalRatio/lr2e-5_b4_ga2_e10_marginalratio_ma2_stop0.15_rebound0.1_fullretain_fixed_forget_denom/eval/TOFU_SUMMARY.json,/unlearning/experment_data/checkpoints/tofu/forget10/Llama-2-7b-chat-hf/SampleEarlyStopNPOMarginalRatio/lr2e-5_b4_ga2_e10_marginalratio_ma2_stop0.15_rebound0.1_fullretain_fixed_forget_denom/ies_nll_gain_history.jsonl,,/unlearning/experment_data/checkpoints/tofu/forget10/Llama-2-7b-chat-hf/SampleEarlyStopNPOMarginalRatio/lr2e-5_b4_ga2_e10_marginalratio_ma2_stop0.15_rebound0.1_fullretain_fixed_forget_denom
forget10,400,Llama-2-7b-chat-hf,SampleEarlyStopNPOMarginalRatio,marginal_nll_gain_ratio,normalized_nll_epoch_gain_ma,lr2e-5_b4_ga2_e10_marginalratio_ma2_stop0.20_rebound0.1_fullretain_fixed_forget_denom,False,False,2e-5,4,2,8,10,0.1,1,1,NLL,forget_anchor_random_retain,full_retain,fixed_original_batch,cumulative_progress_loss_ratio,2,0.2,0.2,,,,,,0.1,,,,,0.004907932357,0.6312198934,0.6118592357,0.6819500084,0.07277148508,0.07627611846,0.3680498116,-1.252381971,8,392,462,70,1614,40.35,10,,,,,/unlearning/experment_data/checkpoints/tofu/forget10/Llama-2-7b-chat-hf/SampleEarlyStopNPOMarginalRatio/lr2e-5_b4_ga2_e10_marginalratio_ma2_stop0.20_rebound0.1_fullretain_fixed_forget_denom/eval/TOFU_SUMMARY.json,/unlearning/experment_data/checkpoints/tofu/forget10/Llama-2-7b-chat-hf/SampleEarlyStopNPOMarginalRatio/lr2e-5_b4_ga2_e10_marginalratio_ma2_stop0.20_rebound0.1_fullretain_fixed_forget_denom/ies_nll_gain_history.jsonl,,/unlearning/experment_data/checkpoints/tofu/forget10/Llama-2-7b-chat-hf/SampleEarlyStopNPOMarginalRatio/lr2e-5_b4_ga2_e10_marginalratio_ma2_stop0.20_rebound0.1_fullretain_fixed_forget_denom
forget10,400,Llama-2-7b-chat-hf,SampleEarlyStopNPOMarginalRatio,marginal_nll_gain_ratio,normalized_nll_epoch_gain_ma,lr5e-5_b4_ga2_e10_marginalratio_ma2_stop0.15_rebound0.1_fullretain_fixed_forget_denom,False,False,5e-5,4,2,8,10,0.1,1,1,NLL,forget_anchor_random_retain,full_retain,fixed_original_batch,cumulative_progress_loss_ratio,2,0.15,0.15,,,,,,0.1,,,,,0.007945212856,0.5753839987,0.6568291323,0.5574746132,0.05218197875,0.03815465447,0.289127939,56.54876544,0,400,438,38,2311,57.775,10,,,,,/unlearning/experment_data/checkpoints/tofu/forget10/Llama-2-7b-chat-hf/SampleEarlyStopNPOMarginalRatio/lr5e-5_b4_ga2_e10_marginalratio_ma2_stop0.15_rebound0.1_fullretain_fixed_forget_denom/eval/TOFU_SUMMARY.json,/unlearning/experment_data/checkpoints/tofu/forget10/Llama-2-7b-chat-hf/SampleEarlyStopNPOMarginalRatio/lr5e-5_b4_ga2_e10_marginalratio_ma2_stop0.15_rebound0.1_fullretain_fixed_forget_denom/ies_nll_gain_history.jsonl,,/unlearning/experment_data/checkpoints/tofu/forget10/Llama-2-7b-chat-hf/SampleEarlyStopNPOMarginalRatio/lr5e-5_b4_ga2_e10_marginalratio_ma2_stop0.15_rebound0.1_fullretain_fixed_forget_denom
forget10,400,Llama-2-7b-chat-hf,SampleEarlyStopNPOMarginalRatio,marginal_nll_gain_ratio,normalized_nll_epoch_gain_ma,lr5e-5_b4_ga2_e10_marginalratio_ma2_stop0.20_rebound0.1_fullretain_fixed_forget_denom,False,False,5e-5,4,2,8,10,0.1,1,1,NLL,forget_anchor_random_retain,full_retain,fixed_original_batch,cumulative_progress_loss_ratio,2,0.2,0.2,,,,,,0.1,,,,,0.01003251398,0.5732109689,0.6583324853,0.5568357464,0.05341464107,0.03902665135,0.2836739459,56.19006857,0,400,440,40,2329,58.225,10,,,,,/unlearning/experment_data/checkpoints/tofu/forget10/Llama-2-7b-chat-hf/SampleEarlyStopNPOMarginalRatio/lr5e-5_b4_ga2_e10_marginalratio_ma2_stop0.20_rebound0.1_fullretain_fixed_forget_denom/eval/TOFU_SUMMARY.json,/unlearning/experment_data/checkpoints/tofu/forget10/Llama-2-7b-chat-hf/SampleEarlyStopNPOMarginalRatio/lr5e-5_b4_ga2_e10_marginalratio_ma2_stop0.20_rebound0.1_fullretain_fixed_forget_denom/ies_nll_gain_history.jsonl,,/unlearning/experment_data/checkpoints/tofu/forget10/Llama-2-7b-chat-hf/SampleEarlyStopNPOMarginalRatio/lr5e-5_b4_ga2_e10_marginalratio_ma2_stop0.20_rebound0.1_fullretain_fixed_forget_denom
forget10,400,Llama-2-7b-chat-hf,SampleEarlyStopNPOMarginalRatioDropStopped,marginal_nll_gain_ratio,normalized_nll_epoch_gain_ma,lr2e-5_b4_ga2_e10_marginalratio_ma2_stop0.05_rebound0.1_dropstopped_fixed_baseline_denoms_no_retain_recovery,False,False,2e-5,4,2,8,10,0.1,1,1,NLL,forget_anchor_random_retain,drop_paired_retain,fixed_original_batch,cumulative_progress_loss_ratio,2,0.05,0.05,,,,,,0.1,,,,,0.0003254839625,0.6290118857,0.6059918898,0.7208432845,0.07487989605,0.07271464467,0.3952461836,-2.540939337,27,373,425,52,1321,33.025,10,,,,,/unlearning/experment_data/checkpoints/tofu/forget10/Llama-2-7b-chat-hf/SampleEarlyStopNPOMarginalRatioDropStopped/lr2e-5_b4_ga2_e10_marginalratio_ma2_stop0.05_rebound0.1_dropstopped_fixed_baseline_denoms_no_retain_recovery/eval/TOFU_SUMMARY.json,/unlearning/experment_data/checkpoints/tofu/forget10/Llama-2-7b-chat-hf/SampleEarlyStopNPOMarginalRatioDropStopped/lr2e-5_b4_ga2_e10_marginalratio_ma2_stop0.05_rebound0.1_dropstopped_fixed_baseline_denoms_no_retain_recovery/ies_nll_gain_history.jsonl,,/unlearning/experment_data/checkpoints/tofu/forget10/Llama-2-7b-chat-hf/SampleEarlyStopNPOMarginalRatioDropStopped/lr2e-5_b4_ga2_e10_marginalratio_ma2_stop0.05_rebound0.1_dropstopped_fixed_baseline_denoms_no_retain_recovery
forget10,400,Llama-2-7b-chat-hf,SampleEarlyStopNPOMarginalRatioDropStopped,marginal_nll_gain_ratio,normalized_nll_epoch_gain_ma,lr2e-5_b4_ga2_e10_marginalratio_ma2_stop0.15_rebound0.1_dropstopped_fixed_baseline_denoms_no_retain_recovery,False,False,2e-5,4,2,8,10,0.1,1,1,NLL,forget_anchor_random_retain,drop_paired_retain,fixed_original_batch,cumulative_progress_loss_ratio,2,0.15,0.15,,,,,,0.1,,,,,0.002293885154,0.6308177536,0.6113503435,0.7317328413,0.08339800159,0.07717485189,0.4208993218,-7.362457072,2,398,463,65,1628,40.7,10,,,,,/unlearning/experment_data/checkpoints/tofu/forget10/Llama-2-7b-chat-hf/SampleEarlyStopNPOMarginalRatioDropStopped/lr2e-5_b4_ga2_e10_marginalratio_ma2_stop0.15_rebound0.1_dropstopped_fixed_baseline_denoms_no_retain_recovery/eval/TOFU_SUMMARY.json,/unlearning/experment_data/checkpoints/tofu/forget10/Llama-2-7b-chat-hf/SampleEarlyStopNPOMarginalRatioDropStopped/lr2e-5_b4_ga2_e10_marginalratio_ma2_stop0.15_rebound0.1_dropstopped_fixed_baseline_denoms_no_retain_recovery/ies_nll_gain_history.jsonl,,/unlearning/experment_data/checkpoints/tofu/forget10/Llama-2-7b-chat-hf/SampleEarlyStopNPOMarginalRatioDropStopped/lr2e-5_b4_ga2_e10_marginalratio_ma2_stop0.15_rebound0.1_dropstopped_fixed_baseline_denoms_no_retain_recovery
forget10,400,Llama-2-7b-chat-hf,SampleEarlyStopNPOMarginalRatioDropStopped,marginal_nll_gain_ratio,normalized_nll_epoch_gain_ma,lr2e-5_b4_ga2_e10_marginalratio_ma2_stop0.1_rebound0.1_dropstopped_fixed_baseline_denoms_no_retain_recovery,False,False,2e-5,4,2,8,10,0.1,1,1,NLL,forget_anchor_random_retain,drop_paired_retain,fixed_original_batch,cumulative_progress_loss_ratio,2,0.1,0.1,,,,,,0.1,,,,,0.002293885154,0.6251800272,0.6114833094,0.7300777246,0.0800124988,0.07688505411,0.4106198537,-6.343431872,4,396,434,38,1536,38.4,10,,,,,/unlearning/experment_data/checkpoints/tofu/forget10/Llama-2-7b-chat-hf/SampleEarlyStopNPOMarginalRatioDropStopped/lr2e-5_b4_ga2_e10_marginalratio_ma2_stop0.1_rebound0.1_dropstopped_fixed_baseline_denoms_no_retain_recovery/eval/TOFU_SUMMARY.json,/unlearning/experment_data/checkpoints/tofu/forget10/Llama-2-7b-chat-hf/SampleEarlyStopNPOMarginalRatioDropStopped/lr2e-5_b4_ga2_e10_marginalratio_ma2_stop0.1_rebound0.1_dropstopped_fixed_baseline_denoms_no_retain_recovery/ies_nll_gain_history.jsonl,,/unlearning/experment_data/checkpoints/tofu/forget10/Llama-2-7b-chat-hf/SampleEarlyStopNPOMarginalRatioDropStopped/lr2e-5_b4_ga2_e10_marginalratio_ma2_stop0.1_rebound0.1_dropstopped_fixed_baseline_denoms_no_retain_recovery
forget10,400,Llama-2-7b-chat-hf,SampleEarlyStopNPOMarginalRatioDropStopped,marginal_nll_gain_ratio,normalized_nll_epoch_gain_ma,lr2e-5_b4_ga4_e10_marginalratio_ma2_stop0.05_rebound0.1_dropstopped_fixed_baseline_denoms_no_retain_recovery,False,False,2e-5,4,4,16,10,0.1,1,1,NLL,forget_anchor_random_retain,drop_paired_retain,fixed_original_batch,cumulative_progress_loss_ratio,2,0.05,0.05,,,,,,0.1,,,,,1.652551353e-08,0.5909752007,0.6270298358,0.8426373605,0.1613553191,0.2057394028,0.5008225763,-77.0607237,34,366,534,168,1080,27,10,,,,,/unlearning/experment_data/checkpoints/tofu/forget10/Llama-2-7b-chat-hf/SampleEarlyStopNPOMarginalRatioDropStopped/lr2e-5_b4_ga4_e10_marginalratio_ma2_stop0.05_rebound0.1_dropstopped_fixed_baseline_denoms_no_retain_recovery/eval/TOFU_SUMMARY.json,/unlearning/experment_data/checkpoints/tofu/forget10/Llama-2-7b-chat-hf/SampleEarlyStopNPOMarginalRatioDropStopped/lr2e-5_b4_ga4_e10_marginalratio_ma2_stop0.05_rebound0.1_dropstopped_fixed_baseline_denoms_no_retain_recovery/ies_nll_gain_history.jsonl,,/unlearning/experment_data/checkpoints/tofu/forget10/Llama-2-7b-chat-hf/SampleEarlyStopNPOMarginalRatioDropStopped/lr2e-5_b4_ga4_e10_marginalratio_ma2_stop0.05_rebound0.1_dropstopped_fixed_baseline_denoms_no_retain_recovery
forget10,400,Llama-2-7b-chat-hf,SampleEarlyStopNPOMarginalRatioDropStopped,marginal_nll_gain_ratio,normalized_nll_epoch_gain_ma,lr2e-5_b4_ga4_e10_marginalratio_ma2_stop0.15_rebound0.1_dropstopped_fixed_baseline_denoms_no_retain_recovery,False,False,2e-5,4,4,16,10,0.1,1,1,NLL,forget_anchor_random_retain,drop_paired_retain,fixed_original_batch,cumulative_progress_loss_ratio,2,0.15,0.15,,,,,,0.1,,,,,2.061070746e-07,0.5951399385,0.6260963791,0.8223866423,0.1550181883,0.1777699852,0.4581148928,-63.80524389,25,375,526,151,1450,36.25,10,,,,,/unlearning/experment_data/checkpoints/tofu/forget10/Llama-2-7b-chat-hf/SampleEarlyStopNPOMarginalRatioDropStopped/lr2e-5_b4_ga4_e10_marginalratio_ma2_stop0.15_rebound0.1_dropstopped_fixed_baseline_denoms_no_retain_recovery/eval/TOFU_SUMMARY.json,/unlearning/experment_data/checkpoints/tofu/forget10/Llama-2-7b-chat-hf/SampleEarlyStopNPOMarginalRatioDropStopped/lr2e-5_b4_ga4_e10_marginalratio_ma2_stop0.15_rebound0.1_dropstopped_fixed_baseline_denoms_no_retain_recovery/ies_nll_gain_history.jsonl,,/unlearning/experment_data/checkpoints/tofu/forget10/Llama-2-7b-chat-hf/SampleEarlyStopNPOMarginalRatioDropStopped/lr2e-5_b4_ga4_e10_marginalratio_ma2_stop0.15_rebound0.1_dropstopped_fixed_baseline_denoms_no_retain_recovery
forget10,400,Llama-2-7b-chat-hf,SampleEarlyStopNPOMarginalRatioDropStopped,marginal_nll_gain_ratio,normalized_nll_epoch_gain_ma,lr2e-5_b4_ga4_e10_marginalratio_ma2_stop0.1_rebound0.1_dropstopped_fixed_baseline_denoms_no_retain_recovery,False,False,2e-5,4,4,16,10,0.1,1,1,NLL,forget_anchor_random_retain,drop_paired_retain,fixed_original_batch,cumulative_progress_loss_ratio,2,0.1,0.1,,,,,,0.1,,,,,5.974773348e-08,0.592697164,0.627108714,0.8304772288,0.1586439473,0.1916038513,0.4613397249,-66.44859526,40,360,502,142,1342,33.55,10,,,,,/unlearning/experment_data/checkpoints/tofu/forget10/Llama-2-7b-chat-hf/SampleEarlyStopNPOMarginalRatioDropStopped/lr2e-5_b4_ga4_e10_marginalratio_ma2_stop0.1_rebound0.1_dropstopped_fixed_baseline_denoms_no_retain_recovery/eval/TOFU_SUMMARY.json,/unlearning/experment_data/checkpoints/tofu/forget10/Llama-2-7b-chat-hf/SampleEarlyStopNPOMarginalRatioDropStopped/lr2e-5_b4_ga4_e10_marginalratio_ma2_stop0.1_rebound0.1_dropstopped_fixed_baseline_denoms_no_retain_recovery/ies_nll_gain_history.jsonl,,/unlearning/experment_data/checkpoints/tofu/forget10/Llama-2-7b-chat-hf/SampleEarlyStopNPOMarginalRatioDropStopped/lr2e-5_b4_ga4_e10_marginalratio_ma2_stop0.1_rebound0.1_dropstopped_fixed_baseline_denoms_no_retain_recovery
forget10,400,Llama-2-7b-chat-hf,SampleEarlyStopNPOMarginalRatioDropStopped,marginal_nll_gain_ratio,normalized_nll_epoch_gain_ma,lr5e-5_b4_ga2_e10_marginalratio_ma2_stop0.05_rebound0.1_dropstopped_fixed_baseline_denoms_no_retain_recovery,False,False,5e-5,4,2,8,10,0.1,1,1,NLL,forget_anchor_random_retain,drop_paired_retain,fixed_original_batch,cumulative_progress_loss_ratio,2,0.05,0.05,,,,,,0.1,,,,,0.01260422744,0.5535524901,0.6771026589,0.5567024074,0.04949040622,0.04156647127,0.2912930326,57.37417585,0,400,462,62,1980,49.5,10,,,,,/unlearning/experment_data/checkpoints/tofu/forget10/Llama-2-7b-chat-hf/SampleEarlyStopNPOMarginalRatioDropStopped/lr5e-5_b4_ga2_e10_marginalratio_ma2_stop0.05_rebound0.1_dropstopped_fixed_baseline_denoms_no_retain_recovery/eval/TOFU_SUMMARY.json,/unlearning/experment_data/checkpoints/tofu/forget10/Llama-2-7b-chat-hf/SampleEarlyStopNPOMarginalRatioDropStopped/lr5e-5_b4_ga2_e10_marginalratio_ma2_stop0.05_rebound0.1_dropstopped_fixed_baseline_denoms_no_retain_recovery/ies_nll_gain_history.jsonl,,/unlearning/experment_data/checkpoints/tofu/forget10/Llama-2-7b-chat-hf/SampleEarlyStopNPOMarginalRatioDropStopped/lr5e-5_b4_ga2_e10_marginalratio_ma2_stop0.05_rebound0.1_dropstopped_fixed_baseline_denoms_no_retain_recovery
forget10,400,Llama-2-7b-chat-hf,SampleEarlyStopNPOMarginalRatioDropStopped,marginal_nll_gain_ratio,normalized_nll_epoch_gain_ma,lr5e-5_b4_ga2_e10_marginalratio_ma2_stop0.15_rebound0.1_dropstopped_fixed_baseline_denoms_no_retain_recovery,False,False,5e-5,4,2,8,10,0.1,1,1,NLL,forget_anchor_random_retain,drop_paired_retain,fixed_original_batch,cumulative_progress_loss_ratio,2,0.15,0.15,,,,,,0.1,,,,,0.007945212856,0.53898864,0.6836374915,0.5459335051,0.04910852336,0.03720260184,0.2802931783,57.93463971,0,400,452,52,2212,55.3,10,,,,,/unlearning/experment_data/checkpoints/tofu/forget10/Llama-2-7b-chat-hf/SampleEarlyStopNPOMarginalRatioDropStopped/lr5e-5_b4_ga2_e10_marginalratio_ma2_stop0.15_rebound0.1_dropstopped_fixed_baseline_denoms_no_retain_recovery/eval/TOFU_SUMMARY.json,/unlearning/experment_data/checkpoints/tofu/forget10/Llama-2-7b-chat-hf/SampleEarlyStopNPOMarginalRatioDropStopped/lr5e-5_b4_ga2_e10_marginalratio_ma2_stop0.15_rebound0.1_dropstopped_fixed_baseline_denoms_no_retain_recovery/ies_nll_gain_history.jsonl,,/unlearning/experment_data/checkpoints/tofu/forget10/Llama-2-7b-chat-hf/SampleEarlyStopNPOMarginalRatioDropStopped/lr5e-5_b4_ga2_e10_marginalratio_ma2_stop0.15_rebound0.1_dropstopped_fixed_baseline_denoms_no_retain_recovery
forget10,400,Llama-2-7b-chat-hf,SampleEarlyStopNPOMarginalRatioDropStopped,marginal_nll_gain_ratio,normalized_nll_epoch_gain_ma,lr5e-5_b4_ga2_e10_marginalratio_ma2_stop0.1_rebound0.1_dropstopped_fixed_baseline_denoms_no_retain_recovery,False,False,5e-5,4,2,8,10,0.1,1,1,NLL,forget_anchor_random_retain,drop_paired_retain,fixed_original_batch,cumulative_progress_loss_ratio,2,0.1,0.1,,,,,,0.1,,,,,0.004907932357,0.5549835512,0.679579108,0.5536300927,0.05122792425,0.03729083069,0.2886062836,57.98355292,1,399,478,79,2070,51.75,10,,,,,/unlearning/experment_data/checkpoints/tofu/forget10/Llama-2-7b-chat-hf/SampleEarlyStopNPOMarginalRatioDropStopped/lr5e-5_b4_ga2_e10_marginalratio_ma2_stop0.1_rebound0.1_dropstopped_fixed_baseline_denoms_no_retain_recovery/eval/TOFU_SUMMARY.json,/unlearning/experment_data/checkpoints/tofu/forget10/Llama-2-7b-chat-hf/SampleEarlyStopNPOMarginalRatioDropStopped/lr5e-5_b4_ga2_e10_marginalratio_ma2_stop0.1_rebound0.1_dropstopped_fixed_baseline_denoms_no_retain_recovery/ies_nll_gain_history.jsonl,,/unlearning/experment_data/checkpoints/tofu/forget10/Llama-2-7b-chat-hf/SampleEarlyStopNPOMarginalRatioDropStopped/lr5e-5_b4_ga2_e10_marginalratio_ma2_stop0.1_rebound0.1_dropstopped_fixed_baseline_denoms_no_retain_recovery
forget10,400,Llama-2-7b-chat-hf,SampleEarlyStopNPOMarginalRatioDropStopped,marginal_nll_gain_ratio,normalized_nll_epoch_gain_ma,lr5e-5_b4_ga4_e10_marginalratio_ma2_stop0.05_rebound0.1_dropstopped_fixed_baseline_denoms_no_retain_recovery,False,False,5e-5,4,4,16,10,0.1,1,1,NLL,forget_anchor_random_retain,drop_paired_retain,fixed_original_batch,cumulative_progress_loss_ratio,2,0.05,0.05,,,,,,0.1,,,,,4.455792685e-06,0.545481746,0.6730814881,0.5299563672,0.04803052844,0.03073304081,0.2657694154,58.64031467,0,400,412,12,1951,48.775,10,,,,,/unlearning/experment_data/checkpoints/tofu/forget10/Llama-2-7b-chat-hf/SampleEarlyStopNPOMarginalRatioDropStopped/lr5e-5_b4_ga4_e10_marginalratio_ma2_stop0.05_rebound0.1_dropstopped_fixed_baseline_denoms_no_retain_recovery/eval/TOFU_SUMMARY.json,/unlearning/experment_data/checkpoints/tofu/forget10/Llama-2-7b-chat-hf/SampleEarlyStopNPOMarginalRatioDropStopped/lr5e-5_b4_ga4_e10_marginalratio_ma2_stop0.05_rebound0.1_dropstopped_fixed_baseline_denoms_no_retain_recovery/ies_nll_gain_history.jsonl,,/unlearning/experment_data/checkpoints/tofu/forget10/Llama-2-7b-chat-hf/SampleEarlyStopNPOMarginalRatioDropStopped/lr5e-5_b4_ga4_e10_marginalratio_ma2_stop0.05_rebound0.1_dropstopped_fixed_baseline_denoms_no_retain_recovery
forget10,400,Llama-2-7b-chat-hf,SampleEarlyStopNPOMarginalRatioDropStopped,marginal_nll_gain_ratio,normalized_nll_epoch_gain_ma,lr5e-5_b4_ga4_e10_marginalratio_ma2_stop0.15_rebound0.1_dropstopped_fixed_baseline_denoms_no_retain_recovery,False,False,5e-5,4,4,16,10,0.1,1,1,NLL,forget_anchor_random_retain,drop_paired_retain,fixed_original_batch,cumulative_progress_loss_ratio,2,0.15,0.15,,,,,,0.1,,,,,3.08985201e-06,0.5501948562,0.6709290944,0.5269157008,0.047107549,0.03275724585,0.2566060673,57.9784578,0,400,427,27,2128,53.2,10,,,,,/unlearning/experment_data/checkpoints/tofu/forget10/Llama-2-7b-chat-hf/SampleEarlyStopNPOMarginalRatioDropStopped/lr5e-5_b4_ga4_e10_marginalratio_ma2_stop0.15_rebound0.1_dropstopped_fixed_baseline_denoms_no_retain_recovery/eval/TOFU_SUMMARY.json,/unlearning/experment_data/checkpoints/tofu/forget10/Llama-2-7b-chat-hf/SampleEarlyStopNPOMarginalRatioDropStopped/lr5e-5_b4_ga4_e10_marginalratio_ma2_stop0.15_rebound0.1_dropstopped_fixed_baseline_denoms_no_retain_recovery/ies_nll_gain_history.jsonl,,/unlearning/experment_data/checkpoints/tofu/forget10/Llama-2-7b-chat-hf/SampleEarlyStopNPOMarginalRatioDropStopped/lr5e-5_b4_ga4_e10_marginalratio_ma2_stop0.15_rebound0.1_dropstopped_fixed_baseline_denoms_no_retain_recovery
forget10,400,Llama-2-7b-chat-hf,SampleEarlyStopNPOMarginalRatioDropStopped,marginal_nll_gain_ratio,normalized_nll_epoch_gain_ma,lr5e-5_b4_ga4_e10_marginalratio_ma2_stop0.1_rebound0.1_dropstopped_fixed_baseline_denoms_no_retain_recovery,False,False,5e-5,4,4,16,10,0.1,1,1,NLL,forget_anchor_random_retain,drop_paired_retain,fixed_original_batch,cumulative_progress_loss_ratio,2,0.1,0.1,,,,,,0.1,,,,,4.584677017e-07,0.5448887094,0.6717828929,0.5248692709,0.04811205755,0.03255734337,0.2546256606,57.72879662,0,400,421,21,2047,51.175,10,,,,,/unlearning/experment_data/checkpoints/tofu/forget10/Llama-2-7b-chat-hf/SampleEarlyStopNPOMarginalRatioDropStopped/lr5e-5_b4_ga4_e10_marginalratio_ma2_stop0.1_rebound0.1_dropstopped_fixed_baseline_denoms_no_retain_recovery/eval/TOFU_SUMMARY.json,/unlearning/experment_data/checkpoints/tofu/forget10/Llama-2-7b-chat-hf/SampleEarlyStopNPOMarginalRatioDropStopped/lr5e-5_b4_ga4_e10_marginalratio_ma2_stop0.1_rebound0.1_dropstopped_fixed_baseline_denoms_no_retain_recovery/ies_nll_gain_history.jsonl,,/unlearning/experment_data/checkpoints/tofu/forget10/Llama-2-7b-chat-hf/SampleEarlyStopNPOMarginalRatioDropStopped/lr5e-5_b4_ga4_e10_marginalratio_ma2_stop0.1_rebound0.1_dropstopped_fixed_baseline_denoms_no_retain_recovery
