split,num_forget_samples,model,method,trainer,controller_family,monitoring_signal,run_name,is_baseline,is_old_copy,learning_rate,per_device_train_batch_size,gradient_accumulation_steps,effective_batch_size_single_gpu,epochs_configured,beta,alpha,gamma,retain_loss_type,sampling_policy,retain_policy_after_stop,forget_loss_denominator,rebound_semantics,moving_average_window,criterion_threshold,stop_ratio_threshold,absolute_nll_gain_threshold,warm_up_epochs,stop_patience,rebound_ratio_threshold,rebound_delta,reactivation_patience,forget_quality,model_utility,forget_truth_ratio,exact_memorization,extraction_strength,forget_Q_A_Prob,forget_Q_A_ROUGE,privleak,final_active_samples,final_stopped_samples,stop_events,reactivation_events,saved_forget_instances,saved_forget_instances_pct_of_10epoch_budget,trajectory_final_epoch,trainer_completed_epoch,global_step,train_runtime_seconds,train_runtime_minutes,summary_json,trajectory_file,trainer_state_json,run_directory
forget01,40,Llama-2-7b-chat-hf,GradDiff,SampleEarlyStopGradDiffIrreversible,absolute_nll_gain,per_sample_length_normalized_nll_gain,lr1e-5_b4_ga2_e10_ies_graddiff_normnll_gain_ge1.4_warm0_patience1_rebounddelta0.1_rpat2_samplingbaseline_masked,False,False,1e-5,4,2,8,10,,,,NLL,baseline_forget_anchor_masked,full_retain,fixed_original_valid_tokens,absolute_gain_below_threshold_minus_delta,,1.4,,1.4,0.0,1,,0.1,2,0.01430154804770646,0.6087151527664568,0.5438319977643922,0.790411701798439,0.1277765973168848,0.11124801635742188,0.3508825945613933,6.297229217874614,5,35,,,199,49.75,10,10.0,50,58.7345,0.9789083333333333,/unlearning/experment_data/checkpoints/tofu/forget01/Llama-2-7b-chat-hf/SampleEarlyStopGradDiffIrreversible/lr1e-5_b4_ga2_e10_ies_graddiff_normnll_gain_ge1.4_warm0_patience1_rebounddelta0.1_rpat2_samplingbaseline_masked/eval/TOFU_SUMMARY.json,/unlearning/experment_data/checkpoints/tofu/forget01/Llama-2-7b-chat-hf/SampleEarlyStopGradDiffIrreversible/lr1e-5_b4_ga2_e10_ies_graddiff_normnll_gain_ge1.4_warm0_patience1_rebounddelta0.1_rpat2_samplingbaseline_masked/ies_grad_diff_nll_gain_history.jsonl,/unlearning/experment_data/checkpoints/tofu/forget01/Llama-2-7b-chat-hf/SampleEarlyStopGradDiffIrreversible/lr1e-5_b4_ga2_e10_ies_graddiff_normnll_gain_ge1.4_warm0_patience1_rebounddelta0.1_rpat2_samplingbaseline_masked/trainer_state.json,/unlearning/experment_data/checkpoints/tofu/forget01/Llama-2-7b-chat-hf/SampleEarlyStopGradDiffIrreversible/lr1e-5_b4_ga2_e10_ies_graddiff_normnll_gain_ge1.4_warm0_patience1_rebounddelta0.1_rpat2_samplingbaseline_masked
forget01,40,Llama-2-7b-chat-hf,GradDiff,SampleEarlyStopGradDiffIrreversible,absolute_nll_gain,per_sample_length_normalized_nll_gain,lr1e-5_b4_ga2_e10_ies_graddiff_normnll_gain_ge1.4_warm1_patience1_rebounddelta0_rpat2,False,False,1e-5,4,2,8,10,,,,NLL,legacy_or_unspecified,legacy_or_unspecified,legacy_or_unspecified,legacy_or_unspecified,,1.4,,1.4,1.0,1,,0.0,2,0.01430154804770646,0.6034643912533404,0.563322415969353,0.8275637149810791,0.13956788520831725,0.2039825439453125,0.4084263531479057,-29.21914357093819,7,33,,,163,40.75,10,10.0,50,56.2163,0.9369383333333333,/unlearning/experment_data/checkpoints/tofu/forget01/Llama-2-7b-chat-hf/SampleEarlyStopGradDiffIrreversible/lr1e-5_b4_ga2_e10_ies_graddiff_normnll_gain_ge1.4_warm1_patience1_rebounddelta0_rpat2/eval/TOFU_SUMMARY.json,/unlearning/experment_data/checkpoints/tofu/forget01/Llama-2-7b-chat-hf/SampleEarlyStopGradDiffIrreversible/lr1e-5_b4_ga2_e10_ies_graddiff_normnll_gain_ge1.4_warm1_patience1_rebounddelta0_rpat2/ies_grad_diff_nll_gain_history.jsonl,/unlearning/experment_data/checkpoints/tofu/forget01/Llama-2-7b-chat-hf/SampleEarlyStopGradDiffIrreversible/lr1e-5_b4_ga2_e10_ies_graddiff_normnll_gain_ge1.4_warm1_patience1_rebounddelta0_rpat2/trainer_state.json,/unlearning/experment_data/checkpoints/tofu/forget01/Llama-2-7b-chat-hf/SampleEarlyStopGradDiffIrreversible/lr1e-5_b4_ga2_e10_ies_graddiff_normnll_gain_ge1.4_warm1_patience1_rebounddelta0_rpat2
forget01,40,Llama-2-7b-chat-hf,GradDiff,SampleEarlyStopGradDiffIrreversible,absolute_nll_gain,per_sample_length_normalized_nll_gain,lr1e-5_b4_ga2_e10_ies_graddiff_normnll_gain_ge1.5_warm0_patience1_rebounddelta0.1_rpat2_samplingbaseline_masked,False,False,1e-5,4,2,8,10,,,,NLL,baseline_forget_anchor_masked,full_retain,fixed_original_valid_tokens,absolute_gain_below_threshold_minus_delta,,1.5,,1.5,0.0,1,,0.1,2,0.006760732303569208,0.6062706775526115,0.5419482844322339,0.7805209010839462,0.10273503986579113,0.09777603149414063,0.36477741781609563,17.632241810048924,4,36,,,192,48.0,10,10.0,50,61.5069,1.025115,/unlearning/experment_data/checkpoints/tofu/forget01/Llama-2-7b-chat-hf/SampleEarlyStopGradDiffIrreversible/lr1e-5_b4_ga2_e10_ies_graddiff_normnll_gain_ge1.5_warm0_patience1_rebounddelta0.1_rpat2_samplingbaseline_masked/eval/TOFU_SUMMARY.json,/unlearning/experment_data/checkpoints/tofu/forget01/Llama-2-7b-chat-hf/SampleEarlyStopGradDiffIrreversible/lr1e-5_b4_ga2_e10_ies_graddiff_normnll_gain_ge1.5_warm0_patience1_rebounddelta0.1_rpat2_samplingbaseline_masked/ies_grad_diff_nll_gain_history.jsonl,/unlearning/experment_data/checkpoints/tofu/forget01/Llama-2-7b-chat-hf/SampleEarlyStopGradDiffIrreversible/lr1e-5_b4_ga2_e10_ies_graddiff_normnll_gain_ge1.5_warm0_patience1_rebounddelta0.1_rpat2_samplingbaseline_masked/trainer_state.json,/unlearning/experment_data/checkpoints/tofu/forget01/Llama-2-7b-chat-hf/SampleEarlyStopGradDiffIrreversible/lr1e-5_b4_ga2_e10_ies_graddiff_normnll_gain_ge1.5_warm0_patience1_rebounddelta0.1_rpat2_samplingbaseline_masked
forget01,40,Llama-2-7b-chat-hf,GradDiff,SampleEarlyStopGradDiffIrreversible,absolute_nll_gain,per_sample_length_normalized_nll_gain,lr1e-5_b4_ga2_e10_ies_graddiff_normnll_gain_ge1.5_warm1_patience1_rebounddelta0_rpat2,False,False,1e-5,4,2,8,10,,,,NLL,legacy_or_unspecified,legacy_or_unspecified,legacy_or_unspecified,legacy_or_unspecified,,1.5,,1.5,1.0,1,,0.0,2,0.02860307028023343,0.6018015803292498,0.5547626717209454,0.8145449161529541,0.13693630626094885,0.17591094970703125,0.3960063388637197,-11.838790929604267,8,32,,,159,39.75,10,10.0,50,56.4028,0.9400466666666667,/unlearning/experment_data/checkpoints/tofu/forget01/Llama-2-7b-chat-hf/SampleEarlyStopGradDiffIrreversible/lr1e-5_b4_ga2_e10_ies_graddiff_normnll_gain_ge1.5_warm1_patience1_rebounddelta0_rpat2/eval/TOFU_SUMMARY.json,/unlearning/experment_data/checkpoints/tofu/forget01/Llama-2-7b-chat-hf/SampleEarlyStopGradDiffIrreversible/lr1e-5_b4_ga2_e10_ies_graddiff_normnll_gain_ge1.5_warm1_patience1_rebounddelta0_rpat2/ies_grad_diff_nll_gain_history.jsonl,/unlearning/experment_data/checkpoints/tofu/forget01/Llama-2-7b-chat-hf/SampleEarlyStopGradDiffIrreversible/lr1e-5_b4_ga2_e10_ies_graddiff_normnll_gain_ge1.5_warm1_patience1_rebounddelta0_rpat2/trainer_state.json,/unlearning/experment_data/checkpoints/tofu/forget01/Llama-2-7b-chat-hf/SampleEarlyStopGradDiffIrreversible/lr1e-5_b4_ga2_e10_ies_graddiff_normnll_gain_ge1.5_warm1_patience1_rebounddelta0_rpat2
forget01,40,Llama-2-7b-chat-hf,GradDiff,SampleEarlyStopGradDiffIrreversible,absolute_nll_gain,per_sample_length_normalized_nll_gain,lr1e-5_b4_ga2_e10_ies_graddiff_normnll_gain_ge1.6_warm1_patience1_rebounddelta0.1_rpat2,False,False,1e-5,4,2,8,10,,,,NLL,legacy_or_unspecified,legacy_or_unspecified,legacy_or_unspecified,legacy_or_unspecified,,1.6,,1.6,1.0,1,,0.1,2,0.02860307028023343,0.6004640187413998,0.5570430986441813,0.8099392518401146,0.1346545602292028,0.17615814208984376,0.373050250393529,-4.911838789942183,8,32,,,152,38.0,10,10.0,50,59.1893,0.9864883333333334,/unlearning/experment_data/checkpoints/tofu/forget01/Llama-2-7b-chat-hf/SampleEarlyStopGradDiffIrreversible/lr1e-5_b4_ga2_e10_ies_graddiff_normnll_gain_ge1.6_warm1_patience1_rebounddelta0.1_rpat2/eval/TOFU_SUMMARY.json,/unlearning/experment_data/checkpoints/tofu/forget01/Llama-2-7b-chat-hf/SampleEarlyStopGradDiffIrreversible/lr1e-5_b4_ga2_e10_ies_graddiff_normnll_gain_ge1.6_warm1_patience1_rebounddelta0.1_rpat2/ies_grad_diff_nll_gain_history.jsonl,/unlearning/experment_data/checkpoints/tofu/forget01/Llama-2-7b-chat-hf/SampleEarlyStopGradDiffIrreversible/lr1e-5_b4_ga2_e10_ies_graddiff_normnll_gain_ge1.6_warm1_patience1_rebounddelta0.1_rpat2/trainer_state.json,/unlearning/experment_data/checkpoints/tofu/forget01/Llama-2-7b-chat-hf/SampleEarlyStopGradDiffIrreversible/lr1e-5_b4_ga2_e10_ies_graddiff_normnll_gain_ge1.6_warm1_patience1_rebounddelta0.1_rpat2
forget01,40,Llama-2-7b-chat-hf,GradDiff,SampleEarlyStopGradDiffIrreversible,absolute_nll_gain,per_sample_length_normalized_nll_gain,lr1e-5_b4_ga2_e10_ies_graddiff_normnll_gain_ge1.8_warm1_patience1_rebounddelta0.1_rpat2,False,False,1e-5,4,2,8,10,,,,NLL,legacy_or_unspecified,legacy_or_unspecified,legacy_or_unspecified,legacy_or_unspecified,,1.8,,1.8,1.0,1,,0.1,2,0.01430154804770646,0.5995379873627728,0.554523016374392,0.8044685363769531,0.13595591410408608,0.1673187255859375,0.38678328918542626,4.156171283797247,9,31,,,143,35.75,10,10.0,50,61.0127,1.0168783333333333,/unlearning/experment_data/checkpoints/tofu/forget01/Llama-2-7b-chat-hf/SampleEarlyStopGradDiffIrreversible/lr1e-5_b4_ga2_e10_ies_graddiff_normnll_gain_ge1.8_warm1_patience1_rebounddelta0.1_rpat2/eval/TOFU_SUMMARY.json,/unlearning/experment_data/checkpoints/tofu/forget01/Llama-2-7b-chat-hf/SampleEarlyStopGradDiffIrreversible/lr1e-5_b4_ga2_e10_ies_graddiff_normnll_gain_ge1.8_warm1_patience1_rebounddelta0.1_rpat2/ies_grad_diff_nll_gain_history.jsonl,/unlearning/experment_data/checkpoints/tofu/forget01/Llama-2-7b-chat-hf/SampleEarlyStopGradDiffIrreversible/lr1e-5_b4_ga2_e10_ies_graddiff_normnll_gain_ge1.8_warm1_patience1_rebounddelta0.1_rpat2/trainer_state.json,/unlearning/experment_data/checkpoints/tofu/forget01/Llama-2-7b-chat-hf/SampleEarlyStopGradDiffIrreversible/lr1e-5_b4_ga2_e10_ies_graddiff_normnll_gain_ge1.8_warm1_patience1_rebounddelta0.1_rpat2
forget01,40,Llama-2-7b-chat-hf,GradDiff,SampleEarlyStopGradDiffIrreversible,absolute_nll_gain,per_sample_length_normalized_nll_gain,lr1e-5_b4_ga2_e10_ies_graddiff_normnll_gain_ge2.0_warm2_patience1_rebounddelta0.2_rpat2,False,False,1e-5,4,2,8,10,,,,NLL,legacy_or_unspecified,legacy_or_unspecified,legacy_or_unspecified,legacy_or_unspecified,,2.0,,2.0,2.0,1,,0.2,2,0.006760732303569208,0.5987403421664753,0.551017378140849,0.7953600585460663,0.1314631047852366,0.15439605712890625,0.3754856726553791,13.35012594189419,9,31,,,140,35.0,10,10.0,50,62.391,1.03985,/unlearning/experment_data/checkpoints/tofu/forget01/Llama-2-7b-chat-hf/SampleEarlyStopGradDiffIrreversible/lr1e-5_b4_ga2_e10_ies_graddiff_normnll_gain_ge2.0_warm2_patience1_rebounddelta0.2_rpat2/eval/TOFU_SUMMARY.json,/unlearning/experment_data/checkpoints/tofu/forget01/Llama-2-7b-chat-hf/SampleEarlyStopGradDiffIrreversible/lr1e-5_b4_ga2_e10_ies_graddiff_normnll_gain_ge2.0_warm2_patience1_rebounddelta0.2_rpat2/ies_grad_diff_nll_gain_history.jsonl,/unlearning/experment_data/checkpoints/tofu/forget01/Llama-2-7b-chat-hf/SampleEarlyStopGradDiffIrreversible/lr1e-5_b4_ga2_e10_ies_graddiff_normnll_gain_ge2.0_warm2_patience1_rebounddelta0.2_rpat2/trainer_state.json,/unlearning/experment_data/checkpoints/tofu/forget01/Llama-2-7b-chat-hf/SampleEarlyStopGradDiffIrreversible/lr1e-5_b4_ga2_e10_ies_graddiff_normnll_gain_ge2.0_warm2_patience1_rebounddelta0.2_rpat2
forget01,40,Llama-2-7b-chat-hf,GradDiff,SampleEarlyStopGradDiffIrreversible,absolute_nll_gain,per_sample_length_normalized_nll_gain,lr1e-5_b4_ga2_e10_ies_graddiff_normnll_gain_ge3.0_warm2_patience1_rebounddelta0.2_rpat2,False,False,1e-5,4,2,8,10,,,,NLL,legacy_or_unspecified,legacy_or_unspecified,legacy_or_unspecified,legacy_or_unspecified,,3.0,,3.0,2.0,1,,0.2,2,0.01430154804770646,0.5976524386200353,0.54174152835362,0.7810848876833916,0.12775193052478204,0.14235458374023438,0.3718744031010732,34.63476069831038,15,25,,,91,22.75,10,10.0,50,64.9159,1.0819316666666665,/unlearning/experment_data/checkpoints/tofu/forget01/Llama-2-7b-chat-hf/SampleEarlyStopGradDiffIrreversible/lr1e-5_b4_ga2_e10_ies_graddiff_normnll_gain_ge3.0_warm2_patience1_rebounddelta0.2_rpat2/eval/TOFU_SUMMARY.json,/unlearning/experment_data/checkpoints/tofu/forget01/Llama-2-7b-chat-hf/SampleEarlyStopGradDiffIrreversible/lr1e-5_b4_ga2_e10_ies_graddiff_normnll_gain_ge3.0_warm2_patience1_rebounddelta0.2_rpat2/ies_grad_diff_nll_gain_history.jsonl,/unlearning/experment_data/checkpoints/tofu/forget01/Llama-2-7b-chat-hf/SampleEarlyStopGradDiffIrreversible/lr1e-5_b4_ga2_e10_ies_graddiff_normnll_gain_ge3.0_warm2_patience1_rebounddelta0.2_rpat2/trainer_state.json,/unlearning/experment_data/checkpoints/tofu/forget01/Llama-2-7b-chat-hf/SampleEarlyStopGradDiffIrreversible/lr1e-5_b4_ga2_e10_ies_graddiff_normnll_gain_ge3.0_warm2_patience1_rebounddelta0.2_rpat2
forget01,40,Llama-2-7b-chat-hf,GradDiff,SampleEarlyStopGradDiffIrreversible,absolute_nll_gain,per_sample_length_normalized_nll_gain,lr1e-5_b4_ga2_e10_ies_graddiff_normnll_gain_ge5_warm2_patience1_rebounddelta0.2_rpat2,False,False,1e-5,4,2,8,10,,,,NLL,legacy_or_unspecified,legacy_or_unspecified,legacy_or_unspecified,legacy_or_unspecified,,5.0,,5.0,2.0,1,,0.2,2,0.01430154804770646,0.5951897769940466,0.5336654345251746,0.7601904645562172,0.12726173444635067,0.1408447265625,0.36529733703923295,37.6574307228902,33,7,,,20,5.0,10,10.0,50,65.7306,1.09551,/unlearning/experment_data/checkpoints/tofu/forget01/Llama-2-7b-chat-hf/SampleEarlyStopGradDiffIrreversible/lr1e-5_b4_ga2_e10_ies_graddiff_normnll_gain_ge5_warm2_patience1_rebounddelta0.2_rpat2/eval/TOFU_SUMMARY.json,/unlearning/experment_data/checkpoints/tofu/forget01/Llama-2-7b-chat-hf/SampleEarlyStopGradDiffIrreversible/lr1e-5_b4_ga2_e10_ies_graddiff_normnll_gain_ge5_warm2_patience1_rebounddelta0.2_rpat2/ies_grad_diff_nll_gain_history.jsonl,/unlearning/experment_data/checkpoints/tofu/forget01/Llama-2-7b-chat-hf/SampleEarlyStopGradDiffIrreversible/lr1e-5_b4_ga2_e10_ies_graddiff_normnll_gain_ge5_warm2_patience1_rebounddelta0.2_rpat2/trainer_state.json,/unlearning/experment_data/checkpoints/tofu/forget01/Llama-2-7b-chat-hf/SampleEarlyStopGradDiffIrreversible/lr1e-5_b4_ga2_e10_ies_graddiff_normnll_gain_ge5_warm2_patience1_rebounddelta0.2_rpat2
forget01,40,Llama-2-7b-chat-hf,GradDiff,SampleEarlyStopGradDiffIrreversible,absolute_nll_gain,per_sample_length_normalized_nll_gain,lr2e-5_b4_ga2_e10_ies_graddiff_normnll_gain_ge1.4_warm0_patience1_rebounddelta0.1_rpat2_samplingbaseline_masked,False,False,2e-5,4,2,8,10,,,,NLL,baseline_forget_anchor_masked,full_retain,fixed_original_valid_tokens,absolute_gain_below_threshold_minus_delta,,1.4,,1.4,0.0,1,,0.1,2,0.2656871402817289,0.6127271550936576,0.5481234228654881,0.6702567234635353,0.06293155859945629,0.043133145570755003,0.24387024220030548,69.52141056533576,2,38,,,312,78.0,10,10.0,50,51.2828,0.8547133333333333,/unlearning/experment_data/checkpoints/tofu/forget01/Llama-2-7b-chat-hf/SampleEarlyStopGradDiffIrreversible/lr2e-5_b4_ga2_e10_ies_graddiff_normnll_gain_ge1.4_warm0_patience1_rebounddelta0.1_rpat2_samplingbaseline_masked/eval/TOFU_SUMMARY.json,/unlearning/experment_data/checkpoints/tofu/forget01/Llama-2-7b-chat-hf/SampleEarlyStopGradDiffIrreversible/lr2e-5_b4_ga2_e10_ies_graddiff_normnll_gain_ge1.4_warm0_patience1_rebounddelta0.1_rpat2_samplingbaseline_masked/ies_grad_diff_nll_gain_history.jsonl,/unlearning/experment_data/checkpoints/tofu/forget01/Llama-2-7b-chat-hf/SampleEarlyStopGradDiffIrreversible/lr2e-5_b4_ga2_e10_ies_graddiff_normnll_gain_ge1.4_warm0_patience1_rebounddelta0.1_rpat2_samplingbaseline_masked/trainer_state.json,/unlearning/experment_data/checkpoints/tofu/forget01/Llama-2-7b-chat-hf/SampleEarlyStopGradDiffIrreversible/lr2e-5_b4_ga2_e10_ies_graddiff_normnll_gain_ge1.4_warm0_patience1_rebounddelta0.1_rpat2_samplingbaseline_masked
forget01,40,Llama-2-7b-chat-hf,GradDiff,SampleEarlyStopGradDiffIrreversible,absolute_nll_gain,per_sample_length_normalized_nll_gain,lr2e-5_b4_ga2_e10_ies_graddiff_normnll_gain_ge1.5_warm0_patience1_rebounddelta0.1_rpat2_samplingbaseline_masked,False,False,2e-5,4,2,8,10,,,,NLL,baseline_forget_anchor_masked,full_retain,fixed_original_valid_tokens,absolute_gain_below_threshold_minus_delta,,1.5,,1.5,0.0,1,,0.1,2,0.2656871402817289,0.6099870022620087,0.5514442896967863,0.6692058838903904,0.06127855313497541,0.034069007635116576,0.24504313080378126,76.82619645807029,1,39,,,309,77.25,10,10.0,50,52.6827,0.878045,/unlearning/experment_data/checkpoints/tofu/forget01/Llama-2-7b-chat-hf/SampleEarlyStopGradDiffIrreversible/lr2e-5_b4_ga2_e10_ies_graddiff_normnll_gain_ge1.5_warm0_patience1_rebounddelta0.1_rpat2_samplingbaseline_masked/eval/TOFU_SUMMARY.json,/unlearning/experment_data/checkpoints/tofu/forget01/Llama-2-7b-chat-hf/SampleEarlyStopGradDiffIrreversible/lr2e-5_b4_ga2_e10_ies_graddiff_normnll_gain_ge1.5_warm0_patience1_rebounddelta0.1_rpat2_samplingbaseline_masked/ies_grad_diff_nll_gain_history.jsonl,/unlearning/experment_data/checkpoints/tofu/forget01/Llama-2-7b-chat-hf/SampleEarlyStopGradDiffIrreversible/lr2e-5_b4_ga2_e10_ies_graddiff_normnll_gain_ge1.5_warm0_patience1_rebounddelta0.1_rpat2_samplingbaseline_masked/trainer_state.json,/unlearning/experment_data/checkpoints/tofu/forget01/Llama-2-7b-chat-hf/SampleEarlyStopGradDiffIrreversible/lr2e-5_b4_ga2_e10_ies_graddiff_normnll_gain_ge1.5_warm0_patience1_rebounddelta0.1_rpat2_samplingbaseline_masked
forget01,40,Llama-2-7b-chat-hf,GradDiff,SampleEarlyStopGradDiffIrreversible,absolute_nll_gain,per_sample_length_normalized_nll_gain,lr2e-5_b4_ga2_e10_ies_graddiff_normnll_gain_ge2.0_warm2_patience1_rebounddelta0.2_rpat2,False,False,2e-5,4,2,8,10,,,,NLL,legacy_or_unspecified,legacy_or_unspecified,legacy_or_unspecified,legacy_or_unspecified,,2.0,,2.0,2.0,1,,0.2,2,0.0005039436209702519,0.6127409747290574,0.4051685675759152,0.4094093204475939,0.04940000394766565,0.01188186588702914,0.1752373046701384,90.93198990610944,0,40,,,275,68.75,10,10.0,50,55.3168,0.9219466666666667,/unlearning/experment_data/checkpoints/tofu/forget01/Llama-2-7b-chat-hf/SampleEarlyStopGradDiffIrreversible/lr2e-5_b4_ga2_e10_ies_graddiff_normnll_gain_ge2.0_warm2_patience1_rebounddelta0.2_rpat2/eval/TOFU_SUMMARY.json,/unlearning/experment_data/checkpoints/tofu/forget01/Llama-2-7b-chat-hf/SampleEarlyStopGradDiffIrreversible/lr2e-5_b4_ga2_e10_ies_graddiff_normnll_gain_ge2.0_warm2_patience1_rebounddelta0.2_rpat2/ies_grad_diff_nll_gain_history.jsonl,/unlearning/experment_data/checkpoints/tofu/forget01/Llama-2-7b-chat-hf/SampleEarlyStopGradDiffIrreversible/lr2e-5_b4_ga2_e10_ies_graddiff_normnll_gain_ge2.0_warm2_patience1_rebounddelta0.2_rpat2/trainer_state.json,/unlearning/experment_data/checkpoints/tofu/forget01/Llama-2-7b-chat-hf/SampleEarlyStopGradDiffIrreversible/lr2e-5_b4_ga2_e10_ies_graddiff_normnll_gain_ge2.0_warm2_patience1_rebounddelta0.2_rpat2
forget01,40,Llama-2-7b-chat-hf,GradDiff,SampleEarlyStopGradDiffIrreversible,absolute_nll_gain,per_sample_length_normalized_nll_gain,lr2e-5_b4_ga2_e10_ies_graddiff_normnll_gain_ge3.0_warm2_patience1_rebounddelta0.2_rpat2,False,False,2e-5,4,2,8,10,,,,NLL,legacy_or_unspecified,legacy_or_unspecified,legacy_or_unspecified,legacy_or_unspecified,,3.0,,3.0,2.0,1,,0.2,2,0.0005039436209702519,0.6097161162422089,0.39928355621494166,0.3916917606256902,0.03854200209752689,0.0028350068098194955,0.15998165352756658,101.00755665470882,0,40,,,268,67.0,10,10.0,50,55.4856,0.9247599999999999,/unlearning/experment_data/checkpoints/tofu/forget01/Llama-2-7b-chat-hf/SampleEarlyStopGradDiffIrreversible/lr2e-5_b4_ga2_e10_ies_graddiff_normnll_gain_ge3.0_warm2_patience1_rebounddelta0.2_rpat2/eval/TOFU_SUMMARY.json,/unlearning/experment_data/checkpoints/tofu/forget01/Llama-2-7b-chat-hf/SampleEarlyStopGradDiffIrreversible/lr2e-5_b4_ga2_e10_ies_graddiff_normnll_gain_ge3.0_warm2_patience1_rebounddelta0.2_rpat2/ies_grad_diff_nll_gain_history.jsonl,/unlearning/experment_data/checkpoints/tofu/forget01/Llama-2-7b-chat-hf/SampleEarlyStopGradDiffIrreversible/lr2e-5_b4_ga2_e10_ies_graddiff_normnll_gain_ge3.0_warm2_patience1_rebounddelta0.2_rpat2/trainer_state.json,/unlearning/experment_data/checkpoints/tofu/forget01/Llama-2-7b-chat-hf/SampleEarlyStopGradDiffIrreversible/lr2e-5_b4_ga2_e10_ies_graddiff_normnll_gain_ge3.0_warm2_patience1_rebounddelta0.2_rpat2
forget01,40,Llama-2-7b-chat-hf,GradDiff,SampleEarlyStopGradDiffIrreversible,absolute_nll_gain,per_sample_length_normalized_nll_gain,lr2e-5_b4_ga2_e10_ies_graddiff_normnll_gain_ge5_warm2_patience1_rebounddelta0.2_rpat2,False,False,2e-5,4,2,8,10,,,,NLL,legacy_or_unspecified,legacy_or_unspecified,legacy_or_unspecified,legacy_or_unspecified,,5.0,,5.0,2.0,1,,0.2,2,6.608193292756245e-06,0.6132124914321846,0.34996154220540304,0.36749096973799167,0.03928821906257378,0.0012755967719454606,0.11693429881350662,99.87405539549138,1,39,,,255,63.75,10,10.0,50,54.5126,0.9085433333333334,/unlearning/experment_data/checkpoints/tofu/forget01/Llama-2-7b-chat-hf/SampleEarlyStopGradDiffIrreversible/lr2e-5_b4_ga2_e10_ies_graddiff_normnll_gain_ge5_warm2_patience1_rebounddelta0.2_rpat2/eval/TOFU_SUMMARY.json,/unlearning/experment_data/checkpoints/tofu/forget01/Llama-2-7b-chat-hf/SampleEarlyStopGradDiffIrreversible/lr2e-5_b4_ga2_e10_ies_graddiff_normnll_gain_ge5_warm2_patience1_rebounddelta0.2_rpat2/ies_grad_diff_nll_gain_history.jsonl,/unlearning/experment_data/checkpoints/tofu/forget01/Llama-2-7b-chat-hf/SampleEarlyStopGradDiffIrreversible/lr2e-5_b4_ga2_e10_ies_graddiff_normnll_gain_ge5_warm2_patience1_rebounddelta0.2_rpat2/trainer_state.json,/unlearning/experment_data/checkpoints/tofu/forget01/Llama-2-7b-chat-hf/SampleEarlyStopGradDiffIrreversible/lr2e-5_b4_ga2_e10_ies_graddiff_normnll_gain_ge5_warm2_patience1_rebounddelta0.2_rpat2
forget01,40,Llama-2-7b-chat-hf,GradDiff,SampleEarlyStopGradDiffIrreversible,absolute_nll_gain,per_sample_length_normalized_nll_gain,lr5e-5_b4_ga2_e10_ies_graddiff_normnll_gain_ge1.4_warm0_patience1_rebounddelta0.1_rpat2_samplingbaseline_masked,False,False,5e-5,4,2,8,10,,,,NLL,baseline_forget_anchor_masked,full_retain,fixed_original_valid_tokens,absolute_gain_below_threshold_minus_delta,,1.4,,1.4,0.0,1,,0.1,2,0.054141077480362725,0.5531027431846517,0.6139145220658635,0.5068345684558153,0.04636584577376136,0.013619585614651441,0.11737403092089908,101.00755665470882,0,40,,,349,87.25,10,10.0,50,50.1856,0.8364266666666667,/unlearning/experment_data/checkpoints/tofu/forget01/Llama-2-7b-chat-hf/SampleEarlyStopGradDiffIrreversible/lr5e-5_b4_ga2_e10_ies_graddiff_normnll_gain_ge1.4_warm0_patience1_rebounddelta0.1_rpat2_samplingbaseline_masked/eval/TOFU_SUMMARY.json,/unlearning/experment_data/checkpoints/tofu/forget01/Llama-2-7b-chat-hf/SampleEarlyStopGradDiffIrreversible/lr5e-5_b4_ga2_e10_ies_graddiff_normnll_gain_ge1.4_warm0_patience1_rebounddelta0.1_rpat2_samplingbaseline_masked/ies_grad_diff_nll_gain_history.jsonl,/unlearning/experment_data/checkpoints/tofu/forget01/Llama-2-7b-chat-hf/SampleEarlyStopGradDiffIrreversible/lr5e-5_b4_ga2_e10_ies_graddiff_normnll_gain_ge1.4_warm0_patience1_rebounddelta0.1_rpat2_samplingbaseline_masked/trainer_state.json,/unlearning/experment_data/checkpoints/tofu/forget01/Llama-2-7b-chat-hf/SampleEarlyStopGradDiffIrreversible/lr5e-5_b4_ga2_e10_ies_graddiff_normnll_gain_ge1.4_warm0_patience1_rebounddelta0.1_rpat2_samplingbaseline_masked
forget01,40,Llama-2-7b-chat-hf,GradDiff,SampleEarlyStopGradDiffIrreversible,absolute_nll_gain,per_sample_length_normalized_nll_gain,lr5e-5_b4_ga2_e10_ies_graddiff_normnll_gain_ge1.5_warm0_patience1_rebounddelta0.1_rpat2_samplingbaseline_masked,False,False,5e-5,4,2,8,10,,,,NLL,baseline_forget_anchor_masked,full_retain,fixed_original_valid_tokens,absolute_gain_below_threshold_minus_delta,,1.5,,1.5,0.0,1,,0.1,2,0.09707484379785862,0.5513903951016071,0.590249431591562,0.4698509208858013,0.04293374641611484,0.013350365473888815,0.09661548304455744,101.00755665470882,0,40,,,348,87.0,10,10.0,50,48.3366,0.8056099999999999,/unlearning/experment_data/checkpoints/tofu/forget01/Llama-2-7b-chat-hf/SampleEarlyStopGradDiffIrreversible/lr5e-5_b4_ga2_e10_ies_graddiff_normnll_gain_ge1.5_warm0_patience1_rebounddelta0.1_rpat2_samplingbaseline_masked/eval/TOFU_SUMMARY.json,/unlearning/experment_data/checkpoints/tofu/forget01/Llama-2-7b-chat-hf/SampleEarlyStopGradDiffIrreversible/lr5e-5_b4_ga2_e10_ies_graddiff_normnll_gain_ge1.5_warm0_patience1_rebounddelta0.1_rpat2_samplingbaseline_masked/ies_grad_diff_nll_gain_history.jsonl,/unlearning/experment_data/checkpoints/tofu/forget01/Llama-2-7b-chat-hf/SampleEarlyStopGradDiffIrreversible/lr5e-5_b4_ga2_e10_ies_graddiff_normnll_gain_ge1.5_warm0_patience1_rebounddelta0.1_rpat2_samplingbaseline_masked/trainer_state.json,/unlearning/experment_data/checkpoints/tofu/forget01/Llama-2-7b-chat-hf/SampleEarlyStopGradDiffIrreversible/lr5e-5_b4_ga2_e10_ies_graddiff_normnll_gain_ge1.5_warm0_patience1_rebounddelta0.1_rpat2_samplingbaseline_masked
forget01,40,Llama-2-7b-chat-hf,GradDiff,SampleEarlyStopGradDiffIrreversible,absolute_nll_gain,per_sample_length_normalized_nll_gain,lr5e-5_b4_ga2_e10_ies_graddiff_normnll_gain_ge2.0_warm2_patience1_rebounddelta0.2_rpat2,False,False,5e-5,4,2,8,10,,,,NLL,legacy_or_unspecified,legacy_or_unspecified,legacy_or_unspecified,legacy_or_unspecified,,2.0,,2.0,2.0,1,,0.2,2,5.878675555307461e-20,0.60004184322119,2.895829720385836e-10,0.019082126207649708,0.024157807278400844,7.264316082000732e-08,0.017391304347826087,101.51133499213879,0,40,,,280,70.0,10,10.0,50,52.8606,0.88101,/unlearning/experment_data/checkpoints/tofu/forget01/Llama-2-7b-chat-hf/SampleEarlyStopGradDiffIrreversible/lr5e-5_b4_ga2_e10_ies_graddiff_normnll_gain_ge2.0_warm2_patience1_rebounddelta0.2_rpat2/eval/TOFU_SUMMARY.json,/unlearning/experment_data/checkpoints/tofu/forget01/Llama-2-7b-chat-hf/SampleEarlyStopGradDiffIrreversible/lr5e-5_b4_ga2_e10_ies_graddiff_normnll_gain_ge2.0_warm2_patience1_rebounddelta0.2_rpat2/ies_grad_diff_nll_gain_history.jsonl,/unlearning/experment_data/checkpoints/tofu/forget01/Llama-2-7b-chat-hf/SampleEarlyStopGradDiffIrreversible/lr5e-5_b4_ga2_e10_ies_graddiff_normnll_gain_ge2.0_warm2_patience1_rebounddelta0.2_rpat2/trainer_state.json,/unlearning/experment_data/checkpoints/tofu/forget01/Llama-2-7b-chat-hf/SampleEarlyStopGradDiffIrreversible/lr5e-5_b4_ga2_e10_ies_graddiff_normnll_gain_ge2.0_warm2_patience1_rebounddelta0.2_rpat2
forget01,40,Llama-2-7b-chat-hf,GradDiff,SampleEarlyStopGradDiffIrreversible,absolute_nll_gain,per_sample_length_normalized_nll_gain,lr5e-5_b4_ga2_e10_ies_graddiff_normnll_gain_ge3.0_warm2_patience1_rebounddelta0.2_rpat2,False,False,5e-5,4,2,8,10,,,,NLL,legacy_or_unspecified,legacy_or_unspecified,legacy_or_unspecified,legacy_or_unspecified,,3.0,,3.0,2.0,1,,0.2,2,5.878675555307461e-20,0.60004184322119,2.895829720385836e-10,0.019082126207649708,0.024157807278400844,7.264316082000732e-08,0.017391304347826087,101.51133499213879,0,40,,,280,70.0,10,10.0,50,52.7938,0.8798966666666667,/unlearning/experment_data/checkpoints/tofu/forget01/Llama-2-7b-chat-hf/SampleEarlyStopGradDiffIrreversible/lr5e-5_b4_ga2_e10_ies_graddiff_normnll_gain_ge3.0_warm2_patience1_rebounddelta0.2_rpat2/eval/TOFU_SUMMARY.json,/unlearning/experment_data/checkpoints/tofu/forget01/Llama-2-7b-chat-hf/SampleEarlyStopGradDiffIrreversible/lr5e-5_b4_ga2_e10_ies_graddiff_normnll_gain_ge3.0_warm2_patience1_rebounddelta0.2_rpat2/ies_grad_diff_nll_gain_history.jsonl,/unlearning/experment_data/checkpoints/tofu/forget01/Llama-2-7b-chat-hf/SampleEarlyStopGradDiffIrreversible/lr5e-5_b4_ga2_e10_ies_graddiff_normnll_gain_ge3.0_warm2_patience1_rebounddelta0.2_rpat2/trainer_state.json,/unlearning/experment_data/checkpoints/tofu/forget01/Llama-2-7b-chat-hf/SampleEarlyStopGradDiffIrreversible/lr5e-5_b4_ga2_e10_ies_graddiff_normnll_gain_ge3.0_warm2_patience1_rebounddelta0.2_rpat2
forget01,40,Llama-2-7b-chat-hf,GradDiff,SampleEarlyStopGradDiffIrreversible,absolute_nll_gain,per_sample_length_normalized_nll_gain,lr5e-5_b4_ga2_e10_ies_graddiff_normnll_gain_ge5_warm2_patience1_rebounddelta0.2_rpat2,False,False,5e-5,4,2,8,10,,,,NLL,legacy_or_unspecified,legacy_or_unspecified,legacy_or_unspecified,legacy_or_unspecified,,5.0,,5.0,2.0,1,,0.2,2,5.878675555307461e-20,0.60004184322119,2.895829720385836e-10,0.019082126207649708,0.024157807278400844,7.264316082000732e-08,0.017391304347826087,101.51133499213879,0,40,,,280,70.0,10,10.0,50,53.8023,0.8967050000000001,/unlearning/experment_data/checkpoints/tofu/forget01/Llama-2-7b-chat-hf/SampleEarlyStopGradDiffIrreversible/lr5e-5_b4_ga2_e10_ies_graddiff_normnll_gain_ge5_warm2_patience1_rebounddelta0.2_rpat2/eval/TOFU_SUMMARY.json,/unlearning/experment_data/checkpoints/tofu/forget01/Llama-2-7b-chat-hf/SampleEarlyStopGradDiffIrreversible/lr5e-5_b4_ga2_e10_ies_graddiff_normnll_gain_ge5_warm2_patience1_rebounddelta0.2_rpat2/ies_grad_diff_nll_gain_history.jsonl,/unlearning/experment_data/checkpoints/tofu/forget01/Llama-2-7b-chat-hf/SampleEarlyStopGradDiffIrreversible/lr5e-5_b4_ga2_e10_ies_graddiff_normnll_gain_ge5_warm2_patience1_rebounddelta0.2_rpat2/trainer_state.json,/unlearning/experment_data/checkpoints/tofu/forget01/Llama-2-7b-chat-hf/SampleEarlyStopGradDiffIrreversible/lr5e-5_b4_ga2_e10_ies_graddiff_normnll_gain_ge5_warm2_patience1_rebounddelta0.2_rpat2
forget01,40,Llama-2-7b-chat-hf,GradDiff,SampleEarlyStopGradDiffIrreversible,absolute_nll_gain,per_sample_length_normalized_nll_gain,lr5e-6_b4_ga2_e10_ies_graddiff_normnll_gain_ge1.4_warm1_patience1_rebounddelta0_rpat2,False,False,5e-6,4,2,8,10,,,,NLL,legacy_or_unspecified,legacy_or_unspecified,legacy_or_unspecified,legacy_or_unspecified,,1.4,,1.4,1.0,1,,0.0,2,0.003018184077228396,0.6207538179188038,0.5319072111462668,0.974440085887909,0.6271800414379497,0.841748046875,0.7595841954478022,-97.8589420457715,40,0,,,0,0.0,10,10.0,50,64.7902,1.0798366666666666,/unlearning/experment_data/checkpoints/tofu/forget01/Llama-2-7b-chat-hf/SampleEarlyStopGradDiffIrreversible/lr5e-6_b4_ga2_e10_ies_graddiff_normnll_gain_ge1.4_warm1_patience1_rebounddelta0_rpat2/eval/TOFU_SUMMARY.json,/unlearning/experment_data/checkpoints/tofu/forget01/Llama-2-7b-chat-hf/SampleEarlyStopGradDiffIrreversible/lr5e-6_b4_ga2_e10_ies_graddiff_normnll_gain_ge1.4_warm1_patience1_rebounddelta0_rpat2/ies_grad_diff_nll_gain_history.jsonl,/unlearning/experment_data/checkpoints/tofu/forget01/Llama-2-7b-chat-hf/SampleEarlyStopGradDiffIrreversible/lr5e-6_b4_ga2_e10_ies_graddiff_normnll_gain_ge1.4_warm1_patience1_rebounddelta0_rpat2/trainer_state.json,/unlearning/experment_data/checkpoints/tofu/forget01/Llama-2-7b-chat-hf/SampleEarlyStopGradDiffIrreversible/lr5e-6_b4_ga2_e10_ies_graddiff_normnll_gain_ge1.4_warm1_patience1_rebounddelta0_rpat2
forget01,40,Llama-2-7b-chat-hf,GradDiff,SampleEarlyStopGradDiffIrreversible,absolute_nll_gain,per_sample_length_normalized_nll_gain,lr5e-6_b4_ga2_e10_ies_graddiff_normnll_gain_ge1.5_warm1_patience1_rebounddelta0_rpat2,False,False,5e-6,4,2,8,10,,,,NLL,legacy_or_unspecified,legacy_or_unspecified,legacy_or_unspecified,legacy_or_unspecified,,1.5,,1.5,1.0,1,,0.0,2,0.003018184077228396,0.6207538179188038,0.5319072111462668,0.974440085887909,0.6271800414379497,0.841748046875,0.7595841954478022,-97.8589420457715,40,0,,,0,0.0,10,10.0,50,63.9847,1.0664116666666665,/unlearning/experment_data/checkpoints/tofu/forget01/Llama-2-7b-chat-hf/SampleEarlyStopGradDiffIrreversible/lr5e-6_b4_ga2_e10_ies_graddiff_normnll_gain_ge1.5_warm1_patience1_rebounddelta0_rpat2/eval/TOFU_SUMMARY.json,/unlearning/experment_data/checkpoints/tofu/forget01/Llama-2-7b-chat-hf/SampleEarlyStopGradDiffIrreversible/lr5e-6_b4_ga2_e10_ies_graddiff_normnll_gain_ge1.5_warm1_patience1_rebounddelta0_rpat2/ies_grad_diff_nll_gain_history.jsonl,/unlearning/experment_data/checkpoints/tofu/forget01/Llama-2-7b-chat-hf/SampleEarlyStopGradDiffIrreversible/lr5e-6_b4_ga2_e10_ies_graddiff_normnll_gain_ge1.5_warm1_patience1_rebounddelta0_rpat2/trainer_state.json,/unlearning/experment_data/checkpoints/tofu/forget01/Llama-2-7b-chat-hf/SampleEarlyStopGradDiffIrreversible/lr5e-6_b4_ga2_e10_ies_graddiff_normnll_gain_ge1.5_warm1_patience1_rebounddelta0_rpat2
forget01,40,Llama-2-7b-chat-hf,GradDiff,GradDiff,baseline,none,lr1e-5_b4_ga2_e10_alpha10_nlltrace,True,False,1e-5,4,2,8,10,,10.0,,NLL,baseline,baseline_full_retain,baseline_mean,none,,,,,,,,,,0.003018184077228396,0.6213394792959468,0.5258346710215592,0.9759354174137116,0.6435740518830049,0.832421875,0.7633149317697857,-97.8589420457715,,,,,,,10.0,10.0,50,66.0115,1.1001916666666667,/unlearning/experment_data/checkpoints/tofu/forget01/Llama-2-7b-chat-hf/GradDiff/lr1e-5_b4_ga2_e10_alpha10_nlltrace/eval/TOFU_SUMMARY.json,,/unlearning/experment_data/checkpoints/tofu/forget01/Llama-2-7b-chat-hf/GradDiff/lr1e-5_b4_ga2_e10_alpha10_nlltrace/trainer_state.json,/unlearning/experment_data/checkpoints/tofu/forget01/Llama-2-7b-chat-hf/GradDiff/lr1e-5_b4_ga2_e10_alpha10_nlltrace
forget01,40,Llama-2-7b-chat-hf,GradDiff,GradDiff,baseline,none,lr1e-5_b4_ga2_e10_alpha1_nlltrace,True,False,1e-5,4,2,8,10,,1.0,,NLL,baseline,baseline_full_retain,baseline_mean,none,,,,,,,,,,0.02860307028023343,0.5932819242768834,0.5083814389995157,0.6883328519761562,0.09015228627497188,0.053791165351867676,0.3102377735734727,59.57178840109385,,,,,,,10.0,10.0,50,67.5543,1.125905,/unlearning/experment_data/checkpoints/tofu/forget01/Llama-2-7b-chat-hf/GradDiff/lr1e-5_b4_ga2_e10_alpha1_nlltrace/eval/TOFU_SUMMARY.json,,/unlearning/experment_data/checkpoints/tofu/forget01/Llama-2-7b-chat-hf/GradDiff/lr1e-5_b4_ga2_e10_alpha1_nlltrace/trainer_state.json,/unlearning/experment_data/checkpoints/tofu/forget01/Llama-2-7b-chat-hf/GradDiff/lr1e-5_b4_ga2_e10_alpha1_nlltrace
forget01,40,Llama-2-7b-chat-hf,GradDiff,GradDiff,baseline,none,lr1e-5_b4_ga2_e10_alpha2_nlltrace,True,False,1e-5,4,2,8,10,,2.0,,NLL,baseline,baseline_full_retain,baseline_mean,none,,,,,,,,,,0.003018184077228396,0.6059841914362925,0.5063390859448236,0.7850744962692261,0.12761074376666398,0.16227436065673828,0.38752610258289255,21.66246850948868,,,,,,,10.0,10.0,50,65.5169,1.0919483333333335,/unlearning/experment_data/checkpoints/tofu/forget01/Llama-2-7b-chat-hf/GradDiff/lr1e-5_b4_ga2_e10_alpha2_nlltrace/eval/TOFU_SUMMARY.json,,/unlearning/experment_data/checkpoints/tofu/forget01/Llama-2-7b-chat-hf/GradDiff/lr1e-5_b4_ga2_e10_alpha2_nlltrace/trainer_state.json,/unlearning/experment_data/checkpoints/tofu/forget01/Llama-2-7b-chat-hf/GradDiff/lr1e-5_b4_ga2_e10_alpha2_nlltrace
forget01,40,Llama-2-7b-chat-hf,GradDiff,GradDiff,baseline,none,lr1e-5_b4_ga2_e10_alpha5_nlltrace,True,False,1e-5,4,2,8,10,,5.0,,NLL,baseline,baseline_full_retain,baseline_mean,none,,,,,,,,,,0.006760732303569208,0.6182341243827961,0.520211883423124,0.9223597079515458,0.33623122053289817,0.540264892578125,0.570530298708321,-84.25692693516234,,,,,,,10.0,10.0,50,65.7198,1.0953300000000001,/unlearning/experment_data/checkpoints/tofu/forget01/Llama-2-7b-chat-hf/GradDiff/lr1e-5_b4_ga2_e10_alpha5_nlltrace/eval/TOFU_SUMMARY.json,,/unlearning/experment_data/checkpoints/tofu/forget01/Llama-2-7b-chat-hf/GradDiff/lr1e-5_b4_ga2_e10_alpha5_nlltrace/trainer_state.json,/unlearning/experment_data/checkpoints/tofu/forget01/Llama-2-7b-chat-hf/GradDiff/lr1e-5_b4_ga2_e10_alpha5_nlltrace
forget01,40,Llama-2-7b-chat-hf,GradDiff,GradDiff,baseline,none,lr2e-5_b4_ga2_e10_alpha10_nlltrace,True,False,2e-5,4,2,8,10,,10.0,,NLL,baseline,baseline_full_retain,baseline_mean,none,,,,,,,,,,5.862607555414685e-09,0.6129252379686698,0.2558341080154932,0.4413181974552572,0.09883317230957307,0.15600280761757973,0.2604794115594061,40.42821157875503,,,,,,,10.0,10.0,50,65.5519,1.0925316666666667,/unlearning/experment_data/checkpoints/tofu/forget01/Llama-2-7b-chat-hf/GradDiff/lr2e-5_b4_ga2_e10_alpha10_nlltrace/eval/TOFU_SUMMARY.json,,/unlearning/experment_data/checkpoints/tofu/forget01/Llama-2-7b-chat-hf/GradDiff/lr2e-5_b4_ga2_e10_alpha10_nlltrace/trainer_state.json,/unlearning/experment_data/checkpoints/tofu/forget01/Llama-2-7b-chat-hf/GradDiff/lr2e-5_b4_ga2_e10_alpha10_nlltrace
forget01,40,Llama-2-7b-chat-hf,GradDiff,GradDiff,baseline,none,lr2e-5_b4_ga2_e10_alpha1_nlltrace,True,False,2e-5,4,2,8,10,,1.0,,NLL,baseline,baseline_full_retain,baseline_mean,none,,,,,,,,,,5.878675555307461e-20,0.5383566369503182,9.848934453818966e-07,0.0209100007545203,0.024157807278400844,1.955777406692505e-08,0.003260869565217391,101.51133499213879,,,,,,,10.0,10.0,50,66.2191,1.1036516666666667,/unlearning/experment_data/checkpoints/tofu/forget01/Llama-2-7b-chat-hf/GradDiff/lr2e-5_b4_ga2_e10_alpha1_nlltrace/eval/TOFU_SUMMARY.json,,/unlearning/experment_data/checkpoints/tofu/forget01/Llama-2-7b-chat-hf/GradDiff/lr2e-5_b4_ga2_e10_alpha1_nlltrace/trainer_state.json,/unlearning/experment_data/checkpoints/tofu/forget01/Llama-2-7b-chat-hf/GradDiff/lr2e-5_b4_ga2_e10_alpha1_nlltrace
forget01,40,Llama-2-7b-chat-hf,GradDiff,GradDiff,baseline,none,lr2e-5_b4_ga2_e10_alpha2_nlltrace,True,False,2e-5,4,2,8,10,,2.0,,NLL,baseline,baseline_full_retain,baseline_mean,none,,,,,,,,,,5.878675555307461e-20,0.5876944782974177,1.3071963892107393e-07,0.022691401466727257,0.024157807278400844,3.248453140258789e-07,0.006521739130434782,101.51133499213879,,,,,,,10.0,10.0,50,68.1777,1.136295,/unlearning/experment_data/checkpoints/tofu/forget01/Llama-2-7b-chat-hf/GradDiff/lr2e-5_b4_ga2_e10_alpha2_nlltrace/eval/TOFU_SUMMARY.json,,/unlearning/experment_data/checkpoints/tofu/forget01/Llama-2-7b-chat-hf/GradDiff/lr2e-5_b4_ga2_e10_alpha2_nlltrace/trainer_state.json,/unlearning/experment_data/checkpoints/tofu/forget01/Llama-2-7b-chat-hf/GradDiff/lr2e-5_b4_ga2_e10_alpha2_nlltrace
forget01,40,Llama-2-7b-chat-hf,GradDiff,GradDiff,baseline,none,lr2e-5_b4_ga2_e10_alpha5_nlltrace,True,False,2e-5,4,2,8,10,,5.0,,NLL,baseline,baseline_full_retain,baseline_mean,none,,,,,,,,,,3.063035734104128e-11,0.5792620045448257,0.13477758676128349,0.10827478980645537,0.02578824206100954,0.004176273349263193,0.009782608695652175,96.97732995526907,,,,,,,10.0,10.0,50,66.1074,1.10179,/unlearning/experment_data/checkpoints/tofu/forget01/Llama-2-7b-chat-hf/GradDiff/lr2e-5_b4_ga2_e10_alpha5_nlltrace/eval/TOFU_SUMMARY.json,,/unlearning/experment_data/checkpoints/tofu/forget01/Llama-2-7b-chat-hf/GradDiff/lr2e-5_b4_ga2_e10_alpha5_nlltrace/trainer_state.json,/unlearning/experment_data/checkpoints/tofu/forget01/Llama-2-7b-chat-hf/GradDiff/lr2e-5_b4_ga2_e10_alpha5_nlltrace
forget01,40,Llama-2-7b-chat-hf,GradDiff,GradDiff,baseline,none,lr5e-5_b4_ga2_e10_alpha10_nlltrace,True,False,5e-5,4,2,8,10,,10.0,,NLL,baseline,baseline_full_retain,baseline_mean,none,,,,,,,,,,1.860340365603627e-23,0.5769592353395263,1.33120991964493e-19,0.004605652345344424,0.024157807278400844,0.0,0.0,101.51133499213879,,,,,,,10.0,10.0,50,68.1828,1.13638,/unlearning/experment_data/checkpoints/tofu/forget01/Llama-2-7b-chat-hf/GradDiff/lr5e-5_b4_ga2_e10_alpha10_nlltrace/eval/TOFU_SUMMARY.json,,/unlearning/experment_data/checkpoints/tofu/forget01/Llama-2-7b-chat-hf/GradDiff/lr5e-5_b4_ga2_e10_alpha10_nlltrace/trainer_state.json,/unlearning/experment_data/checkpoints/tofu/forget01/Llama-2-7b-chat-hf/GradDiff/lr5e-5_b4_ga2_e10_alpha10_nlltrace
forget01,40,Llama-2-7b-chat-hf,GradDiff,GradDiff,baseline,none,lr5e-5_b4_ga2_e10_alpha1_nlltrace,True,False,5e-5,4,2,8,10,,1.0,,NLL,baseline,baseline_full_retain,baseline_mean,none,,,,,,,,,,1.4882722924829015e-21,0.577916143544058,7.088937376186276e-09,0.006530038081109524,0.024157807278400844,1.6575159112815439e-37,0.0,101.51133499213879,,,,,,,10.0,10.0,50,66.3038,1.1050633333333333,/unlearning/experment_data/checkpoints/tofu/forget01/Llama-2-7b-chat-hf/GradDiff/lr5e-5_b4_ga2_e10_alpha1_nlltrace/eval/TOFU_SUMMARY.json,,/unlearning/experment_data/checkpoints/tofu/forget01/Llama-2-7b-chat-hf/GradDiff/lr5e-5_b4_ga2_e10_alpha1_nlltrace/trainer_state.json,/unlearning/experment_data/checkpoints/tofu/forget01/Llama-2-7b-chat-hf/GradDiff/lr5e-5_b4_ga2_e10_alpha1_nlltrace
forget01,40,Llama-2-7b-chat-hf,GradDiff,GradDiff,baseline,none,lr5e-5_b4_ga2_e10_alpha2_nlltrace,True,False,5e-5,4,2,8,10,,2.0,,NLL,baseline,baseline_full_retain,baseline_mean,none,,,,,,,,,,1.860340365603627e-23,0.5795844837783357,2.822972055582124e-39,0.004605652345344424,0.024157807278400844,0.0,0.0,101.51133499213879,,,,,,,10.0,10.0,50,67.7784,1.12964,/unlearning/experment_data/checkpoints/tofu/forget01/Llama-2-7b-chat-hf/GradDiff/lr5e-5_b4_ga2_e10_alpha2_nlltrace/eval/TOFU_SUMMARY.json,,/unlearning/experment_data/checkpoints/tofu/forget01/Llama-2-7b-chat-hf/GradDiff/lr5e-5_b4_ga2_e10_alpha2_nlltrace/trainer_state.json,/unlearning/experment_data/checkpoints/tofu/forget01/Llama-2-7b-chat-hf/GradDiff/lr5e-5_b4_ga2_e10_alpha2_nlltrace
forget01,40,Llama-2-7b-chat-hf,GradDiff,GradDiff,baseline,none,lr5e-5_b4_ga2_e10_alpha5_nlltrace,True,False,5e-5,4,2,8,10,,5.0,,NLL,baseline,baseline_full_retain,baseline_mean,none,,,,,,,,,,1.860340365603627e-23,0.6051920903215425,9.112335073421181e-28,0.00974680152721703,0.024157807278400844,6.88766221184934e-42,0.0,101.51133499213879,,,,,,,10.0,10.0,50,65.8608,1.09768,/unlearning/experment_data/checkpoints/tofu/forget01/Llama-2-7b-chat-hf/GradDiff/lr5e-5_b4_ga2_e10_alpha5_nlltrace/eval/TOFU_SUMMARY.json,,/unlearning/experment_data/checkpoints/tofu/forget01/Llama-2-7b-chat-hf/GradDiff/lr5e-5_b4_ga2_e10_alpha5_nlltrace/trainer_state.json,/unlearning/experment_data/checkpoints/tofu/forget01/Llama-2-7b-chat-hf/GradDiff/lr5e-5_b4_ga2_e10_alpha5_nlltrace
forget01,40,Llama-3.2-1B-Instruct,GradDiff,GradDiff,baseline,none,lr1e-5_b4_ga2_e10,True,False,1e-5,4,2,8,10,,,,NLL,baseline,baseline_full_retain,baseline_mean,none,,,,,,,,,,0.2656871402817289,0.487613573037633,0.49342980779786616,0.6576701529324055,0.05730963642975503,0.05673031806945801,0.35368045748453836,25.737898460309243,,,,,,,10.0,10.0,50,22.8766,0.38127666666666665,/unlearning/experment_data/checkpoints/tofu/forget01/Llama-3.2-1B-Instruct/GradDiff/lr1e-5_b4_ga2_e10/eval/TOFU_SUMMARY.json,,/unlearning/experment_data/checkpoints/tofu/forget01/Llama-3.2-1B-Instruct/GradDiff/lr1e-5_b4_ga2_e10/trainer_state.json,/unlearning/experment_data/checkpoints/tofu/forget01/Llama-3.2-1B-Instruct/GradDiff/lr1e-5_b4_ga2_e10
forget01,40,Llama-3.2-1B-Instruct,GradDiff,GradDiff,baseline,none,lr5e-6_b4_ga2_e10,True,False,5e-6,4,2,8,10,,,,NLL,baseline,baseline_full_retain,baseline_mean,none,,,,,,,,,,0.006760732303569208,0.5942665989866421,0.4771661327394954,0.8992352038621902,0.28286971064036737,0.660498046875,0.5792465097011872,-95.04132229609608,,,,,,,10.0,10.0,50,22.8244,0.38040666666666667,/unlearning/experment_data/checkpoints/tofu/forget01/Llama-3.2-1B-Instruct/GradDiff/lr5e-6_b4_ga2_e10/eval/TOFU_SUMMARY.json,,/unlearning/experment_data/checkpoints/tofu/forget01/Llama-3.2-1B-Instruct/GradDiff/lr5e-6_b4_ga2_e10/trainer_state.json,/unlearning/experment_data/checkpoints/tofu/forget01/Llama-3.2-1B-Instruct/GradDiff/lr5e-6_b4_ga2_e10
forget01,40,Llama-3.2-1B-Instruct,GradDiff,GradDiff,baseline,none,lr6e-5_b4_ga2_e10,True,False,6e-5,4,2,8,10,,,,NLL,baseline,baseline_full_retain,baseline_mean,none,,,,,,,,,,1.860340365603627e-23,0.37690748682768016,8.431336159181819e-36,0.0,0.02905940823391865,0.0,0.0,88.90200706703149,,,,,,,10.0,10.0,50,23.0268,0.38378,/unlearning/experment_data/checkpoints/tofu/forget01/Llama-3.2-1B-Instruct/GradDiff/lr6e-5_b4_ga2_e10/eval/TOFU_SUMMARY.json,,/unlearning/experment_data/checkpoints/tofu/forget01/Llama-3.2-1B-Instruct/GradDiff/lr6e-5_b4_ga2_e10/trainer_state.json,/unlearning/experment_data/checkpoints/tofu/forget01/Llama-3.2-1B-Instruct/GradDiff/lr6e-5_b4_ga2_e10
forget01,40,Llama-3.2-1B-Instruct,GradDiff,GradDiff,baseline,none,lr7e-6_b4_ga2_e10,True,False,7e-6,4,2,8,10,,,,NLL,baseline,baseline_full_retain,baseline_mean,none,,,,,,,,,,0.02860307028023343,0.5267327979212714,0.4502769566137589,0.776114784181118,0.12386583660090214,0.213720703125,0.41578269394226464,-68.94923257257159,,,,,,,10.0,10.0,50,22.8849,0.38141499999999995,/unlearning/experment_data/checkpoints/tofu/forget01/Llama-3.2-1B-Instruct/GradDiff/lr7e-6_b4_ga2_e10/eval/TOFU_SUMMARY.json,,/unlearning/experment_data/checkpoints/tofu/forget01/Llama-3.2-1B-Instruct/GradDiff/lr7e-6_b4_ga2_e10/trainer_state.json,/unlearning/experment_data/checkpoints/tofu/forget01/Llama-3.2-1B-Instruct/GradDiff/lr7e-6_b4_ga2_e10
forget01,40,Llama-3.2-1B-Instruct,GradDiff,GradDiff,baseline,none,lr9e-6_b4_ga2_e10,True,False,9e-6,4,2,8,10,,,,NLL,baseline,baseline_full_retain,baseline_mean,none,,,,,,,,,,0.09707484379785862,0.5017176771287457,0.48190961873901295,0.6873152434825898,0.08660183728445589,0.08266077041625977,0.35497884532819113,-2.1251475792916072,,,,,,,10.0,10.0,50,22.8266,0.3804433333333333,/unlearning/experment_data/checkpoints/tofu/forget01/Llama-3.2-1B-Instruct/GradDiff/lr9e-6_b4_ga2_e10/eval/TOFU_SUMMARY.json,,/unlearning/experment_data/checkpoints/tofu/forget01/Llama-3.2-1B-Instruct/GradDiff/lr9e-6_b4_ga2_e10/trainer_state.json,/unlearning/experment_data/checkpoints/tofu/forget01/Llama-3.2-1B-Instruct/GradDiff/lr9e-6_b4_ga2_e10
forget01,40,Llama-3.2-1B-Instruct,GradDiff,SampleEarlyStopGradDiffIrreversible,second_difference,per_sample_length_normalized_nll,lr1e-5_b4_ga2_e10_ies_graddiff_irreversible_d2absmean3_tau0.05,False,False,1e-5,4,2,8,10,,,,NLL,legacy_or_unspecified,legacy_or_unspecified,legacy_or_unspecified,legacy_or_unspecified,,0.05,,,,,,,,0.2656871402817289,0.48699170033162165,0.5039446762947033,0.6549847610294819,0.061155790275908874,0.056794476509094236,0.3477789735401994,26.21015347792961,36,4,,,,,10,10.0,50,32.1871,0.5364516666666667,/unlearning/experment_data/checkpoints/tofu/forget01/Llama-3.2-1B-Instruct/SampleEarlyStopGradDiffIrreversible/lr1e-5_b4_ga2_e10_ies_graddiff_irreversible_d2absmean3_tau0.05/eval/TOFU_SUMMARY.json,/unlearning/experment_data/checkpoints/tofu/forget01/Llama-3.2-1B-Instruct/SampleEarlyStopGradDiffIrreversible/lr1e-5_b4_ga2_e10_ies_graddiff_irreversible_d2absmean3_tau0.05/ies_grad_diff_irreversible_history.jsonl,/unlearning/experment_data/checkpoints/tofu/forget01/Llama-3.2-1B-Instruct/SampleEarlyStopGradDiffIrreversible/lr1e-5_b4_ga2_e10_ies_graddiff_irreversible_d2absmean3_tau0.05/trainer_state.json,/unlearning/experment_data/checkpoints/tofu/forget01/Llama-3.2-1B-Instruct/SampleEarlyStopGradDiffIrreversible/lr1e-5_b4_ga2_e10_ies_graddiff_irreversible_d2absmean3_tau0.05
forget01,40,Llama-3.2-1B-Instruct,GradDiff,SampleEarlyStopGradDiffIrreversible,second_difference,per_sample_length_normalized_nll,lr1e-5_b4_ga2_e10_ies_graddiff_irreversible_d2absmean3_tau0.1,False,False,1e-5,4,2,8,10,,,,NLL,legacy_or_unspecified,legacy_or_unspecified,legacy_or_unspecified,legacy_or_unspecified,,0.1,,,,,,,,0.2656871402817289,0.4862598044775315,0.5027180847796089,0.65535107254982,0.059184636429755036,0.06169419288635254,0.3505971795739646,25.38370719709399,33,7,,,,,10,10.0,50,31.7831,0.5297183333333334,/unlearning/experment_data/checkpoints/tofu/forget01/Llama-3.2-1B-Instruct/SampleEarlyStopGradDiffIrreversible/lr1e-5_b4_ga2_e10_ies_graddiff_irreversible_d2absmean3_tau0.1/eval/TOFU_SUMMARY.json,/unlearning/experment_data/checkpoints/tofu/forget01/Llama-3.2-1B-Instruct/SampleEarlyStopGradDiffIrreversible/lr1e-5_b4_ga2_e10_ies_graddiff_irreversible_d2absmean3_tau0.1/ies_grad_diff_irreversible_history.jsonl,/unlearning/experment_data/checkpoints/tofu/forget01/Llama-3.2-1B-Instruct/SampleEarlyStopGradDiffIrreversible/lr1e-5_b4_ga2_e10_ies_graddiff_irreversible_d2absmean3_tau0.1/trainer_state.json,/unlearning/experment_data/checkpoints/tofu/forget01/Llama-3.2-1B-Instruct/SampleEarlyStopGradDiffIrreversible/lr1e-5_b4_ga2_e10_ies_graddiff_irreversible_d2absmean3_tau0.1
forget01,40,Llama-3.2-1B-Instruct,GradDiff,SampleEarlyStopGradDiffIrreversible,second_difference,per_sample_length_normalized_nll,lr1e-5_b4_ga2_e10_ies_graddiff_irreversible_d2absmean3_tau0.15,False,False,1e-5,4,2,8,10,,,,NLL,legacy_or_unspecified,legacy_or_unspecified,legacy_or_unspecified,legacy_or_unspecified,,0.15,,,,,,,,0.2656871402817289,0.4883663363787908,0.4977731715420773,0.6553676955401897,0.058271174891293485,0.06360602378845215,0.36216266419015336,23.258559617802383,22,18,,,,,10,10.0,48,30.0638,0.5010633333333333,/unlearning/experment_data/checkpoints/tofu/forget01/Llama-3.2-1B-Instruct/SampleEarlyStopGradDiffIrreversible/lr1e-5_b4_ga2_e10_ies_graddiff_irreversible_d2absmean3_tau0.15/eval/TOFU_SUMMARY.json,/unlearning/experment_data/checkpoints/tofu/forget01/Llama-3.2-1B-Instruct/SampleEarlyStopGradDiffIrreversible/lr1e-5_b4_ga2_e10_ies_graddiff_irreversible_d2absmean3_tau0.15/ies_grad_diff_irreversible_history.jsonl,/unlearning/experment_data/checkpoints/tofu/forget01/Llama-3.2-1B-Instruct/SampleEarlyStopGradDiffIrreversible/lr1e-5_b4_ga2_e10_ies_graddiff_irreversible_d2absmean3_tau0.15/trainer_state.json,/unlearning/experment_data/checkpoints/tofu/forget01/Llama-3.2-1B-Instruct/SampleEarlyStopGradDiffIrreversible/lr1e-5_b4_ga2_e10_ies_graddiff_irreversible_d2absmean3_tau0.15
forget01,40,Llama-3.2-1B-Instruct,GradDiff,SampleEarlyStopGradDiffIrreversible,second_difference,per_sample_length_normalized_nll,lr1e-5_b4_ga2_e10_ies_graddiff_irreversible_d2absmean3_tau0.2,False,False,1e-5,4,2,8,10,,,,NLL,legacy_or_unspecified,legacy_or_unspecified,legacy_or_unspecified,legacy_or_unspecified,,0.2,,,,,,,,0.2656871402817289,0.48483227015528957,0.4988091161497751,0.6555201135575771,0.059184636429755036,0.06545796394348144,0.36619558205110886,22.314049582561672,16,24,,,,,10,10.0,45,28.9756,0.48292666666666667,/unlearning/experment_data/checkpoints/tofu/forget01/Llama-3.2-1B-Instruct/SampleEarlyStopGradDiffIrreversible/lr1e-5_b4_ga2_e10_ies_graddiff_irreversible_d2absmean3_tau0.2/eval/TOFU_SUMMARY.json,/unlearning/experment_data/checkpoints/tofu/forget01/Llama-3.2-1B-Instruct/SampleEarlyStopGradDiffIrreversible/lr1e-5_b4_ga2_e10_ies_graddiff_irreversible_d2absmean3_tau0.2/ies_grad_diff_irreversible_history.jsonl,/unlearning/experment_data/checkpoints/tofu/forget01/Llama-3.2-1B-Instruct/SampleEarlyStopGradDiffIrreversible/lr1e-5_b4_ga2_e10_ies_graddiff_irreversible_d2absmean3_tau0.2/trainer_state.json,/unlearning/experment_data/checkpoints/tofu/forget01/Llama-3.2-1B-Instruct/SampleEarlyStopGradDiffIrreversible/lr1e-5_b4_ga2_e10_ies_graddiff_irreversible_d2absmean3_tau0.2
forget01,40,Llama-3.2-1B-Instruct,GradDiff,SampleEarlyStopGradDiffIrreversible,second_difference,per_sample_length_normalized_nll,lr1e-5_b4_ga2_e10_ies_graddiff_irreversible_d2absmean3_tau0.25,False,False,1e-5,4,2,8,10,,,,NLL,legacy_or_unspecified,legacy_or_unspecified,legacy_or_unspecified,legacy_or_unspecified,,0.25,,,,,,,,0.2656871402817289,0.483132302976599,0.49966048212448344,0.6546405859291553,0.058271174891293485,0.06394987106323242,0.35682521898770114,22.19598582815661,16,24,,,,,10,10.0,44,28.6505,0.47750833333333337,/unlearning/experment_data/checkpoints/tofu/forget01/Llama-3.2-1B-Instruct/SampleEarlyStopGradDiffIrreversible/lr1e-5_b4_ga2_e10_ies_graddiff_irreversible_d2absmean3_tau0.25/eval/TOFU_SUMMARY.json,/unlearning/experment_data/checkpoints/tofu/forget01/Llama-3.2-1B-Instruct/SampleEarlyStopGradDiffIrreversible/lr1e-5_b4_ga2_e10_ies_graddiff_irreversible_d2absmean3_tau0.25/ies_grad_diff_irreversible_history.jsonl,/unlearning/experment_data/checkpoints/tofu/forget01/Llama-3.2-1B-Instruct/SampleEarlyStopGradDiffIrreversible/lr1e-5_b4_ga2_e10_ies_graddiff_irreversible_d2absmean3_tau0.25/trainer_state.json,/unlearning/experment_data/checkpoints/tofu/forget01/Llama-3.2-1B-Instruct/SampleEarlyStopGradDiffIrreversible/lr1e-5_b4_ga2_e10_ies_graddiff_irreversible_d2absmean3_tau0.25
forget01,40,Llama-3.2-1B-Instruct,GradDiff,SampleEarlyStopGradDiffIrreversible,second_difference,per_sample_length_normalized_nll,lr1e-5_b4_ga2_e10_ies_graddiff_irreversible_d2absmean3_tau0.3,False,False,1e-5,4,2,8,10,,,,NLL,legacy_or_unspecified,legacy_or_unspecified,legacy_or_unspecified,legacy_or_unspecified,,0.3,,,,,,,,0.2656871402817289,0.4840368998356701,0.49738242460282256,0.6554953031241894,0.05730963642975503,0.06472840309143066,0.3541233320918152,22.077922073751502,9,31,,,,,10,10.0,44,28.3562,0.4726033333333334,/unlearning/experment_data/checkpoints/tofu/forget01/Llama-3.2-1B-Instruct/SampleEarlyStopGradDiffIrreversible/lr1e-5_b4_ga2_e10_ies_graddiff_irreversible_d2absmean3_tau0.3/eval/TOFU_SUMMARY.json,/unlearning/experment_data/checkpoints/tofu/forget01/Llama-3.2-1B-Instruct/SampleEarlyStopGradDiffIrreversible/lr1e-5_b4_ga2_e10_ies_graddiff_irreversible_d2absmean3_tau0.3/ies_grad_diff_irreversible_history.jsonl,/unlearning/experment_data/checkpoints/tofu/forget01/Llama-3.2-1B-Instruct/SampleEarlyStopGradDiffIrreversible/lr1e-5_b4_ga2_e10_ies_graddiff_irreversible_d2absmean3_tau0.3/trainer_state.json,/unlearning/experment_data/checkpoints/tofu/forget01/Llama-3.2-1B-Instruct/SampleEarlyStopGradDiffIrreversible/lr1e-5_b4_ga2_e10_ies_graddiff_irreversible_d2absmean3_tau0.3
forget01,40,Llama-3.2-1B-Instruct,GradDiff,SampleEarlyStopGradDiffIrreversible,second_difference,per_sample_length_normalized_nll,lr2e-5_b4_ga2_e10_ies_graddiff_irreversible_d2absmean3_tau0.05,False,False,2e-5,4,2,8,10,,,,NLL,legacy_or_unspecified,legacy_or_unspecified,legacy_or_unspecified,legacy_or_unspecified,,0.05,,,,,,,,0.006760732303569208,0.4587532516712955,0.4215597830342853,0.25300561990588905,0.03418882742583784,3.1335495079387597e-06,0.15993331229006547,88.90200706703149,40,0,,,,,10,10.0,50,40.0856,0.6680933333333333,/unlearning/experment_data/checkpoints/tofu/forget01/Llama-3.2-1B-Instruct/SampleEarlyStopGradDiffIrreversible/lr2e-5_b4_ga2_e10_ies_graddiff_irreversible_d2absmean3_tau0.05/eval/TOFU_SUMMARY.json,/unlearning/experment_data/checkpoints/tofu/forget01/Llama-3.2-1B-Instruct/SampleEarlyStopGradDiffIrreversible/lr2e-5_b4_ga2_e10_ies_graddiff_irreversible_d2absmean3_tau0.05/ies_grad_diff_irreversible_history.jsonl,/unlearning/experment_data/checkpoints/tofu/forget01/Llama-3.2-1B-Instruct/SampleEarlyStopGradDiffIrreversible/lr2e-5_b4_ga2_e10_ies_graddiff_irreversible_d2absmean3_tau0.05/trainer_state.json,/unlearning/experment_data/checkpoints/tofu/forget01/Llama-3.2-1B-Instruct/SampleEarlyStopGradDiffIrreversible/lr2e-5_b4_ga2_e10_ies_graddiff_irreversible_d2absmean3_tau0.05
forget01,40,Llama-3.2-1B-Instruct,GradDiff,SampleEarlyStopGradDiffIrreversible,second_difference,per_sample_length_normalized_nll,lr2e-5_b4_ga2_e10_ies_graddiff_irreversible_d2absmean3_tau0.1,False,False,2e-5,4,2,8,10,,,,NLL,legacy_or_unspecified,legacy_or_unspecified,legacy_or_unspecified,legacy_or_unspecified,,0.1,,,,,,,,0.006760732303569208,0.4587532516712955,0.4215597830342853,0.25300561990588905,0.03418882742583784,3.1335495079387597e-06,0.15993331229006547,88.90200706703149,40,0,,,,,10,10.0,50,39.1772,0.6529533333333333,/unlearning/experment_data/checkpoints/tofu/forget01/Llama-3.2-1B-Instruct/SampleEarlyStopGradDiffIrreversible/lr2e-5_b4_ga2_e10_ies_graddiff_irreversible_d2absmean3_tau0.1/eval/TOFU_SUMMARY.json,/unlearning/experment_data/checkpoints/tofu/forget01/Llama-3.2-1B-Instruct/SampleEarlyStopGradDiffIrreversible/lr2e-5_b4_ga2_e10_ies_graddiff_irreversible_d2absmean3_tau0.1/ies_grad_diff_irreversible_history.jsonl,/unlearning/experment_data/checkpoints/tofu/forget01/Llama-3.2-1B-Instruct/SampleEarlyStopGradDiffIrreversible/lr2e-5_b4_ga2_e10_ies_graddiff_irreversible_d2absmean3_tau0.1/trainer_state.json,/unlearning/experment_data/checkpoints/tofu/forget01/Llama-3.2-1B-Instruct/SampleEarlyStopGradDiffIrreversible/lr2e-5_b4_ga2_e10_ies_graddiff_irreversible_d2absmean3_tau0.1
forget01,40,Llama-3.2-1B-Instruct,GradDiff,SampleEarlyStopGradDiffIrreversible,second_difference,per_sample_length_normalized_nll,lr2e-5_b4_ga2_e10_ies_graddiff_irreversible_d2absmean3_tau0.15,False,False,2e-5,4,2,8,10,,,,NLL,legacy_or_unspecified,legacy_or_unspecified,legacy_or_unspecified,legacy_or_unspecified,,0.15,,,,,,,,0.006760732303569208,0.4587532516712955,0.4215597830342853,0.25300561990588905,0.03418882742583784,3.1335495079387597e-06,0.15993331229006547,88.90200706703149,40,0,,,,,10,10.0,50,40.0379,0.6672983333333333,/unlearning/experment_data/checkpoints/tofu/forget01/Llama-3.2-1B-Instruct/SampleEarlyStopGradDiffIrreversible/lr2e-5_b4_ga2_e10_ies_graddiff_irreversible_d2absmean3_tau0.15/eval/TOFU_SUMMARY.json,/unlearning/experment_data/checkpoints/tofu/forget01/Llama-3.2-1B-Instruct/SampleEarlyStopGradDiffIrreversible/lr2e-5_b4_ga2_e10_ies_graddiff_irreversible_d2absmean3_tau0.15/ies_grad_diff_irreversible_history.jsonl,/unlearning/experment_data/checkpoints/tofu/forget01/Llama-3.2-1B-Instruct/SampleEarlyStopGradDiffIrreversible/lr2e-5_b4_ga2_e10_ies_graddiff_irreversible_d2absmean3_tau0.15/trainer_state.json,/unlearning/experment_data/checkpoints/tofu/forget01/Llama-3.2-1B-Instruct/SampleEarlyStopGradDiffIrreversible/lr2e-5_b4_ga2_e10_ies_graddiff_irreversible_d2absmean3_tau0.15
forget05,200,Llama-2-7b-chat-hf,GradDiff,SampleEarlyStopGradDiffIrreversible,absolute_nll_gain,per_sample_length_normalized_nll_gain_from_initial,lr1e-5_b8_ga2_e10_ies_graddiff_normnll_gain_ge1.2_warm0_patience1_rebounddelta0.1_rpat2_samplingbaseline_masked,False,False,1e-5,8,2,16,10,,,,NLL,baseline_forget_anchor_masked,full_retain,fixed_original_valid_tokens,absolute_gain_below_threshold_minus_delta,,1.2,,1.2,0.0,1,,0.1,2,9.594235055800515e-10,0.6068663297804565,0.5244825676757094,0.8623716852068901,0.21375196076749362,0.259967041015625,0.4362417668837888,-76.58393709317342,,,,,,,,,,,,/unlearning/experment_data/checkpoints/tofu/forget05/Llama-2-7b-chat-hf/SampleEarlyStopGradDiffIrreversible/lr1e-5_b8_ga2_e10_ies_graddiff_normnll_gain_ge1.2_warm0_patience1_rebounddelta0.1_rpat2_samplingbaseline_masked/eval/TOFU_SUMMARY.json,,,/unlearning/experment_data/checkpoints/tofu/forget05/Llama-2-7b-chat-hf/SampleEarlyStopGradDiffIrreversible/lr1e-5_b8_ga2_e10_ies_graddiff_normnll_gain_ge1.2_warm0_patience1_rebounddelta0.1_rpat2_samplingbaseline_masked
forget05,200,Llama-2-7b-chat-hf,GradDiff,SampleEarlyStopGradDiffIrreversible,absolute_nll_gain,per_sample_length_normalized_nll_gain_from_initial,lr1e-5_b8_ga2_e10_ies_graddiff_normnll_gain_ge1.4_warm0_patience1_rebounddelta0.1_rpat2_samplingbaseline_masked,False,False,1e-5,8,2,16,10,,,,NLL,baseline_forget_anchor_masked,full_retain,fixed_original_valid_tokens,absolute_gain_below_threshold_minus_delta,,1.4,,1.4,0.0,1,,0.1,2,1.8694649189611297e-09,0.6031289341439381,0.5225593707953118,0.8529064702987671,0.19411776926969257,0.2306561279296875,0.4293887192550034,-71.06135346522873,,,,,,,,,,,,/unlearning/experment_data/checkpoints/tofu/forget05/Llama-2-7b-chat-hf/SampleEarlyStopGradDiffIrreversible/lr1e-5_b8_ga2_e10_ies_graddiff_normnll_gain_ge1.4_warm0_patience1_rebounddelta0.1_rpat2_samplingbaseline_masked/eval/TOFU_SUMMARY.json,,,/unlearning/experment_data/checkpoints/tofu/forget05/Llama-2-7b-chat-hf/SampleEarlyStopGradDiffIrreversible/lr1e-5_b8_ga2_e10_ies_graddiff_normnll_gain_ge1.4_warm0_patience1_rebounddelta0.1_rpat2_samplingbaseline_masked
forget05,200,Llama-2-7b-chat-hf,GradDiff,SampleEarlyStopGradDiffIrreversible,absolute_nll_gain,per_sample_length_normalized_nll_gain_from_initial,lr1e-5_b8_ga2_e10_ies_graddiff_normnll_gain_ge1.6_warm0_patience1_rebounddelta0.1_rpat2_samplingbaseline_masked,False,False,1e-5,8,2,16,10,,,,NLL,baseline_forget_anchor_masked,full_retain,fixed_original_valid_tokens,absolute_gain_below_threshold_minus_delta,,1.6,,1.6,0.0,1,,0.1,2,3.602472544567432e-09,0.6018835350879187,0.5221637214419033,0.8401486787199974,0.1780493238334976,0.202615966796875,0.41423340255068347,-62.85648218546994,,,,,,,,,,,,/unlearning/experment_data/checkpoints/tofu/forget05/Llama-2-7b-chat-hf/SampleEarlyStopGradDiffIrreversible/lr1e-5_b8_ga2_e10_ies_graddiff_normnll_gain_ge1.6_warm0_patience1_rebounddelta0.1_rpat2_samplingbaseline_masked/eval/TOFU_SUMMARY.json,,,/unlearning/experment_data/checkpoints/tofu/forget05/Llama-2-7b-chat-hf/SampleEarlyStopGradDiffIrreversible/lr1e-5_b8_ga2_e10_ies_graddiff_normnll_gain_ge1.6_warm0_patience1_rebounddelta0.1_rpat2_samplingbaseline_masked
forget05,200,Llama-2-7b-chat-hf,GradDiff,SampleEarlyStopGradDiffIrreversible,absolute_nll_gain,per_sample_length_normalized_nll_gain_from_initial,lr2e-5_b8_ga2_e10_ies_graddiff_normnll_gain_ge1.2_warm0_patience1_rebounddelta0.1_rpat2_samplingbaseline_masked,False,False,2e-5,8,2,16,10,,,,NLL,baseline_forget_anchor_masked,full_retain,fixed_original_valid_tokens,absolute_gain_below_threshold_minus_delta,,1.2,,1.2,0.0,1,,0.1,2,0.0001183661896190048,0.6284008087593834,0.5763624202167869,0.7745597663521767,0.12085381751101132,0.08717762947082519,0.33598442113769295,0.9827347000180798,,,,,,,,,,,,/unlearning/experment_data/checkpoints/tofu/forget05/Llama-2-7b-chat-hf/SampleEarlyStopGradDiffIrreversible/lr2e-5_b8_ga2_e10_ies_graddiff_normnll_gain_ge1.2_warm0_patience1_rebounddelta0.1_rpat2_samplingbaseline_masked/eval/TOFU_SUMMARY.json,,,/unlearning/experment_data/checkpoints/tofu/forget05/Llama-2-7b-chat-hf/SampleEarlyStopGradDiffIrreversible/lr2e-5_b8_ga2_e10_ies_graddiff_normnll_gain_ge1.2_warm0_patience1_rebounddelta0.1_rpat2_samplingbaseline_masked
forget05,200,Llama-2-7b-chat-hf,GradDiff,SampleEarlyStopGradDiffIrreversible,absolute_nll_gain,per_sample_length_normalized_nll_gain_from_initial,lr2e-5_b8_ga2_e10_ies_graddiff_normnll_gain_ge1.4_warm0_patience1_rebounddelta0.1_rpat2_samplingbaseline_masked,False,False,2e-5,8,2,16,10,,,,NLL,baseline_forget_anchor_masked,full_retain,fixed_original_valid_tokens,absolute_gain_below_threshold_minus_delta,,1.4,,1.4,0.0,1,,0.1,2,0.000648608042418048,0.6283279269221439,0.5847138645438775,0.7655988189578057,0.1190657725034917,0.07525383949279785,0.3196946236723753,10.887158931572802,,,,,,,,,,,,/unlearning/experment_data/checkpoints/tofu/forget05/Llama-2-7b-chat-hf/SampleEarlyStopGradDiffIrreversible/lr2e-5_b8_ga2_e10_ies_graddiff_normnll_gain_ge1.4_warm0_patience1_rebounddelta0.1_rpat2_samplingbaseline_masked/eval/TOFU_SUMMARY.json,,,/unlearning/experment_data/checkpoints/tofu/forget05/Llama-2-7b-chat-hf/SampleEarlyStopGradDiffIrreversible/lr2e-5_b8_ga2_e10_ies_graddiff_normnll_gain_ge1.4_warm0_patience1_rebounddelta0.1_rpat2_samplingbaseline_masked
forget05,200,Llama-2-7b-chat-hf,GradDiff,SampleEarlyStopGradDiffIrreversible,absolute_nll_gain,per_sample_length_normalized_nll_gain_from_initial,lr2e-5_b8_ga2_e10_ies_graddiff_normnll_gain_ge1.6_warm0_patience1_rebounddelta0.1_rpat2_samplingbaseline_masked,False,False,2e-5,8,2,16,10,,,,NLL,baseline_forget_anchor_masked,full_retain,fixed_original_valid_tokens,absolute_gain_below_threshold_minus_delta,,1.6,,1.6,0.0,1,,0.1,2,0.0014264303851701861,0.6341478281319828,0.5918955357304548,0.7655212715268135,0.11948760838968953,0.07718335151672363,0.3190866321201043,12.540465544544388,,,,,,,,,,,,/unlearning/experment_data/checkpoints/tofu/forget05/Llama-2-7b-chat-hf/SampleEarlyStopGradDiffIrreversible/lr2e-5_b8_ga2_e10_ies_graddiff_normnll_gain_ge1.6_warm0_patience1_rebounddelta0.1_rpat2_samplingbaseline_masked/eval/TOFU_SUMMARY.json,,,/unlearning/experment_data/checkpoints/tofu/forget05/Llama-2-7b-chat-hf/SampleEarlyStopGradDiffIrreversible/lr2e-5_b8_ga2_e10_ies_graddiff_normnll_gain_ge1.6_warm0_patience1_rebounddelta0.1_rpat2_samplingbaseline_masked
forget05,200,Llama-2-7b-chat-hf,GradDiff,SampleEarlyStopGradDiffIrreversible,absolute_nll_gain,per_sample_length_normalized_nll_gain_from_initial,lr2e-5_b8_ga2_e10_ies_graddiff_normnll_gain_ge1.8_warm0_patience1_rebounddelta0.2_rpat2_samplingbaseline_masked,False,False,2e-5,8,2,16,10,,,,NLL,baseline_forget_anchor_masked,full_retain,fixed_original_valid_tokens,absolute_gain_below_threshold_minus_delta,,1.8,,1.8,0.0,1,,0.2,2,0.0004306111484986726,0.6345524796673039,0.573801802762595,0.7565735644102096,0.11154998753288915,0.058957571983337405,0.31530322640476155,21.570063200004608,,,,,,,,,,,,/unlearning/experment_data/checkpoints/tofu/forget05/Llama-2-7b-chat-hf/SampleEarlyStopGradDiffIrreversible/lr2e-5_b8_ga2_e10_ies_graddiff_normnll_gain_ge1.8_warm0_patience1_rebounddelta0.2_rpat2_samplingbaseline_masked/eval/TOFU_SUMMARY.json,,,/unlearning/experment_data/checkpoints/tofu/forget05/Llama-2-7b-chat-hf/SampleEarlyStopGradDiffIrreversible/lr2e-5_b8_ga2_e10_ies_graddiff_normnll_gain_ge1.8_warm0_patience1_rebounddelta0.2_rpat2_samplingbaseline_masked
forget05,200,Llama-2-7b-chat-hf,GradDiff,SampleEarlyStopGradDiffIrreversible,absolute_nll_gain,per_sample_length_normalized_nll_gain_from_initial,lr2e-5_b8_ga2_e10_ies_graddiff_normnll_gain_ge2.0_warm0_patience1_rebounddelta0.2_rpat2_samplingbaseline_masked,False,False,2e-5,8,2,16,10,,,,NLL,baseline_forget_anchor_masked,full_retain,fixed_original_valid_tokens,absolute_gain_below_threshold_minus_delta,,2.0,,2.0,0.0,1,,0.2,2,0.0009668691315127085,0.6312196864161038,0.5785001069912237,0.7474012315273285,0.10565400996883645,0.05044184684753418,0.31135827245665343,27.354709414620803,,,,,,,,,,,,/unlearning/experment_data/checkpoints/tofu/forget05/Llama-2-7b-chat-hf/SampleEarlyStopGradDiffIrreversible/lr2e-5_b8_ga2_e10_ies_graddiff_normnll_gain_ge2.0_warm0_patience1_rebounddelta0.2_rpat2_samplingbaseline_masked/eval/TOFU_SUMMARY.json,,,/unlearning/experment_data/checkpoints/tofu/forget05/Llama-2-7b-chat-hf/SampleEarlyStopGradDiffIrreversible/lr2e-5_b8_ga2_e10_ies_graddiff_normnll_gain_ge2.0_warm0_patience1_rebounddelta0.2_rpat2_samplingbaseline_masked
forget05,200,Llama-2-7b-chat-hf,GradDiff,SampleEarlyStopGradDiffIrreversible,absolute_nll_gain,per_sample_length_normalized_nll_gain_from_initial,lr2e-5_b8_ga2_e10_ies_graddiff_normnll_gain_ge2.2_warm0_patience1_rebounddelta0.2_rpat2_samplingbaseline_masked,False,False,2e-5,8,2,16,10,,,,NLL,baseline_forget_anchor_masked,full_retain,fixed_original_valid_tokens,absolute_gain_below_threshold_minus_delta,,2.2,,2.2,0.0,1,,0.2,2,0.0009668691315127085,0.641454476202185,0.5738970885963219,0.7202924698591232,0.10016649269517501,0.03179371833801269,0.29670457935097594,39.90673654387131,,,,,,,,,,,,/unlearning/experment_data/checkpoints/tofu/forget05/Llama-2-7b-chat-hf/SampleEarlyStopGradDiffIrreversible/lr2e-5_b8_ga2_e10_ies_graddiff_normnll_gain_ge2.2_warm0_patience1_rebounddelta0.2_rpat2_samplingbaseline_masked/eval/TOFU_SUMMARY.json,,,/unlearning/experment_data/checkpoints/tofu/forget05/Llama-2-7b-chat-hf/SampleEarlyStopGradDiffIrreversible/lr2e-5_b8_ga2_e10_ies_graddiff_normnll_gain_ge2.2_warm0_patience1_rebounddelta0.2_rpat2_samplingbaseline_masked
forget05,200,Llama-2-7b-chat-hf,GradDiff,SampleEarlyStopGradDiffIrreversible,absolute_nll_gain,per_sample_length_normalized_nll_gain_from_initial,lr5e-6_b8_ga2_e10_ies_graddiff_normnll_gain_ge1.2_warm0_patience1_rebounddelta0.1_rpat2_samplingbaseline_masked,False,False,5e-6,8,2,16,10,,,,NLL,baseline_forget_anchor_masked,full_retain,fixed_original_valid_tokens,absolute_gain_below_threshold_minus_delta,,1.2,,1.2,0.0,1,,0.1,2,2.9623487356936016e-13,0.6160730471959192,0.5111357502822015,0.9663621911406517,0.6268830814092329,0.82,0.7217434961626656,-99.12131954692133,,,,,,,,,,,,/unlearning/experment_data/checkpoints/tofu/forget05/Llama-2-7b-chat-hf/SampleEarlyStopGradDiffIrreversible/lr5e-6_b8_ga2_e10_ies_graddiff_normnll_gain_ge1.2_warm0_patience1_rebounddelta0.1_rpat2_samplingbaseline_masked/eval/TOFU_SUMMARY.json,,,/unlearning/experment_data/checkpoints/tofu/forget05/Llama-2-7b-chat-hf/SampleEarlyStopGradDiffIrreversible/lr5e-6_b8_ga2_e10_ies_graddiff_normnll_gain_ge1.2_warm0_patience1_rebounddelta0.1_rpat2_samplingbaseline_masked
forget05,200,Llama-2-7b-chat-hf,GradDiff,SampleEarlyStopGradDiffIrreversible,absolute_nll_gain,per_sample_length_normalized_nll_gain_from_initial,lr5e-6_b8_ga2_e10_ies_graddiff_normnll_gain_ge1.4_warm0_patience1_rebounddelta0.1_rpat2_samplingbaseline_masked,False,False,5e-6,8,2,16,10,,,,NLL,baseline_forget_anchor_masked,full_retain,fixed_original_valid_tokens,absolute_gain_below_threshold_minus_delta,,1.4,,1.4,0.0,1,,0.1,2,1.4275699621532978e-12,0.6159571316967557,0.5106047140772615,0.9660840639472008,0.6249169579100905,0.82013671875,0.7214534259338311,-99.13288113162743,,,,,,,,,,,,/unlearning/experment_data/checkpoints/tofu/forget05/Llama-2-7b-chat-hf/SampleEarlyStopGradDiffIrreversible/lr5e-6_b8_ga2_e10_ies_graddiff_normnll_gain_ge1.4_warm0_patience1_rebounddelta0.1_rpat2_samplingbaseline_masked/eval/TOFU_SUMMARY.json,,,/unlearning/experment_data/checkpoints/tofu/forget05/Llama-2-7b-chat-hf/SampleEarlyStopGradDiffIrreversible/lr5e-6_b8_ga2_e10_ies_graddiff_normnll_gain_ge1.4_warm0_patience1_rebounddelta0.1_rpat2_samplingbaseline_masked
forget05,200,Llama-2-7b-chat-hf,GradDiff,SampleEarlyStopGradDiffIrreversible,absolute_nll_gain,per_sample_length_normalized_nll_gain_from_initial,lr5e-6_b8_ga2_e10_ies_graddiff_normnll_gain_ge1.6_warm0_patience1_rebounddelta0.1_rpat2_samplingbaseline_masked,False,False,5e-6,8,2,16,10,,,,NLL,baseline_forget_anchor_masked,full_retain,fixed_original_valid_tokens,absolute_gain_below_threshold_minus_delta,,1.6,,1.6,0.0,1,,0.1,2,1.4275699621532978e-12,0.6159571316967557,0.5106047140772615,0.9660840639472008,0.6249169579100905,0.82013671875,0.7214534259338311,-99.13288113162743,,,,,,,,,,,,/unlearning/experment_data/checkpoints/tofu/forget05/Llama-2-7b-chat-hf/SampleEarlyStopGradDiffIrreversible/lr5e-6_b8_ga2_e10_ies_graddiff_normnll_gain_ge1.6_warm0_patience1_rebounddelta0.1_rpat2_samplingbaseline_masked/eval/TOFU_SUMMARY.json,,,/unlearning/experment_data/checkpoints/tofu/forget05/Llama-2-7b-chat-hf/SampleEarlyStopGradDiffIrreversible/lr5e-6_b8_ga2_e10_ies_graddiff_normnll_gain_ge1.6_warm0_patience1_rebounddelta0.1_rpat2_samplingbaseline_masked
forget05,200,Llama-2-7b-chat-hf,GradDiff,GradDiff,baseline,none,lr1e-5_b8_ga2_e10_alpha10_nlltrace,True,False,1e-5,8,2,16,10,,10.0,,NLL,baseline,baseline_full_retain,baseline_mean,none,,,,,,,,,,1.4275699621532978e-12,0.6130154756027673,0.506612616407395,0.9757640558481216,0.7212240161390995,0.847353515625,0.8097748393241331,-99.12517340849001,,,,,,,9.24,9.24,120,215.1757,3.5862616666666667,/unlearning/experment_data/checkpoints/tofu/forget05/Llama-2-7b-chat-hf/GradDiff/lr1e-5_b8_ga2_e10_alpha10_nlltrace/eval/TOFU_SUMMARY.json,,/unlearning/experment_data/checkpoints/tofu/forget05/Llama-2-7b-chat-hf/GradDiff/lr1e-5_b8_ga2_e10_alpha10_nlltrace/trainer_state.json,/unlearning/experment_data/checkpoints/tofu/forget05/Llama-2-7b-chat-hf/GradDiff/lr1e-5_b8_ga2_e10_alpha10_nlltrace
forget05,200,Llama-2-7b-chat-hf,GradDiff,GradDiff,baseline,none,lr1e-5_b8_ga2_e10_alpha1_nlltrace,True,False,1e-5,8,2,16,10,,1.0,,NLL,baseline,baseline_full_retain,baseline_mean,none,,,,,,,,,,1.2940880677508261e-08,0.561323920679788,0.5205460882677397,0.7841156634688378,0.14872523637998833,0.13899179458618163,0.3845802682397001,-30.98504701233469,,,,,,,9.24,9.24,120,217.0991,3.6183183333333333,/unlearning/experment_data/checkpoints/tofu/forget05/Llama-2-7b-chat-hf/GradDiff/lr1e-5_b8_ga2_e10_alpha1_nlltrace/eval/TOFU_SUMMARY.json,,/unlearning/experment_data/checkpoints/tofu/forget05/Llama-2-7b-chat-hf/GradDiff/lr1e-5_b8_ga2_e10_alpha1_nlltrace/trainer_state.json,/unlearning/experment_data/checkpoints/tofu/forget05/Llama-2-7b-chat-hf/GradDiff/lr1e-5_b8_ga2_e10_alpha1_nlltrace
forget05,200,Llama-2-7b-chat-hf,GradDiff,GradDiff,baseline,none,lr1e-5_b8_ga2_e10_alpha2_nlltrace,True,False,1e-5,8,2,16,10,,2.0,,NLL,baseline,baseline_full_retain,baseline_mean,none,,,,,,,,,,3.602472544567432e-09,0.5955507635695045,0.5135453735052362,0.8624031963944435,0.23296373137543583,0.3011891174316406,0.44794138820761703,-64.81424386236871,,,,,,,9.24,9.24,120,218.7228,3.6453800000000003,/unlearning/experment_data/checkpoints/tofu/forget05/Llama-2-7b-chat-hf/GradDiff/lr1e-5_b8_ga2_e10_alpha2_nlltrace/eval/TOFU_SUMMARY.json,,/unlearning/experment_data/checkpoints/tofu/forget05/Llama-2-7b-chat-hf/GradDiff/lr1e-5_b8_ga2_e10_alpha2_nlltrace/trainer_state.json,/unlearning/experment_data/checkpoints/tofu/forget05/Llama-2-7b-chat-hf/GradDiff/lr1e-5_b8_ga2_e10_alpha2_nlltrace
forget05,200,Llama-2-7b-chat-hf,GradDiff,GradDiff,baseline,none,lr1e-5_b8_ga2_e10_alpha5_nlltrace,True,False,1e-5,8,2,16,10,,5.0,,NLL,baseline,baseline_full_retain,baseline_mean,none,,,,,,,,,,1.2127544312107394e-10,0.6062873498719934,0.5126320211659583,0.9369685366749764,0.4533359770041913,0.626083984375,0.6279638171846114,-91.74888236600141,,,,,,,9.24,9.24,120,219.6012,3.6600200000000003,/unlearning/experment_data/checkpoints/tofu/forget05/Llama-2-7b-chat-hf/GradDiff/lr1e-5_b8_ga2_e10_alpha5_nlltrace/eval/TOFU_SUMMARY.json,,/unlearning/experment_data/checkpoints/tofu/forget05/Llama-2-7b-chat-hf/GradDiff/lr1e-5_b8_ga2_e10_alpha5_nlltrace/trainer_state.json,/unlearning/experment_data/checkpoints/tofu/forget05/Llama-2-7b-chat-hf/GradDiff/lr1e-5_b8_ga2_e10_alpha5_nlltrace
forget05,200,Llama-2-7b-chat-hf,GradDiff,GradDiff,baseline,none,lr1e-5_b8_ga4_e10_alpha10_nlltrace,True,False,1e-5,8,4,32,10,,10.0,,NLL,baseline,baseline_full_retain,baseline_mean,none,,,,,,,,,,1.3261055712130201e-13,0.6190529828546295,0.5037009024197839,0.9862105014920235,0.8231945852690221,0.9223046875,0.8717682006384293,-99.79959918301225,,,,,,,8.64,8.64,60,192.6864,3.21144,/unlearning/experment_data/checkpoints/tofu/forget05/Llama-2-7b-chat-hf/GradDiff/lr1e-5_b8_ga4_e10_alpha10_nlltrace/eval/TOFU_SUMMARY.json,,/unlearning/experment_data/checkpoints/tofu/forget05/Llama-2-7b-chat-hf/GradDiff/lr1e-5_b8_ga4_e10_alpha10_nlltrace/trainer_state.json,/unlearning/experment_data/checkpoints/tofu/forget05/Llama-2-7b-chat-hf/GradDiff/lr1e-5_b8_ga4_e10_alpha10_nlltrace
forget05,200,Llama-2-7b-chat-hf,GradDiff,GradDiff,baseline,none,lr1e-5_b8_ga4_e10_alpha1_nlltrace,True,False,1e-5,8,4,32,10,,1.0,,NLL,baseline,baseline_full_retain,baseline_mean,none,,,,,,,,,,1.2940880677508261e-08,0.5734665175738054,0.5156092258954648,0.8663471230864525,0.24076296776017725,0.3661785888671875,0.44469603046578826,-79.99075071990276,,,,,,,8.64,8.64,60,191.1789,3.186315,/unlearning/experment_data/checkpoints/tofu/forget05/Llama-2-7b-chat-hf/GradDiff/lr1e-5_b8_ga4_e10_alpha1_nlltrace/eval/TOFU_SUMMARY.json,,/unlearning/experment_data/checkpoints/tofu/forget05/Llama-2-7b-chat-hf/GradDiff/lr1e-5_b8_ga4_e10_alpha1_nlltrace/trainer_state.json,/unlearning/experment_data/checkpoints/tofu/forget05/Llama-2-7b-chat-hf/GradDiff/lr1e-5_b8_ga4_e10_alpha1_nlltrace
forget05,200,Llama-2-7b-chat-hf,GradDiff,GradDiff,baseline,none,lr1e-5_b8_ga4_e10_alpha2_nlltrace,True,False,1e-5,8,4,32,10,,2.0,,NLL,baseline,baseline_full_retain,baseline_mean,none,,,,,,,,,,1.2127544312107394e-10,0.5992939912839277,0.5121417453092427,0.9146687752008438,0.3605748039876255,0.53197021484375,0.5392685382752124,-89.8836133667514,,,,,,,8.64,8.64,60,192.5044,3.208406666666667,/unlearning/experment_data/checkpoints/tofu/forget05/Llama-2-7b-chat-hf/GradDiff/lr1e-5_b8_ga4_e10_alpha2_nlltrace/eval/TOFU_SUMMARY.json,,/unlearning/experment_data/checkpoints/tofu/forget05/Llama-2-7b-chat-hf/GradDiff/lr1e-5_b8_ga4_e10_alpha2_nlltrace/trainer_state.json,/unlearning/experment_data/checkpoints/tofu/forget05/Llama-2-7b-chat-hf/GradDiff/lr1e-5_b8_ga4_e10_alpha2_nlltrace
forget05,200,Llama-2-7b-chat-hf,GradDiff,GradDiff,baseline,none,lr1e-5_b8_ga4_e10_alpha5_nlltrace,True,False,1e-5,8,4,32,10,,5.0,,NLL,baseline,baseline_full_retain,baseline_mean,none,,,,,,,,,,1.4275699621532978e-12,0.6132595642081887,0.5068664980131669,0.9665815851092339,0.638221129285457,0.802666015625,0.7327119196627199,-98.47387080338001,,,,,,,8.64,8.64,60,189.7907,3.163178333333333,/unlearning/experment_data/checkpoints/tofu/forget05/Llama-2-7b-chat-hf/GradDiff/lr1e-5_b8_ga4_e10_alpha5_nlltrace/eval/TOFU_SUMMARY.json,,/unlearning/experment_data/checkpoints/tofu/forget05/Llama-2-7b-chat-hf/GradDiff/lr1e-5_b8_ga4_e10_alpha5_nlltrace/trainer_state.json,/unlearning/experment_data/checkpoints/tofu/forget05/Llama-2-7b-chat-hf/GradDiff/lr1e-5_b8_ga4_e10_alpha5_nlltrace
forget05,200,Llama-2-7b-chat-hf,GradDiff,GradDiff,baseline,none,lr2e-5_b8_ga2_e10_alpha10_nlltrace,True,False,2e-5,8,2,16,10,,10.0,,NLL,baseline,baseline_full_retain,baseline_mean,none,,,,,,,,,,1.2940880677508261e-08,0.6073333671283228,0.5246883187726614,0.8776302072405815,0.2644250950065736,0.357382698059082,0.5303601612803083,-60.270541072873364,,,,,,,9.24,9.24,120,219.3417,3.655695,/unlearning/experment_data/checkpoints/tofu/forget05/Llama-2-7b-chat-hf/GradDiff/lr2e-5_b8_ga2_e10_alpha10_nlltrace/eval/TOFU_SUMMARY.json,,/unlearning/experment_data/checkpoints/tofu/forget05/Llama-2-7b-chat-hf/GradDiff/lr2e-5_b8_ga2_e10_alpha10_nlltrace/trainer_state.json,/unlearning/experment_data/checkpoints/tofu/forget05/Llama-2-7b-chat-hf/GradDiff/lr2e-5_b8_ga2_e10_alpha10_nlltrace
forget05,200,Llama-2-7b-chat-hf,GradDiff,GradDiff,baseline,none,lr2e-5_b8_ga2_e10_alpha1_nlltrace,True,False,2e-5,8,2,16,10,,1.0,,NLL,baseline,baseline_full_retain,baseline_mean,none,,,,,,,,,,5.011646257970051e-100,0.6193975399628899,4.963583679237984e-06,0.023849027194082738,0.027223306249250095,4.940103004508652e-10,0.007738821691910936,54.15446276334907,,,,,,,9.24,9.24,120,211.0644,3.5177400000000003,/unlearning/experment_data/checkpoints/tofu/forget05/Llama-2-7b-chat-hf/GradDiff/lr2e-5_b8_ga2_e10_alpha1_nlltrace/eval/TOFU_SUMMARY.json,,/unlearning/experment_data/checkpoints/tofu/forget05/Llama-2-7b-chat-hf/GradDiff/lr2e-5_b8_ga2_e10_alpha1_nlltrace/trainer_state.json,/unlearning/experment_data/checkpoints/tofu/forget05/Llama-2-7b-chat-hf/GradDiff/lr2e-5_b8_ga2_e10_alpha1_nlltrace
forget05,200,Llama-2-7b-chat-hf,GradDiff,GradDiff,baseline,none,lr2e-5_b8_ga2_e10_alpha2_nlltrace,True,False,2e-5,8,2,16,10,,2.0,,NLL,baseline,baseline_full_retain,baseline_mean,none,,,,,,,,,,5.011646257970051e-100,0.6441399594538103,1.895780714475017e-05,0.028599636927247048,0.027223306249250095,1.5711886563394813e-07,0.01294862038218501,54.15446276334907,,,,,,,9.24,9.24,120,218.9223,3.648705,/unlearning/experment_data/checkpoints/tofu/forget05/Llama-2-7b-chat-hf/GradDiff/lr2e-5_b8_ga2_e10_alpha2_nlltrace/eval/TOFU_SUMMARY.json,,/unlearning/experment_data/checkpoints/tofu/forget05/Llama-2-7b-chat-hf/GradDiff/lr2e-5_b8_ga2_e10_alpha2_nlltrace/trainer_state.json,/unlearning/experment_data/checkpoints/tofu/forget05/Llama-2-7b-chat-hf/GradDiff/lr2e-5_b8_ga2_e10_alpha2_nlltrace
forget05,200,Llama-2-7b-chat-hf,GradDiff,GradDiff,baseline,none,lr2e-5_b8_ga2_e10_alpha5_nlltrace,True,False,2e-5,8,2,16,10,,5.0,,NLL,baseline,baseline_full_retain,baseline_mean,none,,,,,,,,,,5.011646257970051e-100,0.6195829401880999,0.008055086516654632,0.03263326611369848,0.031806639582583424,0.0052642822265625,0.015547747275505265,52.75165715234288,,,,,,,9.24,9.24,120,217.4079,3.6234650000000004,/unlearning/experment_data/checkpoints/tofu/forget05/Llama-2-7b-chat-hf/GradDiff/lr2e-5_b8_ga2_e10_alpha5_nlltrace/eval/TOFU_SUMMARY.json,,/unlearning/experment_data/checkpoints/tofu/forget05/Llama-2-7b-chat-hf/GradDiff/lr2e-5_b8_ga2_e10_alpha5_nlltrace/trainer_state.json,/unlearning/experment_data/checkpoints/tofu/forget05/Llama-2-7b-chat-hf/GradDiff/lr2e-5_b8_ga2_e10_alpha5_nlltrace
forget05,200,Llama-2-7b-chat-hf,GradDiff,GradDiff,baseline,none,lr2e-5_b8_ga4_e10_alpha10_nlltrace,True,False,2e-5,8,4,32,10,,10.0,,NLL,baseline,baseline_full_retain,baseline_mean,none,,,,,,,,,,2.8873674273022313e-11,0.6086548015704788,0.5197394070896746,0.9408411112427711,0.48276522367437735,0.64970947265625,0.6614737787993067,-91.87991365933715,,,,,,,8.64,8.64,60,192.9915,3.216525,/unlearning/experment_data/checkpoints/tofu/forget05/Llama-2-7b-chat-hf/GradDiff/lr2e-5_b8_ga4_e10_alpha10_nlltrace/eval/TOFU_SUMMARY.json,,/unlearning/experment_data/checkpoints/tofu/forget05/Llama-2-7b-chat-hf/GradDiff/lr2e-5_b8_ga4_e10_alpha10_nlltrace/trainer_state.json,/unlearning/experment_data/checkpoints/tofu/forget05/Llama-2-7b-chat-hf/GradDiff/lr2e-5_b8_ga4_e10_alpha10_nlltrace
forget05,200,Llama-2-7b-chat-hf,GradDiff,GradDiff,baseline,none,lr2e-5_b8_ga4_e10_alpha1_nlltrace,True,False,2e-5,8,4,32,10,,1.0,,NLL,baseline,baseline_full_retain,baseline_mean,none,,,,,,,,,,2.8434599474181866e-87,0.07880081563303891,0.03890053640667973,0.0831114666769281,0.03179214682896024,0.0008343416812463933,0.019132562382366415,39.694774157592896,,,,,,,8.64,8.64,60,189.8576,3.164293333333333,/unlearning/experment_data/checkpoints/tofu/forget05/Llama-2-7b-chat-hf/GradDiff/lr2e-5_b8_ga4_e10_alpha1_nlltrace/eval/TOFU_SUMMARY.json,,/unlearning/experment_data/checkpoints/tofu/forget05/Llama-2-7b-chat-hf/GradDiff/lr2e-5_b8_ga4_e10_alpha1_nlltrace/trainer_state.json,/unlearning/experment_data/checkpoints/tofu/forget05/Llama-2-7b-chat-hf/GradDiff/lr2e-5_b8_ga4_e10_alpha1_nlltrace
forget05,200,Llama-2-7b-chat-hf,GradDiff,GradDiff,baseline,none,lr2e-5_b8_ga4_e10_alpha2_nlltrace,True,False,2e-5,8,4,32,10,,2.0,,NLL,baseline,baseline_full_retain,baseline_mean,none,,,,,,,,,,0.0001183661896190048,0.599960467341195,0.5336584684406184,0.6696579696238041,0.09151958329019656,0.023842466694768517,0.27765776518183566,30.252813314281962,,,,,,,8.64,8.64,60,193.1136,3.2185599999999996,/unlearning/experment_data/checkpoints/tofu/forget05/Llama-2-7b-chat-hf/GradDiff/lr2e-5_b8_ga4_e10_alpha2_nlltrace/eval/TOFU_SUMMARY.json,,/unlearning/experment_data/checkpoints/tofu/forget05/Llama-2-7b-chat-hf/GradDiff/lr2e-5_b8_ga4_e10_alpha2_nlltrace/trainer_state.json,/unlearning/experment_data/checkpoints/tofu/forget05/Llama-2-7b-chat-hf/GradDiff/lr2e-5_b8_ga4_e10_alpha2_nlltrace
forget05,200,Llama-2-7b-chat-hf,GradDiff,GradDiff,baseline,none,lr2e-5_b8_ga4_e10_alpha5_nlltrace,True,False,2e-5,8,4,32,10,,5.0,,NLL,baseline,baseline_full_retain,baseline_mean,none,,,,,,,,,,1.3921047931216453e-06,0.6073171569559483,0.5278381077112896,0.8394571495056152,0.20650383970450314,0.22677159309387207,0.4440956653555124,-38.238014484624934,,,,,,,8.64,8.64,60,189.5213,3.158688333333333,/unlearning/experment_data/checkpoints/tofu/forget05/Llama-2-7b-chat-hf/GradDiff/lr2e-5_b8_ga4_e10_alpha5_nlltrace/eval/TOFU_SUMMARY.json,,/unlearning/experment_data/checkpoints/tofu/forget05/Llama-2-7b-chat-hf/GradDiff/lr2e-5_b8_ga4_e10_alpha5_nlltrace/trainer_state.json,/unlearning/experment_data/checkpoints/tofu/forget05/Llama-2-7b-chat-hf/GradDiff/lr2e-5_b8_ga4_e10_alpha5_nlltrace
forget05,200,Llama-2-7b-chat-hf,GradDiff,GradDiff,baseline,none,lr5e-5_b8_ga2_e10_alpha10_nlltrace,True,False,5e-5,8,2,16,10,,10.0,,NLL,baseline,baseline_full_retain,baseline_mean,none,,,,,,,,,,1.2817509611176602e-101,0.6221195387409141,1.6903497035244062e-07,0.029637338388711215,0.027223306249250095,3.383740116991163e-09,0.016502458445670044,53.614922143731306,,,,,,,9.24,9.24,120,219.4799,3.657998333333333,/unlearning/experment_data/checkpoints/tofu/forget05/Llama-2-7b-chat-hf/GradDiff/lr5e-5_b8_ga2_e10_alpha10_nlltrace/eval/TOFU_SUMMARY.json,,/unlearning/experment_data/checkpoints/tofu/forget05/Llama-2-7b-chat-hf/GradDiff/lr5e-5_b8_ga2_e10_alpha10_nlltrace/trainer_state.json,/unlearning/experment_data/checkpoints/tofu/forget05/Llama-2-7b-chat-hf/GradDiff/lr5e-5_b8_ga2_e10_alpha10_nlltrace
forget05,200,Llama-2-7b-chat-hf,GradDiff,GradDiff,baseline,none,lr5e-5_b8_ga2_e10_alpha1_nlltrace,True,False,5e-5,8,2,16,10,,1.0,,NLL,baseline,baseline_full_retain,baseline_mean,none,,,,,,,,,,1.9426434495222354e-119,0.5610633967002377,2.311127777926717e-42,0.00035770573653280734,0.027223306249250095,0.0,0.0,53.17172806333099,,,,,,,9.24,9.24,120,216.4897,3.6081616666666667,/unlearning/experment_data/checkpoints/tofu/forget05/Llama-2-7b-chat-hf/GradDiff/lr5e-5_b8_ga2_e10_alpha1_nlltrace/eval/TOFU_SUMMARY.json,,/unlearning/experment_data/checkpoints/tofu/forget05/Llama-2-7b-chat-hf/GradDiff/lr5e-5_b8_ga2_e10_alpha1_nlltrace/trainer_state.json,/unlearning/experment_data/checkpoints/tofu/forget05/Llama-2-7b-chat-hf/GradDiff/lr5e-5_b8_ga2_e10_alpha1_nlltrace
forget05,200,Llama-2-7b-chat-hf,GradDiff,GradDiff,baseline,none,lr5e-5_b8_ga2_e10_alpha2_nlltrace,True,False,5e-5,8,2,16,10,,2.0,,NLL,baseline,baseline_full_retain,baseline_mean,none,,,,,,,,,,5.011646257970051e-100,0.6059234844907598,1.210678834265884e-07,0.016532980147749187,0.027223306249250095,4.64560978446552e-12,0.012159413991969167,48.198319708925794,,,,,,,9.24,9.24,120,218.2273,3.637121666666667,/unlearning/experment_data/checkpoints/tofu/forget05/Llama-2-7b-chat-hf/GradDiff/lr5e-5_b8_ga2_e10_alpha2_nlltrace/eval/TOFU_SUMMARY.json,,/unlearning/experment_data/checkpoints/tofu/forget05/Llama-2-7b-chat-hf/GradDiff/lr5e-5_b8_ga2_e10_alpha2_nlltrace/trainer_state.json,/unlearning/experment_data/checkpoints/tofu/forget05/Llama-2-7b-chat-hf/GradDiff/lr5e-5_b8_ga2_e10_alpha2_nlltrace
forget05,200,Llama-2-7b-chat-hf,GradDiff,GradDiff,baseline,none,lr5e-5_b8_ga2_e10_alpha5_nlltrace,True,False,5e-5,8,2,16,10,,5.0,,NLL,baseline,baseline_full_retain,baseline_mean,none,,,,,,,,,,1.550229472718744e-114,0.626668036220908,2.364564382831352e-11,0.008769985707476734,0.027223306249250095,4.130029651605584e-16,0.002936507936507936,54.07738553197512,,,,,,,9.24,9.24,120,218.3457,3.6390949999999997,/unlearning/experment_data/checkpoints/tofu/forget05/Llama-2-7b-chat-hf/GradDiff/lr5e-5_b8_ga2_e10_alpha5_nlltrace/eval/TOFU_SUMMARY.json,,/unlearning/experment_data/checkpoints/tofu/forget05/Llama-2-7b-chat-hf/GradDiff/lr5e-5_b8_ga2_e10_alpha5_nlltrace/trainer_state.json,/unlearning/experment_data/checkpoints/tofu/forget05/Llama-2-7b-chat-hf/GradDiff/lr5e-5_b8_ga2_e10_alpha5_nlltrace
forget05,200,Llama-2-7b-chat-hf,GradDiff,GradDiff,baseline,none,lr5e-5_b8_ga4_e10_alpha10_nlltrace,True,False,5e-5,8,4,32,10,,10.0,,NLL,baseline,baseline_full_retain,baseline_mean,none,,,,,,,,,,2.238341439444515e-75,0.6186319082747347,0.06533515632645653,0.1046687132306397,0.03884930793317512,0.02535991886339616,0.051003258153862016,44.21535377767605,,,,,,,8.64,8.64,60,192.8184,3.21364,/unlearning/experment_data/checkpoints/tofu/forget05/Llama-2-7b-chat-hf/GradDiff/lr5e-5_b8_ga4_e10_alpha10_nlltrace/eval/TOFU_SUMMARY.json,,/unlearning/experment_data/checkpoints/tofu/forget05/Llama-2-7b-chat-hf/GradDiff/lr5e-5_b8_ga4_e10_alpha10_nlltrace/trainer_state.json,/unlearning/experment_data/checkpoints/tofu/forget05/Llama-2-7b-chat-hf/GradDiff/lr5e-5_b8_ga4_e10_alpha10_nlltrace
forget05,200,Llama-2-7b-chat-hf,GradDiff,GradDiff,baseline,none,lr5e-5_b8_ga4_e10_alpha1_nlltrace,True,False,5e-5,8,4,32,10,,1.0,,NLL,baseline,baseline_full_retain,baseline_mean,none,,,,,,,,,,1.550229472718744e-114,0.575227102094538,3.937450942605462e-09,0.0053740823175758125,0.027223306249250095,1.7917045624926686e-12,0.0018508966878532096,53.30083242588239,,,,,,,8.64,8.64,60,193.3686,3.22281,/unlearning/experment_data/checkpoints/tofu/forget05/Llama-2-7b-chat-hf/GradDiff/lr5e-5_b8_ga4_e10_alpha1_nlltrace/eval/TOFU_SUMMARY.json,,/unlearning/experment_data/checkpoints/tofu/forget05/Llama-2-7b-chat-hf/GradDiff/lr5e-5_b8_ga4_e10_alpha1_nlltrace/trainer_state.json,/unlearning/experment_data/checkpoints/tofu/forget05/Llama-2-7b-chat-hf/GradDiff/lr5e-5_b8_ga4_e10_alpha1_nlltrace
forget05,200,Llama-2-7b-chat-hf,GradDiff,GradDiff,baseline,none,lr5e-5_b8_ga4_e10_alpha2_nlltrace,True,False,5e-5,8,4,32,10,,2.0,,NLL,baseline,baseline_full_retain,baseline_mean,none,,,,,,,,,,2.942795573994628e-103,0.5931929181458347,2.060705061090009e-07,0.023878016546368598,0.027223306249250095,6.163287491034453e-08,0.015781451584327685,53.645753036280894,,,,,,,8.64,8.64,60,197.1208,3.285346666666667,/unlearning/experment_data/checkpoints/tofu/forget05/Llama-2-7b-chat-hf/GradDiff/lr5e-5_b8_ga4_e10_alpha2_nlltrace/eval/TOFU_SUMMARY.json,,/unlearning/experment_data/checkpoints/tofu/forget05/Llama-2-7b-chat-hf/GradDiff/lr5e-5_b8_ga4_e10_alpha2_nlltrace/trainer_state.json,/unlearning/experment_data/checkpoints/tofu/forget05/Llama-2-7b-chat-hf/GradDiff/lr5e-5_b8_ga4_e10_alpha2_nlltrace
forget05,200,Llama-2-7b-chat-hf,GradDiff,GradDiff,baseline,none,lr5e-5_b8_ga4_e10_alpha5_nlltrace,True,False,5e-5,8,4,32,10,,5.0,,NLL,baseline,baseline_full_retain,baseline_mean,none,,,,,,,,,,5.011646257970051e-100,0.6120462129380627,1.7076523687010325e-05,0.03351857668720186,0.027223306249250095,4.466134896574658e-07,0.018025891780643753,54.15446276334907,,,,,,,8.64,8.64,60,193.0628,3.2177133333333336,/unlearning/experment_data/checkpoints/tofu/forget05/Llama-2-7b-chat-hf/GradDiff/lr5e-5_b8_ga4_e10_alpha5_nlltrace/eval/TOFU_SUMMARY.json,,/unlearning/experment_data/checkpoints/tofu/forget05/Llama-2-7b-chat-hf/GradDiff/lr5e-5_b8_ga4_e10_alpha5_nlltrace/trainer_state.json,/unlearning/experment_data/checkpoints/tofu/forget05/Llama-2-7b-chat-hf/GradDiff/lr5e-5_b8_ga4_e10_alpha5_nlltrace
forget05,200,Llama-2-7b-chat-hf,GradDiff,SampleEarlyStopGradDiffMarginalRatio,marginal_ratio,per_sample_length_normalized_nll_epoch_gain,lr1e-5_b8_ga2_e10_marginalratio_ma2_stop0.05_rebound0.1_marginalrecovery_fullretain_fixed_forget_token_denom,False,False,1e-5,8,2,16,10,,,,NLL,baseline_forget_anchor_masked,full_retain,fixed_original_valid_tokens,marginal_recovery_vs_historical_peak,2,0.05,0.05,,,1,0.1,,1,3.602472544567432e-09,0.5606289511264141,0.5178804798264612,0.7872540384531022,0.1457051166576646,0.14264010429382323,0.3912502639455894,-30.95036225821638,182,18,,,3,0.15,9,9.24,120,203.4619,3.391031666666667,/unlearning/experment_data/checkpoints/tofu/forget05/Llama-2-7b-chat-hf/SampleEarlyStopGradDiffMarginalRatio/lr1e-5_b8_ga2_e10_marginalratio_ma2_stop0.05_rebound0.1_marginalrecovery_fullretain_fixed_forget_token_denom/eval/TOFU_SUMMARY.json,/unlearning/experment_data/checkpoints/tofu/forget05/Llama-2-7b-chat-hf/SampleEarlyStopGradDiffMarginalRatio/lr1e-5_b8_ga2_e10_marginalratio_ma2_stop0.05_rebound0.1_marginalrecovery_fullretain_fixed_forget_token_denom/ies_grad_diff_marginal_ratio_history.jsonl,/unlearning/experment_data/checkpoints/tofu/forget05/Llama-2-7b-chat-hf/SampleEarlyStopGradDiffMarginalRatio/lr1e-5_b8_ga2_e10_marginalratio_ma2_stop0.05_rebound0.1_marginalrecovery_fullretain_fixed_forget_token_denom/trainer_state.json,/unlearning/experment_data/checkpoints/tofu/forget05/Llama-2-7b-chat-hf/SampleEarlyStopGradDiffMarginalRatio/lr1e-5_b8_ga2_e10_marginalratio_ma2_stop0.05_rebound0.1_marginalrecovery_fullretain_fixed_forget_token_denom
forget05,200,Llama-2-7b-chat-hf,GradDiff,SampleEarlyStopGradDiffMarginalRatio,marginal_ratio,per_sample_length_normalized_nll_epoch_gain,lr1e-5_b8_ga2_e10_marginalratio_ma2_stop0.15_rebound0.1_marginalrecovery_fullretain_fixed_forget_token_denom,False,False,1e-5,8,2,16,10,,,,NLL,baseline_forget_anchor_masked,full_retain,fixed_original_valid_tokens,marginal_recovery_vs_historical_peak,2,0.15,0.15,,,1,0.1,,1,1.8694649189611297e-09,0.5608899899318007,0.5180693575960578,0.7885662546753883,0.14637059521646212,0.14251263618469237,0.3874849312375177,-30.715276702525777,71,129,,,29,1.45,9,9.24,120,200.3102,3.3385033333333336,/unlearning/experment_data/checkpoints/tofu/forget05/Llama-2-7b-chat-hf/SampleEarlyStopGradDiffMarginalRatio/lr1e-5_b8_ga2_e10_marginalratio_ma2_stop0.15_rebound0.1_marginalrecovery_fullretain_fixed_forget_token_denom/eval/TOFU_SUMMARY.json,/unlearning/experment_data/checkpoints/tofu/forget05/Llama-2-7b-chat-hf/SampleEarlyStopGradDiffMarginalRatio/lr1e-5_b8_ga2_e10_marginalratio_ma2_stop0.15_rebound0.1_marginalrecovery_fullretain_fixed_forget_token_denom/ies_grad_diff_marginal_ratio_history.jsonl,/unlearning/experment_data/checkpoints/tofu/forget05/Llama-2-7b-chat-hf/SampleEarlyStopGradDiffMarginalRatio/lr1e-5_b8_ga2_e10_marginalratio_ma2_stop0.15_rebound0.1_marginalrecovery_fullretain_fixed_forget_token_denom/trainer_state.json,/unlearning/experment_data/checkpoints/tofu/forget05/Llama-2-7b-chat-hf/SampleEarlyStopGradDiffMarginalRatio/lr1e-5_b8_ga2_e10_marginalratio_ma2_stop0.15_rebound0.1_marginalrecovery_fullretain_fixed_forget_token_denom
forget05,200,Llama-2-7b-chat-hf,GradDiff,SampleEarlyStopGradDiffMarginalRatio,marginal_ratio,per_sample_length_normalized_nll_epoch_gain,lr1e-5_b8_ga2_e10_marginalratio_ma2_stop0.1_rebound0.1_marginalrecovery_fullretain_fixed_forget_token_denom,False,False,1e-5,8,2,16,10,,,,NLL,baseline_forget_anchor_masked,full_retain,fixed_original_valid_tokens,marginal_recovery_vs_historical_peak,2,0.1,0.1,,,1,0.1,,1,6.865581733487208e-09,0.5599834583101735,0.5187307005107272,0.7877972850203514,0.14507567953798917,0.14259480476379394,0.38734212915735805,-30.672884225270113,132,68,,,14,0.7,9,9.24,120,200.7467,3.3457783333333335,/unlearning/experment_data/checkpoints/tofu/forget05/Llama-2-7b-chat-hf/SampleEarlyStopGradDiffMarginalRatio/lr1e-5_b8_ga2_e10_marginalratio_ma2_stop0.1_rebound0.1_marginalrecovery_fullretain_fixed_forget_token_denom/eval/TOFU_SUMMARY.json,/unlearning/experment_data/checkpoints/tofu/forget05/Llama-2-7b-chat-hf/SampleEarlyStopGradDiffMarginalRatio/lr1e-5_b8_ga2_e10_marginalratio_ma2_stop0.1_rebound0.1_marginalrecovery_fullretain_fixed_forget_token_denom/ies_grad_diff_marginal_ratio_history.jsonl,/unlearning/experment_data/checkpoints/tofu/forget05/Llama-2-7b-chat-hf/SampleEarlyStopGradDiffMarginalRatio/lr1e-5_b8_ga2_e10_marginalratio_ma2_stop0.1_rebound0.1_marginalrecovery_fullretain_fixed_forget_token_denom/trainer_state.json,/unlearning/experment_data/checkpoints/tofu/forget05/Llama-2-7b-chat-hf/SampleEarlyStopGradDiffMarginalRatio/lr1e-5_b8_ga2_e10_marginalratio_ma2_stop0.1_rebound0.1_marginalrecovery_fullretain_fixed_forget_token_denom
forget05,200,Llama-2-7b-chat-hf,GradDiff,SampleEarlyStopGradDiffMarginalRatio,marginal_ratio,per_sample_length_normalized_nll_epoch_gain,lr1e-5_b8_ga2_e10_marginalratio_ma2_stop0.20_rebound0.1_marginalrecovery_fullretain_fixed_forget_token_denom,False,False,1e-5,8,2,16,10,,,,NLL,baseline_forget_anchor_masked,full_retain,fixed_original_valid_tokens,marginal_recovery_vs_historical_peak,2,0.2,0.2,,,1,0.1,,1,3.602472544567432e-09,0.5607791621980973,0.5184044788239391,0.788332234621048,0.14501376003334518,0.14196858406066895,0.3827137596703297,-30.692153533113594,33,167,,,42,2.1,9,9.24,120,201.7272,3.36212,/unlearning/experment_data/checkpoints/tofu/forget05/Llama-2-7b-chat-hf/SampleEarlyStopGradDiffMarginalRatio/lr1e-5_b8_ga2_e10_marginalratio_ma2_stop0.20_rebound0.1_marginalrecovery_fullretain_fixed_forget_token_denom/eval/TOFU_SUMMARY.json,/unlearning/experment_data/checkpoints/tofu/forget05/Llama-2-7b-chat-hf/SampleEarlyStopGradDiffMarginalRatio/lr1e-5_b8_ga2_e10_marginalratio_ma2_stop0.20_rebound0.1_marginalrecovery_fullretain_fixed_forget_token_denom/ies_grad_diff_marginal_ratio_history.jsonl,/unlearning/experment_data/checkpoints/tofu/forget05/Llama-2-7b-chat-hf/SampleEarlyStopGradDiffMarginalRatio/lr1e-5_b8_ga2_e10_marginalratio_ma2_stop0.20_rebound0.1_marginalrecovery_fullretain_fixed_forget_token_denom/trainer_state.json,/unlearning/experment_data/checkpoints/tofu/forget05/Llama-2-7b-chat-hf/SampleEarlyStopGradDiffMarginalRatio/lr1e-5_b8_ga2_e10_marginalratio_ma2_stop0.20_rebound0.1_marginalrecovery_fullretain_fixed_forget_token_denom
forget05,200,Llama-2-7b-chat-hf,GradDiff,SampleEarlyStopGradDiffMarginalRatio,marginal_ratio,per_sample_length_normalized_nll_epoch_gain,lr2e-5_b8_ga2_e10_marginalratio_ma2_stop0.05_rebound0.1_marginalrecovery_fullretain_fixed_forget_token_denom,False,False,2e-5,8,2,16,10,,,,NLL,baseline_forget_anchor_masked,full_retain,fixed_original_valid_tokens,marginal_recovery_vs_historical_peak,2,0.05,0.05,,,1,0.1,,1,5.011646257970051e-100,0.624414222342621,4.6173451569540434e-06,0.02580751072615385,0.027223306249250095,5.197013365437495e-08,0.011870926146596034,54.15446276334907,1,199,,,209,10.45,9,9.24,120,192.9901,3.216501666666667,/unlearning/experment_data/checkpoints/tofu/forget05/Llama-2-7b-chat-hf/SampleEarlyStopGradDiffMarginalRatio/lr2e-5_b8_ga2_e10_marginalratio_ma2_stop0.05_rebound0.1_marginalrecovery_fullretain_fixed_forget_token_denom/eval/TOFU_SUMMARY.json,/unlearning/experment_data/checkpoints/tofu/forget05/Llama-2-7b-chat-hf/SampleEarlyStopGradDiffMarginalRatio/lr2e-5_b8_ga2_e10_marginalratio_ma2_stop0.05_rebound0.1_marginalrecovery_fullretain_fixed_forget_token_denom/ies_grad_diff_marginal_ratio_history.jsonl,/unlearning/experment_data/checkpoints/tofu/forget05/Llama-2-7b-chat-hf/SampleEarlyStopGradDiffMarginalRatio/lr2e-5_b8_ga2_e10_marginalratio_ma2_stop0.05_rebound0.1_marginalrecovery_fullretain_fixed_forget_token_denom/trainer_state.json,/unlearning/experment_data/checkpoints/tofu/forget05/Llama-2-7b-chat-hf/SampleEarlyStopGradDiffMarginalRatio/lr2e-5_b8_ga2_e10_marginalratio_ma2_stop0.05_rebound0.1_marginalrecovery_fullretain_fixed_forget_token_denom
forget05,200,Llama-2-7b-chat-hf,GradDiff,SampleEarlyStopGradDiffMarginalRatio,marginal_ratio,per_sample_length_normalized_nll_epoch_gain,lr2e-5_b8_ga2_e10_marginalratio_ma2_stop0.15_rebound0.1_marginalrecovery_fullretain_fixed_forget_token_denom,False,False,2e-5,8,2,16,10,,,,NLL,baseline_forget_anchor_masked,full_retain,fixed_original_valid_tokens,marginal_recovery_vs_historical_peak,2,0.15,0.15,,,1,0.1,,1,5.011646257970051e-100,0.6239892298242168,5.039496257120436e-06,0.02580751072615385,0.027223306249250095,5.584676387121188e-08,0.01131537059104048,54.15446276334907,0,200,,,211,10.55,9,9.24,120,195.8327,3.263878333333333,/unlearning/experment_data/checkpoints/tofu/forget05/Llama-2-7b-chat-hf/SampleEarlyStopGradDiffMarginalRatio/lr2e-5_b8_ga2_e10_marginalratio_ma2_stop0.15_rebound0.1_marginalrecovery_fullretain_fixed_forget_token_denom/eval/TOFU_SUMMARY.json,/unlearning/experment_data/checkpoints/tofu/forget05/Llama-2-7b-chat-hf/SampleEarlyStopGradDiffMarginalRatio/lr2e-5_b8_ga2_e10_marginalratio_ma2_stop0.15_rebound0.1_marginalrecovery_fullretain_fixed_forget_token_denom/ies_grad_diff_marginal_ratio_history.jsonl,/unlearning/experment_data/checkpoints/tofu/forget05/Llama-2-7b-chat-hf/SampleEarlyStopGradDiffMarginalRatio/lr2e-5_b8_ga2_e10_marginalratio_ma2_stop0.15_rebound0.1_marginalrecovery_fullretain_fixed_forget_token_denom/trainer_state.json,/unlearning/experment_data/checkpoints/tofu/forget05/Llama-2-7b-chat-hf/SampleEarlyStopGradDiffMarginalRatio/lr2e-5_b8_ga2_e10_marginalratio_ma2_stop0.15_rebound0.1_marginalrecovery_fullretain_fixed_forget_token_denom
forget05,200,Llama-2-7b-chat-hf,GradDiff,SampleEarlyStopGradDiffMarginalRatio,marginal_ratio,per_sample_length_normalized_nll_epoch_gain,lr2e-5_b8_ga2_e10_marginalratio_ma2_stop0.1_rebound0.1_marginalrecovery_fullretain_fixed_forget_token_denom,False,False,2e-5,8,2,16,10,,,,NLL,baseline_forget_anchor_masked,full_retain,fixed_original_valid_tokens,marginal_recovery_vs_historical_peak,2,0.1,0.1,,,1,0.1,,1,5.011646257970051e-100,0.6239892298242168,5.039496257120436e-06,0.02580751072615385,0.027223306249250095,5.584676387121188e-08,0.01131537059104048,54.15446276334907,0,200,,,211,10.55,9,9.24,120,192.3311,3.205518333333333,/unlearning/experment_data/checkpoints/tofu/forget05/Llama-2-7b-chat-hf/SampleEarlyStopGradDiffMarginalRatio/lr2e-5_b8_ga2_e10_marginalratio_ma2_stop0.1_rebound0.1_marginalrecovery_fullretain_fixed_forget_token_denom/eval/TOFU_SUMMARY.json,/unlearning/experment_data/checkpoints/tofu/forget05/Llama-2-7b-chat-hf/SampleEarlyStopGradDiffMarginalRatio/lr2e-5_b8_ga2_e10_marginalratio_ma2_stop0.1_rebound0.1_marginalrecovery_fullretain_fixed_forget_token_denom/ies_grad_diff_marginal_ratio_history.jsonl,/unlearning/experment_data/checkpoints/tofu/forget05/Llama-2-7b-chat-hf/SampleEarlyStopGradDiffMarginalRatio/lr2e-5_b8_ga2_e10_marginalratio_ma2_stop0.1_rebound0.1_marginalrecovery_fullretain_fixed_forget_token_denom/trainer_state.json,/unlearning/experment_data/checkpoints/tofu/forget05/Llama-2-7b-chat-hf/SampleEarlyStopGradDiffMarginalRatio/lr2e-5_b8_ga2_e10_marginalratio_ma2_stop0.1_rebound0.1_marginalrecovery_fullretain_fixed_forget_token_denom
forget05,200,Llama-2-7b-chat-hf,GradDiff,SampleEarlyStopGradDiffMarginalRatio,marginal_ratio,per_sample_length_normalized_nll_epoch_gain,lr2e-5_b8_ga2_e10_marginalratio_ma2_stop0.20_rebound0.1_marginalrecovery_fullretain_fixed_forget_token_denom,False,False,2e-5,8,2,16,10,,,,NLL,baseline_forget_anchor_masked,full_retain,fixed_original_valid_tokens,marginal_recovery_vs_historical_peak,2,0.2,0.2,,,1,0.1,,1,5.011646257970051e-100,0.6257636626001472,6.155090534316871e-06,0.02580751072615385,0.027223306249250095,6.808783496131408e-08,0.01131537059104048,54.15446276334907,0,200,,,212,10.6,9,9.24,120,192.3687,3.206145,/unlearning/experment_data/checkpoints/tofu/forget05/Llama-2-7b-chat-hf/SampleEarlyStopGradDiffMarginalRatio/lr2e-5_b8_ga2_e10_marginalratio_ma2_stop0.20_rebound0.1_marginalrecovery_fullretain_fixed_forget_token_denom/eval/TOFU_SUMMARY.json,/unlearning/experment_data/checkpoints/tofu/forget05/Llama-2-7b-chat-hf/SampleEarlyStopGradDiffMarginalRatio/lr2e-5_b8_ga2_e10_marginalratio_ma2_stop0.20_rebound0.1_marginalrecovery_fullretain_fixed_forget_token_denom/ies_grad_diff_marginal_ratio_history.jsonl,/unlearning/experment_data/checkpoints/tofu/forget05/Llama-2-7b-chat-hf/SampleEarlyStopGradDiffMarginalRatio/lr2e-5_b8_ga2_e10_marginalratio_ma2_stop0.20_rebound0.1_marginalrecovery_fullretain_fixed_forget_token_denom/trainer_state.json,/unlearning/experment_data/checkpoints/tofu/forget05/Llama-2-7b-chat-hf/SampleEarlyStopGradDiffMarginalRatio/lr2e-5_b8_ga2_e10_marginalratio_ma2_stop0.20_rebound0.1_marginalrecovery_fullretain_fixed_forget_token_denom
forget05,200,Llama-2-7b-chat-hf,GradDiff,SampleEarlyStopGradDiffMarginalRatio,marginal_ratio,per_sample_length_normalized_nll_epoch_gain,lr2e-5_b8_ga2_e10_marginalratio_ma2_stop0.40_rebound0.1_marginalrecovery_fullretain_fixed_forget_token_denom,False,False,2e-5,8,2,16,10,,,,NLL,baseline_forget_anchor_masked,full_retain,fixed_original_valid_tokens,marginal_recovery_vs_historical_peak,2,0.4,0.4,,,1,0.1,,1,5.011646257970051e-100,0.6390575576268419,7.635814421164064e-06,0.027961559034883975,0.027223306249250095,5.301650452350059e-07,0.014144261205257183,54.15446276334907,3,197,,,411,20.55,9,9.24,120,186.9796,3.1163266666666667,/unlearning/experment_data/checkpoints/tofu/forget05/Llama-2-7b-chat-hf/SampleEarlyStopGradDiffMarginalRatio/lr2e-5_b8_ga2_e10_marginalratio_ma2_stop0.40_rebound0.1_marginalrecovery_fullretain_fixed_forget_token_denom/eval/TOFU_SUMMARY.json,/unlearning/experment_data/checkpoints/tofu/forget05/Llama-2-7b-chat-hf/SampleEarlyStopGradDiffMarginalRatio/lr2e-5_b8_ga2_e10_marginalratio_ma2_stop0.40_rebound0.1_marginalrecovery_fullretain_fixed_forget_token_denom/ies_grad_diff_marginal_ratio_history.jsonl,/unlearning/experment_data/checkpoints/tofu/forget05/Llama-2-7b-chat-hf/SampleEarlyStopGradDiffMarginalRatio/lr2e-5_b8_ga2_e10_marginalratio_ma2_stop0.40_rebound0.1_marginalrecovery_fullretain_fixed_forget_token_denom/trainer_state.json,/unlearning/experment_data/checkpoints/tofu/forget05/Llama-2-7b-chat-hf/SampleEarlyStopGradDiffMarginalRatio/lr2e-5_b8_ga2_e10_marginalratio_ma2_stop0.40_rebound0.1_marginalrecovery_fullretain_fixed_forget_token_denom
forget05,200,Llama-2-7b-chat-hf,GradDiff,SampleEarlyStopGradDiffMarginalRatio,marginal_ratio,per_sample_length_normalized_nll_epoch_gain,lr2e-5_b8_ga2_e10_marginalratio_ma2_stop0.50_rebound0.1_marginalrecovery_fullretain_fixed_forget_token_denom,False,False,2e-5,8,2,16,10,,,,NLL,baseline_forget_anchor_masked,full_retain,fixed_original_valid_tokens,marginal_recovery_vs_historical_peak,2,0.5,0.5,,,1,0.1,,1,5.011646257970051e-100,0.6396330808032529,8.598602213915802e-06,0.02874705407768488,0.027223306249250095,6.047625061922357e-07,0.019587216419379445,54.15446276334907,3,197,,,413,20.65,9,9.24,120,184.6893,3.078155,/unlearning/experment_data/checkpoints/tofu/forget05/Llama-2-7b-chat-hf/SampleEarlyStopGradDiffMarginalRatio/lr2e-5_b8_ga2_e10_marginalratio_ma2_stop0.50_rebound0.1_marginalrecovery_fullretain_fixed_forget_token_denom/eval/TOFU_SUMMARY.json,/unlearning/experment_data/checkpoints/tofu/forget05/Llama-2-7b-chat-hf/SampleEarlyStopGradDiffMarginalRatio/lr2e-5_b8_ga2_e10_marginalratio_ma2_stop0.50_rebound0.1_marginalrecovery_fullretain_fixed_forget_token_denom/ies_grad_diff_marginal_ratio_history.jsonl,/unlearning/experment_data/checkpoints/tofu/forget05/Llama-2-7b-chat-hf/SampleEarlyStopGradDiffMarginalRatio/lr2e-5_b8_ga2_e10_marginalratio_ma2_stop0.50_rebound0.1_marginalrecovery_fullretain_fixed_forget_token_denom/trainer_state.json,/unlearning/experment_data/checkpoints/tofu/forget05/Llama-2-7b-chat-hf/SampleEarlyStopGradDiffMarginalRatio/lr2e-5_b8_ga2_e10_marginalratio_ma2_stop0.50_rebound0.1_marginalrecovery_fullretain_fixed_forget_token_denom
forget05,200,Llama-2-7b-chat-hf,GradDiff,SampleEarlyStopGradDiffMarginalRatio,marginal_ratio,per_sample_length_normalized_nll_epoch_gain,lr2e-5_b8_ga4_e10_marginalratio_ma2_stop0.40_rebound0.1_marginalrecovery_fullretain_fixed_forget_token_denom,False,False,2e-5,8,4,32,10,,,,NLL,baseline_forget_anchor_masked,full_retain,fixed_original_valid_tokens,marginal_recovery_vs_historical_peak,2,0.4,0.4,,,1,0.1,,1,1.2228918047089984e-92,0.05748145176235313,0.02907136347159017,0.07004033683333546,0.03179214682896024,0.0007446178910502723,0.010893758773004749,39.157160468759486,184,16,,,1,0.05,9,8.64,60,184.8511,3.0808516666666668,/unlearning/experment_data/checkpoints/tofu/forget05/Llama-2-7b-chat-hf/SampleEarlyStopGradDiffMarginalRatio/lr2e-5_b8_ga4_e10_marginalratio_ma2_stop0.40_rebound0.1_marginalrecovery_fullretain_fixed_forget_token_denom/eval/TOFU_SUMMARY.json,/unlearning/experment_data/checkpoints/tofu/forget05/Llama-2-7b-chat-hf/SampleEarlyStopGradDiffMarginalRatio/lr2e-5_b8_ga4_e10_marginalratio_ma2_stop0.40_rebound0.1_marginalrecovery_fullretain_fixed_forget_token_denom/ies_grad_diff_marginal_ratio_history.jsonl,/unlearning/experment_data/checkpoints/tofu/forget05/Llama-2-7b-chat-hf/SampleEarlyStopGradDiffMarginalRatio/lr2e-5_b8_ga4_e10_marginalratio_ma2_stop0.40_rebound0.1_marginalrecovery_fullretain_fixed_forget_token_denom/trainer_state.json,/unlearning/experment_data/checkpoints/tofu/forget05/Llama-2-7b-chat-hf/SampleEarlyStopGradDiffMarginalRatio/lr2e-5_b8_ga4_e10_marginalratio_ma2_stop0.40_rebound0.1_marginalrecovery_fullretain_fixed_forget_token_denom
forget05,200,Llama-2-7b-chat-hf,GradDiff,SampleEarlyStopGradDiffMarginalRatio,marginal_ratio,per_sample_length_normalized_nll_epoch_gain,lr2e-5_b8_ga4_e10_marginalratio_ma2_stop0.50_rebound0.1_marginalrecovery_fullretain_fixed_forget_token_denom,False,False,2e-5,8,4,32,10,,,,NLL,baseline_forget_anchor_masked,full_retain,fixed_original_valid_tokens,marginal_recovery_vs_historical_peak,2,0.5,0.5,,,1,0.1,,1,1.2228918047089984e-92,0.057158084204118116,0.029602719423349307,0.06888222309295088,0.03162548016229358,0.0007199865217191219,0.00904161715770524,39.10513333758206,81,119,,,11,0.55,9,8.64,60,181.0376,3.0172933333333334,/unlearning/experment_data/checkpoints/tofu/forget05/Llama-2-7b-chat-hf/SampleEarlyStopGradDiffMarginalRatio/lr2e-5_b8_ga4_e10_marginalratio_ma2_stop0.50_rebound0.1_marginalrecovery_fullretain_fixed_forget_token_denom/eval/TOFU_SUMMARY.json,/unlearning/experment_data/checkpoints/tofu/forget05/Llama-2-7b-chat-hf/SampleEarlyStopGradDiffMarginalRatio/lr2e-5_b8_ga4_e10_marginalratio_ma2_stop0.50_rebound0.1_marginalrecovery_fullretain_fixed_forget_token_denom/ies_grad_diff_marginal_ratio_history.jsonl,/unlearning/experment_data/checkpoints/tofu/forget05/Llama-2-7b-chat-hf/SampleEarlyStopGradDiffMarginalRatio/lr2e-5_b8_ga4_e10_marginalratio_ma2_stop0.50_rebound0.1_marginalrecovery_fullretain_fixed_forget_token_denom/trainer_state.json,/unlearning/experment_data/checkpoints/tofu/forget05/Llama-2-7b-chat-hf/SampleEarlyStopGradDiffMarginalRatio/lr2e-5_b8_ga4_e10_marginalratio_ma2_stop0.50_rebound0.1_marginalrecovery_fullretain_fixed_forget_token_denom
forget05,200,Llama-2-7b-chat-hf,GradDiff,SampleEarlyStopGradDiffMarginalRatio,marginal_ratio,per_sample_length_normalized_nll_epoch_gain,lr5e-5_b8_ga2_e10_marginalratio_ma2_stop0.05_rebound0.1_marginalrecovery_fullretain_fixed_forget_token_denom,False,False,5e-5,8,2,16,10,,,,NLL,baseline_forget_anchor_masked,full_retain,fixed_original_valid_tokens,marginal_recovery_vs_historical_peak,2,0.05,0.05,,,1,0.1,,1,5.011646257970051e-100,0.5964478923855788,2.196911029577809e-09,0.02687222738750279,0.027223306249250095,5.142928749536436e-11,0.02454902413525633,53.81532294530362,9,191,,,609,30.45,9,9.24,120,180.163,3.0027166666666667,/unlearning/experment_data/checkpoints/tofu/forget05/Llama-2-7b-chat-hf/SampleEarlyStopGradDiffMarginalRatio/lr5e-5_b8_ga2_e10_marginalratio_ma2_stop0.05_rebound0.1_marginalrecovery_fullretain_fixed_forget_token_denom/eval/TOFU_SUMMARY.json,/unlearning/experment_data/checkpoints/tofu/forget05/Llama-2-7b-chat-hf/SampleEarlyStopGradDiffMarginalRatio/lr5e-5_b8_ga2_e10_marginalratio_ma2_stop0.05_rebound0.1_marginalrecovery_fullretain_fixed_forget_token_denom/ies_grad_diff_marginal_ratio_history.jsonl,/unlearning/experment_data/checkpoints/tofu/forget05/Llama-2-7b-chat-hf/SampleEarlyStopGradDiffMarginalRatio/lr5e-5_b8_ga2_e10_marginalratio_ma2_stop0.05_rebound0.1_marginalrecovery_fullretain_fixed_forget_token_denom/trainer_state.json,/unlearning/experment_data/checkpoints/tofu/forget05/Llama-2-7b-chat-hf/SampleEarlyStopGradDiffMarginalRatio/lr5e-5_b8_ga2_e10_marginalratio_ma2_stop0.05_rebound0.1_marginalrecovery_fullretain_fixed_forget_token_denom
forget05,200,Llama-2-7b-chat-hf,GradDiff,SampleEarlyStopGradDiffMarginalRatio,marginal_ratio,per_sample_length_normalized_nll_epoch_gain,lr5e-5_b8_ga2_e10_marginalratio_ma2_stop0.15_rebound0.1_marginalrecovery_fullretain_fixed_forget_token_denom,False,False,5e-5,8,2,16,10,,,,NLL,baseline_forget_anchor_masked,full_retain,fixed_original_valid_tokens,marginal_recovery_vs_historical_peak,2,0.15,0.15,,,1,0.1,,1,1.2817509611176602e-101,0.6048104173288976,1.390432626060886e-07,0.023262619348242877,0.027223306249250095,1.18142171601262e-10,0.017792685825714357,53.42030213451204,0,200,,,965,48.25,9,9.24,120,165.9009,2.765015,/unlearning/experment_data/checkpoints/tofu/forget05/Llama-2-7b-chat-hf/SampleEarlyStopGradDiffMarginalRatio/lr5e-5_b8_ga2_e10_marginalratio_ma2_stop0.15_rebound0.1_marginalrecovery_fullretain_fixed_forget_token_denom/eval/TOFU_SUMMARY.json,/unlearning/experment_data/checkpoints/tofu/forget05/Llama-2-7b-chat-hf/SampleEarlyStopGradDiffMarginalRatio/lr5e-5_b8_ga2_e10_marginalratio_ma2_stop0.15_rebound0.1_marginalrecovery_fullretain_fixed_forget_token_denom/ies_grad_diff_marginal_ratio_history.jsonl,/unlearning/experment_data/checkpoints/tofu/forget05/Llama-2-7b-chat-hf/SampleEarlyStopGradDiffMarginalRatio/lr5e-5_b8_ga2_e10_marginalratio_ma2_stop0.15_rebound0.1_marginalrecovery_fullretain_fixed_forget_token_denom/trainer_state.json,/unlearning/experment_data/checkpoints/tofu/forget05/Llama-2-7b-chat-hf/SampleEarlyStopGradDiffMarginalRatio/lr5e-5_b8_ga2_e10_marginalratio_ma2_stop0.15_rebound0.1_marginalrecovery_fullretain_fixed_forget_token_denom
forget05,200,Llama-2-7b-chat-hf,GradDiff,SampleEarlyStopGradDiffMarginalRatio,marginal_ratio,per_sample_length_normalized_nll_epoch_gain,lr5e-5_b8_ga2_e10_marginalratio_ma2_stop0.1_rebound0.1_marginalrecovery_fullretain_fixed_forget_token_denom,False,False,5e-5,8,2,16,10,,,,NLL,baseline_forget_anchor_masked,full_retain,fixed_original_valid_tokens,marginal_recovery_vs_historical_peak,2,0.1,0.1,,,1,0.1,,1,2.942795573994628e-103,0.6031263043408549,5.0632757784853787e-08,0.020193850407376885,0.027223306249250095,6.201093860625865e-11,0.010082652795499737,53.8577154225593,10,190,,,780,39.0,9,9.24,120,171.4386,2.85731,/unlearning/experment_data/checkpoints/tofu/forget05/Llama-2-7b-chat-hf/SampleEarlyStopGradDiffMarginalRatio/lr5e-5_b8_ga2_e10_marginalratio_ma2_stop0.1_rebound0.1_marginalrecovery_fullretain_fixed_forget_token_denom/eval/TOFU_SUMMARY.json,/unlearning/experment_data/checkpoints/tofu/forget05/Llama-2-7b-chat-hf/SampleEarlyStopGradDiffMarginalRatio/lr5e-5_b8_ga2_e10_marginalratio_ma2_stop0.1_rebound0.1_marginalrecovery_fullretain_fixed_forget_token_denom/ies_grad_diff_marginal_ratio_history.jsonl,/unlearning/experment_data/checkpoints/tofu/forget05/Llama-2-7b-chat-hf/SampleEarlyStopGradDiffMarginalRatio/lr5e-5_b8_ga2_e10_marginalratio_ma2_stop0.1_rebound0.1_marginalrecovery_fullretain_fixed_forget_token_denom/trainer_state.json,/unlearning/experment_data/checkpoints/tofu/forget05/Llama-2-7b-chat-hf/SampleEarlyStopGradDiffMarginalRatio/lr5e-5_b8_ga2_e10_marginalratio_ma2_stop0.1_rebound0.1_marginalrecovery_fullretain_fixed_forget_token_denom
forget05,200,Llama-2-7b-chat-hf,GradDiff,SampleEarlyStopGradDiffMarginalRatio,marginal_ratio,per_sample_length_normalized_nll_epoch_gain,lr5e-5_b8_ga2_e10_marginalratio_ma2_stop0.20_rebound0.1_marginalrecovery_fullretain_fixed_forget_token_denom,False,False,5e-5,8,2,16,10,,,,NLL,baseline_forget_anchor_masked,full_retain,fixed_original_valid_tokens,marginal_recovery_vs_historical_peak,2,0.2,0.2,,,1,0.1,,1,5.011646257970051e-100,0.6080667602478198,4.866687825896738e-07,0.026881217332556842,0.027223306249250095,3.058508823984043e-10,0.022152589207356868,53.653460759418294,0,200,,,982,49.1,9,9.24,120,163.7827,2.7297116666666668,/unlearning/experment_data/checkpoints/tofu/forget05/Llama-2-7b-chat-hf/SampleEarlyStopGradDiffMarginalRatio/lr5e-5_b8_ga2_e10_marginalratio_ma2_stop0.20_rebound0.1_marginalrecovery_fullretain_fixed_forget_token_denom/eval/TOFU_SUMMARY.json,/unlearning/experment_data/checkpoints/tofu/forget05/Llama-2-7b-chat-hf/SampleEarlyStopGradDiffMarginalRatio/lr5e-5_b8_ga2_e10_marginalratio_ma2_stop0.20_rebound0.1_marginalrecovery_fullretain_fixed_forget_token_denom/ies_grad_diff_marginal_ratio_history.jsonl,/unlearning/experment_data/checkpoints/tofu/forget05/Llama-2-7b-chat-hf/SampleEarlyStopGradDiffMarginalRatio/lr5e-5_b8_ga2_e10_marginalratio_ma2_stop0.20_rebound0.1_marginalrecovery_fullretain_fixed_forget_token_denom/trainer_state.json,/unlearning/experment_data/checkpoints/tofu/forget05/Llama-2-7b-chat-hf/SampleEarlyStopGradDiffMarginalRatio/lr5e-5_b8_ga2_e10_marginalratio_ma2_stop0.20_rebound0.1_marginalrecovery_fullretain_fixed_forget_token_denom
forget05,200,Llama-3.2-1B-Instruct,GradDiff,GradDiff,baseline,none,lr1e-5_b8_ga2_e10_alpha1,True,False,1e-5,8,2,16,10,,1.0,,NLL,baseline,baseline_full_retain,baseline_mean,none,,,,,,,,,,8.114129962716335e-08,0.4575890459751198,0.4503577173629381,0.6499956415593624,0.07920186661654972,0.04234798714518547,0.3511054983390217,-18.738237136333403,,,,,,,9.24,9.24,120,71.3043,1.188405,/unlearning/experment_data/checkpoints/tofu/forget05/Llama-3.2-1B-Instruct/GradDiff/lr1e-5_b8_ga2_e10_alpha1/eval/TOFU_SUMMARY.json,,/unlearning/experment_data/checkpoints/tofu/forget05/Llama-3.2-1B-Instruct/GradDiff/lr1e-5_b8_ga2_e10_alpha1/trainer_state.json,/unlearning/experment_data/checkpoints/tofu/forget05/Llama-3.2-1B-Instruct/GradDiff/lr1e-5_b8_ga2_e10_alpha1
forget05,200,Llama-3.2-1B-Instruct,GradDiff,GradDiff,baseline,none,lr1e-5_b8_ga2_e10_alpha1_nlltrace,True,False,1e-5,8,2,16,10,,1.0,,NLL,baseline,baseline_full_retain,baseline_mean,none,,,,,,,,,,2.4125498977354686e-08,0.45880493997088007,0.44503901578506644,0.6495027221739292,0.07813295636013945,0.04157180339097977,0.3525032425449997,-18.94604767582401,,,,,,,9.24,9.24,120,120.5385,2.008975,/unlearning/experment_data/checkpoints/tofu/forget05/Llama-3.2-1B-Instruct/GradDiff/lr1e-5_b8_ga2_e10_alpha1_nlltrace/eval/TOFU_SUMMARY.json,,/unlearning/experment_data/checkpoints/tofu/forget05/Llama-3.2-1B-Instruct/GradDiff/lr1e-5_b8_ga2_e10_alpha1_nlltrace/trainer_state.json,/unlearning/experment_data/checkpoints/tofu/forget05/Llama-3.2-1B-Instruct/GradDiff/lr1e-5_b8_ga2_e10_alpha1_nlltrace
forget10,400,Llama-2-7b-chat-hf,GradDiff,SampleEarlyStopGradDiffIrreversible,absolute_nll_gain,per_sample_length_normalized_nll_gain_from_initial,lr1e-5_b8_ga2_e10_ies_graddiff_normnll_gain_ge1.2_warm0_patience1_rebounddelta0.1_rpat2_samplingbaseline_masked,False,False,1e-5,8,2,16,10,,,,NLL,baseline_forget_anchor_masked,full_retain,fixed_original_valid_tokens,absolute_gain_below_threshold_minus_delta,,1.2,,1.2,0.0,1,,0.1,2,4.353260441808186e-19,0.6077307144883866,0.5255746505267065,0.8624630209803581,0.1915241186601712,0.24182357788085937,0.47864355043857737,-80.43267808701535,,,,,,,,,,,,/unlearning/experment_data/checkpoints/tofu/forget10/Llama-2-7b-chat-hf/SampleEarlyStopGradDiffIrreversible/lr1e-5_b8_ga2_e10_ies_graddiff_normnll_gain_ge1.2_warm0_patience1_rebounddelta0.1_rpat2_samplingbaseline_masked/eval/TOFU_SUMMARY.json,,,/unlearning/experment_data/checkpoints/tofu/forget10/Llama-2-7b-chat-hf/SampleEarlyStopGradDiffIrreversible/lr1e-5_b8_ga2_e10_ies_graddiff_normnll_gain_ge1.2_warm0_patience1_rebounddelta0.1_rpat2_samplingbaseline_masked
forget10,400,Llama-2-7b-chat-hf,GradDiff,SampleEarlyStopGradDiffIrreversible,absolute_nll_gain,per_sample_length_normalized_nll_gain_from_initial,lr1e-5_b8_ga2_e10_ies_graddiff_normnll_gain_ge1.4_warm0_patience1_rebounddelta0.1_rpat2_samplingbaseline_masked,False,False,1e-5,8,2,16,10,,,,NLL,baseline_forget_anchor_masked,full_retain,fixed_original_valid_tokens,absolute_gain_below_threshold_minus_delta,,1.4,,1.4,0.0,1,,0.1,2,2.213522258546535e-19,0.6051235547584626,0.5221257593664427,0.8499190403521061,0.17726330756972955,0.20073432922363282,0.4701568442170573,-73.97511539254275,,,,,,,,,,,,/unlearning/experment_data/checkpoints/tofu/forget10/Llama-2-7b-chat-hf/SampleEarlyStopGradDiffIrreversible/lr1e-5_b8_ga2_e10_ies_graddiff_normnll_gain_ge1.4_warm0_patience1_rebounddelta0.1_rpat2_samplingbaseline_masked/eval/TOFU_SUMMARY.json,,,/unlearning/experment_data/checkpoints/tofu/forget10/Llama-2-7b-chat-hf/SampleEarlyStopGradDiffIrreversible/lr1e-5_b8_ga2_e10_ies_graddiff_normnll_gain_ge1.4_warm0_patience1_rebounddelta0.1_rpat2_samplingbaseline_masked
forget10,400,Llama-2-7b-chat-hf,GradDiff,SampleEarlyStopGradDiffIrreversible,absolute_nll_gain,per_sample_length_normalized_nll_gain_from_initial,lr1e-5_b8_ga2_e10_ies_graddiff_normnll_gain_ge1.6_warm0_patience1_rebounddelta0.1_rpat2_samplingbaseline_masked,False,False,1e-5,8,2,16,10,,,,NLL,baseline_forget_anchor_masked,full_retain,fixed_original_valid_tokens,absolute_gain_below_threshold_minus_delta,,1.6,,1.6,0.0,1,,0.1,2,1.1781277220965948e-17,0.6019504627436073,0.522819284874779,0.8390944485366344,0.16894353357997663,0.17528915405273438,0.453999060443807,-67.06204843352394,,,,,,,,,,,,/unlearning/experment_data/checkpoints/tofu/forget10/Llama-2-7b-chat-hf/SampleEarlyStopGradDiffIrreversible/lr1e-5_b8_ga2_e10_ies_graddiff_normnll_gain_ge1.6_warm0_patience1_rebounddelta0.1_rpat2_samplingbaseline_masked/eval/TOFU_SUMMARY.json,,,/unlearning/experment_data/checkpoints/tofu/forget10/Llama-2-7b-chat-hf/SampleEarlyStopGradDiffIrreversible/lr1e-5_b8_ga2_e10_ies_graddiff_normnll_gain_ge1.6_warm0_patience1_rebounddelta0.1_rpat2_samplingbaseline_masked
forget10,400,Llama-2-7b-chat-hf,GradDiff,SampleEarlyStopGradDiffIrreversible,absolute_nll_gain,per_sample_length_normalized_nll_gain_from_initial,lr2e-5_b8_ga2_e10_ies_graddiff_normnll_gain_ge1.2_warm0_patience1_rebounddelta0.1_rpat2_samplingbaseline_masked,False,False,2e-5,8,2,16,10,,,,NLL,baseline_forget_anchor_masked,full_retain,fixed_original_valid_tokens,absolute_gain_below_threshold_minus_delta,,1.2,,1.2,0.0,1,,0.1,2,4.2606809322061477e-10,0.6446856955871619,0.5422994417594517,0.7308746610279195,0.1201257040839241,0.11663955467883547,0.341568518404855,-18.192656901439037,,,,,,,,,,,,/unlearning/experment_data/checkpoints/tofu/forget10/Llama-2-7b-chat-hf/SampleEarlyStopGradDiffIrreversible/lr2e-5_b8_ga2_e10_ies_graddiff_normnll_gain_ge1.2_warm0_patience1_rebounddelta0.1_rpat2_samplingbaseline_masked/eval/TOFU_SUMMARY.json,,,/unlearning/experment_data/checkpoints/tofu/forget10/Llama-2-7b-chat-hf/SampleEarlyStopGradDiffIrreversible/lr2e-5_b8_ga2_e10_ies_graddiff_normnll_gain_ge1.2_warm0_patience1_rebounddelta0.1_rpat2_samplingbaseline_masked
forget10,400,Llama-2-7b-chat-hf,GradDiff,SampleEarlyStopGradDiffIrreversible,absolute_nll_gain,per_sample_length_normalized_nll_gain_from_initial,lr2e-5_b8_ga2_e10_ies_graddiff_normnll_gain_ge1.4_warm0_patience1_rebounddelta0.1_rpat2_samplingbaseline_masked,False,False,2e-5,8,2,16,10,,,,NLL,baseline_forget_anchor_masked,full_retain,fixed_original_valid_tokens,absolute_gain_below_threshold_minus_delta,,1.4,,1.4,0.0,1,,0.1,2,1.0973970510505411e-09,0.6396846369649153,0.546089374102645,0.73186663397355,0.11212223762767132,0.08808805955817296,0.3319252023863499,-1.8250741337857688,,,,,,,,,,,,/unlearning/experment_data/checkpoints/tofu/forget10/Llama-2-7b-chat-hf/SampleEarlyStopGradDiffIrreversible/lr2e-5_b8_ga2_e10_ies_graddiff_normnll_gain_ge1.4_warm0_patience1_rebounddelta0.1_rpat2_samplingbaseline_masked/eval/TOFU_SUMMARY.json,,,/unlearning/experment_data/checkpoints/tofu/forget10/Llama-2-7b-chat-hf/SampleEarlyStopGradDiffIrreversible/lr2e-5_b8_ga2_e10_ies_graddiff_normnll_gain_ge1.4_warm0_patience1_rebounddelta0.1_rpat2_samplingbaseline_masked
forget10,400,Llama-2-7b-chat-hf,GradDiff,SampleEarlyStopGradDiffIrreversible,absolute_nll_gain,per_sample_length_normalized_nll_gain_from_initial,lr2e-5_b8_ga2_e10_ies_graddiff_normnll_gain_ge1.6_warm0_patience1_rebounddelta0.1_rpat2_samplingbaseline_masked,False,False,2e-5,8,2,16,10,,,,NLL,baseline_forget_anchor_masked,full_retain,fixed_original_valid_tokens,absolute_gain_below_threshold_minus_delta,,1.6,,1.6,0.0,1,,0.1,2,2.5496506594547965e-08,0.6361737002922094,0.5582390959912487,,,0.06837998429318184,0.3354851696858498,12.55235241762875,,,,,,,,,,,,/unlearning/experment_data/checkpoints/tofu/forget10/Llama-2-7b-chat-hf/SampleEarlyStopGradDiffIrreversible/lr2e-5_b8_ga2_e10_ies_graddiff_normnll_gain_ge1.6_warm0_patience1_rebounddelta0.1_rpat2_samplingbaseline_masked/eval/TOFU_SUMMARY.json,,,/unlearning/experment_data/checkpoints/tofu/forget10/Llama-2-7b-chat-hf/SampleEarlyStopGradDiffIrreversible/lr2e-5_b8_ga2_e10_ies_graddiff_normnll_gain_ge1.6_warm0_patience1_rebounddelta0.1_rpat2_samplingbaseline_masked
forget10,400,Llama-2-7b-chat-hf,GradDiff,SampleEarlyStopGradDiffIrreversible,absolute_nll_gain,per_sample_length_normalized_nll_gain_from_initial,lr2e-5_b8_ga2_e10_ies_graddiff_normnll_gain_ge1.8_warm0_patience1_rebounddelta0.2_rpat2_samplingbaseline_masked,False,False,2e-5,8,2,16,10,,,,NLL,baseline_forget_anchor_masked,full_retain,fixed_original_valid_tokens,absolute_gain_below_threshold_minus_delta,,1.8,,1.8,0.0,1,,0.2,2,4.5846770167841434e-07,0.6411739438883841,0.5582386712670142,0.7243801306257955,0.10983030947438245,0.06488565512470824,0.33220395351336207,14.887958176778382,,,,,,,,,,,,/unlearning/experment_data/checkpoints/tofu/forget10/Llama-2-7b-chat-hf/SampleEarlyStopGradDiffIrreversible/lr2e-5_b8_ga2_e10_ies_graddiff_normnll_gain_ge1.8_warm0_patience1_rebounddelta0.2_rpat2_samplingbaseline_masked/eval/TOFU_SUMMARY.json,,,/unlearning/experment_data/checkpoints/tofu/forget10/Llama-2-7b-chat-hf/SampleEarlyStopGradDiffIrreversible/lr2e-5_b8_ga2_e10_ies_graddiff_normnll_gain_ge1.8_warm0_patience1_rebounddelta0.2_rpat2_samplingbaseline_masked
forget10,400,Llama-2-7b-chat-hf,GradDiff,SampleEarlyStopGradDiffIrreversible,absolute_nll_gain,per_sample_length_normalized_nll_gain_from_initial,lr2e-5_b8_ga2_e10_ies_graddiff_normnll_gain_ge2.0_warm0_patience1_rebounddelta0.2_rpat2_samplingbaseline_masked,False,False,2e-5,8,2,16,10,,,,NLL,baseline_forget_anchor_masked,full_retain,fixed_original_valid_tokens,absolute_gain_below_threshold_minus_delta,,2.0,,2.0,0.0,1,,0.2,2,5.974773347845895e-08,0.646271446096572,0.5516361762223183,0.7180006438563578,0.10180304506162421,0.05388749154529692,0.32829792293090343,22.35129874397379,,,,,,,,,,,,/unlearning/experment_data/checkpoints/tofu/forget10/Llama-2-7b-chat-hf/SampleEarlyStopGradDiffIrreversible/lr2e-5_b8_ga2_e10_ies_graddiff_normnll_gain_ge2.0_warm0_patience1_rebounddelta0.2_rpat2_samplingbaseline_masked/eval/TOFU_SUMMARY.json,,,/unlearning/experment_data/checkpoints/tofu/forget10/Llama-2-7b-chat-hf/SampleEarlyStopGradDiffIrreversible/lr2e-5_b8_ga2_e10_ies_graddiff_normnll_gain_ge2.0_warm0_patience1_rebounddelta0.2_rpat2_samplingbaseline_masked
forget10,400,Llama-2-7b-chat-hf,GradDiff,SampleEarlyStopGradDiffIrreversible,absolute_nll_gain,per_sample_length_normalized_nll_gain_from_initial,lr2e-5_b8_ga2_e10_ies_graddiff_normnll_gain_ge2.2_warm0_patience1_rebounddelta0.2_rpat2_samplingbaseline_masked,False,False,2e-5,8,2,16,10,,,,NLL,baseline_forget_anchor_masked,full_retain,fixed_original_valid_tokens,absolute_gain_below_threshold_minus_delta,,2.2,,2.2,0.0,1,,0.2,2,6.392505006995772e-06,0.6481590366517039,0.5474638071360441,0.6981666538934224,0.09651965613991396,0.03733170412018566,0.2910285670274544,37.95155553578079,,,,,,,,,,,,/unlearning/experment_data/checkpoints/tofu/forget10/Llama-2-7b-chat-hf/SampleEarlyStopGradDiffIrreversible/lr2e-5_b8_ga2_e10_ies_graddiff_normnll_gain_ge2.2_warm0_patience1_rebounddelta0.2_rpat2_samplingbaseline_masked/eval/TOFU_SUMMARY.json,,,/unlearning/experment_data/checkpoints/tofu/forget10/Llama-2-7b-chat-hf/SampleEarlyStopGradDiffIrreversible/lr2e-5_b8_ga2_e10_ies_graddiff_normnll_gain_ge2.2_warm0_patience1_rebounddelta0.2_rpat2_samplingbaseline_masked
forget10,400,Llama-2-7b-chat-hf,GradDiff,SampleEarlyStopGradDiffIrreversible,absolute_nll_gain,per_sample_length_normalized_nll_gain_from_initial,lr5e-6_b8_ga2_e10_ies_graddiff_normnll_gain_ge1.2_warm0_patience1_rebounddelta0.1_rpat2_samplingbaseline_masked,False,False,5e-6,8,2,16,10,,,,NLL,baseline_forget_anchor_masked,full_retain,fixed_original_valid_tokens,absolute_gain_below_threshold_minus_delta,,1.2,,1.2,0.0,1,,0.1,2,1.3990395281788573e-20,0.6049388497388261,0.5185715520935804,0.9580105559527874,0.5269872620646836,0.77680419921875,0.7024371063999486,-98.40930164598505,,,,,,,,,,,,/unlearning/experment_data/checkpoints/tofu/forget10/Llama-2-7b-chat-hf/SampleEarlyStopGradDiffIrreversible/lr5e-6_b8_ga2_e10_ies_graddiff_normnll_gain_ge1.2_warm0_patience1_rebounddelta0.1_rpat2_samplingbaseline_masked/eval/TOFU_SUMMARY.json,,,/unlearning/experment_data/checkpoints/tofu/forget10/Llama-2-7b-chat-hf/SampleEarlyStopGradDiffIrreversible/lr5e-6_b8_ga2_e10_ies_graddiff_normnll_gain_ge1.2_warm0_patience1_rebounddelta0.1_rpat2_samplingbaseline_masked
forget10,400,Llama-2-7b-chat-hf,GradDiff,SampleEarlyStopGradDiffIrreversible,absolute_nll_gain,per_sample_length_normalized_nll_gain_from_initial,lr5e-6_b8_ga2_e10_ies_graddiff_normnll_gain_ge1.4_warm0_patience1_rebounddelta0.1_rpat2_samplingbaseline_masked,False,False,5e-6,8,2,16,10,,,,NLL,baseline_forget_anchor_masked,full_retain,fixed_original_valid_tokens,absolute_gain_below_threshold_minus_delta,,1.4,,1.4,0.0,1,,0.1,2,3.4004838027527454e-21,0.6057481576377275,0.518045897712395,0.9576929739117622,0.5262423585904955,0.77570068359375,0.7012867161123896,-98.37159771357294,,,,,,,,,,,,/unlearning/experment_data/checkpoints/tofu/forget10/Llama-2-7b-chat-hf/SampleEarlyStopGradDiffIrreversible/lr5e-6_b8_ga2_e10_ies_graddiff_normnll_gain_ge1.4_warm0_patience1_rebounddelta0.1_rpat2_samplingbaseline_masked/eval/TOFU_SUMMARY.json,,,/unlearning/experment_data/checkpoints/tofu/forget10/Llama-2-7b-chat-hf/SampleEarlyStopGradDiffIrreversible/lr5e-6_b8_ga2_e10_ies_graddiff_normnll_gain_ge1.4_warm0_patience1_rebounddelta0.1_rpat2_samplingbaseline_masked
forget10,400,Llama-2-7b-chat-hf,GradDiff,SampleEarlyStopGradDiffIrreversible,absolute_nll_gain,per_sample_length_normalized_nll_gain_from_initial,lr5e-6_b8_ga2_e10_ies_graddiff_normnll_gain_ge1.6_warm0_patience1_rebounddelta0.1_rpat2_samplingbaseline_masked,False,False,5e-6,8,2,16,10,,,,NLL,baseline_forget_anchor_masked,full_retain,fixed_original_valid_tokens,absolute_gain_below_threshold_minus_delta,,1.6,,1.6,0.0,1,,0.1,2,2.8138576976529647e-20,0.6057299728627741,0.5180559513530788,0.9573367844521999,0.5236000618509052,0.77455078125,0.7001452517909417,-98.3287986551592,,,,,,,,,,,,/unlearning/experment_data/checkpoints/tofu/forget10/Llama-2-7b-chat-hf/SampleEarlyStopGradDiffIrreversible/lr5e-6_b8_ga2_e10_ies_graddiff_normnll_gain_ge1.6_warm0_patience1_rebounddelta0.1_rpat2_samplingbaseline_masked/eval/TOFU_SUMMARY.json,,,/unlearning/experment_data/checkpoints/tofu/forget10/Llama-2-7b-chat-hf/SampleEarlyStopGradDiffIrreversible/lr5e-6_b8_ga2_e10_ies_graddiff_normnll_gain_ge1.6_warm0_patience1_rebounddelta0.1_rpat2_samplingbaseline_masked
forget10,400,Llama-2-7b-chat-hf,GradDiff,GradDiff,baseline,none,lr1e-5_b8_ga2_e10_alpha10_nlltrace,True,False,1e-5,8,2,16,10,,10.0,,NLL,baseline,baseline_full_retain,baseline_mean,none,,,,,,,,,,8.969123776103959e-23,0.6020016391083032,0.5100874562262073,0.9619452576339245,0.5945005842929463,0.7534231567382812,0.7261729770326721,-96.76459497265718,,,,,,,10.0,10.0,250,467.4678,7.79113,/unlearning/experment_data/checkpoints/tofu/forget10/Llama-2-7b-chat-hf/GradDiff/lr1e-5_b8_ga2_e10_alpha10_nlltrace/eval/TOFU_SUMMARY.json,,/unlearning/experment_data/checkpoints/tofu/forget10/Llama-2-7b-chat-hf/GradDiff/lr1e-5_b8_ga2_e10_alpha10_nlltrace/trainer_state.json,/unlearning/experment_data/checkpoints/tofu/forget10/Llama-2-7b-chat-hf/GradDiff/lr1e-5_b8_ga2_e10_alpha10_nlltrace
forget10,400,Llama-2-7b-chat-hf,GradDiff,GradDiff,baseline,none,lr1e-5_b8_ga2_e10_alpha1_nlltrace,True,False,1e-5,8,2,16,10,,1.0,,NLL,baseline,baseline_full_retain,baseline_mean,none,,,,,,,,,,3.1508505165833036e-15,0.5440856668575876,0.5114261481219031,0.7185997987538576,0.10434902071320287,0.059805420578923074,0.3783202239036683,0.4646754913491435,,,,,,,10.0,10.0,250,464.1955,7.7365916666666665,/unlearning/experment_data/checkpoints/tofu/forget10/Llama-2-7b-chat-hf/GradDiff/lr1e-5_b8_ga2_e10_alpha1_nlltrace/eval/TOFU_SUMMARY.json,,/unlearning/experment_data/checkpoints/tofu/forget10/Llama-2-7b-chat-hf/GradDiff/lr1e-5_b8_ga2_e10_alpha1_nlltrace/trainer_state.json,/unlearning/experment_data/checkpoints/tofu/forget10/Llama-2-7b-chat-hf/GradDiff/lr1e-5_b8_ga2_e10_alpha1_nlltrace
forget10,400,Llama-2-7b-chat-hf,GradDiff,GradDiff,baseline,none,lr1e-5_b8_ga2_e10_alpha2_nlltrace,True,False,1e-5,8,2,16,10,,2.0,,NLL,baseline,baseline_full_retain,baseline_mean,none,,,,,,,,,,3.2024272501633618e-18,0.592117391275875,0.5076064982476969,0.8034343257546425,0.1564453610022371,0.16201383113861084,0.43180367168619227,-33.22633568186419,,,,,,,10.0,10.0,250,468.7853,7.813088333333334,/unlearning/experment_data/checkpoints/tofu/forget10/Llama-2-7b-chat-hf/GradDiff/lr1e-5_b8_ga2_e10_alpha2_nlltrace/eval/TOFU_SUMMARY.json,,/unlearning/experment_data/checkpoints/tofu/forget10/Llama-2-7b-chat-hf/GradDiff/lr1e-5_b8_ga2_e10_alpha2_nlltrace/trainer_state.json,/unlearning/experment_data/checkpoints/tofu/forget10/Llama-2-7b-chat-hf/GradDiff/lr1e-5_b8_ga2_e10_alpha2_nlltrace
forget10,400,Llama-2-7b-chat-hf,GradDiff,GradDiff,baseline,none,lr1e-5_b8_ga2_e10_alpha5_nlltrace,True,False,1e-5,8,2,16,10,,5.0,,NLL,baseline,baseline_full_retain,baseline_mean,none,,,,,,,,,,3.4004838027527454e-21,0.603370642746158,0.5081567328417607,0.9040726934373379,0.3135951348202905,0.4635353088378906,0.5634515270900714,-82.5695739321012,,,,,,,10.0,10.0,250,464.588,7.743133333333334,/unlearning/experment_data/checkpoints/tofu/forget10/Llama-2-7b-chat-hf/GradDiff/lr1e-5_b8_ga2_e10_alpha5_nlltrace/eval/TOFU_SUMMARY.json,,/unlearning/experment_data/checkpoints/tofu/forget10/Llama-2-7b-chat-hf/GradDiff/lr1e-5_b8_ga2_e10_alpha5_nlltrace/trainer_state.json,/unlearning/experment_data/checkpoints/tofu/forget10/Llama-2-7b-chat-hf/GradDiff/lr1e-5_b8_ga2_e10_alpha5_nlltrace
forget10,400,Llama-2-7b-chat-hf,GradDiff,GradDiff,baseline,none,lr1e-5_b8_ga4_e10_alpha10_nlltrace,True,False,1e-5,8,4,32,10,,10.0,,NLL,baseline,baseline_full_retain,baseline_mean,none,,,,,,,,,,4.346199600129006e-25,0.6072558138721535,0.5081210372117212,0.982209282964468,0.7814788321526749,0.90240234375,0.846819429244587,-99.42119366990984,,,,,,,9.24,9.24,120,418.6769,6.977948333333333,/unlearning/experment_data/checkpoints/tofu/forget10/Llama-2-7b-chat-hf/GradDiff/lr1e-5_b8_ga4_e10_alpha10_nlltrace/eval/TOFU_SUMMARY.json,,/unlearning/experment_data/checkpoints/tofu/forget10/Llama-2-7b-chat-hf/GradDiff/lr1e-5_b8_ga4_e10_alpha10_nlltrace/trainer_state.json,/unlearning/experment_data/checkpoints/tofu/forget10/Llama-2-7b-chat-hf/GradDiff/lr1e-5_b8_ga4_e10_alpha10_nlltrace
forget10,400,Llama-2-7b-chat-hf,GradDiff,GradDiff,baseline,none,lr1e-5_b8_ga4_e10_alpha1_nlltrace,True,False,1e-5,8,4,32,10,,1.0,,NLL,baseline,baseline_full_retain,baseline_mean,none,,,,,,,,,,1.6558004532094654e-18,0.5516183879191204,0.5101306215611526,0.8141341204941273,0.16164536752522923,0.20878756523132325,0.4266598374723308,-58.183281863074264,,,,,,,9.24,9.24,120,408.4531,6.807551666666667,/unlearning/experment_data/checkpoints/tofu/forget10/Llama-2-7b-chat-hf/GradDiff/lr1e-5_b8_ga4_e10_alpha1_nlltrace/eval/TOFU_SUMMARY.json,,/unlearning/experment_data/checkpoints/tofu/forget10/Llama-2-7b-chat-hf/GradDiff/lr1e-5_b8_ga4_e10_alpha1_nlltrace/trainer_state.json,/unlearning/experment_data/checkpoints/tofu/forget10/Llama-2-7b-chat-hf/GradDiff/lr1e-5_b8_ga4_e10_alpha1_nlltrace
forget10,400,Llama-2-7b-chat-hf,GradDiff,GradDiff,baseline,none,lr1e-5_b8_ga4_e10_alpha2_nlltrace,True,False,1e-5,8,4,32,10,,2.0,,NLL,baseline,baseline_full_retain,baseline_mean,none,,,,,,,,,,5.627715395305929e-20,0.5923571178542575,0.5103852988860487,0.8902294009923934,0.2661890324039034,0.42254547119140623,0.531253301398271,-85.45035817342578,,,,,,,9.24,9.24,120,413.9529,6.899215,/unlearning/experment_data/checkpoints/tofu/forget10/Llama-2-7b-chat-hf/GradDiff/lr1e-5_b8_ga4_e10_alpha2_nlltrace/eval/TOFU_SUMMARY.json,,/unlearning/experment_data/checkpoints/tofu/forget10/Llama-2-7b-chat-hf/GradDiff/lr1e-5_b8_ga4_e10_alpha2_nlltrace/trainer_state.json,/unlearning/experment_data/checkpoints/tofu/forget10/Llama-2-7b-chat-hf/GradDiff/lr1e-5_b8_ga4_e10_alpha2_nlltrace
forget10,400,Llama-2-7b-chat-hf,GradDiff,GradDiff,baseline,none,lr1e-5_b8_ga4_e10_alpha5_nlltrace,True,False,1e-5,8,4,32,10,,5.0,,NLL,baseline,baseline_full_retain,baseline_mean,none,,,,,,,,,,1.6623182901932567e-21,0.6050683255825403,0.5109594206769001,0.9560565449297428,0.5292871055124381,0.734681396484375,0.6958025685013913,-97.41269500006517,,,,,,,9.24,9.24,120,413.4093,6.890154999999999,/unlearning/experment_data/checkpoints/tofu/forget10/Llama-2-7b-chat-hf/GradDiff/lr1e-5_b8_ga4_e10_alpha5_nlltrace/eval/TOFU_SUMMARY.json,,/unlearning/experment_data/checkpoints/tofu/forget10/Llama-2-7b-chat-hf/GradDiff/lr1e-5_b8_ga4_e10_alpha5_nlltrace/trainer_state.json,/unlearning/experment_data/checkpoints/tofu/forget10/Llama-2-7b-chat-hf/GradDiff/lr1e-5_b8_ga4_e10_alpha5_nlltrace
forget10,400,Llama-2-7b-chat-hf,GradDiff,GradDiff,baseline,none,lr2e-5_b8_ga2_e10_alpha10_nlltrace,True,False,2e-5,8,2,16,10,,10.0,,NLL,baseline,baseline_full_retain,baseline_mean,none,,,,,,,,,,1.4734357184767768e-198,0.6322336239514679,0.001322320319703294,0.03416121476562694,0.02929965498898187,0.002775799967930652,0.03264109723014822,62.39491301602603,,,,,,,10.0,10.0,250,465.2787,7.754645,/unlearning/experment_data/checkpoints/tofu/forget10/Llama-2-7b-chat-hf/GradDiff/lr2e-5_b8_ga2_e10_alpha10_nlltrace/eval/TOFU_SUMMARY.json,,/unlearning/experment_data/checkpoints/tofu/forget10/Llama-2-7b-chat-hf/GradDiff/lr2e-5_b8_ga2_e10_alpha10_nlltrace/trainer_state.json,/unlearning/experment_data/checkpoints/tofu/forget10/Llama-2-7b-chat-hf/GradDiff/lr2e-5_b8_ga2_e10_alpha10_nlltrace
forget10,400,Llama-2-7b-chat-hf,GradDiff,GradDiff,baseline,none,lr2e-5_b8_ga2_e10_alpha1_nlltrace,True,False,2e-5,8,2,16,10,,1.0,,NLL,baseline,baseline_full_retain,baseline_mean,none,,,,,,,,,,3.3992326075381374e-234,0.6368638130790113,1.2467628901916899e-08,0.002979898427147418,0.026895808835135718,1.0013580322265625e-07,0.00096875,63.0419940182337,,,,,,,10.0,10.0,250,464.5987,7.743311666666667,/unlearning/experment_data/checkpoints/tofu/forget10/Llama-2-7b-chat-hf/GradDiff/lr2e-5_b8_ga2_e10_alpha1_nlltrace/eval/TOFU_SUMMARY.json,,/unlearning/experment_data/checkpoints/tofu/forget10/Llama-2-7b-chat-hf/GradDiff/lr2e-5_b8_ga2_e10_alpha1_nlltrace/trainer_state.json,/unlearning/experment_data/checkpoints/tofu/forget10/Llama-2-7b-chat-hf/GradDiff/lr2e-5_b8_ga2_e10_alpha1_nlltrace
forget10,400,Llama-2-7b-chat-hf,GradDiff,GradDiff,baseline,none,lr2e-5_b8_ga2_e10_alpha2_nlltrace,True,False,2e-5,8,2,16,10,,2.0,,NLL,baseline,baseline_full_retain,baseline_mean,none,,,,,,,,,,1.0158623095969112e-201,0.6444689923404107,0.0018826297279411794,0.025248578388709576,0.026895808835135718,5.336232604409751e-09,0.016925396049316078,62.43261694843811,,,,,,,10.0,10.0,250,466.6821,7.778035,/unlearning/experment_data/checkpoints/tofu/forget10/Llama-2-7b-chat-hf/GradDiff/lr2e-5_b8_ga2_e10_alpha2_nlltrace/eval/TOFU_SUMMARY.json,,/unlearning/experment_data/checkpoints/tofu/forget10/Llama-2-7b-chat-hf/GradDiff/lr2e-5_b8_ga2_e10_alpha2_nlltrace/trainer_state.json,/unlearning/experment_data/checkpoints/tofu/forget10/Llama-2-7b-chat-hf/GradDiff/lr2e-5_b8_ga2_e10_alpha2_nlltrace
forget10,400,Llama-2-7b-chat-hf,GradDiff,GradDiff,baseline,none,lr2e-5_b8_ga2_e10_alpha5_nlltrace,True,False,2e-5,8,2,16,10,,5.0,,NLL,baseline,baseline_full_retain,baseline_mean,none,,,,,,,,,,3.966942318975938e-200,0.6337794323152154,2.675455112184287e-05,0.03210707527818158,0.026895808835135718,6.021144311035006e-06,0.030080114190412857,62.41223644443159,,,,,,,10.0,10.0,250,462.244,7.704066666666667,/unlearning/experment_data/checkpoints/tofu/forget10/Llama-2-7b-chat-hf/GradDiff/lr2e-5_b8_ga2_e10_alpha5_nlltrace/eval/TOFU_SUMMARY.json,,/unlearning/experment_data/checkpoints/tofu/forget10/Llama-2-7b-chat-hf/GradDiff/lr2e-5_b8_ga2_e10_alpha5_nlltrace/trainer_state.json,/unlearning/experment_data/checkpoints/tofu/forget10/Llama-2-7b-chat-hf/GradDiff/lr2e-5_b8_ga2_e10_alpha5_nlltrace
forget10,400,Llama-2-7b-chat-hf,GradDiff,GradDiff,baseline,none,lr2e-5_b8_ga4_e10_alpha10_nlltrace,True,False,2e-5,8,4,32,10,,10.0,,NLL,baseline,baseline_full_retain,baseline_mean,none,,,,,,,,,,8.080285566431044e-22,0.6069142386930313,0.5115935044930415,0.9181340000033379,0.36075121928793213,0.5192518615722657,0.6074659050336417,-82.20781998598507,,,,,,,9.24,9.24,120,415.8713,6.931188333333334,/unlearning/experment_data/checkpoints/tofu/forget10/Llama-2-7b-chat-hf/GradDiff/lr2e-5_b8_ga4_e10_alpha10_nlltrace/eval/TOFU_SUMMARY.json,,/unlearning/experment_data/checkpoints/tofu/forget10/Llama-2-7b-chat-hf/GradDiff/lr2e-5_b8_ga4_e10_alpha10_nlltrace/trainer_state.json,/unlearning/experment_data/checkpoints/tofu/forget10/Llama-2-7b-chat-hf/GradDiff/lr2e-5_b8_ga4_e10_alpha10_nlltrace
forget10,400,Llama-2-7b-chat-hf,GradDiff,GradDiff,baseline,none,lr2e-5_b8_ga4_e10_alpha1_nlltrace,True,False,2e-5,8,4,32,10,,1.0,,NLL,baseline,baseline_full_retain,baseline_mean,none,,,,,,,,,,1.8016102781582506e-229,0.590084975474754,0.0005756104215359597,0.004100952714215964,0.026895808835135718,2.6194011785996008e-11,0.0015448337782862952,63.01600887562536,,,,,,,9.24,9.24,120,411.8508,6.86418,/unlearning/experment_data/checkpoints/tofu/forget10/Llama-2-7b-chat-hf/GradDiff/lr2e-5_b8_ga4_e10_alpha1_nlltrace/eval/TOFU_SUMMARY.json,,/unlearning/experment_data/checkpoints/tofu/forget10/Llama-2-7b-chat-hf/GradDiff/lr2e-5_b8_ga4_e10_alpha1_nlltrace/trainer_state.json,/unlearning/experment_data/checkpoints/tofu/forget10/Llama-2-7b-chat-hf/GradDiff/lr2e-5_b8_ga4_e10_alpha1_nlltrace
forget10,400,Llama-2-7b-chat-hf,GradDiff,GradDiff,baseline,none,lr2e-5_b8_ga4_e10_alpha2_nlltrace,True,False,2e-5,8,4,32,10,,2.0,,NLL,baseline,baseline_full_retain,baseline_mean,none,,,,,,,,,,3.966942318975938e-200,0.6427071706646149,0.00046446345366553073,0.027229152985382823,0.026895808835135718,9.373307049429514e-06,0.025436142666619036,62.77806649134901,,,,,,,9.24,9.24,120,409.9866,6.8331100000000005,/unlearning/experment_data/checkpoints/tofu/forget10/Llama-2-7b-chat-hf/GradDiff/lr2e-5_b8_ga4_e10_alpha2_nlltrace/eval/TOFU_SUMMARY.json,,/unlearning/experment_data/checkpoints/tofu/forget10/Llama-2-7b-chat-hf/GradDiff/lr2e-5_b8_ga4_e10_alpha2_nlltrace/trainer_state.json,/unlearning/experment_data/checkpoints/tofu/forget10/Llama-2-7b-chat-hf/GradDiff/lr2e-5_b8_ga4_e10_alpha2_nlltrace
forget10,400,Llama-2-7b-chat-hf,GradDiff,GradDiff,baseline,none,lr2e-5_b8_ga4_e10_alpha5_nlltrace,True,False,2e-5,8,4,32,10,,5.0,,NLL,baseline,baseline_full_retain,baseline_mean,none,,,,,,,,,,3.5092943095142255e-101,0.5727468954409365,0.1524430237885534,0.19433255304815247,0.03874972840172444,0.020929629895133885,0.05126362734300554,51.28040515605875,,,,,,,9.24,9.24,120,414.8024,6.913373333333333,/unlearning/experment_data/checkpoints/tofu/forget10/Llama-2-7b-chat-hf/GradDiff/lr2e-5_b8_ga4_e10_alpha5_nlltrace/eval/TOFU_SUMMARY.json,,/unlearning/experment_data/checkpoints/tofu/forget10/Llama-2-7b-chat-hf/GradDiff/lr2e-5_b8_ga4_e10_alpha5_nlltrace/trainer_state.json,/unlearning/experment_data/checkpoints/tofu/forget10/Llama-2-7b-chat-hf/GradDiff/lr2e-5_b8_ga4_e10_alpha5_nlltrace
forget10,400,Llama-2-7b-chat-hf,GradDiff,GradDiff,baseline,none,lr5e-5_b8_ga2_e10_alpha10_nlltrace,True,False,5e-5,8,2,16,10,,10.0,,NLL,baseline,baseline_full_retain,baseline_mean,none,,,,,,,,,,1.0158623095969112e-201,0.6293771372069912,6.919087380032586e-06,0.027801873453427106,0.026895808835135718,1.549952294025926e-07,0.023546503234245418,62.24460679897778,,,,,,,10.0,10.0,250,466.0603,7.767671666666667,/unlearning/experment_data/checkpoints/tofu/forget10/Llama-2-7b-chat-hf/GradDiff/lr5e-5_b8_ga2_e10_alpha10_nlltrace/eval/TOFU_SUMMARY.json,,/unlearning/experment_data/checkpoints/tofu/forget10/Llama-2-7b-chat-hf/GradDiff/lr5e-5_b8_ga2_e10_alpha10_nlltrace/trainer_state.json,/unlearning/experment_data/checkpoints/tofu/forget10/Llama-2-7b-chat-hf/GradDiff/lr5e-5_b8_ga2_e10_alpha10_nlltrace
forget10,400,Llama-2-7b-chat-hf,GradDiff,GradDiff,baseline,none,lr5e-5_b8_ga2_e10_alpha1_nlltrace,True,False,5e-5,8,2,16,10,,1.0,,NLL,baseline,baseline_full_retain,baseline_mean,none,,,,,,,,,,1.8016102781582506e-229,0.5800880904306517,8.261286056899191e-11,0.005130673332605511,0.026895808835135718,4.019966581836343e-12,0.007589479091991162,61.12571712901867,,,,,,,10.0,10.0,250,462.6639,7.7110650000000005,/unlearning/experment_data/checkpoints/tofu/forget10/Llama-2-7b-chat-hf/GradDiff/lr5e-5_b8_ga2_e10_alpha1_nlltrace/eval/TOFU_SUMMARY.json,,/unlearning/experment_data/checkpoints/tofu/forget10/Llama-2-7b-chat-hf/GradDiff/lr5e-5_b8_ga2_e10_alpha1_nlltrace/trainer_state.json,/unlearning/experment_data/checkpoints/tofu/forget10/Llama-2-7b-chat-hf/GradDiff/lr5e-5_b8_ga2_e10_alpha1_nlltrace
forget10,400,Llama-2-7b-chat-hf,GradDiff,GradDiff,baseline,none,lr5e-5_b8_ga2_e10_alpha2_nlltrace,True,False,5e-5,8,2,16,10,,2.0,,NLL,baseline,baseline_full_retain,baseline_mean,none,,,,,,,,,,3.760175603932929e-219,0.643091671190305,4.5947352850788395e-06,0.010098252294119448,0.026895808835135718,1.1995505982409505e-08,0.011807734389737786,63.04301304343404,,,,,,,10.0,10.0,250,466.2205,7.770341666666667,/unlearning/experment_data/checkpoints/tofu/forget10/Llama-2-7b-chat-hf/GradDiff/lr5e-5_b8_ga2_e10_alpha2_nlltrace/eval/TOFU_SUMMARY.json,,/unlearning/experment_data/checkpoints/tofu/forget10/Llama-2-7b-chat-hf/GradDiff/lr5e-5_b8_ga2_e10_alpha2_nlltrace/trainer_state.json,/unlearning/experment_data/checkpoints/tofu/forget10/Llama-2-7b-chat-hf/GradDiff/lr5e-5_b8_ga2_e10_alpha2_nlltrace
forget10,400,Llama-2-7b-chat-hf,GradDiff,GradDiff,baseline,none,lr5e-5_b8_ga2_e10_alpha5_nlltrace,True,False,5e-5,8,2,16,10,,5.0,,NLL,baseline,baseline_full_retain,baseline_mean,none,,,,,,,,,,2.974298902710947e-217,0.6452754721843696,8.058293031750501e-06,0.012546327330637723,0.026895808835135718,1.762753800879622e-13,0.008605716056445462,61.95418461688457,,,,,,,10.0,10.0,250,468.0942,7.80157,/unlearning/experment_data/checkpoints/tofu/forget10/Llama-2-7b-chat-hf/GradDiff/lr5e-5_b8_ga2_e10_alpha5_nlltrace/eval/TOFU_SUMMARY.json,,/unlearning/experment_data/checkpoints/tofu/forget10/Llama-2-7b-chat-hf/GradDiff/lr5e-5_b8_ga2_e10_alpha5_nlltrace/trainer_state.json,/unlearning/experment_data/checkpoints/tofu/forget10/Llama-2-7b-chat-hf/GradDiff/lr5e-5_b8_ga2_e10_alpha5_nlltrace
forget10,400,Llama-2-7b-chat-hf,GradDiff,GradDiff,baseline,none,lr5e-5_b8_ga4_e10_alpha10_nlltrace,True,False,5e-5,8,4,32,10,,10.0,,NLL,baseline,baseline_full_retain,baseline_mean,none,,,,,,,,,,1.0176375804302693e-151,0.6322238833302363,0.056714867330030005,0.10896923778578639,0.04170830634607872,0.03841556754411027,0.07575827561235744,49.31878164542916,,,,,,,9.24,9.24,120,417.3771,6.956284999999999,/unlearning/experment_data/checkpoints/tofu/forget10/Llama-2-7b-chat-hf/GradDiff/lr5e-5_b8_ga4_e10_alpha10_nlltrace/eval/TOFU_SUMMARY.json,,/unlearning/experment_data/checkpoints/tofu/forget10/Llama-2-7b-chat-hf/GradDiff/lr5e-5_b8_ga4_e10_alpha10_nlltrace/trainer_state.json,/unlearning/experment_data/checkpoints/tofu/forget10/Llama-2-7b-chat-hf/GradDiff/lr5e-5_b8_ga4_e10_alpha10_nlltrace
forget10,400,Llama-2-7b-chat-hf,GradDiff,GradDiff,baseline,none,lr5e-5_b8_ga4_e10_alpha1_nlltrace,True,False,5e-5,8,4,32,10,,1.0,,NLL,baseline,baseline_full_retain,baseline_mean,none,,,,,,,,,,3.760175603932929e-219,0.5733110626187014,0.0008929697603729353,0.002586361104622483,0.026895808835135718,3.9549573037691636e-26,0.00249589897697826,60.21063249912496,,,,,,,9.24,9.24,120,417.387,6.95645,/unlearning/experment_data/checkpoints/tofu/forget10/Llama-2-7b-chat-hf/GradDiff/lr5e-5_b8_ga4_e10_alpha1_nlltrace/eval/TOFU_SUMMARY.json,,/unlearning/experment_data/checkpoints/tofu/forget10/Llama-2-7b-chat-hf/GradDiff/lr5e-5_b8_ga4_e10_alpha1_nlltrace/trainer_state.json,/unlearning/experment_data/checkpoints/tofu/forget10/Llama-2-7b-chat-hf/GradDiff/lr5e-5_b8_ga4_e10_alpha1_nlltrace
forget10,400,Llama-2-7b-chat-hf,GradDiff,GradDiff,baseline,none,lr5e-5_b8_ga4_e10_alpha2_nlltrace,True,False,5e-5,8,4,32,10,,2.0,,NLL,baseline,baseline_full_retain,baseline_mean,none,,,,,,,,,,4.785687497540306e-210,0.5992037767016921,0.0021564224425053204,0.015195534436497838,0.026895808835135718,9.624348132282511e-12,0.010779515214289024,59.83512171280444,,,,,,,9.24,9.24,120,410.8438,6.847396666666667,/unlearning/experment_data/checkpoints/tofu/forget10/Llama-2-7b-chat-hf/GradDiff/lr5e-5_b8_ga4_e10_alpha2_nlltrace/eval/TOFU_SUMMARY.json,,/unlearning/experment_data/checkpoints/tofu/forget10/Llama-2-7b-chat-hf/GradDiff/lr5e-5_b8_ga4_e10_alpha2_nlltrace/trainer_state.json,/unlearning/experment_data/checkpoints/tofu/forget10/Llama-2-7b-chat-hf/GradDiff/lr5e-5_b8_ga4_e10_alpha2_nlltrace
forget10,400,Llama-2-7b-chat-hf,GradDiff,GradDiff,baseline,none,lr5e-5_b8_ga4_e10_alpha5_nlltrace,True,False,5e-5,8,4,32,10,,5.0,,NLL,baseline,baseline_full_retain,baseline_mean,none,,,,,,,,,,3.966942318975938e-200,0.6092617423178264,1.76330851725359e-05,0.02842851378256455,0.026895808835135718,1.0135178638535913e-09,0.030278969297428147,62.628269786900916,,,,,,,9.24,9.24,120,416.5669,6.942781666666666,/unlearning/experment_data/checkpoints/tofu/forget10/Llama-2-7b-chat-hf/GradDiff/lr5e-5_b8_ga4_e10_alpha5_nlltrace/eval/TOFU_SUMMARY.json,,/unlearning/experment_data/checkpoints/tofu/forget10/Llama-2-7b-chat-hf/GradDiff/lr5e-5_b8_ga4_e10_alpha5_nlltrace/trainer_state.json,/unlearning/experment_data/checkpoints/tofu/forget10/Llama-2-7b-chat-hf/GradDiff/lr5e-5_b8_ga4_e10_alpha5_nlltrace
forget10,400,Llama-2-7b-chat-hf,GradDiff,SampleEarlyStopGradDiffMarginalRatio,marginal_ratio,per_sample_length_normalized_nll_epoch_gain,lr1e-5_b8_ga2_e10_marginalratio_ma2_stop0.05_rebound0.1_marginalrecovery_fullretain_fixed_forget_token_denom,False,False,1e-5,8,2,16,10,,,,NLL,baseline_forget_anchor_masked,full_retain,fixed_original_valid_tokens,marginal_recovery_vs_historical_peak,2,0.05,0.05,,,1,0.1,,1,9.456104707095184e-16,0.5390045866546449,0.5145106292246556,0.69413140501827,0.08671661245012276,0.03876778971636668,0.3682425406280548,4.412379117416178,321,79,,,18,0.45,10,10.0,250,439.8493,7.330821666666667,/unlearning/experment_data/checkpoints/tofu/forget10/Llama-2-7b-chat-hf/SampleEarlyStopGradDiffMarginalRatio/lr1e-5_b8_ga2_e10_marginalratio_ma2_stop0.05_rebound0.1_marginalrecovery_fullretain_fixed_forget_token_denom/eval/TOFU_SUMMARY.json,/unlearning/experment_data/checkpoints/tofu/forget10/Llama-2-7b-chat-hf/SampleEarlyStopGradDiffMarginalRatio/lr1e-5_b8_ga2_e10_marginalratio_ma2_stop0.05_rebound0.1_marginalrecovery_fullretain_fixed_forget_token_denom/ies_grad_diff_marginal_ratio_history.jsonl,/unlearning/experment_data/checkpoints/tofu/forget10/Llama-2-7b-chat-hf/SampleEarlyStopGradDiffMarginalRatio/lr1e-5_b8_ga2_e10_marginalratio_ma2_stop0.05_rebound0.1_marginalrecovery_fullretain_fixed_forget_token_denom/trainer_state.json,/unlearning/experment_data/checkpoints/tofu/forget10/Llama-2-7b-chat-hf/SampleEarlyStopGradDiffMarginalRatio/lr1e-5_b8_ga2_e10_marginalratio_ma2_stop0.05_rebound0.1_marginalrecovery_fullretain_fixed_forget_token_denom
forget10,400,Llama-2-7b-chat-hf,GradDiff,SampleEarlyStopGradDiffMarginalRatio,marginal_ratio,per_sample_length_normalized_nll_epoch_gain,lr1e-5_b8_ga2_e10_marginalratio_ma2_stop0.15_rebound0.1_marginalrecovery_fullretain_fixed_forget_token_denom,False,False,1e-5,8,2,16,10,,,,NLL,baseline_forget_anchor_masked,full_retain,fixed_original_valid_tokens,marginal_recovery_vs_historical_peak,2,0.15,0.15,,,1,0.1,,1,5.137999089404319e-16,0.5421805718886741,0.5150798304000118,0.6945692295208573,0.08741158472012352,0.03963728945993353,0.3705625781289059,4.362446882600142,72,328,,,121,3.025,10,10.0,250,436.975,7.282916666666667,/unlearning/experment_data/checkpoints/tofu/forget10/Llama-2-7b-chat-hf/SampleEarlyStopGradDiffMarginalRatio/lr1e-5_b8_ga2_e10_marginalratio_ma2_stop0.15_rebound0.1_marginalrecovery_fullretain_fixed_forget_token_denom/eval/TOFU_SUMMARY.json,/unlearning/experment_data/checkpoints/tofu/forget10/Llama-2-7b-chat-hf/SampleEarlyStopGradDiffMarginalRatio/lr1e-5_b8_ga2_e10_marginalratio_ma2_stop0.15_rebound0.1_marginalrecovery_fullretain_fixed_forget_token_denom/ies_grad_diff_marginal_ratio_history.jsonl,/unlearning/experment_data/checkpoints/tofu/forget10/Llama-2-7b-chat-hf/SampleEarlyStopGradDiffMarginalRatio/lr1e-5_b8_ga2_e10_marginalratio_ma2_stop0.15_rebound0.1_marginalrecovery_fullretain_fixed_forget_token_denom/trainer_state.json,/unlearning/experment_data/checkpoints/tofu/forget10/Llama-2-7b-chat-hf/SampleEarlyStopGradDiffMarginalRatio/lr1e-5_b8_ga2_e10_marginalratio_ma2_stop0.15_rebound0.1_marginalrecovery_fullretain_fixed_forget_token_denom
forget10,400,Llama-2-7b-chat-hf,GradDiff,SampleEarlyStopGradDiffMarginalRatio,marginal_ratio,per_sample_length_normalized_nll_epoch_gain,lr1e-5_b8_ga2_e10_marginalratio_ma2_stop0.1_rebound0.1_marginalrecovery_fullretain_fixed_forget_token_denom,False,False,1e-5,8,2,16,10,,,,NLL,baseline_forget_anchor_masked,full_retain,fixed_original_valid_tokens,marginal_recovery_vs_historical_peak,2,0.1,0.1,,,1,0.1,,1,1.730834713171486e-15,0.5385071838878666,0.5146909490469654,0.6939456083998085,0.08623422109421601,0.039028009367175404,0.3707648258855694,4.309967084783311,177,223,,,50,1.25,10,10.0,250,438.2562,7.30427,/unlearning/experment_data/checkpoints/tofu/forget10/Llama-2-7b-chat-hf/SampleEarlyStopGradDiffMarginalRatio/lr1e-5_b8_ga2_e10_marginalratio_ma2_stop0.1_rebound0.1_marginalrecovery_fullretain_fixed_forget_token_denom/eval/TOFU_SUMMARY.json,/unlearning/experment_data/checkpoints/tofu/forget10/Llama-2-7b-chat-hf/SampleEarlyStopGradDiffMarginalRatio/lr1e-5_b8_ga2_e10_marginalratio_ma2_stop0.1_rebound0.1_marginalrecovery_fullretain_fixed_forget_token_denom/ies_grad_diff_marginal_ratio_history.jsonl,/unlearning/experment_data/checkpoints/tofu/forget10/Llama-2-7b-chat-hf/SampleEarlyStopGradDiffMarginalRatio/lr1e-5_b8_ga2_e10_marginalratio_ma2_stop0.1_rebound0.1_marginalrecovery_fullretain_fixed_forget_token_denom/trainer_state.json,/unlearning/experment_data/checkpoints/tofu/forget10/Llama-2-7b-chat-hf/SampleEarlyStopGradDiffMarginalRatio/lr1e-5_b8_ga2_e10_marginalratio_ma2_stop0.1_rebound0.1_marginalrecovery_fullretain_fixed_forget_token_denom
forget10,400,Llama-2-7b-chat-hf,GradDiff,SampleEarlyStopGradDiffMarginalRatio,marginal_ratio,per_sample_length_normalized_nll_epoch_gain,lr1e-5_b8_ga2_e10_marginalratio_ma2_stop0.20_rebound0.1_marginalrecovery_fullretain_fixed_forget_token_denom,False,False,1e-5,8,2,16,10,,,,NLL,baseline_forget_anchor_masked,full_retain,fixed_original_valid_tokens,marginal_recovery_vs_historical_peak,2,0.2,0.2,,,1,0.1,,1,9.456104707095184e-16,0.5423265455194453,0.5139913765355117,0.695505376830697,0.08761630912741326,0.04074408631655388,0.36980866426438885,4.108709607718715,23,377,,,228,5.7,10,10.0,250,434.0133,7.233555,/unlearning/experment_data/checkpoints/tofu/forget10/Llama-2-7b-chat-hf/SampleEarlyStopGradDiffMarginalRatio/lr1e-5_b8_ga2_e10_marginalratio_ma2_stop0.20_rebound0.1_marginalrecovery_fullretain_fixed_forget_token_denom/eval/TOFU_SUMMARY.json,/unlearning/experment_data/checkpoints/tofu/forget10/Llama-2-7b-chat-hf/SampleEarlyStopGradDiffMarginalRatio/lr1e-5_b8_ga2_e10_marginalratio_ma2_stop0.20_rebound0.1_marginalrecovery_fullretain_fixed_forget_token_denom/ies_grad_diff_marginal_ratio_history.jsonl,/unlearning/experment_data/checkpoints/tofu/forget10/Llama-2-7b-chat-hf/SampleEarlyStopGradDiffMarginalRatio/lr1e-5_b8_ga2_e10_marginalratio_ma2_stop0.20_rebound0.1_marginalrecovery_fullretain_fixed_forget_token_denom/trainer_state.json,/unlearning/experment_data/checkpoints/tofu/forget10/Llama-2-7b-chat-hf/SampleEarlyStopGradDiffMarginalRatio/lr1e-5_b8_ga2_e10_marginalratio_ma2_stop0.20_rebound0.1_marginalrecovery_fullretain_fixed_forget_token_denom
forget10,400,Llama-2-7b-chat-hf,GradDiff,SampleEarlyStopGradDiffMarginalRatio,marginal_ratio,per_sample_length_normalized_nll_epoch_gain,lr2e-5_b8_ga2_e10_marginalratio_ma2_stop0.05_rebound0.1_marginalrecovery_fullretain_fixed_forget_token_denom,False,False,2e-5,8,2,16,10,,,,NLL,baseline_forget_anchor_masked,full_retain,fixed_original_valid_tokens,marginal_recovery_vs_historical_peak,2,0.05,0.05,,,1,0.1,,1,9.041958736051445e-232,0.6499525862522963,0.0024978778120771017,0.006475687769707293,0.026895808835135718,5.723704816773534e-09,0.005155257936507936,63.04403206863436,3,397,,,1505,37.625,10,10.0,250,389.1454,6.485756666666666,/unlearning/experment_data/checkpoints/tofu/forget10/Llama-2-7b-chat-hf/SampleEarlyStopGradDiffMarginalRatio/lr2e-5_b8_ga2_e10_marginalratio_ma2_stop0.05_rebound0.1_marginalrecovery_fullretain_fixed_forget_token_denom/eval/TOFU_SUMMARY.json,/unlearning/experment_data/checkpoints/tofu/forget10/Llama-2-7b-chat-hf/SampleEarlyStopGradDiffMarginalRatio/lr2e-5_b8_ga2_e10_marginalratio_ma2_stop0.05_rebound0.1_marginalrecovery_fullretain_fixed_forget_token_denom/ies_grad_diff_marginal_ratio_history.jsonl,/unlearning/experment_data/checkpoints/tofu/forget10/Llama-2-7b-chat-hf/SampleEarlyStopGradDiffMarginalRatio/lr2e-5_b8_ga2_e10_marginalratio_ma2_stop0.05_rebound0.1_marginalrecovery_fullretain_fixed_forget_token_denom/trainer_state.json,/unlearning/experment_data/checkpoints/tofu/forget10/Llama-2-7b-chat-hf/SampleEarlyStopGradDiffMarginalRatio/lr2e-5_b8_ga2_e10_marginalratio_ma2_stop0.05_rebound0.1_marginalrecovery_fullretain_fixed_forget_token_denom
forget10,400,Llama-2-7b-chat-hf,GradDiff,SampleEarlyStopGradDiffMarginalRatio,marginal_ratio,per_sample_length_normalized_nll_epoch_gain,lr2e-5_b8_ga2_e10_marginalratio_ma2_stop0.15_rebound0.1_marginalrecovery_fullretain_fixed_forget_token_denom,False,False,2e-5,8,2,16,10,,,,NLL,baseline_forget_anchor_masked,full_retain,fixed_original_valid_tokens,marginal_recovery_vs_historical_peak,2,0.15,0.15,,,1,0.1,,1,9.041958736051445e-232,0.6546022422586394,0.0003025984752179762,0.009259538382757455,0.026895808835135718,1.6287401922455378e-06,0.008201937134502924,63.04403206863436,4,396,,,1560,39.0,10,10.0,250,382.9476,6.38246,/unlearning/experment_data/checkpoints/tofu/forget10/Llama-2-7b-chat-hf/SampleEarlyStopGradDiffMarginalRatio/lr2e-5_b8_ga2_e10_marginalratio_ma2_stop0.15_rebound0.1_marginalrecovery_fullretain_fixed_forget_token_denom/eval/TOFU_SUMMARY.json,/unlearning/experment_data/checkpoints/tofu/forget10/Llama-2-7b-chat-hf/SampleEarlyStopGradDiffMarginalRatio/lr2e-5_b8_ga2_e10_marginalratio_ma2_stop0.15_rebound0.1_marginalrecovery_fullretain_fixed_forget_token_denom/ies_grad_diff_marginal_ratio_history.jsonl,/unlearning/experment_data/checkpoints/tofu/forget10/Llama-2-7b-chat-hf/SampleEarlyStopGradDiffMarginalRatio/lr2e-5_b8_ga2_e10_marginalratio_ma2_stop0.15_rebound0.1_marginalrecovery_fullretain_fixed_forget_token_denom/trainer_state.json,/unlearning/experment_data/checkpoints/tofu/forget10/Llama-2-7b-chat-hf/SampleEarlyStopGradDiffMarginalRatio/lr2e-5_b8_ga2_e10_marginalratio_ma2_stop0.15_rebound0.1_marginalrecovery_fullretain_fixed_forget_token_denom
forget10,400,Llama-2-7b-chat-hf,GradDiff,SampleEarlyStopGradDiffMarginalRatio,marginal_ratio,per_sample_length_normalized_nll_epoch_gain,lr2e-5_b8_ga2_e10_marginalratio_ma2_stop0.1_rebound0.1_marginalrecovery_fullretain_fixed_forget_token_denom,False,False,2e-5,8,2,16,10,,,,NLL,baseline_forget_anchor_masked,full_retain,fixed_original_valid_tokens,marginal_recovery_vs_historical_peak,2,0.1,0.1,,,1,0.1,,1,3.3992326075381374e-234,0.6517518934779638,1.863876908624821e-05,0.008996857211459429,0.026895808835135718,1.076778401625247e-06,0.008201937134502924,63.04403206863436,5,395,,,1519,37.975,10,10.0,250,388.601,6.476683333333333,/unlearning/experment_data/checkpoints/tofu/forget10/Llama-2-7b-chat-hf/SampleEarlyStopGradDiffMarginalRatio/lr2e-5_b8_ga2_e10_marginalratio_ma2_stop0.1_rebound0.1_marginalrecovery_fullretain_fixed_forget_token_denom/eval/TOFU_SUMMARY.json,/unlearning/experment_data/checkpoints/tofu/forget10/Llama-2-7b-chat-hf/SampleEarlyStopGradDiffMarginalRatio/lr2e-5_b8_ga2_e10_marginalratio_ma2_stop0.1_rebound0.1_marginalrecovery_fullretain_fixed_forget_token_denom/ies_grad_diff_marginal_ratio_history.jsonl,/unlearning/experment_data/checkpoints/tofu/forget10/Llama-2-7b-chat-hf/SampleEarlyStopGradDiffMarginalRatio/lr2e-5_b8_ga2_e10_marginalratio_ma2_stop0.1_rebound0.1_marginalrecovery_fullretain_fixed_forget_token_denom/trainer_state.json,/unlearning/experment_data/checkpoints/tofu/forget10/Llama-2-7b-chat-hf/SampleEarlyStopGradDiffMarginalRatio/lr2e-5_b8_ga2_e10_marginalratio_ma2_stop0.1_rebound0.1_marginalrecovery_fullretain_fixed_forget_token_denom
forget10,400,Llama-2-7b-chat-hf,GradDiff,SampleEarlyStopGradDiffMarginalRatio,marginal_ratio,per_sample_length_normalized_nll_epoch_gain,lr2e-5_b8_ga2_e10_marginalratio_ma2_stop0.20_rebound0.1_marginalrecovery_fullretain_fixed_forget_token_denom,False,False,2e-5,8,2,16,10,,,,NLL,baseline_forget_anchor_masked,full_retain,fixed_original_valid_tokens,marginal_recovery_vs_historical_peak,2,0.2,0.2,,,1,0.1,,1,3.3992326075381374e-234,0.6571384621239054,4.3594822959720596e-05,0.009033437494654208,0.026895808835135718,2.4941566903180503e-06,0.006951937134502924,63.04403206863436,3,397,,,1581,39.525,10,10.0,250,380.3889,6.339815,/unlearning/experment_data/checkpoints/tofu/forget10/Llama-2-7b-chat-hf/SampleEarlyStopGradDiffMarginalRatio/lr2e-5_b8_ga2_e10_marginalratio_ma2_stop0.20_rebound0.1_marginalrecovery_fullretain_fixed_forget_token_denom/eval/TOFU_SUMMARY.json,/unlearning/experment_data/checkpoints/tofu/forget10/Llama-2-7b-chat-hf/SampleEarlyStopGradDiffMarginalRatio/lr2e-5_b8_ga2_e10_marginalratio_ma2_stop0.20_rebound0.1_marginalrecovery_fullretain_fixed_forget_token_denom/ies_grad_diff_marginal_ratio_history.jsonl,/unlearning/experment_data/checkpoints/tofu/forget10/Llama-2-7b-chat-hf/SampleEarlyStopGradDiffMarginalRatio/lr2e-5_b8_ga2_e10_marginalratio_ma2_stop0.20_rebound0.1_marginalrecovery_fullretain_fixed_forget_token_denom/trainer_state.json,/unlearning/experment_data/checkpoints/tofu/forget10/Llama-2-7b-chat-hf/SampleEarlyStopGradDiffMarginalRatio/lr2e-5_b8_ga2_e10_marginalratio_ma2_stop0.20_rebound0.1_marginalrecovery_fullretain_fixed_forget_token_denom
forget10,400,Llama-2-7b-chat-hf,GradDiff,SampleEarlyStopGradDiffMarginalRatio,marginal_ratio,per_sample_length_normalized_nll_epoch_gain,lr2e-5_b8_ga2_e10_marginalratio_ma2_stop0.40_rebound0.1_marginalrecovery_fullretain_fixed_forget_token_denom,False,False,2e-5,8,2,16,10,,,,NLL,baseline_forget_anchor_masked,full_retain,fixed_original_valid_tokens,marginal_recovery_vs_historical_peak,2,0.4,0.4,,,1,0.1,,1,3.3992326075381374e-234,0.6583524409555355,3.4464311312344967e-09,0.004597545468714088,0.026895808835135718,1.6586272977292538e-09,0.0006086956521739131,63.038936942632716,1,399,,,1700,42.5,10,10.0,250,378.6132,6.31022,/unlearning/experment_data/checkpoints/tofu/forget10/Llama-2-7b-chat-hf/SampleEarlyStopGradDiffMarginalRatio/lr2e-5_b8_ga2_e10_marginalratio_ma2_stop0.40_rebound0.1_marginalrecovery_fullretain_fixed_forget_token_denom/eval/TOFU_SUMMARY.json,/unlearning/experment_data/checkpoints/tofu/forget10/Llama-2-7b-chat-hf/SampleEarlyStopGradDiffMarginalRatio/lr2e-5_b8_ga2_e10_marginalratio_ma2_stop0.40_rebound0.1_marginalrecovery_fullretain_fixed_forget_token_denom/ies_grad_diff_marginal_ratio_history.jsonl,/unlearning/experment_data/checkpoints/tofu/forget10/Llama-2-7b-chat-hf/SampleEarlyStopGradDiffMarginalRatio/lr2e-5_b8_ga2_e10_marginalratio_ma2_stop0.40_rebound0.1_marginalrecovery_fullretain_fixed_forget_token_denom/trainer_state.json,/unlearning/experment_data/checkpoints/tofu/forget10/Llama-2-7b-chat-hf/SampleEarlyStopGradDiffMarginalRatio/lr2e-5_b8_ga2_e10_marginalratio_ma2_stop0.40_rebound0.1_marginalrecovery_fullretain_fixed_forget_token_denom
forget10,400,Llama-2-7b-chat-hf,GradDiff,SampleEarlyStopGradDiffMarginalRatio,marginal_ratio,per_sample_length_normalized_nll_epoch_gain,lr2e-5_b8_ga2_e10_marginalratio_ma2_stop0.50_rebound0.1_marginalrecovery_fullretain_fixed_forget_token_denom,False,False,2e-5,8,2,16,10,,,,NLL,baseline_forget_anchor_masked,full_retain,fixed_original_valid_tokens,marginal_recovery_vs_historical_peak,2,0.5,0.5,,,1,0.1,,1,3.3992326075381374e-234,0.6607314275522899,3.081339328903887e-09,0.006344995473045856,0.026895808835135718,1.958233468712933e-09,0.0006086956521739131,63.04301304343404,7,393,,,1828,45.7,10,10.0,250,372.3038,6.205063333333333,/unlearning/experment_data/checkpoints/tofu/forget10/Llama-2-7b-chat-hf/SampleEarlyStopGradDiffMarginalRatio/lr2e-5_b8_ga2_e10_marginalratio_ma2_stop0.50_rebound0.1_marginalrecovery_fullretain_fixed_forget_token_denom/eval/TOFU_SUMMARY.json,/unlearning/experment_data/checkpoints/tofu/forget10/Llama-2-7b-chat-hf/SampleEarlyStopGradDiffMarginalRatio/lr2e-5_b8_ga2_e10_marginalratio_ma2_stop0.50_rebound0.1_marginalrecovery_fullretain_fixed_forget_token_denom/ies_grad_diff_marginal_ratio_history.jsonl,/unlearning/experment_data/checkpoints/tofu/forget10/Llama-2-7b-chat-hf/SampleEarlyStopGradDiffMarginalRatio/lr2e-5_b8_ga2_e10_marginalratio_ma2_stop0.50_rebound0.1_marginalrecovery_fullretain_fixed_forget_token_denom/trainer_state.json,/unlearning/experment_data/checkpoints/tofu/forget10/Llama-2-7b-chat-hf/SampleEarlyStopGradDiffMarginalRatio/lr2e-5_b8_ga2_e10_marginalratio_ma2_stop0.50_rebound0.1_marginalrecovery_fullretain_fixed_forget_token_denom
forget10,400,Llama-2-7b-chat-hf,GradDiff,SampleEarlyStopGradDiffMarginalRatio,marginal_ratio,per_sample_length_normalized_nll_epoch_gain,lr2e-5_b8_ga4_e10_marginalratio_ma2_stop0.40_rebound0.1_marginalrecovery_fullretain_fixed_forget_token_denom,False,False,2e-5,8,4,32,10,,,,NLL,baseline_forget_anchor_masked,full_retain,fixed_original_valid_tokens,marginal_recovery_vs_historical_peak,2,0.4,0.4,,,1,0.1,,1,3.966942318975938e-200,0.6244551007379917,0.0010867903343459437,0.021132586144376547,0.026895808835135718,7.019278567971104e-06,0.013389784161470247,62.991042758217354,0,400,,,928,23.2,9,9.24,120,345.6732,5.76122,/unlearning/experment_data/checkpoints/tofu/forget10/Llama-2-7b-chat-hf/SampleEarlyStopGradDiffMarginalRatio/lr2e-5_b8_ga4_e10_marginalratio_ma2_stop0.40_rebound0.1_marginalrecovery_fullretain_fixed_forget_token_denom/eval/TOFU_SUMMARY.json,/unlearning/experment_data/checkpoints/tofu/forget10/Llama-2-7b-chat-hf/SampleEarlyStopGradDiffMarginalRatio/lr2e-5_b8_ga4_e10_marginalratio_ma2_stop0.40_rebound0.1_marginalrecovery_fullretain_fixed_forget_token_denom/ies_grad_diff_marginal_ratio_history.jsonl,/unlearning/experment_data/checkpoints/tofu/forget10/Llama-2-7b-chat-hf/SampleEarlyStopGradDiffMarginalRatio/lr2e-5_b8_ga4_e10_marginalratio_ma2_stop0.40_rebound0.1_marginalrecovery_fullretain_fixed_forget_token_denom/trainer_state.json,/unlearning/experment_data/checkpoints/tofu/forget10/Llama-2-7b-chat-hf/SampleEarlyStopGradDiffMarginalRatio/lr2e-5_b8_ga4_e10_marginalratio_ma2_stop0.40_rebound0.1_marginalrecovery_fullretain_fixed_forget_token_denom
forget10,400,Llama-2-7b-chat-hf,GradDiff,SampleEarlyStopGradDiffMarginalRatio,marginal_ratio,per_sample_length_normalized_nll_epoch_gain,lr2e-5_b8_ga4_e10_marginalratio_ma2_stop0.50_rebound0.1_marginalrecovery_fullretain_fixed_forget_token_denom,False,False,2e-5,8,4,32,10,,,,NLL,baseline_forget_anchor_masked,full_retain,fixed_original_valid_tokens,marginal_recovery_vs_historical_peak,2,0.5,0.5,,,1,0.1,,1,1.4734357184767768e-198,0.6268618525712487,0.0020920074500650173,0.022442386646289378,0.026895808835135718,1.7781158579910916e-05,0.01492974829192751,63.000213985020295,4,396,,,1052,26.3,9,9.24,120,341.6473,5.694121666666666,/unlearning/experment_data/checkpoints/tofu/forget10/Llama-2-7b-chat-hf/SampleEarlyStopGradDiffMarginalRatio/lr2e-5_b8_ga4_e10_marginalratio_ma2_stop0.50_rebound0.1_marginalrecovery_fullretain_fixed_forget_token_denom/eval/TOFU_SUMMARY.json,/unlearning/experment_data/checkpoints/tofu/forget10/Llama-2-7b-chat-hf/SampleEarlyStopGradDiffMarginalRatio/lr2e-5_b8_ga4_e10_marginalratio_ma2_stop0.50_rebound0.1_marginalrecovery_fullretain_fixed_forget_token_denom/ies_grad_diff_marginal_ratio_history.jsonl,/unlearning/experment_data/checkpoints/tofu/forget10/Llama-2-7b-chat-hf/SampleEarlyStopGradDiffMarginalRatio/lr2e-5_b8_ga4_e10_marginalratio_ma2_stop0.50_rebound0.1_marginalrecovery_fullretain_fixed_forget_token_denom/trainer_state.json,/unlearning/experment_data/checkpoints/tofu/forget10/Llama-2-7b-chat-hf/SampleEarlyStopGradDiffMarginalRatio/lr2e-5_b8_ga4_e10_marginalratio_ma2_stop0.50_rebound0.1_marginalrecovery_fullretain_fixed_forget_token_denom
forget10,400,Llama-2-7b-chat-hf,GradDiff,SampleEarlyStopGradDiffMarginalRatio,marginal_ratio,per_sample_length_normalized_nll_epoch_gain,lr5e-5_b8_ga2_e10_marginalratio_ma2_stop0.05_rebound0.1_marginalrecovery_fullretain_fixed_forget_token_denom,False,False,5e-5,8,2,16,10,,,,NLL,baseline_forget_anchor_masked,full_retain,fixed_original_valid_tokens,marginal_recovery_vs_historical_peak,2,0.05,0.05,,,1,0.1,,1,2.1360873937651346e-215,0.6168628941868324,0.0001124772928275526,0.018806808337103575,0.026895808835135718,4.540267437712353e-07,0.01817691155410811,62.45503550284531,3,397,,,877,21.925,10,10.0,250,407.0158,6.783596666666667,/unlearning/experment_data/checkpoints/tofu/forget10/Llama-2-7b-chat-hf/SampleEarlyStopGradDiffMarginalRatio/lr5e-5_b8_ga2_e10_marginalratio_ma2_stop0.05_rebound0.1_marginalrecovery_fullretain_fixed_forget_token_denom/eval/TOFU_SUMMARY.json,/unlearning/experment_data/checkpoints/tofu/forget10/Llama-2-7b-chat-hf/SampleEarlyStopGradDiffMarginalRatio/lr5e-5_b8_ga2_e10_marginalratio_ma2_stop0.05_rebound0.1_marginalrecovery_fullretain_fixed_forget_token_denom/ies_grad_diff_marginal_ratio_history.jsonl,/unlearning/experment_data/checkpoints/tofu/forget10/Llama-2-7b-chat-hf/SampleEarlyStopGradDiffMarginalRatio/lr5e-5_b8_ga2_e10_marginalratio_ma2_stop0.05_rebound0.1_marginalrecovery_fullretain_fixed_forget_token_denom/trainer_state.json,/unlearning/experment_data/checkpoints/tofu/forget10/Llama-2-7b-chat-hf/SampleEarlyStopGradDiffMarginalRatio/lr5e-5_b8_ga2_e10_marginalratio_ma2_stop0.05_rebound0.1_marginalrecovery_fullretain_fixed_forget_token_denom
forget10,400,Llama-2-7b-chat-hf,GradDiff,SampleEarlyStopGradDiffMarginalRatio,marginal_ratio,per_sample_length_normalized_nll_epoch_gain,lr5e-5_b8_ga2_e10_marginalratio_ma2_stop0.15_rebound0.1_marginalrecovery_fullretain_fixed_forget_token_denom,False,False,5e-5,8,2,16,10,,,,NLL,baseline_forget_anchor_masked,full_retain,fixed_original_valid_tokens,marginal_recovery_vs_historical_peak,2,0.15,0.15,,,1,0.1,,1,3.760175603932929e-219,0.6260026134062748,1.232569578664809e-06,0.01553245007293299,0.026895808835135718,3.7193298366379144e-07,0.021068737132546957,62.697563500523145,9,391,,,1865,46.625,10,10.0,250,370.8797,6.181328333333334,/unlearning/experment_data/checkpoints/tofu/forget10/Llama-2-7b-chat-hf/SampleEarlyStopGradDiffMarginalRatio/lr5e-5_b8_ga2_e10_marginalratio_ma2_stop0.15_rebound0.1_marginalrecovery_fullretain_fixed_forget_token_denom/eval/TOFU_SUMMARY.json,/unlearning/experment_data/checkpoints/tofu/forget10/Llama-2-7b-chat-hf/SampleEarlyStopGradDiffMarginalRatio/lr5e-5_b8_ga2_e10_marginalratio_ma2_stop0.15_rebound0.1_marginalrecovery_fullretain_fixed_forget_token_denom/ies_grad_diff_marginal_ratio_history.jsonl,/unlearning/experment_data/checkpoints/tofu/forget10/Llama-2-7b-chat-hf/SampleEarlyStopGradDiffMarginalRatio/lr5e-5_b8_ga2_e10_marginalratio_ma2_stop0.15_rebound0.1_marginalrecovery_fullretain_fixed_forget_token_denom/trainer_state.json,/unlearning/experment_data/checkpoints/tofu/forget10/Llama-2-7b-chat-hf/SampleEarlyStopGradDiffMarginalRatio/lr5e-5_b8_ga2_e10_marginalratio_ma2_stop0.15_rebound0.1_marginalrecovery_fullretain_fixed_forget_token_denom
forget10,400,Llama-2-7b-chat-hf,GradDiff,SampleEarlyStopGradDiffMarginalRatio,marginal_ratio,per_sample_length_normalized_nll_epoch_gain,lr5e-5_b8_ga2_e10_marginalratio_ma2_stop0.1_rebound0.1_marginalrecovery_fullretain_fixed_forget_token_denom,False,False,5e-5,8,2,16,10,,,,NLL,baseline_forget_anchor_masked,full_retain,fixed_original_valid_tokens,marginal_recovery_vs_historical_peak,2,0.1,0.1,,,1,0.1,,1,8.513294150643492e-212,0.6313457607264629,5.467796129086445e-07,0.022002133585046976,0.026895808835135718,3.412739633795737e-07,0.02743262579441903,62.46216867924761,4,396,,,1281,32.025,10,10.0,250,391.411,6.523516666666667,/unlearning/experment_data/checkpoints/tofu/forget10/Llama-2-7b-chat-hf/SampleEarlyStopGradDiffMarginalRatio/lr5e-5_b8_ga2_e10_marginalratio_ma2_stop0.1_rebound0.1_marginalrecovery_fullretain_fixed_forget_token_denom/eval/TOFU_SUMMARY.json,/unlearning/experment_data/checkpoints/tofu/forget10/Llama-2-7b-chat-hf/SampleEarlyStopGradDiffMarginalRatio/lr5e-5_b8_ga2_e10_marginalratio_ma2_stop0.1_rebound0.1_marginalrecovery_fullretain_fixed_forget_token_denom/ies_grad_diff_marginal_ratio_history.jsonl,/unlearning/experment_data/checkpoints/tofu/forget10/Llama-2-7b-chat-hf/SampleEarlyStopGradDiffMarginalRatio/lr5e-5_b8_ga2_e10_marginalratio_ma2_stop0.1_rebound0.1_marginalrecovery_fullretain_fixed_forget_token_denom/trainer_state.json,/unlearning/experment_data/checkpoints/tofu/forget10/Llama-2-7b-chat-hf/SampleEarlyStopGradDiffMarginalRatio/lr5e-5_b8_ga2_e10_marginalratio_ma2_stop0.1_rebound0.1_marginalrecovery_fullretain_fixed_forget_token_denom
forget10,400,Llama-2-7b-chat-hf,GradDiff,SampleEarlyStopGradDiffMarginalRatio,marginal_ratio,per_sample_length_normalized_nll_epoch_gain,lr5e-5_b8_ga2_e10_marginalratio_ma2_stop0.20_rebound0.1_marginalrecovery_fullretain_fixed_forget_token_denom,False,False,5e-5,8,2,16,10,,,,NLL,baseline_forget_anchor_masked,full_retain,fixed_original_valid_tokens,marginal_recovery_vs_historical_peak,2,0.2,0.2,,,1,0.1,,1,2.974298902710947e-217,0.6306586885538435,0.0003344135004035063,0.019563659278210254,0.026895808835135718,2.718239290750016e-07,0.02532640916589119,62.57884706468505,0,400,,,2144,53.6,10,10.0,250,360.1982,6.003303333333333,/unlearning/experment_data/checkpoints/tofu/forget10/Llama-2-7b-chat-hf/SampleEarlyStopGradDiffMarginalRatio/lr5e-5_b8_ga2_e10_marginalratio_ma2_stop0.20_rebound0.1_marginalrecovery_fullretain_fixed_forget_token_denom/eval/TOFU_SUMMARY.json,/unlearning/experment_data/checkpoints/tofu/forget10/Llama-2-7b-chat-hf/SampleEarlyStopGradDiffMarginalRatio/lr5e-5_b8_ga2_e10_marginalratio_ma2_stop0.20_rebound0.1_marginalrecovery_fullretain_fixed_forget_token_denom/ies_grad_diff_marginal_ratio_history.jsonl,/unlearning/experment_data/checkpoints/tofu/forget10/Llama-2-7b-chat-hf/SampleEarlyStopGradDiffMarginalRatio/lr5e-5_b8_ga2_e10_marginalratio_ma2_stop0.20_rebound0.1_marginalrecovery_fullretain_fixed_forget_token_denom/trainer_state.json,/unlearning/experment_data/checkpoints/tofu/forget10/Llama-2-7b-chat-hf/SampleEarlyStopGradDiffMarginalRatio/lr5e-5_b8_ga2_e10_marginalratio_ma2_stop0.20_rebound0.1_marginalrecovery_fullretain_fixed_forget_token_denom
