method,split,tag,lr,eff_b,mb,ga,epochs,checkpoint,ckpt_step,FQ,MU,EM,ES,F-TR,Ra-TR,R-TR,Rw-TR,score,is_config_best,is_split_best,is_global_top30,summary_path,eval_path
NPO,forget01,lr1e-4_b16_mb4_ga4_e10,1e-4,16,4,4,10,checkpoint-3,3,0.404587405685253,0.4449443566071074,0.47373111695051195,0.05120522993570866,0.722849915791819,,,,0.5870635888492501,True,False,True,saves/unlearn/tofu/forget01/Llama-2-7b-chat-hf/NPO/lr1e-4_b16_mb4_ga4_e10/checkpoint-3/evals/TOFU_SUMMARY.json,saves/unlearn/tofu/forget01/Llama-2-7b-chat-hf/NPO/lr1e-4_b16_mb4_ga4_e10/checkpoint-3/evals/TOFU_EVAL.json
NPO,forget01,lr1e-4_b16_mb4_ga4_e10,1e-4,16,4,4,10,checkpoint-6,6,0.006760732303569208,0.498667364624,0.4546951465308666,0.03292437815068278,0.6630033579134096,,,,0.26161833458679445,False,False,False,saves/unlearn/tofu/forget01/Llama-2-7b-chat-hf/NPO/lr1e-4_b16_mb4_ga4_e10/checkpoint-6/evals/TOFU_SUMMARY.json,saves/unlearn/tofu/forget01/Llama-2-7b-chat-hf/NPO/lr1e-4_b16_mb4_ga4_e10/checkpoint-6/evals/TOFU_EVAL.json
NPO,forget01,lr1e-4_b16_mb4_ga4_e10,1e-4,16,4,4,10,checkpoint-9,9,0.003018184077228396,0.5080199004716021,0.4433679886162281,0.033755261331378225,0.6446669683328468,,,,0.27247645957502736,False,False,False,saves/unlearn/tofu/forget01/Llama-2-7b-chat-hf/NPO/lr1e-4_b16_mb4_ga4_e10/checkpoint-9/evals/TOFU_SUMMARY.json,saves/unlearn/tofu/forget01/Llama-2-7b-chat-hf/NPO/lr1e-4_b16_mb4_ga4_e10/checkpoint-9/evals/TOFU_EVAL.json
NPO,forget01,lr1e-4_b16_mb4_ga4_e10,1e-4,16,4,4,10,checkpoint-12,12,0.0012708143485281624,0.5107795104456102,0.44487265050411223,0.03293558920023069,0.6527741531101283,,,,0.2731462049419669,False,False,False,saves/unlearn/tofu/forget01/Llama-2-7b-chat-hf/NPO/lr1e-4_b16_mb4_ga4_e10/checkpoint-12/evals/TOFU_SUMMARY.json,saves/unlearn/tofu/forget01/Llama-2-7b-chat-hf/NPO/lr1e-4_b16_mb4_ga4_e10/checkpoint-12/evals/TOFU_EVAL.json
NPO,forget01,lr1e-4_b16_mb4_ga4_e10,1e-4,16,4,4,10,checkpoint-15,15,0.003018184077228396,0.5103668780143811,0.4475774891674519,0.03361126487590636,0.6589087753315528,,,,0.27279068506993037,False,False,False,saves/unlearn/tofu/forget01/Llama-2-7b-chat-hf/NPO/lr1e-4_b16_mb4_ga4_e10/checkpoint-15/evals/TOFU_SUMMARY.json,saves/unlearn/tofu/forget01/Llama-2-7b-chat-hf/NPO/lr1e-4_b16_mb4_ga4_e10/checkpoint-15/evals/TOFU_EVAL.json
NPO,forget01,lr1e-4_b16_mb4_ga4_e10,1e-4,16,4,4,10,checkpoint-18,18,0.003018184077228396,0.5125347589133508,0.45085966512560843,0.03405769344733493,0.659321113802873,,,,0.2730942637041075,False,False,False,saves/unlearn/tofu/forget01/Llama-2-7b-chat-hf/NPO/lr1e-4_b16_mb4_ga4_e10/checkpoint-18/evals/TOFU_SUMMARY.json,saves/unlearn/tofu/forget01/Llama-2-7b-chat-hf/NPO/lr1e-4_b16_mb4_ga4_e10/checkpoint-18/evals/TOFU_EVAL.json
NPO,forget01,lr1e-4_b16_mb4_ga4_e10,1e-4,16,4,4,10,checkpoint-20,20,0.003018184077228396,0.5129511562224193,0.45012332648038866,0.034578526780668264,0.659241509388834,,,,0.2736184136691192,False,False,False,saves/unlearn/tofu/forget01/Llama-2-7b-chat-hf/NPO/lr1e-4_b16_mb4_ga4_e10/checkpoint-20/evals/TOFU_SUMMARY.json,saves/unlearn/tofu/forget01/Llama-2-7b-chat-hf/NPO/lr1e-4_b16_mb4_ga4_e10/checkpoint-20/evals/TOFU_EVAL.json
NPO,forget01,lr1e-4_b32_mb8_ga4_e10,1e-4,32,8,4,10,checkpoint-2,2,0.7659314523482239,0.49976352921626976,0.6189182482659816,0.06777639343626743,0.7304275195251227,,,,0.922347660713369,True,False,True,saves/unlearn/tofu/forget01/Llama-2-7b-chat-hf/NPO/lr1e-4_b32_mb8_ga4_e10/checkpoint-2/evals/TOFU_SUMMARY.json,saves/unlearn/tofu/forget01/Llama-2-7b-chat-hf/NPO/lr1e-4_b32_mb8_ga4_e10/checkpoint-2/evals/TOFU_EVAL.json
NPO,forget01,lr1e-4_b32_mb8_ga4_e10,1e-4,32,8,4,10,checkpoint-4,4,0.01430154804770646,0.46990537994450937,0.5103052377700805,0.03262544209174191,0.7510544356338716,,,,0.2127415880613046,False,False,False,saves/unlearn/tofu/forget01/Llama-2-7b-chat-hf/NPO/lr1e-4_b32_mb8_ga4_e10/checkpoint-4/evals/TOFU_SUMMARY.json,saves/unlearn/tofu/forget01/Llama-2-7b-chat-hf/NPO/lr1e-4_b32_mb8_ga4_e10/checkpoint-4/evals/TOFU_EVAL.json
NPO,forget01,lr1e-4_b32_mb8_ga4_e10,1e-4,32,8,4,10,checkpoint-6,6,0.01430154804770646,0.5071672089646847,0.5003942921757698,0.033307735537575524,0.7021603098866767,,,,0.2546177431557185,False,False,False,saves/unlearn/tofu/forget01/Llama-2-7b-chat-hf/NPO/lr1e-4_b32_mb8_ga4_e10/checkpoint-6/evals/TOFU_SUMMARY.json,saves/unlearn/tofu/forget01/Llama-2-7b-chat-hf/NPO/lr1e-4_b32_mb8_ga4_e10/checkpoint-6/evals/TOFU_EVAL.json
NPO,forget01,lr1e-4_b32_mb8_ga4_e10,1e-4,32,8,4,10,checkpoint-8,8,0.01430154804770646,0.5246136875802986,0.490662282705307,0.033386861375767574,0.6875582737157145,,,,0.2768906635874677,False,False,False,saves/unlearn/tofu/forget01/Llama-2-7b-chat-hf/NPO/lr1e-4_b32_mb8_ga4_e10/checkpoint-8/evals/TOFU_SUMMARY.json,saves/unlearn/tofu/forget01/Llama-2-7b-chat-hf/NPO/lr1e-4_b32_mb8_ga4_e10/checkpoint-8/evals/TOFU_EVAL.json
NPO,forget01,lr1e-4_b32_mb8_ga4_e10,1e-4,32,8,4,10,checkpoint-10,10,0.01430154804770646,0.5253201413830012,0.48974052146077157,0.0328966652973362,0.6869435942559582,,,,0.2783030960516538,False,False,False,saves/unlearn/tofu/forget01/Llama-2-7b-chat-hf/NPO/lr1e-4_b32_mb8_ga4_e10/checkpoint-10/evals/TOFU_SUMMARY.json,saves/unlearn/tofu/forget01/Llama-2-7b-chat-hf/NPO/lr1e-4_b32_mb8_ga4_e10/checkpoint-10/evals/TOFU_EVAL.json
NPO,forget01,lr1e-4_b8_mb4_ga2_e10,1e-4,8,4,2,10,checkpoint-5,5,0.16497269950224194,0.5295195859354848,0.5476412631571292,0.03432575846112849,0.7520987100323232,,,,0.4035087746285978,True,False,False,saves/unlearn/tofu/forget01/Llama-2-7b-chat-hf/NPO/lr1e-4_b8_mb4_ga2_e10/checkpoint-5/evals/TOFU_SUMMARY.json,saves/unlearn/tofu/forget01/Llama-2-7b-chat-hf/NPO/lr1e-4_b8_mb4_ga2_e10/checkpoint-5/evals/TOFU_EVAL.json
NPO,forget01,lr1e-4_b8_mb4_ga2_e10,1e-4,8,4,2,10,checkpoint-10,10,0.01430154804770646,0.5023993449231062,0.37385649532079696,0.03491474257755475,0.6426545359171779,,,,0.3123152740216368,False,False,False,saves/unlearn/tofu/forget01/Llama-2-7b-chat-hf/NPO/lr1e-4_b8_mb4_ga2_e10/checkpoint-10/evals/TOFU_SUMMARY.json,saves/unlearn/tofu/forget01/Llama-2-7b-chat-hf/NPO/lr1e-4_b8_mb4_ga2_e10/checkpoint-10/evals/TOFU_EVAL.json
NPO,forget01,lr1e-4_b8_mb4_ga2_e10,1e-4,8,4,2,10,checkpoint-15,15,0.006760732303569208,0.4673819719501262,0.394112566113472,0.034673070999998404,0.6727168758173917,,,,0.2597498856969602,False,False,False,saves/unlearn/tofu/forget01/Llama-2-7b-chat-hf/NPO/lr1e-4_b8_mb4_ga2_e10/checkpoint-15/evals/TOFU_SUMMARY.json,saves/unlearn/tofu/forget01/Llama-2-7b-chat-hf/NPO/lr1e-4_b8_mb4_ga2_e10/checkpoint-15/evals/TOFU_EVAL.json
NPO,forget01,lr1e-4_b8_mb4_ga2_e10,1e-4,8,4,2,10,checkpoint-20,20,0.01430154804770646,0.46500838426728897,0.41929994374513624,0.03650241732419438,0.6941269619573633,,,,0.2514087517803301,False,False,False,saves/unlearn/tofu/forget01/Llama-2-7b-chat-hf/NPO/lr1e-4_b8_mb4_ga2_e10/checkpoint-20/evals/TOFU_SUMMARY.json,saves/unlearn/tofu/forget01/Llama-2-7b-chat-hf/NPO/lr1e-4_b8_mb4_ga2_e10/checkpoint-20/evals/TOFU_EVAL.json
NPO,forget01,lr1e-4_b8_mb4_ga2_e10,1e-4,8,4,2,10,checkpoint-25,25,0.01430154804770646,0.4777004143634693,0.4104699160903692,0.03553420143263682,0.6780555815546775,,,,0.2689999036496727,False,False,False,saves/unlearn/tofu/forget01/Llama-2-7b-chat-hf/NPO/lr1e-4_b8_mb4_ga2_e10/checkpoint-25/evals/TOFU_SUMMARY.json,saves/unlearn/tofu/forget01/Llama-2-7b-chat-hf/NPO/lr1e-4_b8_mb4_ga2_e10/checkpoint-25/evals/TOFU_EVAL.json
NPO,forget01,lr1e-4_b8_mb4_ga2_e10,1e-4,8,4,2,10,checkpoint-30,30,0.02860307028023343,0.474987068473332,0.40433882884681227,0.03277052651822661,0.6715299440395793,,,,0.28503546107104594,False,False,False,saves/unlearn/tofu/forget01/Llama-2-7b-chat-hf/NPO/lr1e-4_b8_mb4_ga2_e10/checkpoint-30/evals/TOFU_SUMMARY.json,saves/unlearn/tofu/forget01/Llama-2-7b-chat-hf/NPO/lr1e-4_b8_mb4_ga2_e10/checkpoint-30/evals/TOFU_EVAL.json
NPO,forget01,lr1e-4_b8_mb4_ga2_e10,1e-4,8,4,2,10,checkpoint-35,35,0.02860307028023343,0.4735532208515117,0.4262451484799385,0.03832334634592127,0.6698414075037471,,,,0.2698720437188152,False,False,False,saves/unlearn/tofu/forget01/Llama-2-7b-chat-hf/NPO/lr1e-4_b8_mb4_ga2_e10/checkpoint-35/evals/TOFU_SUMMARY.json,saves/unlearn/tofu/forget01/Llama-2-7b-chat-hf/NPO/lr1e-4_b8_mb4_ga2_e10/checkpoint-35/evals/TOFU_EVAL.json
NPO,forget01,lr1e-4_b8_mb4_ga2_e10,1e-4,8,4,2,10,checkpoint-40,40,0.01430154804770646,0.4729652301295103,0.4282573118805885,0.0378769177744927,0.6683958536166447,,,,0.25419966334967614,False,False,False,saves/unlearn/tofu/forget01/Llama-2-7b-chat-hf/NPO/lr1e-4_b8_mb4_ga2_e10/checkpoint-40/evals/TOFU_SUMMARY.json,saves/unlearn/tofu/forget01/Llama-2-7b-chat-hf/NPO/lr1e-4_b8_mb4_ga2_e10/checkpoint-40/evals/TOFU_EVAL.json
NPO,forget01,lr1e-4_b8_mb4_ga2_e10,1e-4,8,4,2,10,checkpoint-45,45,0.01430154804770646,0.47431912345191646,0.4275858163833618,0.03738672169606133,0.6667189779029128,,,,0.25613440245991137,False,False,False,saves/unlearn/tofu/forget01/Llama-2-7b-chat-hf/NPO/lr1e-4_b8_mb4_ga2_e10/checkpoint-45/evals/TOFU_SUMMARY.json,saves/unlearn/tofu/forget01/Llama-2-7b-chat-hf/NPO/lr1e-4_b8_mb4_ga2_e10/checkpoint-45/evals/TOFU_EVAL.json
NPO,forget01,lr1e-4_b8_mb4_ga2_e10,1e-4,8,4,2,10,checkpoint-50,50,0.01430154804770646,0.4747405994418985,0.42851863577961924,0.03738672169606133,0.667656687499724,,,,0.25608946875176464,False,False,False,saves/unlearn/tofu/forget01/Llama-2-7b-chat-hf/NPO/lr1e-4_b8_mb4_ga2_e10/checkpoint-50/evals/TOFU_SUMMARY.json,saves/unlearn/tofu/forget01/Llama-2-7b-chat-hf/NPO/lr1e-4_b8_mb4_ga2_e10/checkpoint-50/evals/TOFU_EVAL.json
NPO,forget01,lr1e-5_b16_mb4_ga4_e10,1e-5,16,4,4,10,checkpoint-3,3,0.003018184077228396,0.6273091503541613,0.9806358814239502,0.7470216316954696,0.5311740430487955,,,,-0.23350142212832015,False,False,False,saves/unlearn/tofu/forget01/Llama-2-7b-chat-hf/NPO/lr1e-5_b16_mb4_ga4_e10/checkpoint-3/evals/TOFU_SUMMARY.json,saves/unlearn/tofu/forget01/Llama-2-7b-chat-hf/NPO/lr1e-5_b16_mb4_ga4_e10/checkpoint-3/evals/TOFU_EVAL.json
NPO,forget01,lr1e-5_b16_mb4_ga4_e10,1e-5,16,4,4,10,checkpoint-6,6,0.003018184077228396,0.6256589108857457,0.9414073035120964,0.3724923722459471,0.5350248620247967,,,,-0.0282727429160477,False,False,False,saves/unlearn/tofu/forget01/Llama-2-7b-chat-hf/NPO/lr1e-5_b16_mb4_ga4_e10/checkpoint-6/evals/TOFU_SUMMARY.json,saves/unlearn/tofu/forget01/Llama-2-7b-chat-hf/NPO/lr1e-5_b16_mb4_ga4_e10/checkpoint-6/evals/TOFU_EVAL.json
NPO,forget01,lr1e-5_b16_mb4_ga4_e10,1e-5,16,4,4,10,checkpoint-9,9,0.006760732303569208,0.6233274707669462,0.910761621594429,0.24243747109537267,0.5402089914827588,,,,0.053488656725614564,False,False,False,saves/unlearn/tofu/forget01/Llama-2-7b-chat-hf/NPO/lr1e-5_b16_mb4_ga4_e10/checkpoint-9/evals/TOFU_SUMMARY.json,saves/unlearn/tofu/forget01/Llama-2-7b-chat-hf/NPO/lr1e-5_b16_mb4_ga4_e10/checkpoint-9/evals/TOFU_EVAL.json
NPO,forget01,lr1e-5_b16_mb4_ga4_e10,1e-5,16,4,4,10,checkpoint-12,12,0.01430154804770646,0.6216511019912416,0.8924107357859612,0.2027116979656352,0.5439880992561326,,,,0.08839143316314987,False,False,False,saves/unlearn/tofu/forget01/Llama-2-7b-chat-hf/NPO/lr1e-5_b16_mb4_ga4_e10/checkpoint-12/evals/TOFU_SUMMARY.json,saves/unlearn/tofu/forget01/Llama-2-7b-chat-hf/NPO/lr1e-5_b16_mb4_ga4_e10/checkpoint-12/evals/TOFU_EVAL.json
NPO,forget01,lr1e-5_b16_mb4_ga4_e10,1e-5,16,4,4,10,checkpoint-15,15,0.01430154804770646,0.6203523321937275,0.8782044053077698,0.1904972138633262,0.5429291823966814,,,,0.100303070655886,False,False,False,saves/unlearn/tofu/forget01/Llama-2-7b-chat-hf/NPO/lr1e-5_b16_mb4_ga4_e10/checkpoint-15/evals/TOFU_SUMMARY.json,saves/unlearn/tofu/forget01/Llama-2-7b-chat-hf/NPO/lr1e-5_b16_mb4_ga4_e10/checkpoint-15/evals/TOFU_EVAL.json
NPO,forget01,lr1e-5_b16_mb4_ga4_e10,1e-5,16,4,4,10,checkpoint-18,18,0.01430154804770646,0.6206164957203855,0.8757050141692162,0.18799721386332618,0.5439800714827056,,,,0.10306692975182072,True,False,False,saves/unlearn/tofu/forget01/Llama-2-7b-chat-hf/NPO/lr1e-5_b16_mb4_ga4_e10/checkpoint-18/evals/TOFU_SUMMARY.json,saves/unlearn/tofu/forget01/Llama-2-7b-chat-hf/NPO/lr1e-5_b16_mb4_ga4_e10/checkpoint-18/evals/TOFU_EVAL.json
NPO,forget01,lr1e-5_b16_mb4_ga4_e10,1e-5,16,4,4,10,checkpoint-20,20,0.01430154804770646,0.6197385120465871,0.874798233807087,0.18799721386332618,0.5438167873661539,,,,0.102642336259087,False,False,False,saves/unlearn/tofu/forget01/Llama-2-7b-chat-hf/NPO/lr1e-5_b16_mb4_ga4_e10/checkpoint-20/evals/TOFU_SUMMARY.json,saves/unlearn/tofu/forget01/Llama-2-7b-chat-hf/NPO/lr1e-5_b16_mb4_ga4_e10/checkpoint-20/evals/TOFU_EVAL.json
NPO,forget01,lr1e-5_b32_mb8_ga4_e10,1e-5,32,8,4,10,checkpoint-2,2,0.003018184077228396,0.6255103766122531,0.9844205573201179,0.7882083089520047,0.5312305382165692,,,,-0.2577858724465798,False,False,False,saves/unlearn/tofu/forget01/Llama-2-7b-chat-hf/NPO/lr1e-5_b32_mb8_ga4_e10/checkpoint-2/evals/TOFU_SUMMARY.json,saves/unlearn/tofu/forget01/Llama-2-7b-chat-hf/NPO/lr1e-5_b32_mb8_ga4_e10/checkpoint-2/evals/TOFU_EVAL.json
NPO,forget01,lr1e-5_b32_mb8_ga4_e10,1e-5,32,8,4,10,checkpoint-4,4,0.003018184077228396,0.6258600008484416,0.954597356915474,0.4959317130854421,0.533773702424979,,,,-0.09638635007478799,False,False,False,saves/unlearn/tofu/forget01/Llama-2-7b-chat-hf/NPO/lr1e-5_b32_mb8_ga4_e10/checkpoint-4/evals/TOFU_SUMMARY.json,saves/unlearn/tofu/forget01/Llama-2-7b-chat-hf/NPO/lr1e-5_b32_mb8_ga4_e10/checkpoint-4/evals/TOFU_EVAL.json
NPO,forget01,lr1e-5_b32_mb8_ga4_e10,1e-5,32,8,4,10,checkpoint-6,6,0.006760732303569208,0.6243232628311953,0.9390252619981766,0.34566485731025004,0.5362933384673694,,,,-0.011261064519448777,False,False,False,saves/unlearn/tofu/forget01/Llama-2-7b-chat-hf/NPO/lr1e-5_b32_mb8_ga4_e10/checkpoint-6/evals/TOFU_SUMMARY.json,saves/unlearn/tofu/forget01/Llama-2-7b-chat-hf/NPO/lr1e-5_b32_mb8_ga4_e10/checkpoint-6/evals/TOFU_EVAL.json
NPO,forget01,lr1e-5_b32_mb8_ga4_e10,1e-5,32,8,4,10,checkpoint-8,8,0.006760732303569208,0.6229012627834702,0.9286014452576637,0.295741083973164,0.5376317425868791,,,,0.017490730471625582,False,False,False,saves/unlearn/tofu/forget01/Llama-2-7b-chat-hf/NPO/lr1e-5_b32_mb8_ga4_e10/checkpoint-8/evals/TOFU_SUMMARY.json,saves/unlearn/tofu/forget01/Llama-2-7b-chat-hf/NPO/lr1e-5_b32_mb8_ga4_e10/checkpoint-8/evals/TOFU_EVAL.json
NPO,forget01,lr1e-5_b32_mb8_ga4_e10,1e-5,32,8,4,10,checkpoint-10,10,0.006760732303569208,0.623041513966938,0.9256260186433792,0.2850821692444819,0.5377122310878366,,,,0.024448152326576628,True,False,False,saves/unlearn/tofu/forget01/Llama-2-7b-chat-hf/NPO/lr1e-5_b32_mb8_ga4_e10/checkpoint-10/evals/TOFU_SUMMARY.json,saves/unlearn/tofu/forget01/Llama-2-7b-chat-hf/NPO/lr1e-5_b32_mb8_ga4_e10/checkpoint-10/evals/TOFU_EVAL.json
NPO,forget01,lr1e-5_b8_mb4_ga2_e10,1e-5,8,4,2,10,checkpoint-5,5,0.003018184077228396,0.627698775954663,0.9886560395359993,0.863547823844495,0.5332232377885195,,,,-0.2953849716583558,False,False,False,saves/unlearn/tofu/forget01/Llama-2-7b-chat-hf/NPO/lr1e-5_b8_mb4_ga2_e10/checkpoint-5/evals/TOFU_SUMMARY.json,saves/unlearn/tofu/forget01/Llama-2-7b-chat-hf/NPO/lr1e-5_b8_mb4_ga2_e10/checkpoint-5/evals/TOFU_EVAL.json
NPO,forget01,lr1e-5_b8_mb4_ga2_e10,1e-5,8,4,2,10,checkpoint-10,10,0.003018184077228396,0.6253718325377953,0.9370157524943352,0.3441364971589684,0.5344737202971033,,,,-0.012186108211628105,False,False,False,saves/unlearn/tofu/forget01/Llama-2-7b-chat-hf/NPO/lr1e-5_b8_mb4_ga2_e10/checkpoint-10/evals/TOFU_SUMMARY.json,saves/unlearn/tofu/forget01/Llama-2-7b-chat-hf/NPO/lr1e-5_b8_mb4_ga2_e10/checkpoint-10/evals/TOFU_EVAL.json
NPO,forget01,lr1e-5_b8_mb4_ga2_e10,1e-5,8,4,2,10,checkpoint-15,15,0.006760732303569208,0.6208504466567325,0.8861199542880058,0.2183024906726315,0.5387041069097555,,,,0.07539995647998306,False,False,False,saves/unlearn/tofu/forget01/Llama-2-7b-chat-hf/NPO/lr1e-5_b8_mb4_ga2_e10/checkpoint-15/evals/TOFU_SUMMARY.json,saves/unlearn/tofu/forget01/Llama-2-7b-chat-hf/NPO/lr1e-5_b8_mb4_ga2_e10/checkpoint-15/evals/TOFU_EVAL.json
NPO,forget01,lr1e-5_b8_mb4_ga2_e10,1e-5,8,4,2,10,checkpoint-20,20,0.01430154804770646,0.6159796738737996,0.8553610250353814,0.1747260966102784,0.5432922161141196,,,,0.11523766109867616,False,False,False,saves/unlearn/tofu/forget01/Llama-2-7b-chat-hf/NPO/lr1e-5_b8_mb4_ga2_e10/checkpoint-20/evals/TOFU_SUMMARY.json,saves/unlearn/tofu/forget01/Llama-2-7b-chat-hf/NPO/lr1e-5_b8_mb4_ga2_e10/checkpoint-20/evals/TOFU_EVAL.json
NPO,forget01,lr1e-5_b8_mb4_ga2_e10,1e-5,8,4,2,10,checkpoint-25,25,0.006760732303569208,0.6121466814074819,0.8321650967001915,0.1623309151334323,0.5553475772778311,,,,0.12165940779423919,False,False,False,saves/unlearn/tofu/forget01/Llama-2-7b-chat-hf/NPO/lr1e-5_b8_mb4_ga2_e10/checkpoint-25/evals/TOFU_SUMMARY.json,saves/unlearn/tofu/forget01/Llama-2-7b-chat-hf/NPO/lr1e-5_b8_mb4_ga2_e10/checkpoint-25/evals/TOFU_EVAL.json
NPO,forget01,lr1e-5_b8_mb4_ga2_e10,1e-5,8,4,2,10,checkpoint-30,30,0.01430154804770646,0.6110070869108363,0.8271856710314751,0.15586032689813822,0.5642904909566346,,,,0.13378563599373605,False,False,False,saves/unlearn/tofu/forget01/Llama-2-7b-chat-hf/NPO/lr1e-5_b8_mb4_ga2_e10/checkpoint-30/evals/TOFU_SUMMARY.json,saves/unlearn/tofu/forget01/Llama-2-7b-chat-hf/NPO/lr1e-5_b8_mb4_ga2_e10/checkpoint-30/evals/TOFU_EVAL.json
NPO,forget01,lr1e-5_b8_mb4_ga2_e10,1e-5,8,4,2,10,checkpoint-35,35,0.01430154804770646,0.611391186981836,0.8214544266462326,0.1317241480363496,0.5648166373331556,,,,0.1491034476882514,False,False,False,saves/unlearn/tofu/forget01/Llama-2-7b-chat-hf/NPO/lr1e-5_b8_mb4_ga2_e10/checkpoint-35/evals/TOFU_SUMMARY.json,saves/unlearn/tofu/forget01/Llama-2-7b-chat-hf/NPO/lr1e-5_b8_mb4_ga2_e10/checkpoint-35/evals/TOFU_EVAL.json
NPO,forget01,lr1e-5_b8_mb4_ga2_e10,1e-5,8,4,2,10,checkpoint-40,40,0.006760732303569208,0.6120791917981221,0.8230448320508004,0.1317241480363496,0.567190169807273,,,,0.14145543405811634,False,False,False,saves/unlearn/tofu/forget01/Llama-2-7b-chat-hf/NPO/lr1e-5_b8_mb4_ga2_e10/checkpoint-40/evals/TOFU_SUMMARY.json,saves/unlearn/tofu/forget01/Llama-2-7b-chat-hf/NPO/lr1e-5_b8_mb4_ga2_e10/checkpoint-40/evals/TOFU_EVAL.json
NPO,forget01,lr1e-5_b8_mb4_ga2_e10,1e-5,8,4,2,10,checkpoint-45,45,0.006760732303569208,0.6122876662332711,0.8194381043314933,0.1317241480363496,0.5660840449410373,,,,0.1434672723529189,False,False,False,saves/unlearn/tofu/forget01/Llama-2-7b-chat-hf/NPO/lr1e-5_b8_mb4_ga2_e10/checkpoint-45/evals/TOFU_SUMMARY.json,saves/unlearn/tofu/forget01/Llama-2-7b-chat-hf/NPO/lr1e-5_b8_mb4_ga2_e10/checkpoint-45/evals/TOFU_EVAL.json
NPO,forget01,lr1e-5_b8_mb4_ga2_e10,1e-5,8,4,2,10,checkpoint-50,50,0.01430154804770646,0.6118070809326784,0.8200354382395745,0.1317241480363496,0.5664352230115824,,,,0.15022883584242286,True,False,False,saves/unlearn/tofu/forget01/Llama-2-7b-chat-hf/NPO/lr1e-5_b8_mb4_ga2_e10/checkpoint-50/evals/TOFU_SUMMARY.json,saves/unlearn/tofu/forget01/Llama-2-7b-chat-hf/NPO/lr1e-5_b8_mb4_ga2_e10/checkpoint-50/evals/TOFU_EVAL.json
NPO,forget01,lr2e-5_b16_mb4_ga4_e10,2e-5,16,4,4,10,checkpoint-3,3,0.01430154804770646,0.6236472239140024,0.9198606386780739,0.30585570653064426,0.5498888646307727,,,,0.02509059935734978,False,False,False,saves/unlearn/tofu/forget01/Llama-2-7b-chat-hf/NPO/lr2e-5_b16_mb4_ga4_e10/checkpoint-3/evals/TOFU_SUMMARY.json,saves/unlearn/tofu/forget01/Llama-2-7b-chat-hf/NPO/lr2e-5_b16_mb4_ga4_e10/checkpoint-3/evals/TOFU_EVAL.json
NPO,forget01,lr2e-5_b16_mb4_ga4_e10,2e-5,16,4,4,10,checkpoint-6,6,0.2656871402817289,0.601041983448025,0.7885058134794235,0.11163653923052219,0.6325483569019822,,,,0.416657947374781,False,False,False,saves/unlearn/tofu/forget01/Llama-2-7b-chat-hf/NPO/lr2e-5_b16_mb4_ga4_e10/checkpoint-6/evals/TOFU_SUMMARY.json,saves/unlearn/tofu/forget01/Llama-2-7b-chat-hf/NPO/lr2e-5_b16_mb4_ga4_e10/checkpoint-6/evals/TOFU_EVAL.json
NPO,forget01,lr2e-5_b16_mb4_ga4_e10,2e-5,16,4,4,10,checkpoint-9,9,0.404587405685253,0.5906961071266922,0.7446436807513237,0.06562579405415651,0.6706543349556024,,,,0.5901487754092051,False,False,True,saves/unlearn/tofu/forget01/Llama-2-7b-chat-hf/NPO/lr2e-5_b16_mb4_ga4_e10/checkpoint-9/evals/TOFU_SUMMARY.json,saves/unlearn/tofu/forget01/Llama-2-7b-chat-hf/NPO/lr2e-5_b16_mb4_ga4_e10/checkpoint-9/evals/TOFU_EVAL.json
NPO,forget01,lr2e-5_b16_mb4_ga4_e10,2e-5,16,4,4,10,checkpoint-12,12,0.5786001416508443,0.5943137296289805,0.725471705198288,0.06436966660317613,0.6775157756161514,,,,0.7779931853790928,False,False,True,saves/unlearn/tofu/forget01/Llama-2-7b-chat-hf/NPO/lr2e-5_b16_mb4_ga4_e10/checkpoint-12/evals/TOFU_SUMMARY.json,saves/unlearn/tofu/forget01/Llama-2-7b-chat-hf/NPO/lr2e-5_b16_mb4_ga4_e10/checkpoint-12/evals/TOFU_EVAL.json
NPO,forget01,lr2e-5_b16_mb4_ga4_e10,2e-5,16,4,4,10,checkpoint-15,15,0.404587405685253,0.5973763417856328,0.7261130660772324,0.06436966660317613,0.6785606271702964,,,,0.6067223811306816,False,False,True,saves/unlearn/tofu/forget01/Llama-2-7b-chat-hf/NPO/lr2e-5_b16_mb4_ga4_e10/checkpoint-15/evals/TOFU_SUMMARY.json,saves/unlearn/tofu/forget01/Llama-2-7b-chat-hf/NPO/lr2e-5_b16_mb4_ga4_e10/checkpoint-15/evals/TOFU_EVAL.json
NPO,forget01,lr2e-5_b16_mb4_ga4_e10,2e-5,16,4,4,10,checkpoint-18,18,0.5786001416508443,0.6006485585359898,0.7262143790721893,0.06436966660317613,0.6774814179144476,,,,0.7839566773491514,False,False,True,saves/unlearn/tofu/forget01/Llama-2-7b-chat-hf/NPO/lr2e-5_b16_mb4_ga4_e10/checkpoint-18/evals/TOFU_SUMMARY.json,saves/unlearn/tofu/forget01/Llama-2-7b-chat-hf/NPO/lr2e-5_b16_mb4_ga4_e10/checkpoint-18/evals/TOFU_EVAL.json
NPO,forget01,lr2e-5_b16_mb4_ga4_e10,2e-5,16,4,4,10,checkpoint-20,20,0.7659314523482239,0.6018410143663071,0.7268455013632774,0.0634437406772502,0.6764739631957282,,,,0.9726278456942672,True,False,True,saves/unlearn/tofu/forget01/Llama-2-7b-chat-hf/NPO/lr2e-5_b16_mb4_ga4_e10/checkpoint-20/evals/TOFU_SUMMARY.json,saves/unlearn/tofu/forget01/Llama-2-7b-chat-hf/NPO/lr2e-5_b16_mb4_ga4_e10/checkpoint-20/evals/TOFU_EVAL.json
NPO,forget01,lr2e-5_b32_mb8_ga4_e10,2e-5,32,8,4,10,checkpoint-2,2,0.006760732303569208,0.6243160222633467,0.9258785411715508,0.33702258880804803,0.5412594441392803,,,,-0.00037381042288348043,False,False,False,saves/unlearn/tofu/forget01/Llama-2-7b-chat-hf/NPO/lr2e-5_b32_mb8_ga4_e10/checkpoint-2/evals/TOFU_SUMMARY.json,saves/unlearn/tofu/forget01/Llama-2-7b-chat-hf/NPO/lr2e-5_b32_mb8_ga4_e10/checkpoint-2/evals/TOFU_EVAL.json
NPO,forget01,lr2e-5_b32_mb8_ga4_e10,2e-5,32,8,4,10,checkpoint-4,4,0.054141077480362725,0.6182008433385576,0.8067097902297974,0.12810758987436696,0.5903581449929749,,,,0.20493323076683811,False,False,False,saves/unlearn/tofu/forget01/Llama-2-7b-chat-hf/NPO/lr2e-5_b32_mb8_ga4_e10/checkpoint-4/evals/TOFU_SUMMARY.json,saves/unlearn/tofu/forget01/Llama-2-7b-chat-hf/NPO/lr2e-5_b32_mb8_ga4_e10/checkpoint-4/evals/TOFU_EVAL.json
NPO,forget01,lr2e-5_b32_mb8_ga4_e10,2e-5,32,8,4,10,checkpoint-6,6,0.054141077480362725,0.6118396107429378,0.7648146659135818,0.07036503697354649,0.6254556616273031,,,,0.24839083677973633,False,False,False,saves/unlearn/tofu/forget01/Llama-2-7b-chat-hf/NPO/lr2e-5_b32_mb8_ga4_e10/checkpoint-6/evals/TOFU_SUMMARY.json,saves/unlearn/tofu/forget01/Llama-2-7b-chat-hf/NPO/lr2e-5_b32_mb8_ga4_e10/checkpoint-6/evals/TOFU_EVAL.json
NPO,forget01,lr2e-5_b32_mb8_ga4_e10,2e-5,32,8,4,10,checkpoint-8,8,0.054141077480362725,0.6123948720905722,0.7562307834625244,0.07036503697354649,0.6365664131108707,,,,0.25323803935289946,False,False,False,saves/unlearn/tofu/forget01/Llama-2-7b-chat-hf/NPO/lr2e-5_b32_mb8_ga4_e10/checkpoint-8/evals/TOFU_SUMMARY.json,saves/unlearn/tofu/forget01/Llama-2-7b-chat-hf/NPO/lr2e-5_b32_mb8_ga4_e10/checkpoint-8/evals/TOFU_EVAL.json
NPO,forget01,lr2e-5_b32_mb8_ga4_e10,2e-5,32,8,4,10,checkpoint-10,10,0.09707484379785862,0.6116536827750436,0.7547699987888337,0.07036503697354649,0.6380619441954797,,,,0.29616100869171214,True,False,False,saves/unlearn/tofu/forget01/Llama-2-7b-chat-hf/NPO/lr2e-5_b32_mb8_ga4_e10/checkpoint-10/evals/TOFU_SUMMARY.json,saves/unlearn/tofu/forget01/Llama-2-7b-chat-hf/NPO/lr2e-5_b32_mb8_ga4_e10/checkpoint-10/evals/TOFU_EVAL.json
NPO,forget01,lr2e-5_b8_mb4_ga2_e10,2e-5,8,4,2,10,checkpoint-5,5,0.003018184077228396,0.6256365157303633,0.9455573588609696,0.44148483294718444,0.5410739604889426,,,,-0.06486639609648531,False,False,False,saves/unlearn/tofu/forget01/Llama-2-7b-chat-hf/NPO/lr2e-5_b8_mb4_ga2_e10/checkpoint-5/evals/TOFU_SUMMARY.json,saves/unlearn/tofu/forget01/Llama-2-7b-chat-hf/NPO/lr2e-5_b8_mb4_ga2_e10/checkpoint-5/evals/TOFU_EVAL.json
NPO,forget01,lr2e-5_b8_mb4_ga2_e10,2e-5,8,4,2,10,checkpoint-10,10,0.09707484379785862,0.5892587691525739,0.7848644584417344,0.14495741523835065,0.6150198528455021,,,,0.22142267611039,False,False,False,saves/unlearn/tofu/forget01/Llama-2-7b-chat-hf/NPO/lr2e-5_b8_mb4_ga2_e10/checkpoint-10/evals/TOFU_SUMMARY.json,saves/unlearn/tofu/forget01/Llama-2-7b-chat-hf/NPO/lr2e-5_b8_mb4_ga2_e10/checkpoint-10/evals/TOFU_EVAL.json
NPO,forget01,lr2e-5_b8_mb4_ga2_e10,2e-5,8,4,2,10,checkpoint-15,15,0.2656871402817289,0.5862808493580732,0.7391006425023079,0.09445949615201693,0.659601304913836,,,,0.43518792031263975,False,False,False,saves/unlearn/tofu/forget01/Llama-2-7b-chat-hf/NPO/lr2e-5_b8_mb4_ga2_e10/checkpoint-15/evals/TOFU_SUMMARY.json,saves/unlearn/tofu/forget01/Llama-2-7b-chat-hf/NPO/lr2e-5_b8_mb4_ga2_e10/checkpoint-15/evals/TOFU_EVAL.json
NPO,forget01,lr2e-5_b8_mb4_ga2_e10,2e-5,8,4,2,10,checkpoint-20,20,0.404587405685253,0.5957654143339022,0.7363309264183044,0.09329528046574243,0.6790481175073074,,,,0.5855397165771317,False,False,True,saves/unlearn/tofu/forget01/Llama-2-7b-chat-hf/NPO/lr2e-5_b8_mb4_ga2_e10/checkpoint-20/evals/TOFU_SUMMARY.json,saves/unlearn/tofu/forget01/Llama-2-7b-chat-hf/NPO/lr2e-5_b8_mb4_ga2_e10/checkpoint-20/evals/TOFU_EVAL.json
NPO,forget01,lr2e-5_b8_mb4_ga2_e10,2e-5,8,4,2,10,checkpoint-25,25,0.404587405685253,0.6086918653267955,0.7401640877127648,0.07320486530253892,0.6738574147843781,,,,0.6065947945043968,False,False,True,saves/unlearn/tofu/forget01/Llama-2-7b-chat-hf/NPO/lr2e-5_b8_mb4_ga2_e10/checkpoint-25/evals/TOFU_SUMMARY.json,saves/unlearn/tofu/forget01/Llama-2-7b-chat-hf/NPO/lr2e-5_b8_mb4_ga2_e10/checkpoint-25/evals/TOFU_EVAL.json
NPO,forget01,lr2e-5_b8_mb4_ga2_e10,2e-5,8,4,2,10,checkpoint-30,30,0.404587405685253,0.6157758301153503,0.7437711074948311,0.07639635466424104,0.671966109184942,,,,0.6102795047210672,False,False,True,saves/unlearn/tofu/forget01/Llama-2-7b-chat-hf/NPO/lr2e-5_b8_mb4_ga2_e10/checkpoint-30/evals/TOFU_SUMMARY.json,saves/unlearn/tofu/forget01/Llama-2-7b-chat-hf/NPO/lr2e-5_b8_mb4_ga2_e10/checkpoint-30/evals/TOFU_EVAL.json
NPO,forget01,lr2e-5_b8_mb4_ga2_e10,2e-5,8,4,2,10,checkpoint-35,35,0.404587405685253,0.6189487983933633,0.7478167846798897,0.07639635466424104,0.6698978762855502,,,,0.6114296344065508,False,False,True,saves/unlearn/tofu/forget01/Llama-2-7b-chat-hf/NPO/lr2e-5_b8_mb4_ga2_e10/checkpoint-35/evals/TOFU_SUMMARY.json,saves/unlearn/tofu/forget01/Llama-2-7b-chat-hf/NPO/lr2e-5_b8_mb4_ga2_e10/checkpoint-35/evals/TOFU_EVAL.json
NPO,forget01,lr2e-5_b8_mb4_ga2_e10,2e-5,8,4,2,10,checkpoint-40,40,0.5786001416508443,0.6218648445885159,0.7474522799253464,0.07639635466424104,0.6703205750710409,,,,0.7885406689445664,False,False,True,saves/unlearn/tofu/forget01/Llama-2-7b-chat-hf/NPO/lr2e-5_b8_mb4_ga2_e10/checkpoint-40/evals/TOFU_SUMMARY.json,saves/unlearn/tofu/forget01/Llama-2-7b-chat-hf/NPO/lr2e-5_b8_mb4_ga2_e10/checkpoint-40/evals/TOFU_EVAL.json
NPO,forget01,lr2e-5_b8_mb4_ga2_e10,2e-5,8,4,2,10,checkpoint-45,45,0.404587405685253,0.622506596985357,0.7462043538689613,0.06963306964008645,0.6710648238356959,,,,0.619175290916086,False,False,True,saves/unlearn/tofu/forget01/Llama-2-7b-chat-hf/NPO/lr2e-5_b8_mb4_ga2_e10/checkpoint-45/evals/TOFU_SUMMARY.json,saves/unlearn/tofu/forget01/Llama-2-7b-chat-hf/NPO/lr2e-5_b8_mb4_ga2_e10/checkpoint-45/evals/TOFU_EVAL.json
NPO,forget01,lr2e-5_b8_mb4_ga2_e10,2e-5,8,4,2,10,checkpoint-50,50,0.5786001416508443,0.6218556825176234,0.746151226758957,0.06824418075119756,0.6718789504794136,,,,0.7932581204133903,True,False,True,saves/unlearn/tofu/forget01/Llama-2-7b-chat-hf/NPO/lr2e-5_b8_mb4_ga2_e10/checkpoint-50/evals/TOFU_SUMMARY.json,saves/unlearn/tofu/forget01/Llama-2-7b-chat-hf/NPO/lr2e-5_b8_mb4_ga2_e10/checkpoint-50/evals/TOFU_EVAL.json
NPO,forget01,lr5e-5_b16_mb4_ga4_e10,5e-5,16,4,4,10,checkpoint-3,3,0.9188052214121167,0.5696362550190064,0.7034208446741104,0.07866594490640827,0.699183134899237,,,,1.097398081640864,True,True,True,saves/unlearn/tofu/forget01/Llama-2-7b-chat-hf/NPO/lr5e-5_b16_mb4_ga4_e10/checkpoint-3/evals/TOFU_SUMMARY.json,saves/unlearn/tofu/forget01/Llama-2-7b-chat-hf/NPO/lr5e-5_b16_mb4_ga4_e10/checkpoint-3/evals/TOFU_EVAL.json
NPO,forget01,lr5e-5_b16_mb4_ga4_e10,5e-5,16,4,4,10,checkpoint-6,6,0.16497269950224194,0.5806591111556069,0.5592289298772812,0.05182768113635543,0.7023843008963986,,,,0.44010350515103047,False,False,True,saves/unlearn/tofu/forget01/Llama-2-7b-chat-hf/NPO/lr5e-5_b16_mb4_ga4_e10/checkpoint-6/evals/TOFU_SUMMARY.json,saves/unlearn/tofu/forget01/Llama-2-7b-chat-hf/NPO/lr5e-5_b16_mb4_ga4_e10/checkpoint-6/evals/TOFU_EVAL.json
NPO,forget01,lr5e-5_b16_mb4_ga4_e10,5e-5,16,4,4,10,checkpoint-9,9,0.054141077480362725,0.5882460697709723,0.5210588812828064,0.047689254026381,0.6785545311685384,,,,0.3580130795967412,False,False,False,saves/unlearn/tofu/forget01/Llama-2-7b-chat-hf/NPO/lr5e-5_b16_mb4_ga4_e10/checkpoint-9/evals/TOFU_SUMMARY.json,saves/unlearn/tofu/forget01/Llama-2-7b-chat-hf/NPO/lr5e-5_b16_mb4_ga4_e10/checkpoint-9/evals/TOFU_EVAL.json
NPO,forget01,lr5e-5_b16_mb4_ga4_e10,5e-5,16,4,4,10,checkpoint-12,12,0.02860307028023343,0.5926292374494837,0.509148258715868,0.04876416537389873,0.6696920992747893,,,,0.3422760956848338,False,False,False,saves/unlearn/tofu/forget01/Llama-2-7b-chat-hf/NPO/lr5e-5_b16_mb4_ga4_e10/checkpoint-12/evals/TOFU_SUMMARY.json,saves/unlearn/tofu/forget01/Llama-2-7b-chat-hf/NPO/lr5e-5_b16_mb4_ga4_e10/checkpoint-12/evals/TOFU_EVAL.json
NPO,forget01,lr5e-5_b16_mb4_ga4_e10,5e-5,16,4,4,10,checkpoint-15,15,0.01430154804770646,0.5956258053789832,0.5059327490627765,0.04827396929546736,0.667466363509315,,,,0.33282399424756776,False,False,False,saves/unlearn/tofu/forget01/Llama-2-7b-chat-hf/NPO/lr5e-5_b16_mb4_ga4_e10/checkpoint-15/evals/TOFU_SUMMARY.json,saves/unlearn/tofu/forget01/Llama-2-7b-chat-hf/NPO/lr5e-5_b16_mb4_ga4_e10/checkpoint-15/evals/TOFU_EVAL.json
NPO,forget01,lr5e-5_b16_mb4_ga4_e10,5e-5,16,4,4,10,checkpoint-18,18,0.02860307028023343,0.5972799974703776,0.5039640203118324,0.04827396929546736,0.6676132716866852,,,,0.3497640729469612,False,False,False,saves/unlearn/tofu/forget01/Llama-2-7b-chat-hf/NPO/lr5e-5_b16_mb4_ga4_e10/checkpoint-18/evals/TOFU_SUMMARY.json,saves/unlearn/tofu/forget01/Llama-2-7b-chat-hf/NPO/lr5e-5_b16_mb4_ga4_e10/checkpoint-18/evals/TOFU_EVAL.json
NPO,forget01,lr5e-5_b16_mb4_ga4_e10,5e-5,16,4,4,10,checkpoint-20,20,0.01430154804770646,0.5966013505937175,0.5037146843969822,0.04827396929546736,0.6665514555599671,,,,0.33490857179519923,False,False,False,saves/unlearn/tofu/forget01/Llama-2-7b-chat-hf/NPO/lr5e-5_b16_mb4_ga4_e10/checkpoint-20/evals/TOFU_SUMMARY.json,saves/unlearn/tofu/forget01/Llama-2-7b-chat-hf/NPO/lr5e-5_b16_mb4_ga4_e10/checkpoint-20/evals/TOFU_EVAL.json
NPO,forget01,lr5e-5_b32_mb8_ga4_e10,5e-5,32,8,4,10,checkpoint-2,2,0.404587405685253,0.5983708438823173,0.7680744677782059,0.1158530993569262,0.6514521205468944,,,,0.5609944660000041,False,False,True,saves/unlearn/tofu/forget01/Llama-2-7b-chat-hf/NPO/lr5e-5_b32_mb8_ga4_e10/checkpoint-2/evals/TOFU_SUMMARY.json,saves/unlearn/tofu/forget01/Llama-2-7b-chat-hf/NPO/lr5e-5_b32_mb8_ga4_e10/checkpoint-2/evals/TOFU_EVAL.json
NPO,forget01,lr5e-5_b32_mb8_ga4_e10,5e-5,32,8,4,10,checkpoint-4,4,0.7659314523482239,0.5530156024243651,0.6117329612374306,0.03456164300520254,0.7038857540188299,,,,0.9957997526512725,True,False,True,saves/unlearn/tofu/forget01/Llama-2-7b-chat-hf/NPO/lr5e-5_b32_mb8_ga4_e10/checkpoint-4/evals/TOFU_SUMMARY.json,saves/unlearn/tofu/forget01/Llama-2-7b-chat-hf/NPO/lr5e-5_b32_mb8_ga4_e10/checkpoint-4/evals/TOFU_EVAL.json
NPO,forget01,lr5e-5_b32_mb8_ga4_e10,5e-5,32,8,4,10,checkpoint-6,6,0.5786001416508443,0.5654950416512384,0.6109229475259781,0.03635701358904638,0.7301150646934109,,,,0.8204552027445705,False,False,True,saves/unlearn/tofu/forget01/Llama-2-7b-chat-hf/NPO/lr5e-5_b32_mb8_ga4_e10/checkpoint-6/evals/TOFU_SUMMARY.json,saves/unlearn/tofu/forget01/Llama-2-7b-chat-hf/NPO/lr5e-5_b32_mb8_ga4_e10/checkpoint-6/evals/TOFU_EVAL.json
NPO,forget01,lr5e-5_b32_mb8_ga4_e10,5e-5,32,8,4,10,checkpoint-8,8,0.404587405685253,0.5718756857595356,0.6118008822202683,0.04105982453798736,0.7321207513668387,,,,0.6500327380656608,False,False,True,saves/unlearn/tofu/forget01/Llama-2-7b-chat-hf/NPO/lr5e-5_b32_mb8_ga4_e10/checkpoint-8/evals/TOFU_SUMMARY.json,saves/unlearn/tofu/forget01/Llama-2-7b-chat-hf/NPO/lr5e-5_b32_mb8_ga4_e10/checkpoint-8/evals/TOFU_EVAL.json
NPO,forget01,lr5e-5_b32_mb8_ga4_e10,5e-5,32,8,4,10,checkpoint-10,10,0.404587405685253,0.5720394292170262,0.6155460059642792,0.04227933673310931,0.7282288134978632,,,,0.6477141635535849,False,False,True,saves/unlearn/tofu/forget01/Llama-2-7b-chat-hf/NPO/lr5e-5_b32_mb8_ga4_e10/checkpoint-10/evals/TOFU_SUMMARY.json,saves/unlearn/tofu/forget01/Llama-2-7b-chat-hf/NPO/lr5e-5_b32_mb8_ga4_e10/checkpoint-10/evals/TOFU_EVAL.json
NPO,forget01,lr5e-5_b8_mb4_ga2_e10,5e-5,8,4,2,10,checkpoint-5,5,0.7659314523482239,0.5612150002023583,0.7604261547327041,0.1503356466777828,0.6706325873170285,,,,0.8717655518453388,True,False,True,saves/unlearn/tofu/forget01/Llama-2-7b-chat-hf/NPO/lr5e-5_b8_mb4_ga2_e10/checkpoint-5/evals/TOFU_SUMMARY.json,saves/unlearn/tofu/forget01/Llama-2-7b-chat-hf/NPO/lr5e-5_b8_mb4_ga2_e10/checkpoint-5/evals/TOFU_EVAL.json
NPO,forget01,lr5e-5_b8_mb4_ga2_e10,5e-5,8,4,2,10,checkpoint-10,10,0.2656871402817289,0.5251173380537313,0.5782921232283116,0.04859101535084287,0.7094744025533993,,,,0.47736290904588297,False,False,True,saves/unlearn/tofu/forget01/Llama-2-7b-chat-hf/NPO/lr5e-5_b8_mb4_ga2_e10/checkpoint-10/evals/TOFU_SUMMARY.json,saves/unlearn/tofu/forget01/Llama-2-7b-chat-hf/NPO/lr5e-5_b8_mb4_ga2_e10/checkpoint-10/evals/TOFU_EVAL.json
NPO,forget01,lr5e-5_b8_mb4_ga2_e10,5e-5,8,4,2,10,checkpoint-15,15,0.09707484379785862,0.5379791686121995,0.5684566736221314,0.04498675486674493,0.6883876636489181,,,,0.32833229816561993,False,False,False,saves/unlearn/tofu/forget01/Llama-2-7b-chat-hf/NPO/lr5e-5_b8_mb4_ga2_e10/checkpoint-15/evals/TOFU_SUMMARY.json,saves/unlearn/tofu/forget01/Llama-2-7b-chat-hf/NPO/lr5e-5_b8_mb4_ga2_e10/checkpoint-15/evals/TOFU_EVAL.json
NPO,forget01,lr5e-5_b8_mb4_ga2_e10,5e-5,8,4,2,10,checkpoint-20,20,0.09707484379785862,0.5498607784419473,0.5535766758024693,0.0444643485318386,0.6823547717876371,,,,0.3479151100726519,False,False,False,saves/unlearn/tofu/forget01/Llama-2-7b-chat-hf/NPO/lr5e-5_b8_mb4_ga2_e10/checkpoint-20/evals/TOFU_SUMMARY.json,saves/unlearn/tofu/forget01/Llama-2-7b-chat-hf/NPO/lr5e-5_b8_mb4_ga2_e10/checkpoint-20/evals/TOFU_EVAL.json
NPO,forget01,lr5e-5_b8_mb4_ga2_e10,5e-5,8,4,2,10,checkpoint-25,25,0.09707484379785862,0.5493173571129599,0.5478961527347564,0.043538422605912674,0.6839662242832988,,,,0.35067491324048394,False,False,False,saves/unlearn/tofu/forget01/Llama-2-7b-chat-hf/NPO/lr5e-5_b8_mb4_ga2_e10/checkpoint-25/evals/TOFU_SUMMARY.json,saves/unlearn/tofu/forget01/Llama-2-7b-chat-hf/NPO/lr5e-5_b8_mb4_ga2_e10/checkpoint-25/evals/TOFU_EVAL.json
NPO,forget01,lr5e-5_b8_mb4_ga2_e10,5e-5,8,4,2,10,checkpoint-30,30,0.16497269950224194,0.5481623014363342,0.5472561784088612,0.044608344987310464,0.6825092908371808,,,,0.41720273924049023,False,False,False,saves/unlearn/tofu/forget01/Llama-2-7b-chat-hf/NPO/lr5e-5_b8_mb4_ga2_e10/checkpoint-30/evals/TOFU_SUMMARY.json,saves/unlearn/tofu/forget01/Llama-2-7b-chat-hf/NPO/lr5e-5_b8_mb4_ga2_e10/checkpoint-30/evals/TOFU_EVAL.json
NPO,forget01,lr5e-5_b8_mb4_ga2_e10,5e-5,8,4,2,10,checkpoint-35,35,0.16497269950224194,0.5492466828590794,0.5461583279073239,0.04764103341569851,0.6838614795982438,,,,0.41731970169981014,False,False,False,saves/unlearn/tofu/forget01/Llama-2-7b-chat-hf/NPO/lr5e-5_b8_mb4_ga2_e10/checkpoint-35/evals/TOFU_SUMMARY.json,saves/unlearn/tofu/forget01/Llama-2-7b-chat-hf/NPO/lr5e-5_b8_mb4_ga2_e10/checkpoint-35/evals/TOFU_EVAL.json
NPO,forget01,lr5e-5_b8_mb4_ga2_e10,5e-5,8,4,2,10,checkpoint-40,40,0.16497269950224194,0.551586405440304,0.5414955914020538,0.046569401598100794,0.682458992653568,,,,0.42252660844246864,False,False,False,saves/unlearn/tofu/forget01/Llama-2-7b-chat-hf/NPO/lr5e-5_b8_mb4_ga2_e10/checkpoint-40/evals/TOFU_SUMMARY.json,saves/unlearn/tofu/forget01/Llama-2-7b-chat-hf/NPO/lr5e-5_b8_mb4_ga2_e10/checkpoint-40/evals/TOFU_EVAL.json
NPO,forget01,lr5e-5_b8_mb4_ga2_e10,5e-5,8,4,2,10,checkpoint-45,45,0.16497269950224194,0.5530893178107565,0.5440304845571518,0.04870486320293255,0.683082815455774,,,,0.4216943434329563,False,False,False,saves/unlearn/tofu/forget01/Llama-2-7b-chat-hf/NPO/lr5e-5_b8_mb4_ga2_e10/checkpoint-45/evals/TOFU_SUMMARY.json,saves/unlearn/tofu/forget01/Llama-2-7b-chat-hf/NPO/lr5e-5_b8_mb4_ga2_e10/checkpoint-45/evals/TOFU_EVAL.json
NPO,forget01,lr5e-5_b8_mb4_ga2_e10,5e-5,8,4,2,10,checkpoint-50,50,0.16497269950224194,0.5538939368116932,0.5436573445796966,0.047885191071785,0.6822183015513308,,,,0.4230953684881943,False,False,False,saves/unlearn/tofu/forget01/Llama-2-7b-chat-hf/NPO/lr5e-5_b8_mb4_ga2_e10/checkpoint-50/evals/TOFU_SUMMARY.json,saves/unlearn/tofu/forget01/Llama-2-7b-chat-hf/NPO/lr5e-5_b8_mb4_ga2_e10/checkpoint-50/evals/TOFU_EVAL.json
NPO,forget05,lr1e-4_b16_mb4_ga4_e10,1e-4,16,4,4,10,checkpoint-13,13,0.0878382826713132,0.47372225706058263,0.5215600121021271,0.04039967965278474,0.712639337736602,,,,0.28058069385443984,True,False,False,saves/unlearn/tofu/forget05/Llama-2-7b-chat-hf/NPO/lr1e-4_b16_mb4_ga4_e10/checkpoint-13/evals/TOFU_SUMMARY.json,saves/unlearn/tofu/forget05/Llama-2-7b-chat-hf/NPO/lr1e-4_b16_mb4_ga4_e10/checkpoint-13/evals/TOFU_EVAL.json
NPO,forget05,lr1e-4_b16_mb4_ga4_e10,1e-4,16,4,4,10,checkpoint-26,26,0.0004306111484986726,0.43328366617244646,0.4944951393455267,0.05013504385603259,0.7167780361932634,,,,0.1613991857201655,False,False,False,saves/unlearn/tofu/forget05/Llama-2-7b-chat-hf/NPO/lr1e-4_b16_mb4_ga4_e10/checkpoint-26/evals/TOFU_SUMMARY.json,saves/unlearn/tofu/forget05/Llama-2-7b-chat-hf/NPO/lr1e-4_b16_mb4_ga4_e10/checkpoint-26/evals/TOFU_EVAL.json
NPO,forget05,lr1e-4_b16_mb4_ga4_e10,1e-4,16,4,4,10,checkpoint-39,39,0.0002829222008740643,0.4590214089615053,0.5107354673743248,0.04863980655224058,0.7211850126547356,,,,0.17961669419909662,False,False,False,saves/unlearn/tofu/forget05/Llama-2-7b-chat-hf/NPO/lr1e-4_b16_mb4_ga4_e10/checkpoint-39/evals/TOFU_SUMMARY.json,saves/unlearn/tofu/forget05/Llama-2-7b-chat-hf/NPO/lr1e-4_b16_mb4_ga4_e10/checkpoint-39/evals/TOFU_EVAL.json
NPO,forget05,lr1e-4_b16_mb4_ga4_e10,1e-4,16,4,4,10,checkpoint-52,52,1.8266119303942767e-05,0.4769051916852706,0.5104075625538826,0.046574440948833555,0.7236516708278665,,,,0.19843245605321647,False,False,False,saves/unlearn/tofu/forget05/Llama-2-7b-chat-hf/NPO/lr1e-4_b16_mb4_ga4_e10/checkpoint-52/evals/TOFU_SUMMARY.json,saves/unlearn/tofu/forget05/Llama-2-7b-chat-hf/NPO/lr1e-4_b16_mb4_ga4_e10/checkpoint-52/evals/TOFU_EVAL.json
NPO,forget05,lr1e-4_b16_mb4_ga4_e10,1e-4,16,4,4,10,checkpoint-65,65,0.0002829222008740643,0.4685555677471572,0.504575045183301,0.04564000695461916,0.7181858070927052,,,,0.19373096387907116,False,False,False,saves/unlearn/tofu/forget05/Llama-2-7b-chat-hf/NPO/lr1e-4_b16_mb4_ga4_e10/checkpoint-65/evals/TOFU_SUMMARY.json,saves/unlearn/tofu/forget05/Llama-2-7b-chat-hf/NPO/lr1e-4_b16_mb4_ga4_e10/checkpoint-65/evals/TOFU_EVAL.json
NPO,forget05,lr1e-4_b16_mb4_ga4_e10,1e-4,16,4,4,10,checkpoint-78,78,0.0014264303851701861,0.4799581580706752,0.5160286659002304,0.0497762573867968,0.7146045760476288,,,,0.1984821268123318,False,False,False,saves/unlearn/tofu/forget05/Llama-2-7b-chat-hf/NPO/lr1e-4_b16_mb4_ga4_e10/checkpoint-78/evals/TOFU_SUMMARY.json,saves/unlearn/tofu/forget05/Llama-2-7b-chat-hf/NPO/lr1e-4_b16_mb4_ga4_e10/checkpoint-78/evals/TOFU_EVAL.json
NPO,forget05,lr1e-4_b16_mb4_ga4_e10,1e-4,16,4,4,10,checkpoint-91,91,0.0020827633834865906,0.48578544354859854,0.5150286228954792,0.04834315829546625,0.7079254325552113,,,,0.20618231633661235,False,False,False,saves/unlearn/tofu/forget05/Llama-2-7b-chat-hf/NPO/lr1e-4_b16_mb4_ga4_e10/checkpoint-91/evals/TOFU_SUMMARY.json,saves/unlearn/tofu/forget05/Llama-2-7b-chat-hf/NPO/lr1e-4_b16_mb4_ga4_e10/checkpoint-91/evals/TOFU_EVAL.json
NPO,forget05,lr1e-4_b16_mb4_ga4_e10,1e-4,16,4,4,10,checkpoint-104,104,0.0020827633834865906,0.49064137256652784,0.511692361459136,0.050188760887820365,0.7050158835213661,,,,0.21178357477653623,False,False,False,saves/unlearn/tofu/forget05/Llama-2-7b-chat-hf/NPO/lr1e-4_b16_mb4_ga4_e10/checkpoint-104/evals/TOFU_SUMMARY.json,saves/unlearn/tofu/forget05/Llama-2-7b-chat-hf/NPO/lr1e-4_b16_mb4_ga4_e10/checkpoint-104/evals/TOFU_EVAL.json
NPO,forget05,lr1e-4_b16_mb4_ga4_e10,1e-4,16,4,4,10,checkpoint-117,117,0.0030098470801667434,0.4924075663591064,0.5113520841300487,0.04904834028145548,0.7052200607609066,,,,0.21521720123352098,False,False,False,saves/unlearn/tofu/forget05/Llama-2-7b-chat-hf/NPO/lr1e-4_b16_mb4_ga4_e10/checkpoint-117/evals/TOFU_SUMMARY.json,saves/unlearn/tofu/forget05/Llama-2-7b-chat-hf/NPO/lr1e-4_b16_mb4_ga4_e10/checkpoint-117/evals/TOFU_EVAL.json
NPO,forget05,lr1e-4_b16_mb4_ga4_e10,1e-4,16,4,4,10,checkpoint-120,120,0.0020827633834865906,0.4919609162062767,0.5109870436787606,0.04904834028145548,0.7053816934477365,,,,0.21402598760965522,False,False,False,saves/unlearn/tofu/forget05/Llama-2-7b-chat-hf/NPO/lr1e-4_b16_mb4_ga4_e10/checkpoint-120/evals/TOFU_SUMMARY.json,saves/unlearn/tofu/forget05/Llama-2-7b-chat-hf/NPO/lr1e-4_b16_mb4_ga4_e10/checkpoint-120/evals/TOFU_EVAL.json
NPO,forget05,lr1e-4_b32_mb8_ga4_e10,1e-4,32,8,4,10,checkpoint-7,7,0.03956202584899502,0.3600840363598997,0.5020190517604352,0.0538182529399506,0.7635614982559917,,,,0.12172740985870188,False,False,False,saves/unlearn/tofu/forget05/Llama-2-7b-chat-hf/NPO/lr1e-4_b32_mb8_ga4_e10/checkpoint-7/evals/TOFU_SUMMARY.json,saves/unlearn/tofu/forget05/Llama-2-7b-chat-hf/NPO/lr1e-4_b32_mb8_ga4_e10/checkpoint-7/evals/TOFU_EVAL.json
NPO,forget05,lr1e-4_b32_mb8_ga4_e10,1e-4,32,8,4,10,checkpoint-14,14,0.006094418258803505,0.4803607506989601,0.4697092126496136,0.044836986719052,0.6837800652882811,,,,0.22918206927343082,False,False,False,saves/unlearn/tofu/forget05/Llama-2-7b-chat-hf/NPO/lr1e-4_b32_mb8_ga4_e10/checkpoint-14/evals/TOFU_SUMMARY.json,saves/unlearn/tofu/forget05/Llama-2-7b-chat-hf/NPO/lr1e-4_b32_mb8_ga4_e10/checkpoint-14/evals/TOFU_EVAL.json
NPO,forget05,lr1e-4_b32_mb8_ga4_e10,1e-4,32,8,4,10,checkpoint-21,21,0.0030098470801667434,0.507308649807071,0.47435272607952356,0.04257405213148758,0.6815609579767166,,,,0.2518551077817322,False,False,False,saves/unlearn/tofu/forget05/Llama-2-7b-chat-hf/NPO/lr1e-4_b32_mb8_ga4_e10/checkpoint-21/evals/TOFU_SUMMARY.json,saves/unlearn/tofu/forget05/Llama-2-7b-chat-hf/NPO/lr1e-4_b32_mb8_ga4_e10/checkpoint-21/evals/TOFU_EVAL.json
NPO,forget05,lr1e-4_b32_mb8_ga4_e10,1e-4,32,8,4,10,checkpoint-28,28,0.0020827633834865906,0.5006785265752617,0.47300503734499216,0.046923807196912984,0.6933446326811338,,,,0.2427968676877957,False,False,False,saves/unlearn/tofu/forget05/Llama-2-7b-chat-hf/NPO/lr1e-4_b32_mb8_ga4_e10/checkpoint-28/evals/TOFU_SUMMARY.json,saves/unlearn/tofu/forget05/Llama-2-7b-chat-hf/NPO/lr1e-4_b32_mb8_ga4_e10/checkpoint-28/evals/TOFU_EVAL.json
NPO,forget05,lr1e-4_b32_mb8_ga4_e10,1e-4,32,8,4,10,checkpoint-35,35,0.006094418258803505,0.5033304988419002,0.4629485284164548,0.0438846121399636,0.6823889832011139,,,,0.2560083468224945,False,False,False,saves/unlearn/tofu/forget05/Llama-2-7b-chat-hf/NPO/lr1e-4_b32_mb8_ga4_e10/checkpoint-35/evals/TOFU_SUMMARY.json,saves/unlearn/tofu/forget05/Llama-2-7b-chat-hf/NPO/lr1e-4_b32_mb8_ga4_e10/checkpoint-35/evals/TOFU_EVAL.json
NPO,forget05,lr1e-4_b32_mb8_ga4_e10,1e-4,32,8,4,10,checkpoint-42,42,0.016258459276759563,0.5036716702280025,0.4684471048042178,0.04472096141981712,0.6750684608283156,,,,0.2633460963927446,False,False,False,saves/unlearn/tofu/forget05/Llama-2-7b-chat-hf/NPO/lr1e-4_b32_mb8_ga4_e10/checkpoint-42/evals/TOFU_SUMMARY.json,saves/unlearn/tofu/forget05/Llama-2-7b-chat-hf/NPO/lr1e-4_b32_mb8_ga4_e10/checkpoint-42/evals/TOFU_EVAL.json
NPO,forget05,lr1e-4_b32_mb8_ga4_e10,1e-4,32,8,4,10,checkpoint-49,49,0.0220923622208589,0.5089582872266651,0.4732515676319599,0.045097873948638616,0.6734321663919038,,,,0.2718759286572247,True,False,False,saves/unlearn/tofu/forget05/Llama-2-7b-chat-hf/NPO/lr1e-4_b32_mb8_ga4_e10/checkpoint-49/evals/TOFU_SUMMARY.json,saves/unlearn/tofu/forget05/Llama-2-7b-chat-hf/NPO/lr1e-4_b32_mb8_ga4_e10/checkpoint-49/evals/TOFU_EVAL.json
NPO,forget05,lr1e-4_b32_mb8_ga4_e10,1e-4,32,8,4,10,checkpoint-56,56,0.016258459276759563,0.5097887101189915,0.4744225660711527,0.044950642356641854,0.6745828356955929,,,,0.26636056518185386,False,False,False,saves/unlearn/tofu/forget05/Llama-2-7b-chat-hf/NPO/lr1e-4_b32_mb8_ga4_e10/checkpoint-56/evals/TOFU_SUMMARY.json,saves/unlearn/tofu/forget05/Llama-2-7b-chat-hf/NPO/lr1e-4_b32_mb8_ga4_e10/checkpoint-56/evals/TOFU_EVAL.json
NPO,forget05,lr1e-4_b32_mb8_ga4_e10,1e-4,32,8,4,10,checkpoint-60,60,0.016258459276759563,0.5096176166908308,0.4742567518353462,0.04504868157232813,0.6748356930141622,,,,0.2662233592637533,False,False,False,saves/unlearn/tofu/forget05/Llama-2-7b-chat-hf/NPO/lr1e-4_b32_mb8_ga4_e10/checkpoint-60/evals/TOFU_SUMMARY.json,saves/unlearn/tofu/forget05/Llama-2-7b-chat-hf/NPO/lr1e-4_b32_mb8_ga4_e10/checkpoint-60/evals/TOFU_EVAL.json
NPO,forget05,lr1e-4_b8_mb4_ga2_e10,1e-4,8,4,2,10,checkpoint-25,25,0.0220923622208589,0.4850808462312499,0.5239326693117619,0.05355115528460663,0.7181353595390602,,,,0.21843129615392454,False,False,False,saves/unlearn/tofu/forget05/Llama-2-7b-chat-hf/NPO/lr1e-4_b8_mb4_ga2_e10/checkpoint-25/evals/TOFU_SUMMARY.json,saves/unlearn/tofu/forget05/Llama-2-7b-chat-hf/NPO/lr1e-4_b8_mb4_ga2_e10/checkpoint-25/evals/TOFU_EVAL.json
NPO,forget05,lr1e-4_b8_mb4_ga2_e10,1e-4,8,4,2,10,checkpoint-50,50,0.0002829222008740643,0.41118354190591766,0.5015457060188055,0.047958212321526104,0.7306809019841018,,,,0.1367145049366259,False,False,False,saves/unlearn/tofu/forget05/Llama-2-7b-chat-hf/NPO/lr1e-4_b8_mb4_ga2_e10/checkpoint-50/evals/TOFU_SUMMARY.json,saves/unlearn/tofu/forget05/Llama-2-7b-chat-hf/NPO/lr1e-4_b8_mb4_ga2_e10/checkpoint-50/evals/TOFU_EVAL.json
NPO,forget05,lr1e-4_b8_mb4_ga2_e10,1e-4,8,4,2,10,checkpoint-75,75,0.000648608042418048,0.4056540240007633,0.5092884691804648,0.045815862713902034,0.7326116799810619,,,,0.12875046609599794,False,False,False,saves/unlearn/tofu/forget05/Llama-2-7b-chat-hf/NPO/lr1e-4_b8_mb4_ga2_e10/checkpoint-75/evals/TOFU_SUMMARY.json,saves/unlearn/tofu/forget05/Llama-2-7b-chat-hf/NPO/lr1e-4_b8_mb4_ga2_e10/checkpoint-75/evals/TOFU_EVAL.json
NPO,forget05,lr1e-4_b8_mb4_ga2_e10,1e-4,8,4,2,10,checkpoint-100,100,0.004304993380033157,0.4186530151911612,0.4959050437062979,0.045789803079889405,0.7275788880920853,,,,0.15211058517810072,False,False,False,saves/unlearn/tofu/forget05/Llama-2-7b-chat-hf/NPO/lr1e-4_b8_mb4_ga2_e10/checkpoint-100/evals/TOFU_SUMMARY.json,saves/unlearn/tofu/forget05/Llama-2-7b-chat-hf/NPO/lr1e-4_b8_mb4_ga2_e10/checkpoint-100/evals/TOFU_EVAL.json
NPO,forget05,lr1e-4_b8_mb4_ga2_e10,1e-4,8,4,2,10,checkpoint-125,125,0.052139087188847716,0.4129011856701601,0.4972762967646122,0.04837373162408962,0.7219696954796353,,,,0.1922152586646569,False,False,False,saves/unlearn/tofu/forget05/Llama-2-7b-chat-hf/NPO/lr1e-4_b8_mb4_ga2_e10/checkpoint-125/evals/TOFU_SUMMARY.json,saves/unlearn/tofu/forget05/Llama-2-7b-chat-hf/NPO/lr1e-4_b8_mb4_ga2_e10/checkpoint-125/evals/TOFU_EVAL.json
NPO,forget05,lr1e-4_b8_mb4_ga2_e10,1e-4,8,4,2,10,checkpoint-150,150,0.0297148244707607,0.45685683677881833,0.4889614224433899,0.04994010109756134,0.7100796788081769,,,,0.21712089947910337,False,False,False,saves/unlearn/tofu/forget05/Llama-2-7b-chat-hf/NPO/lr1e-4_b8_mb4_ga2_e10/checkpoint-150/evals/TOFU_SUMMARY.json,saves/unlearn/tofu/forget05/Llama-2-7b-chat-hf/NPO/lr1e-4_b8_mb4_ga2_e10/checkpoint-150/evals/TOFU_EVAL.json
NPO,forget05,lr1e-4_b8_mb4_ga2_e10,1e-4,8,4,2,10,checkpoint-175,175,0.06801920461119272,0.4677030554776458,0.48604873422533273,0.04696202045031812,0.7026734292825293,,,,0.269216882751013,False,False,False,saves/unlearn/tofu/forget05/Llama-2-7b-chat-hf/NPO/lr1e-4_b8_mb4_ga2_e10/checkpoint-175/evals/TOFU_SUMMARY.json,saves/unlearn/tofu/forget05/Llama-2-7b-chat-hf/NPO/lr1e-4_b8_mb4_ga2_e10/checkpoint-175/evals/TOFU_EVAL.json
NPO,forget05,lr1e-4_b8_mb4_ga2_e10,1e-4,8,4,2,10,checkpoint-200,200,0.06801920461119272,0.4682819152523769,0.4806802474800497,0.048403170557191365,0.7001193914260142,,,,0.2717594108449491,False,False,False,saves/unlearn/tofu/forget05/Llama-2-7b-chat-hf/NPO/lr1e-4_b8_mb4_ga2_e10/checkpoint-200/evals/TOFU_SUMMARY.json,saves/unlearn/tofu/forget05/Llama-2-7b-chat-hf/NPO/lr1e-4_b8_mb4_ga2_e10/checkpoint-200/evals/TOFU_EVAL.json
NPO,forget05,lr1e-4_b8_mb4_ga2_e10,1e-4,8,4,2,10,checkpoint-225,225,0.0878382826713132,0.4809772407231333,0.4819711545202881,0.050239660456181265,0.6957576881385951,,,,0.3027101159062119,True,False,False,saves/unlearn/tofu/forget05/Llama-2-7b-chat-hf/NPO/lr1e-4_b8_mb4_ga2_e10/checkpoint-225/evals/TOFU_SUMMARY.json,saves/unlearn/tofu/forget05/Llama-2-7b-chat-hf/NPO/lr1e-4_b8_mb4_ga2_e10/checkpoint-225/evals/TOFU_EVAL.json
NPO,forget05,lr1e-4_b8_mb4_ga2_e10,1e-4,8,4,2,10,checkpoint-250,250,0.06801920461119272,0.48158258713525465,0.4803944286424667,0.04954146225798307,0.6942324742859833,,,,0.28463384629622257,False,False,False,saves/unlearn/tofu/forget05/Llama-2-7b-chat-hf/NPO/lr1e-4_b8_mb4_ga2_e10/checkpoint-250/evals/TOFU_SUMMARY.json,saves/unlearn/tofu/forget05/Llama-2-7b-chat-hf/NPO/lr1e-4_b8_mb4_ga2_e10/checkpoint-250/evals/TOFU_EVAL.json
NPO,forget05,lr1e-5_b16_mb4_ga4_e10,1e-5,16,4,4,10,checkpoint-13,13,5.86730162802883e-14,0.6298494667275942,0.9901877841353417,0.8750706100613709,0.5186522575120083,,,,-0.30277973037070344,False,False,False,saves/unlearn/tofu/forget05/Llama-2-7b-chat-hf/NPO/lr1e-5_b16_mb4_ga4_e10/checkpoint-13/evals/TOFU_SUMMARY.json,saves/unlearn/tofu/forget05/Llama-2-7b-chat-hf/NPO/lr1e-5_b16_mb4_ga4_e10/checkpoint-13/evals/TOFU_EVAL.json
NPO,forget05,lr1e-5_b16_mb4_ga4_e10,1e-5,16,4,4,10,checkpoint-26,26,2.9623487356936016e-13,0.6129073995221646,0.9695499470829964,0.653953332469134,0.529645135775695,,,,-0.19884424025360442,False,False,False,saves/unlearn/tofu/forget05/Llama-2-7b-chat-hf/NPO/lr1e-5_b16_mb4_ga4_e10/checkpoint-26/evals/TOFU_SUMMARY.json,saves/unlearn/tofu/forget05/Llama-2-7b-chat-hf/NPO/lr1e-5_b16_mb4_ga4_e10/checkpoint-26/evals/TOFU_EVAL.json
NPO,forget05,lr1e-5_b16_mb4_ga4_e10,1e-5,16,4,4,10,checkpoint-39,39,2.9623487356936016e-13,0.57292712221992,0.9600138369202614,0.5437772948688779,0.5367203239344829,,,,-0.17896844367435344,False,False,False,saves/unlearn/tofu/forget05/Llama-2-7b-chat-hf/NPO/lr1e-5_b16_mb4_ga4_e10/checkpoint-39/evals/TOFU_SUMMARY.json,saves/unlearn/tofu/forget05/Llama-2-7b-chat-hf/NPO/lr1e-5_b16_mb4_ga4_e10/checkpoint-39/evals/TOFU_EVAL.json
NPO,forget05,lr1e-5_b16_mb4_ga4_e10,1e-5,16,4,4,10,checkpoint-52,52,6.540866008411473e-13,0.5570689570062034,0.9472659027576447,0.4604292362815039,0.5375517342146755,,,,-0.14677861251271684,False,False,False,saves/unlearn/tofu/forget05/Llama-2-7b-chat-hf/NPO/lr1e-5_b16_mb4_ga4_e10/checkpoint-52/evals/TOFU_SUMMARY.json,saves/unlearn/tofu/forget05/Llama-2-7b-chat-hf/NPO/lr1e-5_b16_mb4_ga4_e10/checkpoint-52/evals/TOFU_EVAL.json
NPO,forget05,lr1e-5_b16_mb4_ga4_e10,1e-5,16,4,4,10,checkpoint-65,65,6.540866008411473e-13,0.5599825644055447,0.9348449847102165,0.4187716747395702,0.5393124835503363,,,,-0.1168257653186946,False,False,False,saves/unlearn/tofu/forget05/Llama-2-7b-chat-hf/NPO/lr1e-5_b16_mb4_ga4_e10/checkpoint-65/evals/TOFU_SUMMARY.json,saves/unlearn/tofu/forget05/Llama-2-7b-chat-hf/NPO/lr1e-5_b16_mb4_ga4_e10/checkpoint-65/evals/TOFU_EVAL.json
NPO,forget05,lr1e-5_b16_mb4_ga4_e10,1e-5,16,4,4,10,checkpoint-78,78,1.4275699621532978e-12,0.5593145935786307,0.9288266459107399,0.39416215528005927,0.5409542636102972,,,,-0.1021798070153414,False,False,False,saves/unlearn/tofu/forget05/Llama-2-7b-chat-hf/NPO/lr1e-5_b16_mb4_ga4_e10/checkpoint-78/evals/TOFU_SUMMARY.json,saves/unlearn/tofu/forget05/Llama-2-7b-chat-hf/NPO/lr1e-5_b16_mb4_ga4_e10/checkpoint-78/evals/TOFU_EVAL.json
NPO,forget05,lr1e-5_b16_mb4_ga4_e10,1e-5,16,4,4,10,checkpoint-91,91,5.951062636424447e-11,0.5627805176451574,0.925177119076252,0.3863206706670884,0.5465009304647515,,,,-0.09296837716700224,False,False,False,saves/unlearn/tofu/forget05/Llama-2-7b-chat-hf/NPO/lr1e-5_b16_mb4_ga4_e10/checkpoint-91/evals/TOFU_SUMMARY.json,saves/unlearn/tofu/forget05/Llama-2-7b-chat-hf/NPO/lr1e-5_b16_mb4_ga4_e10/checkpoint-91/evals/TOFU_EVAL.json
NPO,forget05,lr1e-5_b16_mb4_ga4_e10,1e-5,16,4,4,10,checkpoint-104,104,2.8873674273022313e-11,0.5640457252841692,0.9226588171720504,0.3793986302466887,0.5459521080160495,,,,-0.0869829983963267,False,False,False,saves/unlearn/tofu/forget05/Llama-2-7b-chat-hf/NPO/lr1e-5_b16_mb4_ga4_e10/checkpoint-104/evals/TOFU_SUMMARY.json,saves/unlearn/tofu/forget05/Llama-2-7b-chat-hf/NPO/lr1e-5_b16_mb4_ga4_e10/checkpoint-104/evals/TOFU_EVAL.json
NPO,forget05,lr1e-5_b16_mb4_ga4_e10,1e-5,16,4,4,10,checkpoint-117,117,2.8873674273022313e-11,0.5646966767314555,0.9223720476031303,0.3735695629876011,0.5454975212488398,,,,-0.08327412853503649,False,False,False,saves/unlearn/tofu/forget05/Llama-2-7b-chat-hf/NPO/lr1e-5_b16_mb4_ga4_e10/checkpoint-117/evals/TOFU_SUMMARY.json,saves/unlearn/tofu/forget05/Llama-2-7b-chat-hf/NPO/lr1e-5_b16_mb4_ga4_e10/checkpoint-117/evals/TOFU_EVAL.json
NPO,forget05,lr1e-5_b16_mb4_ga4_e10,1e-5,16,4,4,10,checkpoint-120,120,6.5689645859369454e-12,0.563760031397328,0.9221331766247749,0.3703918261189168,0.5455966620229616,,,,-0.08250246996794888,True,False,False,saves/unlearn/tofu/forget05/Llama-2-7b-chat-hf/NPO/lr1e-5_b16_mb4_ga4_e10/checkpoint-120/evals/TOFU_SUMMARY.json,saves/unlearn/tofu/forget05/Llama-2-7b-chat-hf/NPO/lr1e-5_b16_mb4_ga4_e10/checkpoint-120/evals/TOFU_EVAL.json
NPO,forget05,lr1e-5_b32_mb8_ga4_e10,1e-5,32,8,4,10,checkpoint-7,7,5.86730162802883e-14,0.6297635976706015,0.9904701283574104,0.8789146643021724,0.5161893981569476,,,,-0.30492879865913125,False,False,False,saves/unlearn/tofu/forget05/Llama-2-7b-chat-hf/NPO/lr1e-5_b32_mb8_ga4_e10/checkpoint-7/evals/TOFU_SUMMARY.json,saves/unlearn/tofu/forget05/Llama-2-7b-chat-hf/NPO/lr1e-5_b32_mb8_ga4_e10/checkpoint-7/evals/TOFU_EVAL.json
NPO,forget05,lr1e-5_b32_mb8_ga4_e10,1e-5,32,8,4,10,checkpoint-14,14,1.3261055712130201e-13,0.6248706811668601,0.9747956219315529,0.7092874643337188,0.5234769242440807,,,,-0.21717086196564322,False,False,False,saves/unlearn/tofu/forget05/Llama-2-7b-chat-hf/NPO/lr1e-5_b32_mb8_ga4_e10/checkpoint-14/evals/TOFU_SUMMARY.json,saves/unlearn/tofu/forget05/Llama-2-7b-chat-hf/NPO/lr1e-5_b32_mb8_ga4_e10/checkpoint-14/evals/TOFU_EVAL.json
NPO,forget05,lr1e-5_b32_mb8_ga4_e10,1e-5,32,8,4,10,checkpoint-21,21,6.540866008411473e-13,0.6182971212874827,0.9588054201006889,0.5945315860697107,0.5275774707399763,,,,-0.15837138179706306,False,False,False,saves/unlearn/tofu/forget05/Llama-2-7b-chat-hf/NPO/lr1e-5_b32_mb8_ga4_e10/checkpoint-21/evals/TOFU_SUMMARY.json,saves/unlearn/tofu/forget05/Llama-2-7b-chat-hf/NPO/lr1e-5_b32_mb8_ga4_e10/checkpoint-21/evals/TOFU_EVAL.json
NPO,forget05,lr1e-5_b32_mb8_ga4_e10,1e-5,32,8,4,10,checkpoint-28,28,1.4275699621532978e-12,0.6012798903435227,0.9498881760239601,0.5106973035305068,0.5288418757737439,,,,-0.12901284943228325,False,False,False,saves/unlearn/tofu/forget05/Llama-2-7b-chat-hf/NPO/lr1e-5_b32_mb8_ga4_e10/checkpoint-28/evals/TOFU_SUMMARY.json,saves/unlearn/tofu/forget05/Llama-2-7b-chat-hf/NPO/lr1e-5_b32_mb8_ga4_e10/checkpoint-28/evals/TOFU_EVAL.json
NPO,forget05,lr1e-5_b32_mb8_ga4_e10,1e-5,32,8,4,10,checkpoint-35,35,1.4275699621532978e-12,0.5858501437276746,0.9443987089395524,0.45579236260649514,0.5333867959392791,,,,-0.11424539204392159,False,False,False,saves/unlearn/tofu/forget05/Llama-2-7b-chat-hf/NPO/lr1e-5_b32_mb8_ga4_e10/checkpoint-35/evals/TOFU_SUMMARY.json,saves/unlearn/tofu/forget05/Llama-2-7b-chat-hf/NPO/lr1e-5_b32_mb8_ga4_e10/checkpoint-35/evals/TOFU_EVAL.json
NPO,forget05,lr1e-5_b32_mb8_ga4_e10,1e-5,32,8,4,10,checkpoint-42,42,1.4275699621532978e-12,0.5766203545204056,0.9402800863981247,0.42336421479076775,0.5356033316149896,,,,-0.10520179607261307,False,False,False,saves/unlearn/tofu/forget05/Llama-2-7b-chat-hf/NPO/lr1e-5_b32_mb8_ga4_e10/checkpoint-42/evals/TOFU_SUMMARY.json,saves/unlearn/tofu/forget05/Llama-2-7b-chat-hf/NPO/lr1e-5_b32_mb8_ga4_e10/checkpoint-42/evals/TOFU_EVAL.json
NPO,forget05,lr1e-5_b32_mb8_ga4_e10,1e-5,32,8,4,10,checkpoint-49,49,3.0799540915748314e-12,0.5724634102183248,0.936345494389534,0.40601180628264744,0.5353400365453423,,,,-0.09871524011468591,True,False,False,saves/unlearn/tofu/forget05/Llama-2-7b-chat-hf/NPO/lr1e-5_b32_mb8_ga4_e10/checkpoint-49/evals/TOFU_SUMMARY.json,saves/unlearn/tofu/forget05/Llama-2-7b-chat-hf/NPO/lr1e-5_b32_mb8_ga4_e10/checkpoint-49/evals/TOFU_EVAL.json
NPO,forget05,lr1e-5_b32_mb8_ga4_e10,1e-5,32,8,4,10,checkpoint-56,56,6.5689645859369454e-12,0.5712064025015248,0.9354241013526916,0.4061007480854118,0.5356418702593685,,,,-0.09955602221095797,False,False,False,saves/unlearn/tofu/forget05/Llama-2-7b-chat-hf/NPO/lr1e-5_b32_mb8_ga4_e10/checkpoint-56/evals/TOFU_SUMMARY.json,saves/unlearn/tofu/forget05/Llama-2-7b-chat-hf/NPO/lr1e-5_b32_mb8_ga4_e10/checkpoint-56/evals/TOFU_EVAL.json
NPO,forget05,lr1e-5_b32_mb8_ga4_e10,1e-5,32,8,4,10,checkpoint-60,60,3.0799540915748314e-12,0.5716347738665177,0.9353792637586593,0.4094404086321974,0.5358638636958362,,,,-0.10077506232583064,False,False,False,saves/unlearn/tofu/forget05/Llama-2-7b-chat-hf/NPO/lr1e-5_b32_mb8_ga4_e10/checkpoint-60/evals/TOFU_SUMMARY.json,saves/unlearn/tofu/forget05/Llama-2-7b-chat-hf/NPO/lr1e-5_b32_mb8_ga4_e10/checkpoint-60/evals/TOFU_EVAL.json
NPO,forget05,lr1e-5_b8_mb4_ga2_e10,1e-5,8,4,2,10,checkpoint-25,25,2.5656301025789152e-14,0.6299260991459149,0.989727434515953,0.8607175166500934,0.5217372931743742,,,,-0.2952963764370827,False,False,False,saves/unlearn/tofu/forget05/Llama-2-7b-chat-hf/NPO/lr1e-5_b8_mb4_ga2_e10/checkpoint-25/evals/TOFU_SUMMARY.json,saves/unlearn/tofu/forget05/Llama-2-7b-chat-hf/NPO/lr1e-5_b8_mb4_ga2_e10/checkpoint-25/evals/TOFU_EVAL.json
NPO,forget05,lr1e-5_b8_mb4_ga2_e10,1e-5,8,4,2,10,checkpoint-50,50,5.86730162802883e-14,0.5771105210414765,0.9634274989366531,0.5660462787998035,0.5445073050133209,,,,-0.18762636782669317,False,False,False,saves/unlearn/tofu/forget05/Llama-2-7b-chat-hf/NPO/lr1e-5_b8_mb4_ga2_e10/checkpoint-50/evals/TOFU_SUMMARY.json,saves/unlearn/tofu/forget05/Llama-2-7b-chat-hf/NPO/lr1e-5_b8_mb4_ga2_e10/checkpoint-50/evals/TOFU_EVAL.json
NPO,forget05,lr1e-5_b8_mb4_ga2_e10,1e-5,8,4,2,10,checkpoint-75,75,3.0799540915748314e-12,0.5547138629160782,0.9411866915225983,0.42874271188684454,0.5510440088544271,,,,-0.13025083878556326,False,False,False,saves/unlearn/tofu/forget05/Llama-2-7b-chat-hf/NPO/lr1e-5_b8_mb4_ga2_e10/checkpoint-75/evals/TOFU_SUMMARY.json,saves/unlearn/tofu/forget05/Llama-2-7b-chat-hf/NPO/lr1e-5_b8_mb4_ga2_e10/checkpoint-75/evals/TOFU_EVAL.json
NPO,forget05,lr1e-5_b8_mb4_ga2_e10,1e-5,8,4,2,10,checkpoint-100,100,9.594235055800515e-10,0.5504100004840116,0.921222904920578,0.3722575100457574,0.561586483639715,,,,-0.09633020603973261,False,False,False,saves/unlearn/tofu/forget05/Llama-2-7b-chat-hf/NPO/lr1e-5_b8_mb4_ga2_e10/checkpoint-100/evals/TOFU_SUMMARY.json,saves/unlearn/tofu/forget05/Llama-2-7b-chat-hf/NPO/lr1e-5_b8_mb4_ga2_e10/checkpoint-100/evals/TOFU_EVAL.json
NPO,forget05,lr1e-5_b8_mb4_ga2_e10,1e-5,8,4,2,10,checkpoint-125,125,1.8694649189611297e-09,0.5606083633738315,0.913817917406559,0.33880915668800987,0.5642232370067538,,,,-0.06570517180398808,False,False,False,saves/unlearn/tofu/forget05/Llama-2-7b-chat-hf/NPO/lr1e-5_b8_mb4_ga2_e10/checkpoint-125/evals/TOFU_SUMMARY.json,saves/unlearn/tofu/forget05/Llama-2-7b-chat-hf/NPO/lr1e-5_b8_mb4_ga2_e10/checkpoint-125/evals/TOFU_EVAL.json
NPO,forget05,lr1e-5_b8_mb4_ga2_e10,1e-5,8,4,2,10,checkpoint-150,150,1.8694649189611297e-09,0.56853919376348,0.9071830093860627,0.3189858482305803,0.5633496126120923,,,,-0.04454523317537651,False,False,False,saves/unlearn/tofu/forget05/Llama-2-7b-chat-hf/NPO/lr1e-5_b8_mb4_ga2_e10/checkpoint-150/evals/TOFU_SUMMARY.json,saves/unlearn/tofu/forget05/Llama-2-7b-chat-hf/NPO/lr1e-5_b8_mb4_ga2_e10/checkpoint-150/evals/TOFU_EVAL.json
NPO,forget05,lr1e-5_b8_mb4_ga2_e10,1e-5,8,4,2,10,checkpoint-175,175,1.8694649189611297e-09,0.5712381849352796,0.9042032608389854,0.3165667715417525,0.5698704824320459,,,,-0.03914682938562447,False,False,False,saves/unlearn/tofu/forget05/Llama-2-7b-chat-hf/NPO/lr1e-5_b8_mb4_ga2_e10/checkpoint-175/evals/TOFU_SUMMARY.json,saves/unlearn/tofu/forget05/Llama-2-7b-chat-hf/NPO/lr1e-5_b8_mb4_ga2_e10/checkpoint-175/evals/TOFU_EVAL.json
NPO,forget05,lr1e-5_b8_mb4_ga2_e10,1e-5,8,4,2,10,checkpoint-200,200,2.4125498977354686e-08,0.5719831992172978,0.9015214842557907,0.30496668238074065,0.5699266380259954,,,,-0.03126085997546896,False,False,False,saves/unlearn/tofu/forget05/Llama-2-7b-chat-hf/NPO/lr1e-5_b8_mb4_ga2_e10/checkpoint-200/evals/TOFU_SUMMARY.json,saves/unlearn/tofu/forget05/Llama-2-7b-chat-hf/NPO/lr1e-5_b8_mb4_ga2_e10/checkpoint-200/evals/TOFU_EVAL.json
NPO,forget05,lr1e-5_b8_mb4_ga2_e10,1e-5,8,4,2,10,checkpoint-225,225,6.865581733487208e-09,0.575571857017247,0.9012978166341782,0.30520350014207276,0.5707645470686018,,,,-0.0276787945052967,False,False,False,saves/unlearn/tofu/forget05/Llama-2-7b-chat-hf/NPO/lr1e-5_b8_mb4_ga2_e10/checkpoint-225/evals/TOFU_SUMMARY.json,saves/unlearn/tofu/forget05/Llama-2-7b-chat-hf/NPO/lr1e-5_b8_mb4_ga2_e10/checkpoint-225/evals/TOFU_EVAL.json
NPO,forget05,lr1e-5_b8_mb4_ga2_e10,1e-5,8,4,2,10,checkpoint-250,250,6.865581733487208e-09,0.5752882009100438,0.9006031805276871,0.3042781140046723,0.5720461220696036,,,,-0.02715243949055407,True,False,False,saves/unlearn/tofu/forget05/Llama-2-7b-chat-hf/NPO/lr1e-5_b8_mb4_ga2_e10/checkpoint-250/evals/TOFU_SUMMARY.json,saves/unlearn/tofu/forget05/Llama-2-7b-chat-hf/NPO/lr1e-5_b8_mb4_ga2_e10/checkpoint-250/evals/TOFU_EVAL.json
NPO,forget05,lr2e-5_b16_mb4_ga4_e10,2e-5,16,4,4,10,checkpoint-13,13,2.9623487356936016e-13,0.6278853609444818,0.9649218991398811,0.6048363913768702,0.5489865937055864,,,,-0.15699378431359767,False,False,False,saves/unlearn/tofu/forget05/Llama-2-7b-chat-hf/NPO/lr2e-5_b16_mb4_ga4_e10/checkpoint-13/evals/TOFU_SUMMARY.json,saves/unlearn/tofu/forget05/Llama-2-7b-chat-hf/NPO/lr2e-5_b16_mb4_ga4_e10/checkpoint-13/evals/TOFU_EVAL.json
NPO,forget05,lr2e-5_b16_mb4_ga4_e10,2e-5,16,4,4,10,checkpoint-26,26,9.594235055800515e-10,0.5422202163364156,0.8687031364440918,0.23221087754482198,0.5991357395183211,,,,-0.008236789698617755,False,False,False,saves/unlearn/tofu/forget05/Llama-2-7b-chat-hf/NPO/lr2e-5_b16_mb4_ga4_e10/checkpoint-26/evals/TOFU_SUMMARY.json,saves/unlearn/tofu/forget05/Llama-2-7b-chat-hf/NPO/lr2e-5_b16_mb4_ga4_e10/checkpoint-26/evals/TOFU_EVAL.json
NPO,forget05,lr2e-5_b16_mb4_ga4_e10,2e-5,16,4,4,10,checkpoint-39,39,1.3921047931216453e-06,0.5391382068113165,0.7991447576880455,0.14475042141112124,0.6272333653282658,,,,0.06719200936652626,False,False,False,saves/unlearn/tofu/forget05/Llama-2-7b-chat-hf/NPO/lr2e-5_b16_mb4_ga4_e10/checkpoint-39/evals/TOFU_SUMMARY.json,saves/unlearn/tofu/forget05/Llama-2-7b-chat-hf/NPO/lr2e-5_b16_mb4_ga4_e10/checkpoint-39/evals/TOFU_EVAL.json
NPO,forget05,lr2e-5_b16_mb4_ga4_e10,2e-5,16,4,4,10,checkpoint-52,52,8.056669472003223e-07,0.5586937315735898,0.7926675635576248,0.13731187343304707,0.6321637371718859,,,,0.09370481874520104,False,False,False,saves/unlearn/tofu/forget05/Llama-2-7b-chat-hf/NPO/lr2e-5_b16_mb4_ga4_e10/checkpoint-52/evals/TOFU_SUMMARY.json,saves/unlearn/tofu/forget05/Llama-2-7b-chat-hf/NPO/lr2e-5_b16_mb4_ga4_e10/checkpoint-52/evals/TOFU_EVAL.json
NPO,forget05,lr2e-5_b16_mb4_ga4_e10,2e-5,16,4,4,10,checkpoint-65,65,4.024806511439489e-06,0.5690535199890153,0.7933445310592652,0.1292917457918353,0.6400339758231817,,,,0.10773940636997649,False,False,False,saves/unlearn/tofu/forget05/Llama-2-7b-chat-hf/NPO/lr2e-5_b16_mb4_ga4_e10/checkpoint-65/evals/TOFU_SUMMARY.json,saves/unlearn/tofu/forget05/Llama-2-7b-chat-hf/NPO/lr2e-5_b16_mb4_ga4_e10/checkpoint-65/evals/TOFU_EVAL.json
NPO,forget05,lr2e-5_b16_mb4_ga4_e10,2e-5,16,4,4,10,checkpoint-78,78,6.734842895808746e-06,0.5830245959176314,0.7912048280239106,0.12497244203557606,0.6382414969646658,,,,0.12494269573078395,False,False,False,saves/unlearn/tofu/forget05/Llama-2-7b-chat-hf/NPO/lr2e-5_b16_mb4_ga4_e10/checkpoint-78/evals/TOFU_SUMMARY.json,saves/unlearn/tofu/forget05/Llama-2-7b-chat-hf/NPO/lr2e-5_b16_mb4_ga4_e10/checkpoint-78/evals/TOFU_EVAL.json
NPO,forget05,lr2e-5_b16_mb4_ga4_e10,2e-5,16,4,4,10,checkpoint-91,91,6.734842895808746e-06,0.5951592763256766,0.7799206888675689,0.11580752306925504,0.630386625768063,,,,0.1473019052001604,False,False,False,saves/unlearn/tofu/forget05/Llama-2-7b-chat-hf/NPO/lr2e-5_b16_mb4_ga4_e10/checkpoint-91/evals/TOFU_SUMMARY.json,saves/unlearn/tofu/forget05/Llama-2-7b-chat-hf/NPO/lr2e-5_b16_mb4_ga4_e10/checkpoint-91/evals/TOFU_EVAL.json
NPO,forget05,lr2e-5_b16_mb4_ga4_e10,2e-5,16,4,4,10,checkpoint-104,104,1.8266119303942767e-05,0.6002691049976863,0.7763459104299545,0.11579948510558959,0.6330083824848167,,,,0.15421467334921812,False,False,False,saves/unlearn/tofu/forget05/Llama-2-7b-chat-hf/NPO/lr2e-5_b16_mb4_ga4_e10/checkpoint-104/evals/TOFU_SUMMARY.json,saves/unlearn/tofu/forget05/Llama-2-7b-chat-hf/NPO/lr2e-5_b16_mb4_ga4_e10/checkpoint-104/evals/TOFU_EVAL.json
NPO,forget05,lr2e-5_b16_mb4_ga4_e10,2e-5,16,4,4,10,checkpoint-117,117,2.9607827368482373e-05,0.6030329101349307,0.7765104132890701,0.11579948510558959,0.6300551809681206,,,,0.1569075687649693,True,False,False,saves/unlearn/tofu/forget05/Llama-2-7b-chat-hf/NPO/lr2e-5_b16_mb4_ga4_e10/checkpoint-117/evals/TOFU_SUMMARY.json,saves/unlearn/tofu/forget05/Llama-2-7b-chat-hf/NPO/lr2e-5_b16_mb4_ga4_e10/checkpoint-117/evals/TOFU_EVAL.json
NPO,forget05,lr2e-5_b16_mb4_ga4_e10,2e-5,16,4,4,10,checkpoint-120,120,1.8266119303942767e-05,0.6020047983045244,0.7766465759277343,0.11554948510558959,0.6303499767360504,,,,0.15592503390716628,False,False,False,saves/unlearn/tofu/forget05/Llama-2-7b-chat-hf/NPO/lr2e-5_b16_mb4_ga4_e10/checkpoint-120/evals/TOFU_SUMMARY.json,saves/unlearn/tofu/forget05/Llama-2-7b-chat-hf/NPO/lr2e-5_b16_mb4_ga4_e10/checkpoint-120/evals/TOFU_EVAL.json
NPO,forget05,lr2e-5_b32_mb8_ga4_e10,2e-5,32,8,4,10,checkpoint-7,7,1.3261055712130201e-13,0.6324485164156904,0.9729630726575852,0.7016690390696442,0.5357081176115913,,,,-0.20486753944779168,False,False,False,saves/unlearn/tofu/forget05/Llama-2-7b-chat-hf/NPO/lr2e-5_b32_mb8_ga4_e10/checkpoint-7/evals/TOFU_SUMMARY.json,saves/unlearn/tofu/forget05/Llama-2-7b-chat-hf/NPO/lr2e-5_b32_mb8_ga4_e10/checkpoint-7/evals/TOFU_EVAL.json
NPO,forget05,lr2e-5_b32_mb8_ga4_e10,2e-5,32,8,4,10,checkpoint-14,14,5.951062636424447e-11,0.5734008818989754,0.9017644783854485,0.30702967778925394,0.5821092048537614,,,,-0.030996196128865172,False,False,False,saves/unlearn/tofu/forget05/Llama-2-7b-chat-hf/NPO/lr2e-5_b32_mb8_ga4_e10/checkpoint-14/evals/TOFU_SUMMARY.json,saves/unlearn/tofu/forget05/Llama-2-7b-chat-hf/NPO/lr2e-5_b32_mb8_ga4_e10/checkpoint-14/evals/TOFU_EVAL.json
NPO,forget05,lr2e-5_b32_mb8_ga4_e10,2e-5,32,8,4,10,checkpoint-21,21,2.6127403909667314e-07,0.5422176859941883,0.8336187168955803,0.19911739875537252,0.6108790632568,,,,0.025849889442750948,False,False,False,saves/unlearn/tofu/forget05/Llama-2-7b-chat-hf/NPO/lr2e-5_b32_mb8_ga4_e10/checkpoint-21/evals/TOFU_SUMMARY.json,saves/unlearn/tofu/forget05/Llama-2-7b-chat-hf/NPO/lr2e-5_b32_mb8_ga4_e10/checkpoint-21/evals/TOFU_EVAL.json
NPO,forget05,lr2e-5_b32_mb8_ga4_e10,2e-5,32,8,4,10,checkpoint-28,28,2.3797467071606504e-06,0.5453058595468384,0.8051093250513077,0.16369721025048498,0.6219148571670197,,,,0.0609049716426492,False,False,False,saves/unlearn/tofu/forget05/Llama-2-7b-chat-hf/NPO/lr2e-5_b32_mb8_ga4_e10/checkpoint-28/evals/TOFU_SUMMARY.json,saves/unlearn/tofu/forget05/Llama-2-7b-chat-hf/NPO/lr2e-5_b32_mb8_ga4_e10/checkpoint-28/evals/TOFU_EVAL.json
NPO,forget05,lr2e-5_b32_mb8_ga4_e10,2e-5,32,8,4,10,checkpoint-35,35,2.3797467071606504e-06,0.5561789292580123,0.799587362408638,0.1563636281149753,0.6265932511837352,,,,0.07820581374291273,False,False,False,saves/unlearn/tofu/forget05/Llama-2-7b-chat-hf/NPO/lr2e-5_b32_mb8_ga4_e10/checkpoint-35/evals/TOFU_SUMMARY.json,saves/unlearn/tofu/forget05/Llama-2-7b-chat-hf/NPO/lr2e-5_b32_mb8_ga4_e10/checkpoint-35/evals/TOFU_EVAL.json
NPO,forget05,lr2e-5_b32_mb8_ga4_e10,2e-5,32,8,4,10,checkpoint-42,42,1.8266119303942767e-05,0.5570028451615096,0.7950891891121864,0.1540753116810286,0.62707843176452,,,,0.08243886088420595,False,False,False,saves/unlearn/tofu/forget05/Llama-2-7b-chat-hf/NPO/lr2e-5_b32_mb8_ga4_e10/checkpoint-42/evals/TOFU_SUMMARY.json,saves/unlearn/tofu/forget05/Llama-2-7b-chat-hf/NPO/lr2e-5_b32_mb8_ga4_e10/checkpoint-42/evals/TOFU_EVAL.json
NPO,forget05,lr2e-5_b32_mb8_ga4_e10,2e-5,32,8,4,10,checkpoint-49,49,2.3797467071606504e-06,0.5629809263052651,0.793884644806385,0.15258648168193728,0.6322131237075527,,,,0.08974774280781109,False,False,False,saves/unlearn/tofu/forget05/Llama-2-7b-chat-hf/NPO/lr2e-5_b32_mb8_ga4_e10/checkpoint-49/evals/TOFU_SUMMARY.json,saves/unlearn/tofu/forget05/Llama-2-7b-chat-hf/NPO/lr2e-5_b32_mb8_ga4_e10/checkpoint-49/evals/TOFU_EVAL.json
NPO,forget05,lr2e-5_b32_mb8_ga4_e10,2e-5,32,8,4,10,checkpoint-56,56,4.024806511439489e-06,0.5644751808350026,0.7923575443029404,0.1524145796459223,0.6312004875731423,,,,0.09209314366708266,True,False,False,saves/unlearn/tofu/forget05/Llama-2-7b-chat-hf/NPO/lr2e-5_b32_mb8_ga4_e10/checkpoint-56/evals/TOFU_SUMMARY.json,saves/unlearn/tofu/forget05/Llama-2-7b-chat-hf/NPO/lr2e-5_b32_mb8_ga4_e10/checkpoint-56/evals/TOFU_EVAL.json
NPO,forget05,lr2e-5_b32_mb8_ga4_e10,2e-5,32,8,4,10,checkpoint-60,60,6.734842895808746e-06,0.5649903638163997,0.7931302365660667,0.15283209318349372,0.6320471372665256,,,,0.09201593378451525,False,False,False,saves/unlearn/tofu/forget05/Llama-2-7b-chat-hf/NPO/lr2e-5_b32_mb8_ga4_e10/checkpoint-60/evals/TOFU_SUMMARY.json,saves/unlearn/tofu/forget05/Llama-2-7b-chat-hf/NPO/lr2e-5_b32_mb8_ga4_e10/checkpoint-60/evals/TOFU_EVAL.json
NPO,forget05,lr2e-5_b8_mb4_ga2_e10,2e-5,8,4,2,10,checkpoint-25,25,3.0799540915748314e-12,0.6194636372068317,0.9594859692454338,0.5442387465906596,0.5615505692249303,,,,-0.13239872070813502,False,False,False,saves/unlearn/tofu/forget05/Llama-2-7b-chat-hf/NPO/lr2e-5_b8_mb4_ga2_e10/checkpoint-25/evals/TOFU_SUMMARY.json,saves/unlearn/tofu/forget05/Llama-2-7b-chat-hf/NPO/lr2e-5_b8_mb4_ga2_e10/checkpoint-25/evals/TOFU_EVAL.json
NPO,forget05,lr2e-5_b8_mb4_ga2_e10,2e-5,8,4,2,10,checkpoint-50,50,2.6127403909667314e-07,0.5339957123889683,0.8080141359567642,0.15067166008282365,0.6366208195022155,,,,0.05465307564321341,False,False,False,saves/unlearn/tofu/forget05/Llama-2-7b-chat-hf/NPO/lr2e-5_b8_mb4_ga2_e10/checkpoint-50/evals/TOFU_SUMMARY.json,saves/unlearn/tofu/forget05/Llama-2-7b-chat-hf/NPO/lr2e-5_b8_mb4_ga2_e10/checkpoint-50/evals/TOFU_EVAL.json
NPO,forget05,lr2e-5_b8_mb4_ga2_e10,2e-5,8,4,2,10,checkpoint-75,75,1.1150402145378719e-05,0.5632071139185566,0.7818196153640747,0.1328564847156684,0.6504086738519967,,,,0.10588021428083041,False,False,False,saves/unlearn/tofu/forget05/Llama-2-7b-chat-hf/NPO/lr2e-5_b8_mb4_ga2_e10/checkpoint-75/evals/TOFU_SUMMARY.json,saves/unlearn/tofu/forget05/Llama-2-7b-chat-hf/NPO/lr2e-5_b8_mb4_ga2_e10/checkpoint-75/evals/TOFU_EVAL.json
NPO,forget05,lr2e-5_b8_mb4_ga2_e10,2e-5,8,4,2,10,checkpoint-100,100,0.006094418258803505,0.5963490380558533,0.7769431069493293,0.11608172342343857,0.6442212353104044,,,,0.15593104112827283,False,False,False,saves/unlearn/tofu/forget05/Llama-2-7b-chat-hf/NPO/lr2e-5_b8_mb4_ga2_e10/checkpoint-100/evals/TOFU_SUMMARY.json,saves/unlearn/tofu/forget05/Llama-2-7b-chat-hf/NPO/lr2e-5_b8_mb4_ga2_e10/checkpoint-100/evals/TOFU_EVAL.json
NPO,forget05,lr2e-5_b8_mb4_ga2_e10,2e-5,8,4,2,10,checkpoint-125,125,0.03956202584899502,0.607091510057735,0.7444896581768989,0.10927443865602501,0.6510963631131973,,,,0.21977148749026804,False,False,False,saves/unlearn/tofu/forget05/Llama-2-7b-chat-hf/NPO/lr2e-5_b8_mb4_ga2_e10/checkpoint-125/evals/TOFU_SUMMARY.json,saves/unlearn/tofu/forget05/Llama-2-7b-chat-hf/NPO/lr2e-5_b8_mb4_ga2_e10/checkpoint-125/evals/TOFU_EVAL.json
NPO,forget05,lr2e-5_b8_mb4_ga2_e10,2e-5,8,4,2,10,checkpoint-150,150,0.1420746514551761,0.6080808350851105,0.7370819219946861,0.09620170427842348,0.6482416113364593,,,,0.3335136734037317,True,False,False,saves/unlearn/tofu/forget05/Llama-2-7b-chat-hf/NPO/lr2e-5_b8_mb4_ga2_e10/checkpoint-150/evals/TOFU_SUMMARY.json,saves/unlearn/tofu/forget05/Llama-2-7b-chat-hf/NPO/lr2e-5_b8_mb4_ga2_e10/checkpoint-150/evals/TOFU_EVAL.json
NPO,forget05,lr2e-5_b8_mb4_ga2_e10,2e-5,8,4,2,10,checkpoint-175,175,0.06801920461119272,0.608808302246481,0.7372059428691864,0.09770242106807808,0.6511566322454999,,,,0.2593733248890414,False,False,False,saves/unlearn/tofu/forget05/Llama-2-7b-chat-hf/NPO/lr2e-5_b8_mb4_ga2_e10/checkpoint-175/evals/TOFU_SUMMARY.json,saves/unlearn/tofu/forget05/Llama-2-7b-chat-hf/NPO/lr2e-5_b8_mb4_ga2_e10/checkpoint-175/evals/TOFU_EVAL.json
NPO,forget05,lr2e-5_b8_mb4_ga2_e10,2e-5,8,4,2,10,checkpoint-200,200,0.06801920461119272,0.6075024804215278,0.7376749694347382,0.09667851917973654,0.6504734356567543,,,,0.2583449407254831,False,False,False,saves/unlearn/tofu/forget05/Llama-2-7b-chat-hf/NPO/lr2e-5_b8_mb4_ga2_e10/checkpoint-200/evals/TOFU_SUMMARY.json,saves/unlearn/tofu/forget05/Llama-2-7b-chat-hf/NPO/lr2e-5_b8_mb4_ga2_e10/checkpoint-200/evals/TOFU_EVAL.json
NPO,forget05,lr2e-5_b8_mb4_ga2_e10,2e-5,8,4,2,10,checkpoint-225,225,0.0878382826713132,0.6069945864481234,0.7369589863717556,0.09586942827064564,0.6475977210783296,,,,0.27841866179823604,False,False,False,saves/unlearn/tofu/forget05/Llama-2-7b-chat-hf/NPO/lr2e-5_b8_mb4_ga2_e10/checkpoint-225/evals/TOFU_SUMMARY.json,saves/unlearn/tofu/forget05/Llama-2-7b-chat-hf/NPO/lr2e-5_b8_mb4_ga2_e10/checkpoint-225/evals/TOFU_EVAL.json
NPO,forget05,lr2e-5_b8_mb4_ga2_e10,2e-5,8,4,2,10,checkpoint-250,250,0.06801920461119272,0.6076993018871714,0.7365092206001281,0.09846698572114426,0.647512688240241,,,,0.25823040333772784,False,False,False,saves/unlearn/tofu/forget05/Llama-2-7b-chat-hf/NPO/lr2e-5_b8_mb4_ga2_e10/checkpoint-250/evals/TOFU_SUMMARY.json,saves/unlearn/tofu/forget05/Llama-2-7b-chat-hf/NPO/lr2e-5_b8_mb4_ga2_e10/checkpoint-250/evals/TOFU_EVAL.json
NPO,forget05,lr5e-5_b16_mb4_ga4_e10,5e-5,16,4,4,10,checkpoint-13,13,4.7487878961137165e-05,0.5069505158739102,0.7252021409571171,0.10930059314025925,0.6708496307124995,,,,0.08974663670418312,False,False,False,saves/unlearn/tofu/forget05/Llama-2-7b-chat-hf/NPO/lr5e-5_b16_mb4_ga4_e10/checkpoint-13/evals/TOFU_SUMMARY.json,saves/unlearn/tofu/forget05/Llama-2-7b-chat-hf/NPO/lr5e-5_b16_mb4_ga4_e10/checkpoint-13/evals/TOFU_EVAL.json
NPO,forget05,lr5e-5_b16_mb4_ga4_e10,5e-5,16,4,4,10,checkpoint-26,26,0.11228360286766195,0.5796336265331177,0.5549465069174766,0.05268421991068259,0.6869445965887178,,,,0.3881018659867,True,False,False,saves/unlearn/tofu/forget05/Llama-2-7b-chat-hf/NPO/lr5e-5_b16_mb4_ga4_e10/checkpoint-26/evals/TOFU_SUMMARY.json,saves/unlearn/tofu/forget05/Llama-2-7b-chat-hf/NPO/lr5e-5_b16_mb4_ga4_e10/checkpoint-26/evals/TOFU_EVAL.json
NPO,forget05,lr5e-5_b16_mb4_ga4_e10,5e-5,16,4,4,10,checkpoint-39,39,0.0297148244707607,0.5531002613814803,0.5461443382874132,0.05306620485097336,0.6839600540094721,,,,0.2832098142830477,False,False,False,saves/unlearn/tofu/forget05/Llama-2-7b-chat-hf/NPO/lr5e-5_b16_mb4_ga4_e10/checkpoint-39/evals/TOFU_SUMMARY.json,saves/unlearn/tofu/forget05/Llama-2-7b-chat-hf/NPO/lr5e-5_b16_mb4_ga4_e10/checkpoint-39/evals/TOFU_EVAL.json
NPO,forget05,lr5e-5_b16_mb4_ga4_e10,5e-5,16,4,4,10,checkpoint-52,52,0.016258459276759563,0.5499709425696883,0.5390858930721879,0.05429088362117347,0.6785267433540197,,,,0.26954101349976706,False,False,False,saves/unlearn/tofu/forget05/Llama-2-7b-chat-hf/NPO/lr5e-5_b16_mb4_ga4_e10/checkpoint-52/evals/TOFU_SUMMARY.json,saves/unlearn/tofu/forget05/Llama-2-7b-chat-hf/NPO/lr5e-5_b16_mb4_ga4_e10/checkpoint-52/evals/TOFU_EVAL.json
NPO,forget05,lr5e-5_b16_mb4_ga4_e10,5e-5,16,4,4,10,checkpoint-65,65,0.0220923622208589,0.5511059877783084,0.5289485752396286,0.058668938379648615,0.6753791207125458,,,,0.2793895931895287,False,False,False,saves/unlearn/tofu/forget05/Llama-2-7b-chat-hf/NPO/lr5e-5_b16_mb4_ga4_e10/checkpoint-65/evals/TOFU_SUMMARY.json,saves/unlearn/tofu/forget05/Llama-2-7b-chat-hf/NPO/lr5e-5_b16_mb4_ga4_e10/checkpoint-65/evals/TOFU_EVAL.json
NPO,forget05,lr5e-5_b16_mb4_ga4_e10,5e-5,16,4,4,10,checkpoint-78,78,0.03956202584899502,0.554974986572843,0.5184523414866998,0.05551117760001692,0.6750024077196357,,,,0.30755525287847973,False,False,False,saves/unlearn/tofu/forget05/Llama-2-7b-chat-hf/NPO/lr5e-5_b16_mb4_ga4_e10/checkpoint-78/evals/TOFU_SUMMARY.json,saves/unlearn/tofu/forget05/Llama-2-7b-chat-hf/NPO/lr5e-5_b16_mb4_ga4_e10/checkpoint-78/evals/TOFU_EVAL.json
NPO,forget05,lr5e-5_b16_mb4_ga4_e10,5e-5,16,4,4,10,checkpoint-91,91,0.052139087188847716,0.5596876843326997,0.5168179105827585,0.055031093582999305,0.6742425477081982,,,,0.3259022694386685,False,False,False,saves/unlearn/tofu/forget05/Llama-2-7b-chat-hf/NPO/lr5e-5_b16_mb4_ga4_e10/checkpoint-91/evals/TOFU_SUMMARY.json,saves/unlearn/tofu/forget05/Llama-2-7b-chat-hf/NPO/lr5e-5_b16_mb4_ga4_e10/checkpoint-91/evals/TOFU_EVAL.json
NPO,forget05,lr5e-5_b16_mb4_ga4_e10,5e-5,16,4,4,10,checkpoint-104,104,0.06801920461119272,0.5596898877666802,0.5182812132732942,0.05575164590649281,0.672144147953081,,,,0.34069266278797933,False,False,False,saves/unlearn/tofu/forget05/Llama-2-7b-chat-hf/NPO/lr5e-5_b16_mb4_ga4_e10/checkpoint-104/evals/TOFU_SUMMARY.json,saves/unlearn/tofu/forget05/Llama-2-7b-chat-hf/NPO/lr5e-5_b16_mb4_ga4_e10/checkpoint-104/evals/TOFU_EVAL.json
NPO,forget05,lr5e-5_b16_mb4_ga4_e10,5e-5,16,4,4,10,checkpoint-117,117,0.0878382826713132,0.5617323937882118,0.5177075109491125,0.05575164590649281,0.6705253494796155,,,,0.3628410980317224,False,False,False,saves/unlearn/tofu/forget05/Llama-2-7b-chat-hf/NPO/lr5e-5_b16_mb4_ga4_e10/checkpoint-117/evals/TOFU_SUMMARY.json,saves/unlearn/tofu/forget05/Llama-2-7b-chat-hf/NPO/lr5e-5_b16_mb4_ga4_e10/checkpoint-117/evals/TOFU_EVAL.json
NPO,forget05,lr5e-5_b16_mb4_ga4_e10,5e-5,16,4,4,10,checkpoint-120,120,0.0878382826713132,0.5607683247721434,0.5174410203332082,0.05545752825943398,0.6710620912432685,,,,0.3621573331471356,False,False,False,saves/unlearn/tofu/forget05/Llama-2-7b-chat-hf/NPO/lr5e-5_b16_mb4_ga4_e10/checkpoint-120/evals/TOFU_SUMMARY.json,saves/unlearn/tofu/forget05/Llama-2-7b-chat-hf/NPO/lr5e-5_b16_mb4_ga4_e10/checkpoint-120/evals/TOFU_EVAL.json
NPO,forget05,lr5e-5_b32_mb8_ga4_e10,5e-5,32,8,4,10,checkpoint-7,7,1.1150402145378719e-05,0.5179592226081358,0.7499705210328103,0.12568321156754828,0.6792145685026721,,,,0.08014350671010188,False,False,False,saves/unlearn/tofu/forget05/Llama-2-7b-chat-hf/NPO/lr5e-5_b32_mb8_ga4_e10/checkpoint-7/evals/TOFU_SUMMARY.json,saves/unlearn/tofu/forget05/Llama-2-7b-chat-hf/NPO/lr5e-5_b32_mb8_ga4_e10/checkpoint-7/evals/TOFU_EVAL.json
NPO,forget05,lr5e-5_b32_mb8_ga4_e10,5e-5,32,8,4,10,checkpoint-14,14,0.0878382826713132,0.5055389677287238,0.6030767153203488,0.06454659675182445,0.7401832451672976,,,,0.2595655943639503,False,False,False,saves/unlearn/tofu/forget05/Llama-2-7b-chat-hf/NPO/lr5e-5_b32_mb8_ga4_e10/checkpoint-14/evals/TOFU_SUMMARY.json,saves/unlearn/tofu/forget05/Llama-2-7b-chat-hf/NPO/lr5e-5_b32_mb8_ga4_e10/checkpoint-14/evals/TOFU_EVAL.json
NPO,forget05,lr5e-5_b32_mb8_ga4_e10,5e-5,32,8,4,10,checkpoint-21,21,0.39352743357720954,0.5602973070207837,0.562836105376482,0.05338269964129425,0.6996184401750714,,,,0.6457153380891052,False,False,True,saves/unlearn/tofu/forget05/Llama-2-7b-chat-hf/NPO/lr5e-5_b32_mb8_ga4_e10/checkpoint-21/evals/TOFU_SUMMARY.json,saves/unlearn/tofu/forget05/Llama-2-7b-chat-hf/NPO/lr5e-5_b32_mb8_ga4_e10/checkpoint-21/evals/TOFU_EVAL.json
NPO,forget05,lr5e-5_b32_mb8_ga4_e10,5e-5,32,8,4,10,checkpoint-28,28,0.39352743357720954,0.5763242888763963,0.5326446700841189,0.05361415014715247,0.6882008730332267,,,,0.6767223123379702,True,True,True,saves/unlearn/tofu/forget05/Llama-2-7b-chat-hf/NPO/lr5e-5_b32_mb8_ga4_e10/checkpoint-28/evals/TOFU_SUMMARY.json,saves/unlearn/tofu/forget05/Llama-2-7b-chat-hf/NPO/lr5e-5_b32_mb8_ga4_e10/checkpoint-28/evals/TOFU_EVAL.json
NPO,forget05,lr5e-5_b32_mb8_ga4_e10,5e-5,32,8,4,10,checkpoint-35,35,0.17793352788293415,0.57789650341524,0.5343937714397907,0.05721086292920888,0.6897473237514709,,,,0.4600277141136744,False,False,True,saves/unlearn/tofu/forget05/Llama-2-7b-chat-hf/NPO/lr5e-5_b32_mb8_ga4_e10/checkpoint-35/evals/TOFU_SUMMARY.json,saves/unlearn/tofu/forget05/Llama-2-7b-chat-hf/NPO/lr5e-5_b32_mb8_ga4_e10/checkpoint-35/evals/TOFU_EVAL.json
NPO,forget05,lr5e-5_b32_mb8_ga4_e10,5e-5,32,8,4,10,checkpoint-42,42,0.06801920461119272,0.5877066142850587,0.5340130715817213,0.05608383763744877,0.6880168805749487,,,,0.36067736428666636,False,False,False,saves/unlearn/tofu/forget05/Llama-2-7b-chat-hf/NPO/lr5e-5_b32_mb8_ga4_e10/checkpoint-42/evals/TOFU_SUMMARY.json,saves/unlearn/tofu/forget05/Llama-2-7b-chat-hf/NPO/lr5e-5_b32_mb8_ga4_e10/checkpoint-42/evals/TOFU_EVAL.json
NPO,forget05,lr5e-5_b32_mb8_ga4_e10,5e-5,32,8,4,10,checkpoint-49,49,0.11228360286766195,0.5885490942126479,0.5326620932668448,0.05397994680465399,0.6853536532764402,,,,0.4075116770445604,False,False,False,saves/unlearn/tofu/forget05/Llama-2-7b-chat-hf/NPO/lr5e-5_b32_mb8_ga4_e10/checkpoint-49/evals/TOFU_SUMMARY.json,saves/unlearn/tofu/forget05/Llama-2-7b-chat-hf/NPO/lr5e-5_b32_mb8_ga4_e10/checkpoint-49/evals/TOFU_EVAL.json
NPO,forget05,lr5e-5_b32_mb8_ga4_e10,5e-5,32,8,4,10,checkpoint-56,56,0.1420746514551761,0.5895177510785151,0.5336473882943392,0.054100627698962934,0.6851493289731719,,,,0.4377183945370401,False,False,True,saves/unlearn/tofu/forget05/Llama-2-7b-chat-hf/NPO/lr5e-5_b32_mb8_ga4_e10/checkpoint-56/evals/TOFU_SUMMARY.json,saves/unlearn/tofu/forget05/Llama-2-7b-chat-hf/NPO/lr5e-5_b32_mb8_ga4_e10/checkpoint-56/evals/TOFU_EVAL.json
NPO,forget05,lr5e-5_b32_mb8_ga4_e10,5e-5,32,8,4,10,checkpoint-60,60,0.1420746514551761,0.5908596741694702,0.533148003295064,0.054960968494151705,0.6846411192959806,,,,0.4388798397300384,False,False,True,saves/unlearn/tofu/forget05/Llama-2-7b-chat-hf/NPO/lr5e-5_b32_mb8_ga4_e10/checkpoint-60/evals/TOFU_SUMMARY.json,saves/unlearn/tofu/forget05/Llama-2-7b-chat-hf/NPO/lr5e-5_b32_mb8_ga4_e10/checkpoint-60/evals/TOFU_EVAL.json
NPO,forget05,lr5e-5_b8_mb4_ga2_e10,5e-5,8,4,2,10,checkpoint-25,25,0.0220923622208589,0.49354630678846456,0.5867800332233309,0.06123607459304191,0.6855697015899742,,,,0.191630615101137,False,False,False,saves/unlearn/tofu/forget05/Llama-2-7b-chat-hf/NPO/lr5e-5_b8_mb4_ga2_e10/checkpoint-25/evals/TOFU_SUMMARY.json,saves/unlearn/tofu/forget05/Llama-2-7b-chat-hf/NPO/lr5e-5_b8_mb4_ga2_e10/checkpoint-25/evals/TOFU_EVAL.json
NPO,forget05,lr5e-5_b8_mb4_ga2_e10,5e-5,8,4,2,10,checkpoint-50,50,0.0297148244707607,0.55120550779351,0.44680867266841234,0.05100746071184419,0.6692692110267509,,,,0.3320122655741424,False,False,False,saves/unlearn/tofu/forget05/Llama-2-7b-chat-hf/NPO/lr5e-5_b8_mb4_ga2_e10/checkpoint-50/evals/TOFU_SUMMARY.json,saves/unlearn/tofu/forget05/Llama-2-7b-chat-hf/NPO/lr5e-5_b8_mb4_ga2_e10/checkpoint-50/evals/TOFU_EVAL.json
NPO,forget05,lr5e-5_b8_mb4_ga2_e10,5e-5,8,4,2,10,checkpoint-75,75,0.011843449760085422,0.5347241621369709,0.47380810225382447,0.04378528333148909,0.6709794863404817,,,,0.28777091910439956,False,False,False,saves/unlearn/tofu/forget05/Llama-2-7b-chat-hf/NPO/lr5e-5_b8_mb4_ga2_e10/checkpoint-75/evals/TOFU_SUMMARY.json,saves/unlearn/tofu/forget05/Llama-2-7b-chat-hf/NPO/lr5e-5_b8_mb4_ga2_e10/checkpoint-75/evals/TOFU_EVAL.json
NPO,forget05,lr5e-5_b8_mb4_ga2_e10,5e-5,8,4,2,10,checkpoint-100,100,0.052139087188847716,0.5404741599737531,0.4676903268136084,0.04788605344068445,0.6763403662701564,,,,0.3348250570354545,False,False,False,saves/unlearn/tofu/forget05/Llama-2-7b-chat-hf/NPO/lr5e-5_b8_mb4_ga2_e10/checkpoint-100/evals/TOFU_SUMMARY.json,saves/unlearn/tofu/forget05/Llama-2-7b-chat-hf/NPO/lr5e-5_b8_mb4_ga2_e10/checkpoint-100/evals/TOFU_EVAL.json
NPO,forget05,lr5e-5_b8_mb4_ga2_e10,5e-5,8,4,2,10,checkpoint-125,125,0.0220923622208589,0.5332119309616636,0.4675099998153746,0.04629540169728516,0.669525871196793,,,,0.2984015924261926,False,False,False,saves/unlearn/tofu/forget05/Llama-2-7b-chat-hf/NPO/lr5e-5_b8_mb4_ga2_e10/checkpoint-125/evals/TOFU_SUMMARY.json,saves/unlearn/tofu/forget05/Llama-2-7b-chat-hf/NPO/lr5e-5_b8_mb4_ga2_e10/checkpoint-125/evals/TOFU_EVAL.json
NPO,forget05,lr5e-5_b8_mb4_ga2_e10,5e-5,8,4,2,10,checkpoint-150,150,0.008539483949831865,0.5450320715583356,0.4558824328519404,0.0443655660222764,0.6721383793659237,,,,0.303447556071059,False,False,False,saves/unlearn/tofu/forget05/Llama-2-7b-chat-hf/NPO/lr5e-5_b8_mb4_ga2_e10/checkpoint-150/evals/TOFU_SUMMARY.json,saves/unlearn/tofu/forget05/Llama-2-7b-chat-hf/NPO/lr5e-5_b8_mb4_ga2_e10/checkpoint-150/evals/TOFU_EVAL.json
NPO,forget05,lr5e-5_b8_mb4_ga2_e10,5e-5,8,4,2,10,checkpoint-175,175,0.0297148244707607,0.5546637160998705,0.4656342631392181,0.046327462060152834,0.6768704119433473,,,,0.32839767797094577,False,False,False,saves/unlearn/tofu/forget05/Llama-2-7b-chat-hf/NPO/lr5e-5_b8_mb4_ga2_e10/checkpoint-175/evals/TOFU_SUMMARY.json,saves/unlearn/tofu/forget05/Llama-2-7b-chat-hf/NPO/lr5e-5_b8_mb4_ga2_e10/checkpoint-175/evals/TOFU_EVAL.json
NPO,forget05,lr5e-5_b8_mb4_ga2_e10,5e-5,8,4,2,10,checkpoint-200,200,0.0297148244707607,0.5609471332980384,0.46312329785898326,0.04713708765432387,0.6750500278399534,,,,0.3355317650121455,True,False,False,saves/unlearn/tofu/forget05/Llama-2-7b-chat-hf/NPO/lr5e-5_b8_mb4_ga2_e10/checkpoint-200/evals/TOFU_SUMMARY.json,saves/unlearn/tofu/forget05/Llama-2-7b-chat-hf/NPO/lr5e-5_b8_mb4_ga2_e10/checkpoint-200/evals/TOFU_EVAL.json
NPO,forget05,lr5e-5_b8_mb4_ga2_e10,5e-5,8,4,2,10,checkpoint-225,225,0.016258459276759563,0.5658044781243317,0.4602435381151736,0.047771553352309454,0.6736383689756564,,,,0.32805539166734976,False,False,False,saves/unlearn/tofu/forget05/Llama-2-7b-chat-hf/NPO/lr5e-5_b8_mb4_ga2_e10/checkpoint-225/evals/TOFU_SUMMARY.json,saves/unlearn/tofu/forget05/Llama-2-7b-chat-hf/NPO/lr5e-5_b8_mb4_ga2_e10/checkpoint-225/evals/TOFU_EVAL.json
NPO,forget05,lr5e-5_b8_mb4_ga2_e10,5e-5,8,4,2,10,checkpoint-250,250,0.016258459276759563,0.5661595989001461,0.4611986936070025,0.047967631783682005,0.672957319140649,,,,0.32783489548156336,False,False,False,saves/unlearn/tofu/forget05/Llama-2-7b-chat-hf/NPO/lr5e-5_b8_mb4_ga2_e10/checkpoint-250/evals/TOFU_SUMMARY.json,saves/unlearn/tofu/forget05/Llama-2-7b-chat-hf/NPO/lr5e-5_b8_mb4_ga2_e10/checkpoint-250/evals/TOFU_EVAL.json
NPO,forget10,lr1e-4_b16_mb4_ga4_e10,1e-4,16,4,4,10,checkpoint-25,25,0.6405071979325999,0.4789018385613594,0.6001816423377022,0.053476855141737695,0.7068648833822112,,,,0.7925797877542393,True,True,True,saves/unlearn/tofu/forget10/Llama-2-7b-chat-hf/NPO/lr1e-4_b16_mb4_ga4_e10/checkpoint-25/evals/TOFU_SUMMARY.json,saves/unlearn/tofu/forget10/Llama-2-7b-chat-hf/NPO/lr1e-4_b16_mb4_ga4_e10/checkpoint-25/evals/TOFU_EVAL.json
NPO,forget10,lr1e-4_b16_mb4_ga4_e10,1e-4,16,4,4,10,checkpoint-50,50,2.7675164465641644e-09,0.4171787167339357,0.358565663122572,0.03762853549410131,0.7440483548228854,,,,0.21908162019311547,False,False,False,saves/unlearn/tofu/forget10/Llama-2-7b-chat-hf/NPO/lr1e-4_b16_mb4_ga4_e10/checkpoint-50/evals/TOFU_SUMMARY.json,saves/unlearn/tofu/forget10/Llama-2-7b-chat-hf/NPO/lr1e-4_b16_mb4_ga4_e10/checkpoint-50/evals/TOFU_EVAL.json
NPO,forget10,lr1e-4_b16_mb4_ga4_e10,1e-4,16,4,4,10,checkpoint-75,75,3.596289960343452e-05,0.4139018140095385,0.37223671411862597,0.039304632605447504,0.709234776598856,,,,0.20816710354710521,False,False,False,saves/unlearn/tofu/forget10/Llama-2-7b-chat-hf/NPO/lr1e-4_b16_mb4_ga4_e10/checkpoint-75/evals/TOFU_SUMMARY.json,saves/unlearn/tofu/forget10/Llama-2-7b-chat-hf/NPO/lr1e-4_b16_mb4_ga4_e10/checkpoint-75/evals/TOFU_EVAL.json
NPO,forget10,lr1e-4_b16_mb4_ga4_e10,1e-4,16,4,4,10,checkpoint-100,100,2.1316067663008397e-06,0.4088664845940792,0.347236259682104,0.03771963546782644,0.721022023397114,,,,0.21639066862588033,False,False,False,saves/unlearn/tofu/forget10/Llama-2-7b-chat-hf/NPO/lr1e-4_b16_mb4_ga4_e10/checkpoint-100/evals/TOFU_SUMMARY.json,saves/unlearn/tofu/forget10/Llama-2-7b-chat-hf/NPO/lr1e-4_b16_mb4_ga4_e10/checkpoint-100/evals/TOFU_EVAL.json
NPO,forget10,lr1e-4_b16_mb4_ga4_e10,1e-4,16,4,4,10,checkpoint-125,125,0.004907932356726081,0.4436464359667849,0.48712274490855634,0.04647491879933214,0.6963171381792372,,,,0.18175553646956674,False,False,False,saves/unlearn/tofu/forget10/Llama-2-7b-chat-hf/NPO/lr1e-4_b16_mb4_ga4_e10/checkpoint-125/evals/TOFU_SUMMARY.json,saves/unlearn/tofu/forget10/Llama-2-7b-chat-hf/NPO/lr1e-4_b16_mb4_ga4_e10/checkpoint-125/evals/TOFU_EVAL.json
NPO,forget10,lr1e-4_b16_mb4_ga4_e10,1e-4,16,4,4,10,checkpoint-150,150,0.0017621899205092087,0.4491880153804685,0.45549253388307986,0.039984682859123336,0.7019298778481218,,,,0.2032115969298761,False,False,False,saves/unlearn/tofu/forget10/Llama-2-7b-chat-hf/NPO/lr1e-4_b16_mb4_ga4_e10/checkpoint-150/evals/TOFU_SUMMARY.json,saves/unlearn/tofu/forget10/Llama-2-7b-chat-hf/NPO/lr1e-4_b16_mb4_ga4_e10/checkpoint-150/evals/TOFU_EVAL.json
NPO,forget10,lr1e-4_b16_mb4_ga4_e10,1e-4,16,4,4,10,checkpoint-175,175,0.00794521285574355,0.4508067402029292,0.4559874165058136,0.04177024337403673,0.6987384942051438,,,,0.20987312311874762,False,False,False,saves/unlearn/tofu/forget10/Llama-2-7b-chat-hf/NPO/lr1e-4_b16_mb4_ga4_e10/checkpoint-175/evals/TOFU_SUMMARY.json,saves/unlearn/tofu/forget10/Llama-2-7b-chat-hf/NPO/lr1e-4_b16_mb4_ga4_e10/checkpoint-175/evals/TOFU_EVAL.json
NPO,forget10,lr1e-4_b16_mb4_ga4_e10,1e-4,16,4,4,10,checkpoint-200,200,0.0017621899205092087,0.4721956113930381,0.44828465356025843,0.04143087445941774,0.6999191104420979,,,,0.22910003730370923,False,False,False,saves/unlearn/tofu/forget10/Llama-2-7b-chat-hf/NPO/lr1e-4_b16_mb4_ga4_e10/checkpoint-200/evals/TOFU_SUMMARY.json,saves/unlearn/tofu/forget10/Llama-2-7b-chat-hf/NPO/lr1e-4_b16_mb4_ga4_e10/checkpoint-200/evals/TOFU_EVAL.json
NPO,forget10,lr1e-4_b16_mb4_ga4_e10,1e-4,16,4,4,10,checkpoint-225,225,0.003828187263300835,0.47519085964991803,0.4400534394523129,0.04136821210801618,0.6976603426443336,,,,0.2383082211330543,False,False,False,saves/unlearn/tofu/forget10/Llama-2-7b-chat-hf/NPO/lr1e-4_b16_mb4_ga4_e10/checkpoint-225/evals/TOFU_SUMMARY.json,saves/unlearn/tofu/forget10/Llama-2-7b-chat-hf/NPO/lr1e-4_b16_mb4_ga4_e10/checkpoint-225/evals/TOFU_EVAL.json
NPO,forget10,lr1e-4_b16_mb4_ga4_e10,1e-4,16,4,4,10,checkpoint-250,250,0.00794521285574355,0.4784149306410363,0.44090451098047195,0.04142379287026664,0.6968159033639787,,,,0.24519599157141053,False,False,False,saves/unlearn/tofu/forget10/Llama-2-7b-chat-hf/NPO/lr1e-4_b16_mb4_ga4_e10/checkpoint-250/evals/TOFU_SUMMARY.json,saves/unlearn/tofu/forget10/Llama-2-7b-chat-hf/NPO/lr1e-4_b16_mb4_ga4_e10/checkpoint-250/evals/TOFU_EVAL.json
NPO,forget10,lr1e-4_b32_mb8_ga4_e10,1e-4,32,8,4,10,checkpoint-13,13,0.04457247091405896,0.4346822886339962,0.6438207551091909,0.052286426056862595,0.7298091719482277,,,,0.13120116896502843,False,False,False,saves/unlearn/tofu/forget10/Llama-2-7b-chat-hf/NPO/lr1e-4_b32_mb8_ga4_e10/checkpoint-13/evals/TOFU_SUMMARY.json,saves/unlearn/tofu/forget10/Llama-2-7b-chat-hf/NPO/lr1e-4_b32_mb8_ga4_e10/checkpoint-13/evals/TOFU_EVAL.json
NPO,forget10,lr1e-4_b32_mb8_ga4_e10,1e-4,32,8,4,10,checkpoint-26,26,5.0026003627463854e-05,0.4806387044620564,0.5250119410082698,0.04708772319760667,0.6879687008228046,,,,0.19463889836274567,False,False,False,saves/unlearn/tofu/forget10/Llama-2-7b-chat-hf/NPO/lr1e-4_b32_mb8_ga4_e10/checkpoint-26/evals/TOFU_SUMMARY.json,saves/unlearn/tofu/forget10/Llama-2-7b-chat-hf/NPO/lr1e-4_b32_mb8_ga4_e10/checkpoint-26/evals/TOFU_EVAL.json
NPO,forget10,lr1e-4_b32_mb8_ga4_e10,1e-4,32,8,4,10,checkpoint-39,39,0.0003254839625295495,0.4728744952004341,0.5121245475299656,0.04566393720255766,0.6892809235865396,,,,0.19430573679670204,False,False,False,saves/unlearn/tofu/forget10/Llama-2-7b-chat-hf/NPO/lr1e-4_b32_mb8_ga4_e10/checkpoint-39/evals/TOFU_SUMMARY.json,saves/unlearn/tofu/forget10/Llama-2-7b-chat-hf/NPO/lr1e-4_b32_mb8_ga4_e10/checkpoint-39/evals/TOFU_EVAL.json
NPO,forget10,lr1e-4_b32_mb8_ga4_e10,1e-4,32,8,4,10,checkpoint-52,52,2.5720789009736948e-05,0.4818925091663418,0.5212880962528288,0.04876107614628289,0.6968618502411542,,,,0.1968936437557957,False,False,False,saves/unlearn/tofu/forget10/Llama-2-7b-chat-hf/NPO/lr1e-4_b32_mb8_ga4_e10/checkpoint-52/evals/TOFU_SUMMARY.json,saves/unlearn/tofu/forget10/Llama-2-7b-chat-hf/NPO/lr1e-4_b32_mb8_ga4_e10/checkpoint-52/evals/TOFU_EVAL.json
NPO,forget10,lr1e-4_b32_mb8_ga4_e10,1e-4,32,8,4,10,checkpoint-65,65,0.0017621899205092087,0.4876756712207632,0.527928930465132,0.05198268147147579,0.6821759564952256,,,,0.19948205517296852,False,False,False,saves/unlearn/tofu/forget10/Llama-2-7b-chat-hf/NPO/lr1e-4_b32_mb8_ga4_e10/checkpoint-65/evals/TOFU_SUMMARY.json,saves/unlearn/tofu/forget10/Llama-2-7b-chat-hf/NPO/lr1e-4_b32_mb8_ga4_e10/checkpoint-65/evals/TOFU_EVAL.json
NPO,forget10,lr1e-4_b32_mb8_ga4_e10,1e-4,32,8,4,10,checkpoint-78,78,0.01260422744087484,0.49784252323031564,0.5481051945500076,0.0517923345305584,0.674594184800386,,,,0.21049798613090748,False,False,False,saves/unlearn/tofu/forget10/Llama-2-7b-chat-hf/NPO/lr1e-4_b32_mb8_ga4_e10/checkpoint-78/evals/TOFU_SUMMARY.json,saves/unlearn/tofu/forget10/Llama-2-7b-chat-hf/NPO/lr1e-4_b32_mb8_ga4_e10/checkpoint-78/evals/TOFU_EVAL.json
NPO,forget10,lr1e-4_b32_mb8_ga4_e10,1e-4,32,8,4,10,checkpoint-91,91,0.00794521285574355,0.5059240332686425,0.5474092415906489,0.05393671642389401,0.6756234371952015,,,,0.21319626711711467,False,False,False,saves/unlearn/tofu/forget10/Llama-2-7b-chat-hf/NPO/lr1e-4_b32_mb8_ga4_e10/checkpoint-91/evals/TOFU_SUMMARY.json,saves/unlearn/tofu/forget10/Llama-2-7b-chat-hf/NPO/lr1e-4_b32_mb8_ga4_e10/checkpoint-91/evals/TOFU_EVAL.json
NPO,forget10,lr1e-4_b32_mb8_ga4_e10,1e-4,32,8,4,10,checkpoint-104,104,0.003828187263300835,0.5077590172014267,0.5456382225546986,0.05299654554739861,0.6719267010973451,,,,0.21226982041367887,False,False,False,saves/unlearn/tofu/forget10/Llama-2-7b-chat-hf/NPO/lr1e-4_b32_mb8_ga4_e10/checkpoint-104/evals/TOFU_SUMMARY.json,saves/unlearn/tofu/forget10/Llama-2-7b-chat-hf/NPO/lr1e-4_b32_mb8_ga4_e10/checkpoint-104/evals/TOFU_EVAL.json
NPO,forget10,lr1e-4_b32_mb8_ga4_e10,1e-4,32,8,4,10,checkpoint-117,117,0.004907932356726081,0.5069439824812549,0.5445679812971502,0.05281641778738045,0.6716966317184392,,,,0.21315971529571565,False,False,False,saves/unlearn/tofu/forget10/Llama-2-7b-chat-hf/NPO/lr1e-4_b32_mb8_ga4_e10/checkpoint-117/evals/TOFU_SUMMARY.json,saves/unlearn/tofu/forget10/Llama-2-7b-chat-hf/NPO/lr1e-4_b32_mb8_ga4_e10/checkpoint-117/evals/TOFU_EVAL.json
NPO,forget10,lr1e-4_b32_mb8_ga4_e10,1e-4,32,8,4,10,checkpoint-120,120,0.004907932356726081,0.5072957400062491,0.5444261210085825,0.05283684262398175,0.6714700879812583,,,,0.21357219054669305,True,False,False,saves/unlearn/tofu/forget10/Llama-2-7b-chat-hf/NPO/lr1e-4_b32_mb8_ga4_e10/checkpoint-120/evals/TOFU_SUMMARY.json,saves/unlearn/tofu/forget10/Llama-2-7b-chat-hf/NPO/lr1e-4_b32_mb8_ga4_e10/checkpoint-120/evals/TOFU_EVAL.json
NPO,forget10,lr1e-4_b8_mb4_ga2_e10,1e-4,8,4,2,10,checkpoint-50,50,0.0005832940307390987,0.44498659346526825,0.5161705352598801,0.0517573954954718,0.7151602467342897,,,,0.16160592211833139,False,False,False,saves/unlearn/tofu/forget10/Llama-2-7b-chat-hf/NPO/lr1e-4_b8_mb4_ga2_e10/checkpoint-50/evals/TOFU_SUMMARY.json,saves/unlearn/tofu/forget10/Llama-2-7b-chat-hf/NPO/lr1e-4_b8_mb4_ga2_e10/checkpoint-50/evals/TOFU_EVAL.json
NPO,forget10,lr1e-4_b8_mb4_ga2_e10,1e-4,8,4,2,10,checkpoint-100,100,6.923241573443553e-05,0.36536232882203873,0.46620257494039835,0.04387263594465219,0.7379523178235697,,,,0.11039395579524788,False,False,False,saves/unlearn/tofu/forget10/Llama-2-7b-chat-hf/NPO/lr1e-4_b8_mb4_ga2_e10/checkpoint-100/evals/TOFU_SUMMARY.json,saves/unlearn/tofu/forget10/Llama-2-7b-chat-hf/NPO/lr1e-4_b8_mb4_ga2_e10/checkpoint-100/evals/TOFU_EVAL.json
NPO,forget10,lr1e-4_b8_mb4_ga2_e10,1e-4,8,4,2,10,checkpoint-150,150,0.010032513978788836,0.38124261630981005,0.48591956038028,0.04454280704604107,0.7251537012778713,,,,0.12604394657543835,False,False,False,saves/unlearn/tofu/forget10/Llama-2-7b-chat-hf/NPO/lr1e-4_b8_mb4_ga2_e10/checkpoint-150/evals/TOFU_SUMMARY.json,saves/unlearn/tofu/forget10/Llama-2-7b-chat-hf/NPO/lr1e-4_b8_mb4_ga2_e10/checkpoint-150/evals/TOFU_EVAL.json
NPO,forget10,lr1e-4_b8_mb4_ga2_e10,1e-4,8,4,2,10,checkpoint-200,200,0.0005832940307390987,0.36062336038583287,0.47469844384584575,0.046167462360929175,0.7281972030457164,,,,0.1007737013131845,False,False,False,saves/unlearn/tofu/forget10/Llama-2-7b-chat-hf/NPO/lr1e-4_b8_mb4_ga2_e10/checkpoint-200/evals/TOFU_SUMMARY.json,saves/unlearn/tofu/forget10/Llama-2-7b-chat-hf/NPO/lr1e-4_b8_mb4_ga2_e10/checkpoint-200/evals/TOFU_EVAL.json
NPO,forget10,lr1e-4_b8_mb4_ga2_e10,1e-4,8,4,2,10,checkpoint-250,250,0.00794521285574355,0.3729212519908584,0.4907147234166041,0.0460949245349694,0.7178783467662734,,,,0.11246164087081523,False,False,False,saves/unlearn/tofu/forget10/Llama-2-7b-chat-hf/NPO/lr1e-4_b8_mb4_ga2_e10/checkpoint-250/evals/TOFU_SUMMARY.json,saves/unlearn/tofu/forget10/Llama-2-7b-chat-hf/NPO/lr1e-4_b8_mb4_ga2_e10/checkpoint-250/evals/TOFU_EVAL.json
NPO,forget10,lr1e-4_b8_mb4_ga2_e10,1e-4,8,4,2,10,checkpoint-300,300,0.006260402267679663,0.3682588644902851,0.49035501760430633,0.04654599507099552,0.7111843685284768,,,,0.10606876042031384,False,False,False,saves/unlearn/tofu/forget10/Llama-2-7b-chat-hf/NPO/lr1e-4_b8_mb4_ga2_e10/checkpoint-300/evals/TOFU_SUMMARY.json,saves/unlearn/tofu/forget10/Llama-2-7b-chat-hf/NPO/lr1e-4_b8_mb4_ga2_e10/checkpoint-300/evals/TOFU_EVAL.json
NPO,forget10,lr1e-4_b8_mb4_ga2_e10,1e-4,8,4,2,10,checkpoint-350,350,0.06521994354498474,0.4030680145500166,0.4924336952948943,0.04636885642091668,0.7063808140295467,,,,0.19888668223709585,False,False,False,saves/unlearn/tofu/forget10/Llama-2-7b-chat-hf/NPO/lr1e-4_b8_mb4_ga2_e10/checkpoint-350/evals/TOFU_SUMMARY.json,saves/unlearn/tofu/forget10/Llama-2-7b-chat-hf/NPO/lr1e-4_b8_mb4_ga2_e10/checkpoint-350/evals/TOFU_EVAL.json
NPO,forget10,lr1e-4_b8_mb4_ga2_e10,1e-4,8,4,2,10,checkpoint-400,400,0.15461291961180293,0.4274755709389771,0.4936245064903051,0.046122008322902544,0.7006521207770063,,,,0.3122152331441762,False,False,False,saves/unlearn/tofu/forget10/Llama-2-7b-chat-hf/NPO/lr1e-4_b8_mb4_ga2_e10/checkpoint-400/evals/TOFU_SUMMARY.json,saves/unlearn/tofu/forget10/Llama-2-7b-chat-hf/NPO/lr1e-4_b8_mb4_ga2_e10/checkpoint-400/evals/TOFU_EVAL.json
NPO,forget10,lr1e-4_b8_mb4_ga2_e10,1e-4,8,4,2,10,checkpoint-450,450,0.15461291961180293,0.43424151383924764,0.4912896298384294,0.04726804994310113,0.698900044513678,,,,0.3195755935602853,False,False,False,saves/unlearn/tofu/forget10/Llama-2-7b-chat-hf/NPO/lr1e-4_b8_mb4_ga2_e10/checkpoint-450/evals/TOFU_SUMMARY.json,saves/unlearn/tofu/forget10/Llama-2-7b-chat-hf/NPO/lr1e-4_b8_mb4_ga2_e10/checkpoint-450/evals/TOFU_EVAL.json
NPO,forget10,lr1e-4_b8_mb4_ga2_e10,1e-4,8,4,2,10,checkpoint-500,500,0.18096072488295206,0.4358629669672941,0.49126711134798823,0.047747823420288625,0.6970786939009423,,,,0.34731622446610766,True,False,False,saves/unlearn/tofu/forget10/Llama-2-7b-chat-hf/NPO/lr1e-4_b8_mb4_ga2_e10/checkpoint-500/evals/TOFU_SUMMARY.json,saves/unlearn/tofu/forget10/Llama-2-7b-chat-hf/NPO/lr1e-4_b8_mb4_ga2_e10/checkpoint-500/evals/TOFU_EVAL.json
NPO,forget10,lr1e-5_b16_mb4_ga4_e10,1e-5,16,4,4,10,checkpoint-25,25,4.059470396507229e-26,0.6299387105502458,0.9925607451796532,0.9002641992988427,0.5304211027870263,,,,-0.3164737616890022,False,False,False,saves/unlearn/tofu/forget10/Llama-2-7b-chat-hf/NPO/lr1e-5_b16_mb4_ga4_e10/checkpoint-25/evals/TOFU_SUMMARY.json,saves/unlearn/tofu/forget10/Llama-2-7b-chat-hf/NPO/lr1e-5_b16_mb4_ga4_e10/checkpoint-25/evals/TOFU_EVAL.json
NPO,forget10,lr1e-5_b16_mb4_ga4_e10,1e-5,16,4,4,10,checkpoint-50,50,1.876936326891253e-22,0.5596682508657459,0.9692630434036255,0.5743675557785263,0.5660327674683687,,,,-0.21214704872532997,False,False,False,saves/unlearn/tofu/forget10/Llama-2-7b-chat-hf/NPO/lr1e-5_b16_mb4_ga4_e10/checkpoint-50/evals/TOFU_SUMMARY.json,saves/unlearn/tofu/forget10/Llama-2-7b-chat-hf/NPO/lr1e-5_b16_mb4_ga4_e10/checkpoint-50/evals/TOFU_EVAL.json
NPO,forget10,lr1e-5_b16_mb4_ga4_e10,1e-5,16,4,4,10,checkpoint-75,75,8.513756583610105e-19,0.5216427440408992,0.9268349635601044,0.33744572770370695,0.5875520583842735,,,,-0.11049760159100652,False,False,False,saves/unlearn/tofu/forget10/Llama-2-7b-chat-hf/NPO/lr1e-5_b16_mb4_ga4_e10/checkpoint-75/evals/TOFU_SUMMARY.json,saves/unlearn/tofu/forget10/Llama-2-7b-chat-hf/NPO/lr1e-5_b16_mb4_ga4_e10/checkpoint-75/evals/TOFU_EVAL.json
NPO,forget10,lr1e-5_b16_mb4_ga4_e10,1e-5,16,4,4,10,checkpoint-100,100,1.6558004532094654e-18,0.5121731775713554,0.9189101669192314,0.31685950405979524,0.5911676277349636,,,,-0.10571165791815795,False,False,False,saves/unlearn/tofu/forget10/Llama-2-7b-chat-hf/NPO/lr1e-5_b16_mb4_ga4_e10/checkpoint-100/evals/TOFU_SUMMARY.json,saves/unlearn/tofu/forget10/Llama-2-7b-chat-hf/NPO/lr1e-5_b16_mb4_ga4_e10/checkpoint-100/evals/TOFU_EVAL.json
NPO,forget10,lr1e-5_b16_mb4_ga4_e10,1e-5,16,4,4,10,checkpoint-125,125,4.2392996435511593e-17,0.519263508285286,0.9148130729794502,0.3067775442259602,0.5929840736708192,,,,-0.09153180031741923,False,False,False,saves/unlearn/tofu/forget10/Llama-2-7b-chat-hf/NPO/lr1e-5_b16_mb4_ga4_e10/checkpoint-125/evals/TOFU_SUMMARY.json,saves/unlearn/tofu/forget10/Llama-2-7b-chat-hf/NPO/lr1e-5_b16_mb4_ga4_e10/checkpoint-125/evals/TOFU_EVAL.json
NPO,forget10,lr1e-5_b16_mb4_ga4_e10,1e-5,16,4,4,10,checkpoint-150,150,2.776495661774257e-16,0.5310131576979586,0.9101312084496022,0.29871460556871504,0.5977393715491854,,,,-0.07340974931119962,False,False,False,saves/unlearn/tofu/forget10/Llama-2-7b-chat-hf/NPO/lr1e-5_b16_mb4_ga4_e10/checkpoint-150/evals/TOFU_SUMMARY.json,saves/unlearn/tofu/forget10/Llama-2-7b-chat-hf/NPO/lr1e-5_b16_mb4_ga4_e10/checkpoint-150/evals/TOFU_EVAL.json
NPO,forget10,lr1e-5_b16_mb4_ga4_e10,1e-5,16,4,4,10,checkpoint-175,175,1.4921665744660114e-16,0.5287315472350611,0.9090747620165348,0.29166063753737603,0.5970825087412286,,,,-0.0716361525418942,False,False,False,saves/unlearn/tofu/forget10/Llama-2-7b-chat-hf/NPO/lr1e-5_b16_mb4_ga4_e10/checkpoint-175/evals/TOFU_SUMMARY.json,saves/unlearn/tofu/forget10/Llama-2-7b-chat-hf/NPO/lr1e-5_b16_mb4_ga4_e10/checkpoint-175/evals/TOFU_EVAL.json
NPO,forget10,lr1e-5_b16_mb4_ga4_e10,1e-5,16,4,4,10,checkpoint-200,200,1.4921665744660114e-16,0.5308406745227193,0.9088844126462936,0.28773455305690965,0.5987768380370759,,,,-0.06746880832888219,False,False,False,saves/unlearn/tofu/forget10/Llama-2-7b-chat-hf/NPO/lr1e-5_b16_mb4_ga4_e10/checkpoint-200/evals/TOFU_SUMMARY.json,saves/unlearn/tofu/forget10/Llama-2-7b-chat-hf/NPO/lr1e-5_b16_mb4_ga4_e10/checkpoint-200/evals/TOFU_EVAL.json
NPO,forget10,lr1e-5_b16_mb4_ga4_e10,1e-5,16,4,4,10,checkpoint-225,225,2.776495661774257e-16,0.5323520097537673,0.9088548064231873,0.2850682434129031,0.5973584121067926,,,,-0.06460951516427757,True,False,False,saves/unlearn/tofu/forget10/Llama-2-7b-chat-hf/NPO/lr1e-5_b16_mb4_ga4_e10/checkpoint-225/evals/TOFU_SUMMARY.json,saves/unlearn/tofu/forget10/Llama-2-7b-chat-hf/NPO/lr1e-5_b16_mb4_ga4_e10/checkpoint-225/evals/TOFU_EVAL.json
NPO,forget10,lr1e-5_b16_mb4_ga4_e10,1e-5,16,4,4,10,checkpoint-250,250,9.456104707095184e-16,0.5329433904892941,0.9089755293726921,0.28664988076737186,0.5978539011271582,,,,-0.06486931458073691,False,False,False,saves/unlearn/tofu/forget10/Llama-2-7b-chat-hf/NPO/lr1e-5_b16_mb4_ga4_e10/checkpoint-250/evals/TOFU_SUMMARY.json,saves/unlearn/tofu/forget10/Llama-2-7b-chat-hf/NPO/lr1e-5_b16_mb4_ga4_e10/checkpoint-250/evals/TOFU_EVAL.json
NPO,forget10,lr1e-5_b32_mb8_ga4_e10,1e-5,32,8,4,10,checkpoint-13,13,1.9834474538770552e-25,0.6300701891040577,0.992780441492796,0.9037163625311555,0.5278884319080316,,,,-0.3181782129079181,False,False,False,saves/unlearn/tofu/forget10/Llama-2-7b-chat-hf/NPO/lr1e-5_b32_mb8_ga4_e10/checkpoint-13/evals/TOFU_SUMMARY.json,saves/unlearn/tofu/forget10/Llama-2-7b-chat-hf/NPO/lr1e-5_b32_mb8_ga4_e10/checkpoint-13/evals/TOFU_EVAL.json
NPO,forget10,lr1e-5_b32_mb8_ga4_e10,1e-5,32,8,4,10,checkpoint-26,26,4.416671697087842e-24,0.6237750984881014,0.9745903968811035,0.6694959351302284,0.5516772868906734,,,,-0.19826806751756454,False,False,False,saves/unlearn/tofu/forget10/Llama-2-7b-chat-hf/NPO/lr1e-5_b32_mb8_ga4_e10/checkpoint-26/evals/TOFU_SUMMARY.json,saves/unlearn/tofu/forget10/Llama-2-7b-chat-hf/NPO/lr1e-5_b32_mb8_ga4_e10/checkpoint-26/evals/TOFU_EVAL.json
NPO,forget10,lr1e-5_b32_mb8_ga4_e10,1e-5,32,8,4,10,checkpoint-39,39,3.9054713571083378e-22,0.5721550327889455,0.9626775206625462,0.5482332485361135,0.5660881912609375,,,,-0.18330035181038434,False,False,False,saves/unlearn/tofu/forget10/Llama-2-7b-chat-hf/NPO/lr1e-5_b32_mb8_ga4_e10/checkpoint-39/evals/TOFU_SUMMARY.json,saves/unlearn/tofu/forget10/Llama-2-7b-chat-hf/NPO/lr1e-5_b32_mb8_ga4_e10/checkpoint-39/evals/TOFU_EVAL.json
NPO,forget10,lr1e-5_b32_mb8_ga4_e10,1e-5,32,8,4,10,checkpoint-52,52,1.3990395281788573e-20,0.5400018256757191,0.9467248094081878,0.429047774298048,0.5796828866350752,,,,-0.14788446617739884,False,False,False,saves/unlearn/tofu/forget10/Llama-2-7b-chat-hf/NPO/lr1e-5_b32_mb8_ga4_e10/checkpoint-52/evals/TOFU_SUMMARY.json,saves/unlearn/tofu/forget10/Llama-2-7b-chat-hf/NPO/lr1e-5_b32_mb8_ga4_e10/checkpoint-52/evals/TOFU_EVAL.json
NPO,forget10,lr1e-5_b32_mb8_ga4_e10,1e-5,32,8,4,10,checkpoint-65,65,2.213522258546535e-19,0.5274601026909695,0.9301181465387345,0.3577798340297694,0.5859356935793495,,,,-0.11648888759328238,False,False,False,saves/unlearn/tofu/forget10/Llama-2-7b-chat-hf/NPO/lr1e-5_b32_mb8_ga4_e10/checkpoint-65/evals/TOFU_SUMMARY.json,saves/unlearn/tofu/forget10/Llama-2-7b-chat-hf/NPO/lr1e-5_b32_mb8_ga4_e10/checkpoint-65/evals/TOFU_EVAL.json
NPO,forget10,lr1e-5_b32_mb8_ga4_e10,1e-5,32,8,4,10,checkpoint-78,78,2.213522258546535e-19,0.520606405854931,0.9241974845528602,0.33786951290881895,0.5868698122231403,,,,-0.11042709287590857,False,False,False,saves/unlearn/tofu/forget10/Llama-2-7b-chat-hf/NPO/lr1e-5_b32_mb8_ga4_e10/checkpoint-78/evals/TOFU_SUMMARY.json,saves/unlearn/tofu/forget10/Llama-2-7b-chat-hf/NPO/lr1e-5_b32_mb8_ga4_e10/checkpoint-78/evals/TOFU_EVAL.json
NPO,forget10,lr1e-5_b32_mb8_ga4_e10,1e-5,32,8,4,10,checkpoint-91,91,2.213522258546535e-19,0.5231219571972054,0.9231236010789872,0.3337928797251811,0.5866019839864711,,,,-0.1053362832048787,False,False,False,saves/unlearn/tofu/forget10/Llama-2-7b-chat-hf/NPO/lr1e-5_b32_mb8_ga4_e10/checkpoint-91/evals/TOFU_SUMMARY.json,saves/unlearn/tofu/forget10/Llama-2-7b-chat-hf/NPO/lr1e-5_b32_mb8_ga4_e10/checkpoint-91/evals/TOFU_EVAL.json
NPO,forget10,lr1e-5_b32_mb8_ga4_e10,1e-5,32,8,4,10,checkpoint-104,104,8.513756583610105e-19,0.5218554661375819,0.9221864002943039,0.3305174707697452,0.5849511314734259,,,,-0.1044964693944426,False,False,False,saves/unlearn/tofu/forget10/Llama-2-7b-chat-hf/NPO/lr1e-5_b32_mb8_ga4_e10/checkpoint-104/evals/TOFU_SUMMARY.json,saves/unlearn/tofu/forget10/Llama-2-7b-chat-hf/NPO/lr1e-5_b32_mb8_ga4_e10/checkpoint-104/evals/TOFU_EVAL.json
NPO,forget10,lr1e-5_b32_mb8_ga4_e10,1e-5,32,8,4,10,checkpoint-117,117,8.513756583610105e-19,0.5226472171562773,0.9224245496094227,0.3281419073614049,0.5870913367565549,,,,-0.10263601132913652,False,False,False,saves/unlearn/tofu/forget10/Llama-2-7b-chat-hf/NPO/lr1e-5_b32_mb8_ga4_e10/checkpoint-117/evals/TOFU_SUMMARY.json,saves/unlearn/tofu/forget10/Llama-2-7b-chat-hf/NPO/lr1e-5_b32_mb8_ga4_e10/checkpoint-117/evals/TOFU_EVAL.json
NPO,forget10,lr1e-5_b32_mb8_ga4_e10,1e-5,32,8,4,10,checkpoint-120,120,4.353260441808186e-19,0.5224423713577515,0.9225756691396236,0.3273120998753474,0.5879913719447226,,,,-0.10250151314973399,True,False,False,saves/unlearn/tofu/forget10/Llama-2-7b-chat-hf/NPO/lr1e-5_b32_mb8_ga4_e10/checkpoint-120/evals/TOFU_SUMMARY.json,saves/unlearn/tofu/forget10/Llama-2-7b-chat-hf/NPO/lr1e-5_b32_mb8_ga4_e10/checkpoint-120/evals/TOFU_EVAL.json
NPO,forget10,lr1e-5_b8_mb4_ga2_e10,1e-5,8,4,2,10,checkpoint-50,50,9.46850627170962e-25,0.6323367011996336,0.986787981390953,0.8175184646061314,0.545658195802741,,,,-0.26981652179890864,False,False,False,saves/unlearn/tofu/forget10/Llama-2-7b-chat-hf/NPO/lr1e-5_b8_mb4_ga2_e10/checkpoint-50/evals/TOFU_SUMMARY.json,saves/unlearn/tofu/forget10/Llama-2-7b-chat-hf/NPO/lr1e-5_b8_mb4_ga2_e10/checkpoint-50/evals/TOFU_EVAL.json
NPO,forget10,lr1e-5_b8_mb4_ga2_e10,1e-5,8,4,2,10,checkpoint-100,100,2.776495661774257e-16,0.5300801299067631,0.9145540492236615,0.3093696706607826,0.6181928269705375,,,,-0.08188173003545857,False,False,False,saves/unlearn/tofu/forget10/Llama-2-7b-chat-hf/NPO/lr1e-5_b8_mb4_ga2_e10/checkpoint-100/evals/TOFU_SUMMARY.json,saves/unlearn/tofu/forget10/Llama-2-7b-chat-hf/NPO/lr1e-5_b8_mb4_ga2_e10/checkpoint-100/evals/TOFU_EVAL.json
NPO,forget10,lr1e-5_b8_mb4_ga2_e10,1e-5,8,4,2,10,checkpoint-150,150,1.7928838057651826e-13,0.5297364918021555,0.8846551479399204,0.23879521437480491,0.6261615115357781,,,,-0.03198868935502781,False,False,False,saves/unlearn/tofu/forget10/Llama-2-7b-chat-hf/NPO/lr1e-5_b8_mb4_ga2_e10/checkpoint-150/evals/TOFU_SUMMARY.json,saves/unlearn/tofu/forget10/Llama-2-7b-chat-hf/NPO/lr1e-5_b8_mb4_ga2_e10/checkpoint-150/evals/TOFU_EVAL.json
NPO,forget10,lr1e-5_b8_mb4_ga2_e10,1e-5,8,4,2,10,checkpoint-200,200,9.344235949852775e-13,0.5307785943047878,0.8767773570120334,0.22983349525798455,0.6275770558758967,,,,-0.022526831829286706,False,False,False,saves/unlearn/tofu/forget10/Llama-2-7b-chat-hf/NPO/lr1e-5_b8_mb4_ga2_e10/checkpoint-200/evals/TOFU_SUMMARY.json,saves/unlearn/tofu/forget10/Llama-2-7b-chat-hf/NPO/lr1e-5_b8_mb4_ga2_e10/checkpoint-200/evals/TOFU_EVAL.json
NPO,forget10,lr1e-5_b8_mb4_ga2_e10,1e-5,8,4,2,10,checkpoint-250,250,6.027592497096867e-11,0.540775425276253,0.8757169924676418,0.2247554214292005,0.6342726785750764,,,,-0.009460781611892247,False,False,False,saves/unlearn/tofu/forget10/Llama-2-7b-chat-hf/NPO/lr1e-5_b8_mb4_ga2_e10/checkpoint-250/evals/TOFU_SUMMARY.json,saves/unlearn/tofu/forget10/Llama-2-7b-chat-hf/NPO/lr1e-5_b8_mb4_ga2_e10/checkpoint-250/evals/TOFU_EVAL.json
NPO,forget10,lr1e-5_b8_mb4_ga2_e10,1e-5,8,4,2,10,checkpoint-300,300,3.647961791830168e-11,0.5524455349891826,0.8821513943374157,0.23299223840624478,0.6325522753639753,,,,-0.005126281346168077,False,False,False,saves/unlearn/tofu/forget10/Llama-2-7b-chat-hf/NPO/lr1e-5_b8_mb4_ga2_e10/checkpoint-300/evals/TOFU_SUMMARY.json,saves/unlearn/tofu/forget10/Llama-2-7b-chat-hf/NPO/lr1e-5_b8_mb4_ga2_e10/checkpoint-300/evals/TOFU_EVAL.json
NPO,forget10,lr1e-5_b8_mb4_ga2_e10,1e-5,8,4,2,10,checkpoint-350,350,6.027592497096867e-11,0.5546295253050961,0.8845117546617984,0.23390090436157776,0.6318288642032046,,,,-0.004576804146316074,False,False,False,saves/unlearn/tofu/forget10/Llama-2-7b-chat-hf/NPO/lr1e-5_b8_mb4_ga2_e10/checkpoint-350/evals/TOFU_SUMMARY.json,saves/unlearn/tofu/forget10/Llama-2-7b-chat-hf/NPO/lr1e-5_b8_mb4_ga2_e10/checkpoint-350/evals/TOFU_EVAL.json
NPO,forget10,lr1e-5_b8_mb4_ga2_e10,1e-5,8,4,2,10,checkpoint-400,400,2.196072998681761e-11,0.5590764251314098,0.886430218666792,0.23422197497657846,0.6273578421042693,,,,-0.0012496716683146752,False,False,False,saves/unlearn/tofu/forget10/Llama-2-7b-chat-hf/NPO/lr1e-5_b8_mb4_ga2_e10/checkpoint-400/evals/TOFU_SUMMARY.json,saves/unlearn/tofu/forget10/Llama-2-7b-chat-hf/NPO/lr1e-5_b8_mb4_ga2_e10/checkpoint-400/evals/TOFU_EVAL.json
NPO,forget10,lr1e-5_b8_mb4_ga2_e10,1e-5,8,4,2,10,checkpoint-450,450,3.647961791830168e-11,0.5601244091894538,0.8875503098964691,0.23987524705877536,0.630151275101944,,,,-0.0035883692516888027,False,False,False,saves/unlearn/tofu/forget10/Llama-2-7b-chat-hf/NPO/lr1e-5_b8_mb4_ga2_e10/checkpoint-450/evals/TOFU_SUMMARY.json,saves/unlearn/tofu/forget10/Llama-2-7b-chat-hf/NPO/lr1e-5_b8_mb4_ga2_e10/checkpoint-450/evals/TOFU_EVAL.json
NPO,forget10,lr1e-5_b8_mb4_ga2_e10,1e-5,8,4,2,10,checkpoint-500,500,1.6196210141854015e-10,0.5610342709345932,0.8870115564763545,0.23590687625323503,0.6299746738756717,,,,-0.00042494526823944057,True,False,False,saves/unlearn/tofu/forget10/Llama-2-7b-chat-hf/NPO/lr1e-5_b8_mb4_ga2_e10/checkpoint-500/evals/TOFU_SUMMARY.json,saves/unlearn/tofu/forget10/Llama-2-7b-chat-hf/NPO/lr1e-5_b8_mb4_ga2_e10/checkpoint-500/evals/TOFU_EVAL.json
NPO,forget10,lr2e-5_b16_mb4_ga4_e10,2e-5,16,4,4,10,checkpoint-25,25,4.416671697087842e-24,0.5956973147451247,0.9668979740142822,0.5781137695005794,0.5600413984727224,,,,-0.17680855701230613,False,False,False,saves/unlearn/tofu/forget10/Llama-2-7b-chat-hf/NPO/lr2e-5_b16_mb4_ga4_e10/checkpoint-25/evals/TOFU_SUMMARY.json,saves/unlearn/tofu/forget10/Llama-2-7b-chat-hf/NPO/lr2e-5_b16_mb4_ga4_e10/checkpoint-25/evals/TOFU_EVAL.json
NPO,forget10,lr2e-5_b16_mb4_ga4_e10,2e-5,16,4,4,10,checkpoint-50,50,2.776495661774257e-16,0.5137712289435845,0.8541885428130627,0.18287055572887131,0.6275761876583921,,,,-0.004758320327382146,False,False,False,saves/unlearn/tofu/forget10/Llama-2-7b-chat-hf/NPO/lr2e-5_b16_mb4_ga4_e10/checkpoint-50/evals/TOFU_SUMMARY.json,saves/unlearn/tofu/forget10/Llama-2-7b-chat-hf/NPO/lr2e-5_b16_mb4_ga4_e10/checkpoint-50/evals/TOFU_EVAL.json
NPO,forget10,lr2e-5_b16_mb4_ga4_e10,2e-5,16,4,4,10,checkpoint-75,75,1.6027740307205098e-12,0.533563827242722,0.8503579436242581,0.17453641376044943,0.6292852558147447,,,,0.021116648551971068,False,False,False,saves/unlearn/tofu/forget10/Llama-2-7b-chat-hf/NPO/lr2e-5_b16_mb4_ga4_e10/checkpoint-75/evals/TOFU_SUMMARY.json,saves/unlearn/tofu/forget10/Llama-2-7b-chat-hf/NPO/lr2e-5_b16_mb4_ga4_e10/checkpoint-75/evals/TOFU_EVAL.json
NPO,forget10,lr2e-5_b16_mb4_ga4_e10,2e-5,16,4,4,10,checkpoint-100,100,7.832452544383501e-12,0.5689667304384082,0.8599094013869762,0.18271575354963068,0.6084332773980493,,,,0.04765415297793711,False,False,False,saves/unlearn/tofu/forget10/Llama-2-7b-chat-hf/NPO/lr2e-5_b16_mb4_ga4_e10/checkpoint-100/evals/TOFU_SUMMARY.json,saves/unlearn/tofu/forget10/Llama-2-7b-chat-hf/NPO/lr2e-5_b16_mb4_ga4_e10/checkpoint-100/evals/TOFU_EVAL.json
NPO,forget10,lr2e-5_b16_mb4_ga4_e10,2e-5,16,4,4,10,checkpoint-125,125,2.5496506594547965e-08,0.5900752249317681,0.8471886613219977,0.1797847537138181,0.6225291927336213,,,,0.0765885429103668,False,False,False,saves/unlearn/tofu/forget10/Llama-2-7b-chat-hf/NPO/lr2e-5_b16_mb4_ga4_e10/checkpoint-125/evals/TOFU_SUMMARY.json,saves/unlearn/tofu/forget10/Llama-2-7b-chat-hf/NPO/lr2e-5_b16_mb4_ga4_e10/checkpoint-125/evals/TOFU_EVAL.json
NPO,forget10,lr2e-5_b16_mb4_ga4_e10,2e-5,16,4,4,10,checkpoint-150,150,4.5846770167841434e-07,0.606453327452264,0.8357040319591761,0.17214602069608148,0.6144787923453238,,,,0.1025287595923369,False,False,False,saves/unlearn/tofu/forget10/Llama-2-7b-chat-hf/NPO/lr2e-5_b16_mb4_ga4_e10/checkpoint-150/evals/TOFU_SUMMARY.json,saves/unlearn/tofu/forget10/Llama-2-7b-chat-hf/NPO/lr2e-5_b16_mb4_ga4_e10/checkpoint-150/evals/TOFU_EVAL.json
NPO,forget10,lr2e-5_b16_mb4_ga4_e10,2e-5,16,4,4,10,checkpoint-175,175,2.1316067663008397e-06,0.6075310800113142,0.8334075114130974,0.17118764406925926,0.612014415391746,,,,0.10523563387690214,True,False,False,saves/unlearn/tofu/forget10/Llama-2-7b-chat-hf/NPO/lr2e-5_b16_mb4_ga4_e10/checkpoint-175/evals/TOFU_SUMMARY.json,saves/unlearn/tofu/forget10/Llama-2-7b-chat-hf/NPO/lr2e-5_b16_mb4_ga4_e10/checkpoint-175/evals/TOFU_EVAL.json
NPO,forget10,lr2e-5_b16_mb4_ga4_e10,2e-5,16,4,4,10,checkpoint-200,200,3.089852009867272e-06,0.6082828867643485,0.8328137853741646,0.17449054185395682,0.6097217231917087,,,,0.1046338130022977,False,False,False,saves/unlearn/tofu/forget10/Llama-2-7b-chat-hf/NPO/lr2e-5_b16_mb4_ga4_e10/checkpoint-200/evals/TOFU_SUMMARY.json,saves/unlearn/tofu/forget10/Llama-2-7b-chat-hf/NPO/lr2e-5_b16_mb4_ga4_e10/checkpoint-200/evals/TOFU_EVAL.json
NPO,forget10,lr2e-5_b16_mb4_ga4_e10,2e-5,16,4,4,10,checkpoint-225,225,9.9886659393885e-07,0.6077556206684815,0.832311642691493,0.1733075574337878,0.6094194306396254,,,,0.10494701947243511,False,False,False,saves/unlearn/tofu/forget10/Llama-2-7b-chat-hf/NPO/lr2e-5_b16_mb4_ga4_e10/checkpoint-225/evals/TOFU_SUMMARY.json,saves/unlearn/tofu/forget10/Llama-2-7b-chat-hf/NPO/lr2e-5_b16_mb4_ga4_e10/checkpoint-225/evals/TOFU_EVAL.json
NPO,forget10,lr2e-5_b16_mb4_ga4_e10,2e-5,16,4,4,10,checkpoint-250,250,9.9886659393885e-07,0.6082977498042196,0.833208272010088,0.17497319361218877,0.6062540433717003,,,,0.10420801585967521,False,False,False,saves/unlearn/tofu/forget10/Llama-2-7b-chat-hf/NPO/lr2e-5_b16_mb4_ga4_e10/checkpoint-250/evals/TOFU_SUMMARY.json,saves/unlearn/tofu/forget10/Llama-2-7b-chat-hf/NPO/lr2e-5_b16_mb4_ga4_e10/checkpoint-250/evals/TOFU_EVAL.json
NPO,forget10,lr2e-5_b32_mb8_ga4_e10,2e-5,32,8,4,10,checkpoint-13,13,9.46850627170962e-25,0.6262350712948551,0.9706592367589474,0.6496135997126475,0.560489069206041,,,,-0.18390134694094235,False,False,False,saves/unlearn/tofu/forget10/Llama-2-7b-chat-hf/NPO/lr2e-5_b32_mb8_ga4_e10/checkpoint-13/evals/TOFU_SUMMARY.json,saves/unlearn/tofu/forget10/Llama-2-7b-chat-hf/NPO/lr2e-5_b32_mb8_ga4_e10/checkpoint-13/evals/TOFU_EVAL.json
NPO,forget10,lr2e-5_b32_mb8_ga4_e10,2e-5,32,8,4,10,checkpoint-26,26,6.027592497096867e-11,0.5031178868706525,0.7752689604461193,0.117452024055792,0.6875079761942671,,,,0.056757394679972775,False,False,False,saves/unlearn/tofu/forget10/Llama-2-7b-chat-hf/NPO/lr2e-5_b32_mb8_ga4_e10/checkpoint-26/evals/TOFU_SUMMARY.json,saves/unlearn/tofu/forget10/Llama-2-7b-chat-hf/NPO/lr2e-5_b32_mb8_ga4_e10/checkpoint-26/evals/TOFU_EVAL.json
NPO,forget10,lr2e-5_b32_mb8_ga4_e10,2e-5,32,8,4,10,checkpoint-39,39,9.074891594369707e-08,0.5182281378949615,0.733948345258832,0.09291750288887447,0.6956024033197766,,,,0.10479530457002417,False,False,False,saves/unlearn/tofu/forget10/Llama-2-7b-chat-hf/NPO/lr2e-5_b32_mb8_ga4_e10/checkpoint-39/evals/TOFU_SUMMARY.json,saves/unlearn/tofu/forget10/Llama-2-7b-chat-hf/NPO/lr2e-5_b32_mb8_ga4_e10/checkpoint-39/evals/TOFU_EVAL.json
NPO,forget10,lr2e-5_b32_mb8_ga4_e10,2e-5,32,8,4,10,checkpoint-52,52,9.532297003197859e-05,0.5797741902778832,0.6894792542606593,0.08031070210476163,0.6773197512055402,,,,0.1949745350652048,False,False,False,saves/unlearn/tofu/forget10/Llama-2-7b-chat-hf/NPO/lr2e-5_b32_mb8_ga4_e10/checkpoint-52/evals/TOFU_SUMMARY.json,saves/unlearn/tofu/forget10/Llama-2-7b-chat-hf/NPO/lr2e-5_b32_mb8_ga4_e10/checkpoint-52/evals/TOFU_EVAL.json
NPO,forget10,lr2e-5_b32_mb8_ga4_e10,2e-5,32,8,4,10,checkpoint-65,65,0.00794521285574355,0.5981500636815607,0.6623872563242912,0.0750528210985784,0.677472661024701,,,,0.23737523782586942,False,False,False,saves/unlearn/tofu/forget10/Llama-2-7b-chat-hf/NPO/lr2e-5_b32_mb8_ga4_e10/checkpoint-65/evals/TOFU_SUMMARY.json,saves/unlearn/tofu/forget10/Llama-2-7b-chat-hf/NPO/lr2e-5_b32_mb8_ga4_e10/checkpoint-65/evals/TOFU_EVAL.json
NPO,forget10,lr2e-5_b32_mb8_ga4_e10,2e-5,32,8,4,10,checkpoint-78,78,0.019594795142993927,0.6272686261377955,0.6548268572986126,0.0772973002685699,0.6784973505324499,,,,0.28080134249719824,False,False,False,saves/unlearn/tofu/forget10/Llama-2-7b-chat-hf/NPO/lr2e-5_b32_mb8_ga4_e10/checkpoint-78/evals/TOFU_SUMMARY.json,saves/unlearn/tofu/forget10/Llama-2-7b-chat-hf/NPO/lr2e-5_b32_mb8_ga4_e10/checkpoint-78/evals/TOFU_EVAL.json
NPO,forget10,lr2e-5_b32_mb8_ga4_e10,2e-5,32,8,4,10,checkpoint-91,91,0.036569856408414286,0.6330621635853376,0.6433076413534582,0.07262005723099149,0.6812805461666903,,,,0.311668170701527,False,False,False,saves/unlearn/tofu/forget10/Llama-2-7b-chat-hf/NPO/lr2e-5_b32_mb8_ga4_e10/checkpoint-91/evals/TOFU_SUMMARY.json,saves/unlearn/tofu/forget10/Llama-2-7b-chat-hf/NPO/lr2e-5_b32_mb8_ga4_e10/checkpoint-91/evals/TOFU_EVAL.json
NPO,forget10,lr2e-5_b32_mb8_ga4_e10,2e-5,32,8,4,10,checkpoint-104,104,0.07829787069468755,0.6320701946378259,0.6408739508502186,0.07234574935805664,0.6806591770435594,,,,0.3537582152283758,False,False,False,saves/unlearn/tofu/forget10/Llama-2-7b-chat-hf/NPO/lr2e-5_b32_mb8_ga4_e10/checkpoint-104/evals/TOFU_SUMMARY.json,saves/unlearn/tofu/forget10/Llama-2-7b-chat-hf/NPO/lr2e-5_b32_mb8_ga4_e10/checkpoint-104/evals/TOFU_EVAL.json
NPO,forget10,lr2e-5_b32_mb8_ga4_e10,2e-5,32,8,4,10,checkpoint-117,117,0.07829787069468755,0.6325668870871,0.6394130826741456,0.07268006017483698,0.6807232098586433,,,,0.3548181863572962,True,False,False,saves/unlearn/tofu/forget10/Llama-2-7b-chat-hf/NPO/lr2e-5_b32_mb8_ga4_e10/checkpoint-117/evals/TOFU_SUMMARY.json,saves/unlearn/tofu/forget10/Llama-2-7b-chat-hf/NPO/lr2e-5_b32_mb8_ga4_e10/checkpoint-117/evals/TOFU_EVAL.json
NPO,forget10,lr2e-5_b32_mb8_ga4_e10,2e-5,32,8,4,10,checkpoint-120,120,0.07829787069468755,0.6319443834075853,0.6401119356043636,0.07186634876247705,0.6803596419037286,,,,0.35425311191885245,False,False,False,saves/unlearn/tofu/forget10/Llama-2-7b-chat-hf/NPO/lr2e-5_b32_mb8_ga4_e10/checkpoint-120/evals/TOFU_SUMMARY.json,saves/unlearn/tofu/forget10/Llama-2-7b-chat-hf/NPO/lr2e-5_b32_mb8_ga4_e10/checkpoint-120/evals/TOFU_EVAL.json
NPO,forget10,lr2e-5_b8_mb4_ga2_e10,2e-5,8,4,2,10,checkpoint-50,50,4.353260441808186e-19,0.4949925764985035,0.9353502181172371,0.37427191622461564,0.5761275985615458,,,,-0.15981849067242287,False,False,False,saves/unlearn/tofu/forget10/Llama-2-7b-chat-hf/NPO/lr2e-5_b8_mb4_ga2_e10/checkpoint-50/evals/TOFU_SUMMARY.json,saves/unlearn/tofu/forget10/Llama-2-7b-chat-hf/NPO/lr2e-5_b8_mb4_ga2_e10/checkpoint-50/evals/TOFU_EVAL.json
NPO,forget10,lr2e-5_b8_mb4_ga2_e10,2e-5,8,4,2,10,checkpoint-100,100,2.734462451060329e-12,0.5300926593484258,0.8514007899165154,0.1741663371435558,0.6068027866297041,,,,0.01730909582112465,False,False,False,saves/unlearn/tofu/forget10/Llama-2-7b-chat-hf/NPO/lr2e-5_b8_mb4_ga2_e10/checkpoint-100/evals/TOFU_SUMMARY.json,saves/unlearn/tofu/forget10/Llama-2-7b-chat-hf/NPO/lr2e-5_b8_mb4_ga2_e10/checkpoint-100/evals/TOFU_EVAL.json
NPO,forget10,lr2e-5_b8_mb4_ga2_e10,2e-5,8,4,2,10,checkpoint-150,150,9.9886659393885e-07,0.5800368078972522,0.7916184369474649,0.12040487898627605,0.6174138076195219,,,,0.12402614879697571,False,False,False,saves/unlearn/tofu/forget10/Llama-2-7b-chat-hf/NPO/lr2e-5_b8_mb4_ga2_e10/checkpoint-150/evals/TOFU_SUMMARY.json,saves/unlearn/tofu/forget10/Llama-2-7b-chat-hf/NPO/lr2e-5_b8_mb4_ga2_e10/checkpoint-150/evals/TOFU_EVAL.json
NPO,forget10,lr2e-5_b8_mb4_ga2_e10,2e-5,8,4,2,10,checkpoint-200,200,9.532297003197859e-05,0.6074952769162697,0.7112215735204518,0.09371091680901081,0.6079825190310971,,,,0.20512435472157042,False,False,False,saves/unlearn/tofu/forget10/Llama-2-7b-chat-hf/NPO/lr2e-5_b8_mb4_ga2_e10/checkpoint-200/evals/TOFU_SUMMARY.json,saves/unlearn/tofu/forget10/Llama-2-7b-chat-hf/NPO/lr2e-5_b8_mb4_ga2_e10/checkpoint-200/evals/TOFU_EVAL.json
NPO,forget10,lr2e-5_b8_mb4_ga2_e10,2e-5,8,4,2,10,checkpoint-250,250,0.0005832940307390987,0.6179974571578342,0.7181650131754577,0.10014892526133537,0.60393278721897,,,,0.20942378197017675,False,False,False,saves/unlearn/tofu/forget10/Llama-2-7b-chat-hf/NPO/lr2e-5_b8_mb4_ga2_e10/checkpoint-250/evals/TOFU_SUMMARY.json,saves/unlearn/tofu/forget10/Llama-2-7b-chat-hf/NPO/lr2e-5_b8_mb4_ga2_e10/checkpoint-250/evals/TOFU_EVAL.json
NPO,forget10,lr2e-5_b8_mb4_ga2_e10,2e-5,8,4,2,10,checkpoint-300,300,0.0029708770428139948,0.6166357964039587,0.689423549035564,0.09034769413249025,0.6116249541590029,,,,0.22972105186274555,False,False,False,saves/unlearn/tofu/forget10/Llama-2-7b-chat-hf/NPO/lr2e-5_b8_mb4_ga2_e10/checkpoint-300/evals/TOFU_SUMMARY.json,saves/unlearn/tofu/forget10/Llama-2-7b-chat-hf/NPO/lr2e-5_b8_mb4_ga2_e10/checkpoint-300/evals/TOFU_EVAL.json
NPO,forget10,lr2e-5_b8_mb4_ga2_e10,2e-5,8,4,2,10,checkpoint-350,350,0.0022938851536275073,0.6198859389637691,0.6843142421683297,0.09200099635038413,0.6113822898078819,,,,0.23402220485803968,False,False,False,saves/unlearn/tofu/forget10/Llama-2-7b-chat-hf/NPO/lr2e-5_b8_mb4_ga2_e10/checkpoint-350/evals/TOFU_SUMMARY.json,saves/unlearn/tofu/forget10/Llama-2-7b-chat-hf/NPO/lr2e-5_b8_mb4_ga2_e10/checkpoint-350/evals/TOFU_EVAL.json
NPO,forget10,lr2e-5_b8_mb4_ga2_e10,2e-5,8,4,2,10,checkpoint-400,400,0.0013468720321565051,0.6223962013092861,0.6865510671632364,0.09487796052786411,0.6098939865149063,,,,0.23302855949589235,False,False,False,saves/unlearn/tofu/forget10/Llama-2-7b-chat-hf/NPO/lr2e-5_b8_mb4_ga2_e10/checkpoint-400/evals/TOFU_SUMMARY.json,saves/unlearn/tofu/forget10/Llama-2-7b-chat-hf/NPO/lr2e-5_b8_mb4_ga2_e10/checkpoint-400/evals/TOFU_EVAL.json
NPO,forget10,lr2e-5_b8_mb4_ga2_e10,2e-5,8,4,2,10,checkpoint-450,450,0.0013468720321565051,0.6233199314753086,0.6847906133113429,0.09504261452090218,0.6083898124680053,,,,0.2347501895913426,False,False,False,saves/unlearn/tofu/forget10/Llama-2-7b-chat-hf/NPO/lr2e-5_b8_mb4_ga2_e10/checkpoint-450/evals/TOFU_SUMMARY.json,saves/unlearn/tofu/forget10/Llama-2-7b-chat-hf/NPO/lr2e-5_b8_mb4_ga2_e10/checkpoint-450/evals/TOFU_EVAL.json
NPO,forget10,lr2e-5_b8_mb4_ga2_e10,2e-5,8,4,2,10,checkpoint-500,500,0.0029708770428139948,0.6226284815311474,0.6851465021912009,0.09443965679573349,0.608936312961188,,,,0.23580627908049412,True,False,False,saves/unlearn/tofu/forget10/Llama-2-7b-chat-hf/NPO/lr2e-5_b8_mb4_ga2_e10/checkpoint-500/evals/TOFU_SUMMARY.json,saves/unlearn/tofu/forget10/Llama-2-7b-chat-hf/NPO/lr2e-5_b8_mb4_ga2_e10/checkpoint-500/evals/TOFU_EVAL.json
NPO,forget10,lr5e-5_b16_mb4_ga4_e10,5e-5,16,4,4,10,checkpoint-25,25,4.5846770167841434e-07,0.47652433737973005,0.7345256167650223,0.08491308622065312,0.6798305903504219,,,,0.06680544435459404,False,False,False,saves/unlearn/tofu/forget10/Llama-2-7b-chat-hf/NPO/lr5e-5_b16_mb4_ga4_e10/checkpoint-25/evals/TOFU_SUMMARY.json,saves/unlearn/tofu/forget10/Llama-2-7b-chat-hf/NPO/lr5e-5_b16_mb4_ga4_e10/checkpoint-25/evals/TOFU_EVAL.json
NPO,forget10,lr5e-5_b16_mb4_ga4_e10,5e-5,16,4,4,10,checkpoint-50,50,0.004907932356726081,0.5241356982094562,0.5942701226100325,0.052968468669800206,0.7091946661460176,,,,0.20542433492626583,False,False,False,saves/unlearn/tofu/forget10/Llama-2-7b-chat-hf/NPO/lr5e-5_b16_mb4_ga4_e10/checkpoint-50/evals/TOFU_SUMMARY.json,saves/unlearn/tofu/forget10/Llama-2-7b-chat-hf/NPO/lr5e-5_b16_mb4_ga4_e10/checkpoint-50/evals/TOFU_EVAL.json
NPO,forget10,lr5e-5_b16_mb4_ga4_e10,5e-5,16,4,4,10,checkpoint-75,75,6.923241573443553e-05,0.5375747549487616,0.4995257124491036,0.0452242112474166,0.7033691916099676,,,,0.26526902551623593,False,False,False,saves/unlearn/tofu/forget10/Llama-2-7b-chat-hf/NPO/lr5e-5_b16_mb4_ga4_e10/checkpoint-75/evals/TOFU_SUMMARY.json,saves/unlearn/tofu/forget10/Llama-2-7b-chat-hf/NPO/lr5e-5_b16_mb4_ga4_e10/checkpoint-75/evals/TOFU_EVAL.json
NPO,forget10,lr5e-5_b16_mb4_ga4_e10,5e-5,16,4,4,10,checkpoint-100,100,1.2955312948811258e-05,0.5470662564167331,0.5037985986261628,0.046688484987309396,0.6947075368559357,,,,0.2718356699229458,False,False,False,saves/unlearn/tofu/forget10/Llama-2-7b-chat-hf/NPO/lr5e-5_b16_mb4_ga4_e10/checkpoint-100/evals/TOFU_SUMMARY.json,saves/unlearn/tofu/forget10/Llama-2-7b-chat-hf/NPO/lr5e-5_b16_mb4_ga4_e10/checkpoint-100/evals/TOFU_EVAL.json
NPO,forget10,lr5e-5_b16_mb4_ga4_e10,5e-5,16,4,4,10,checkpoint-125,125,0.0022938851536275073,0.5414464389458242,0.5224457285995595,0.049223004118341136,0.6908231117807375,,,,0.2579059577405014,False,False,False,saves/unlearn/tofu/forget10/Llama-2-7b-chat-hf/NPO/lr5e-5_b16_mb4_ga4_e10/checkpoint-125/evals/TOFU_SUMMARY.json,saves/unlearn/tofu/forget10/Llama-2-7b-chat-hf/NPO/lr5e-5_b16_mb4_ga4_e10/checkpoint-125/evals/TOFU_EVAL.json
NPO,forget10,lr5e-5_b16_mb4_ga4_e10,5e-5,16,4,4,10,checkpoint-150,150,0.0005832940307390987,0.5533233155148305,0.5189535354892724,0.047832305913296104,0.6936990706841516,,,,0.27051368884428534,False,False,False,saves/unlearn/tofu/forget10/Llama-2-7b-chat-hf/NPO/lr5e-5_b16_mb4_ga4_e10/checkpoint-150/evals/TOFU_SUMMARY.json,saves/unlearn/tofu/forget10/Llama-2-7b-chat-hf/NPO/lr5e-5_b16_mb4_ga4_e10/checkpoint-150/evals/TOFU_EVAL.json
NPO,forget10,lr5e-5_b16_mb4_ga4_e10,5e-5,16,4,4,10,checkpoint-175,175,0.0005832940307390987,0.5578206657982088,0.5146949687669985,0.047369540927697476,0.6890125888593613,,,,0.27737170498159985,False,False,False,saves/unlearn/tofu/forget10/Llama-2-7b-chat-hf/NPO/lr5e-5_b16_mb4_ga4_e10/checkpoint-175/evals/TOFU_SUMMARY.json,saves/unlearn/tofu/forget10/Llama-2-7b-chat-hf/NPO/lr5e-5_b16_mb4_ga4_e10/checkpoint-175/evals/TOFU_EVAL.json
NPO,forget10,lr5e-5_b16_mb4_ga4_e10,5e-5,16,4,4,10,checkpoint-200,200,0.0007748993373290397,0.5640445690051598,0.5153410583711229,0.04683772270816979,0.6849062177116316,,,,0.28373007780284243,False,False,False,saves/unlearn/tofu/forget10/Llama-2-7b-chat-hf/NPO/lr5e-5_b16_mb4_ga4_e10/checkpoint-200/evals/TOFU_SUMMARY.json,saves/unlearn/tofu/forget10/Llama-2-7b-chat-hf/NPO/lr5e-5_b16_mb4_ga4_e10/checkpoint-200/evals/TOFU_EVAL.json
NPO,forget10,lr5e-5_b16_mb4_ga4_e10,5e-5,16,4,4,10,checkpoint-225,225,0.0017621899205092087,0.5670611830615016,0.5165401851409115,0.04818487772864948,0.6859739934979294,,,,0.28646084154723034,True,False,False,saves/unlearn/tofu/forget10/Llama-2-7b-chat-hf/NPO/lr5e-5_b16_mb4_ga4_e10/checkpoint-225/evals/TOFU_SUMMARY.json,saves/unlearn/tofu/forget10/Llama-2-7b-chat-hf/NPO/lr5e-5_b16_mb4_ga4_e10/checkpoint-225/evals/TOFU_EVAL.json
NPO,forget10,lr5e-5_b16_mb4_ga4_e10,5e-5,16,4,4,10,checkpoint-250,250,0.0013468720321565051,0.5670989483007242,0.5158690269826911,0.049496240719329364,0.6854548080724663,,,,0.2857631864818705,False,False,False,saves/unlearn/tofu/forget10/Llama-2-7b-chat-hf/NPO/lr5e-5_b16_mb4_ga4_e10/checkpoint-250/evals/TOFU_SUMMARY.json,saves/unlearn/tofu/forget10/Llama-2-7b-chat-hf/NPO/lr5e-5_b16_mb4_ga4_e10/checkpoint-250/evals/TOFU_EVAL.json
NPO,forget10,lr5e-5_b32_mb8_ga4_e10,5e-5,32,8,4,10,checkpoint-13,13,6.85594912218188e-10,0.4770796552599379,0.7660785971581936,0.11678142171006264,0.6699517806230258,,,,0.03564964651140469,False,False,False,saves/unlearn/tofu/forget10/Llama-2-7b-chat-hf/NPO/lr5e-5_b32_mb8_ga4_e10/checkpoint-13/evals/TOFU_SUMMARY.json,saves/unlearn/tofu/forget10/Llama-2-7b-chat-hf/NPO/lr5e-5_b32_mb8_ga4_e10/checkpoint-13/evals/TOFU_EVAL.json
NPO,forget10,lr5e-5_b32_mb8_ga4_e10,5e-5,32,8,4,10,checkpoint-26,26,0.4680435421303692,0.5374693372716774,0.5765556146204471,0.04863189560158551,0.6911517982741335,,,,0.6929191242910304,True,False,True,saves/unlearn/tofu/forget10/Llama-2-7b-chat-hf/NPO/lr5e-5_b32_mb8_ga4_e10/checkpoint-26/evals/TOFU_SUMMARY.json,saves/unlearn/tofu/forget10/Llama-2-7b-chat-hf/NPO/lr5e-5_b32_mb8_ga4_e10/checkpoint-26/evals/TOFU_EVAL.json
NPO,forget10,lr5e-5_b32_mb8_ga4_e10,5e-5,32,8,4,10,checkpoint-39,39,0.004907932356726081,0.5494004734222239,0.5762660237587989,0.05400506463091324,0.6844936402235376,,,,0.23917286158409384,False,False,False,saves/unlearn/tofu/forget10/Llama-2-7b-chat-hf/NPO/lr5e-5_b32_mb8_ga4_e10/checkpoint-39/evals/TOFU_SUMMARY.json,saves/unlearn/tofu/forget10/Llama-2-7b-chat-hf/NPO/lr5e-5_b32_mb8_ga4_e10/checkpoint-39/evals/TOFU_EVAL.json
NPO,forget10,lr5e-5_b32_mb8_ga4_e10,5e-5,32,8,4,10,checkpoint-52,52,0.001024214776236788,0.560649636337791,0.5666667853621766,0.05423836505432375,0.6685985982174012,,,,0.2512212759057776,False,False,False,saves/unlearn/tofu/forget10/Llama-2-7b-chat-hf/NPO/lr5e-5_b32_mb8_ga4_e10/checkpoint-52/evals/TOFU_SUMMARY.json,saves/unlearn/tofu/forget10/Llama-2-7b-chat-hf/NPO/lr5e-5_b32_mb8_ga4_e10/checkpoint-52/evals/TOFU_EVAL.json
NPO,forget10,lr5e-5_b32_mb8_ga4_e10,5e-5,32,8,4,10,checkpoint-65,65,0.0007748993373290397,0.5631290263936587,0.5683770027547144,0.055974188232225046,0.660157816150008,,,,0.251728330237518,False,False,False,saves/unlearn/tofu/forget10/Llama-2-7b-chat-hf/NPO/lr5e-5_b32_mb8_ga4_e10/checkpoint-65/evals/TOFU_SUMMARY.json,saves/unlearn/tofu/forget10/Llama-2-7b-chat-hf/NPO/lr5e-5_b32_mb8_ga4_e10/checkpoint-65/evals/TOFU_EVAL.json
NPO,forget10,lr5e-5_b32_mb8_ga4_e10,5e-5,32,8,4,10,checkpoint-78,78,0.0005832940307390987,0.5644492961588753,0.5631863190536387,0.05332996874852871,0.6526732992313389,,,,0.2567744462885307,False,False,False,saves/unlearn/tofu/forget10/Llama-2-7b-chat-hf/NPO/lr5e-5_b32_mb8_ga4_e10/checkpoint-78/evals/TOFU_SUMMARY.json,saves/unlearn/tofu/forget10/Llama-2-7b-chat-hf/NPO/lr5e-5_b32_mb8_ga4_e10/checkpoint-78/evals/TOFU_EVAL.json
NPO,forget10,lr5e-5_b32_mb8_ga4_e10,5e-5,32,8,4,10,checkpoint-91,91,0.0003254839625295495,0.5607973706078306,0.5630969302612356,0.05474354784103128,0.6490574036886929,,,,0.2522026155192267,False,False,False,saves/unlearn/tofu/forget10/Llama-2-7b-chat-hf/NPO/lr5e-5_b32_mb8_ga4_e10/checkpoint-91/evals/TOFU_SUMMARY.json,saves/unlearn/tofu/forget10/Llama-2-7b-chat-hf/NPO/lr5e-5_b32_mb8_ga4_e10/checkpoint-91/evals/TOFU_EVAL.json
NPO,forget10,lr5e-5_b32_mb8_ga4_e10,5e-5,32,8,4,10,checkpoint-104,104,0.0004368337391825136,0.5622019191353325,0.5638263200246729,0.05451198050689042,0.6479533054664708,,,,0.25346960260873325,False,False,False,saves/unlearn/tofu/forget10/Llama-2-7b-chat-hf/NPO/lr5e-5_b32_mb8_ga4_e10/checkpoint-104/evals/TOFU_SUMMARY.json,saves/unlearn/tofu/forget10/Llama-2-7b-chat-hf/NPO/lr5e-5_b32_mb8_ga4_e10/checkpoint-104/evals/TOFU_EVAL.json
NPO,forget10,lr5e-5_b32_mb8_ga4_e10,5e-5,32,8,4,10,checkpoint-117,117,0.0005832940307390987,0.5620968602277672,0.5635903519927524,0.054599899663369415,0.6477093595966094,,,,0.25358502843044534,False,False,False,saves/unlearn/tofu/forget10/Llama-2-7b-chat-hf/NPO/lr5e-5_b32_mb8_ga4_e10/checkpoint-117/evals/TOFU_SUMMARY.json,saves/unlearn/tofu/forget10/Llama-2-7b-chat-hf/NPO/lr5e-5_b32_mb8_ga4_e10/checkpoint-117/evals/TOFU_EVAL.json
NPO,forget10,lr5e-5_b32_mb8_ga4_e10,5e-5,32,8,4,10,checkpoint-120,120,0.0004368337391825136,0.562017797669848,0.5638022944121621,0.054771325806493666,0.6479892940292191,,,,0.2531678212997026,False,False,False,saves/unlearn/tofu/forget10/Llama-2-7b-chat-hf/NPO/lr5e-5_b32_mb8_ga4_e10/checkpoint-120/evals/TOFU_SUMMARY.json,saves/unlearn/tofu/forget10/Llama-2-7b-chat-hf/NPO/lr5e-5_b32_mb8_ga4_e10/checkpoint-120/evals/TOFU_EVAL.json
NPO,forget10,lr5e-5_b8_mb4_ga2_e10,5e-5,8,4,2,10,checkpoint-50,50,6.784754222980868e-07,0.5256760364709039,0.7058867010474205,0.06572537171701132,0.6433008384541578,,,,0.13987067856411028,False,False,False,saves/unlearn/tofu/forget10/Llama-2-7b-chat-hf/NPO/lr5e-5_b8_mb4_ga2_e10/checkpoint-50/evals/TOFU_SUMMARY.json,saves/unlearn/tofu/forget10/Llama-2-7b-chat-hf/NPO/lr5e-5_b8_mb4_ga2_e10/checkpoint-50/evals/TOFU_EVAL.json
NPO,forget10,lr5e-5_b8_mb4_ga2_e10,5e-5,8,4,2,10,checkpoint-100,100,0.0005832940307390987,0.5299382719111809,0.526704454831779,0.048463628560320944,0.6757150570741567,,,,0.24293752424587006,False,False,False,saves/unlearn/tofu/forget10/Llama-2-7b-chat-hf/NPO/lr5e-5_b8_mb4_ga2_e10/checkpoint-100/evals/TOFU_SUMMARY.json,saves/unlearn/tofu/forget10/Llama-2-7b-chat-hf/NPO/lr5e-5_b8_mb4_ga2_e10/checkpoint-100/evals/TOFU_EVAL.json
NPO,forget10,lr5e-5_b8_mb4_ga2_e10,5e-5,8,4,2,10,checkpoint-150,150,0.02985302150862578,0.5371251608756964,0.5153213404677808,0.04343014612226406,0.6528169403085744,,,,0.2876024390892998,False,False,False,saves/unlearn/tofu/forget10/Llama-2-7b-chat-hf/NPO/lr5e-5_b8_mb4_ga2_e10/checkpoint-150/evals/TOFU_SUMMARY.json,saves/unlearn/tofu/forget10/Llama-2-7b-chat-hf/NPO/lr5e-5_b8_mb4_ga2_e10/checkpoint-150/evals/TOFU_EVAL.json
NPO,forget10,lr5e-5_b8_mb4_ga2_e10,5e-5,8,4,2,10,checkpoint-200,200,0.00794521285574355,0.5471869159762809,0.5186694306880235,0.05053227052917606,0.6590668098900503,,,,0.27053127822342465,False,False,False,saves/unlearn/tofu/forget10/Llama-2-7b-chat-hf/NPO/lr5e-5_b8_mb4_ga2_e10/checkpoint-200/evals/TOFU_SUMMARY.json,saves/unlearn/tofu/forget10/Llama-2-7b-chat-hf/NPO/lr5e-5_b8_mb4_ga2_e10/checkpoint-200/evals/TOFU_EVAL.json
NPO,forget10,lr5e-5_b8_mb4_ga2_e10,5e-5,8,4,2,10,checkpoint-250,250,0.010032513978788836,0.5600278285077658,0.5286217882297933,0.05199911630350835,0.6515842028906184,,,,0.2797498902199037,False,False,False,saves/unlearn/tofu/forget10/Llama-2-7b-chat-hf/NPO/lr5e-5_b8_mb4_ga2_e10/checkpoint-250/evals/TOFU_SUMMARY.json,saves/unlearn/tofu/forget10/Llama-2-7b-chat-hf/NPO/lr5e-5_b8_mb4_ga2_e10/checkpoint-250/evals/TOFU_EVAL.json
NPO,forget10,lr5e-5_b8_mb4_ga2_e10,5e-5,8,4,2,10,checkpoint-300,300,0.006260402267679663,0.5804851942270005,0.5257220023497939,0.049823879738989836,0.6472421205395095,,,,0.2989726554502883,True,False,False,saves/unlearn/tofu/forget10/Llama-2-7b-chat-hf/NPO/lr5e-5_b8_mb4_ga2_e10/checkpoint-300/evals/TOFU_SUMMARY.json,saves/unlearn/tofu/forget10/Llama-2-7b-chat-hf/NPO/lr5e-5_b8_mb4_ga2_e10/checkpoint-300/evals/TOFU_EVAL.json
NPO,forget10,lr5e-5_b8_mb4_ga2_e10,5e-5,8,4,2,10,checkpoint-350,350,0.004907932356726081,0.5697653100658777,0.5225915111787617,0.051295593411767565,0.640383674457381,,,,0.2877296901273391,False,False,False,saves/unlearn/tofu/forget10/Llama-2-7b-chat-hf/NPO/lr5e-5_b8_mb4_ga2_e10/checkpoint-350/evals/TOFU_SUMMARY.json,saves/unlearn/tofu/forget10/Llama-2-7b-chat-hf/NPO/lr5e-5_b8_mb4_ga2_e10/checkpoint-350/evals/TOFU_EVAL.json
NPO,forget10,lr5e-5_b8_mb4_ga2_e10,5e-5,8,4,2,10,checkpoint-400,400,0.0017621899205092087,0.5707762067503138,0.5216488825902342,0.050774444367317005,0.6377884229322044,,,,0.28632673319204743,False,False,False,saves/unlearn/tofu/forget10/Llama-2-7b-chat-hf/NPO/lr5e-5_b8_mb4_ga2_e10/checkpoint-400/evals/TOFU_SUMMARY.json,saves/unlearn/tofu/forget10/Llama-2-7b-chat-hf/NPO/lr5e-5_b8_mb4_ga2_e10/checkpoint-400/evals/TOFU_EVAL.json
NPO,forget10,lr5e-5_b8_mb4_ga2_e10,5e-5,8,4,2,10,checkpoint-450,450,0.003828187263300835,0.5709515169600079,0.5200160516519099,0.04878863198386295,0.6375374515471105,,,,0.2903773624054223,False,False,False,saves/unlearn/tofu/forget10/Llama-2-7b-chat-hf/NPO/lr5e-5_b8_mb4_ga2_e10/checkpoint-450/evals/TOFU_SUMMARY.json,saves/unlearn/tofu/forget10/Llama-2-7b-chat-hf/NPO/lr5e-5_b8_mb4_ga2_e10/checkpoint-450/evals/TOFU_EVAL.json
NPO,forget10,lr5e-5_b8_mb4_ga2_e10,5e-5,8,4,2,10,checkpoint-500,500,0.004907932356726081,0.5702726441774506,0.5197162740770728,0.04868801617492718,0.637022142812436,,,,0.2909784314081767,False,False,False,saves/unlearn/tofu/forget10/Llama-2-7b-chat-hf/NPO/lr5e-5_b8_mb4_ga2_e10/checkpoint-500/evals/TOFU_SUMMARY.json,saves/unlearn/tofu/forget10/Llama-2-7b-chat-hf/NPO/lr5e-5_b8_mb4_ga2_e10/checkpoint-500/evals/TOFU_EVAL.json
