split,method,tag,lr,eff_b,mb,ga,alpha,beta1,beta2,gamma,epoch,checkpoint,checkpoint_step,FQ,MU,EM,ES,F-TR,Ra-TR,R-TR,Rw-TR,score,summary_path,eval_path
forget05,SatImp,lr2e-5_b16_mb8_ga2_a0.01_b15.0_b21.0_g0.1_e10,2e-5,16,8,2,0.01,6,1.0,a2,10,checkpoint-13,13,5.86730162802883e-14,0.6218825646440443,0.9770372721552849,0.7413712890241535,0.5060343238606511,0.6085714397444244,0.4639095460840942,0.5562020042374447,-0.23732171594561624,saves/unlearn/tofu/forget05/Llama-2-7b-chat-hf/SatImp/lr2e-5_b16_mb8_ga2_a0.01_b15.0_b21.0_g0.1_e10/checkpoint-13/evals/TOFU_SUMMARY.json,saves/unlearn/tofu/forget05/Llama-2-7b-chat-hf/SatImp/lr2e-5_b16_mb8_ga2_a0.01_b15.0_b21.0_g0.1_e10/checkpoint-13/evals/TOFU_EVAL.json
forget05,SatImp,lr2e-5_b16_mb8_ga2_a0.01_b15.0_b21.0_g0.1_e10,2e-5,16,8,2,0.01,6,1.0,a2,10,checkpoint-26,26,3.0799540915748314e-12,0.6207380887064908,0.9392768460512161,0.4645935693388585,0.5316952869733381,0.6136902579825404,0.4499869508770727,0.5289357378316067,-0.08119711898546647,saves/unlearn/tofu/forget05/Llama-2-7b-chat-hf/SatImp/lr2e-5_b16_mb8_ga2_a0.01_b15.0_b21.0_g0.1_e10/checkpoint-26/evals/TOFU_SUMMARY.json,saves/unlearn/tofu/forget05/Llama-2-7b-chat-hf/SatImp/lr2e-5_b16_mb8_ga2_a0.01_b15.0_b21.0_g0.1_e10/checkpoint-26/evals/TOFU_EVAL.json
forget05,SatImp,lr2e-5_b16_mb8_ga2_a0.01_b15.0_b21.0_g0.1_e10,2e-5,16,8,2,0.01,6,1.0,a2,10,checkpoint-39,39,2.4125498977354686e-08,0.6111854373942035,0.8809090688824653,0.28669686917279674,0.57077915639992,0.598762776255247,0.4443412556487663,0.5250981659924364,0.027382492492071392,saves/unlearn/tofu/forget05/Llama-2-7b-chat-hf/SatImp/lr2e-5_b16_mb8_ga2_a0.01_b15.0_b21.0_g0.1_e10/checkpoint-39/evals/TOFU_SUMMARY.json,saves/unlearn/tofu/forget05/Llama-2-7b-chat-hf/SatImp/lr2e-5_b16_mb8_ga2_a0.01_b15.0_b21.0_g0.1_e10/checkpoint-39/evals/TOFU_EVAL.json
forget05,SatImp,lr2e-5_b16_mb8_ga2_a0.01_b15.0_b21.0_g0.1_e10,2e-5,16,8,2,0.01,6,1.0,a2,10,checkpoint-52,52,2.9607827368482373e-05,0.6161403525677616,0.793020683452487,0.18866071184791863,0.5967908348861127,0.593600825721464,0.4486029609162675,0.539406143832115,0.12532926274492723,saves/unlearn/tofu/forget05/Llama-2-7b-chat-hf/SatImp/lr2e-5_b16_mb8_ga2_a0.01_b15.0_b21.0_g0.1_e10/checkpoint-52/evals/TOFU_SUMMARY.json,saves/unlearn/tofu/forget05/Llama-2-7b-chat-hf/SatImp/lr2e-5_b16_mb8_ga2_a0.01_b15.0_b21.0_g0.1_e10/checkpoint-52/evals/TOFU_EVAL.json
forget05,SatImp,lr2e-5_b16_mb8_ga2_a0.01_b15.0_b21.0_g0.1_e10,2e-5,16,8,2,0.01,6,1.0,a2,10,checkpoint-65,65,0.0009668691315127085,0.6227772729401915,0.7295449534337968,0.15865105880974434,0.6146225424874914,0.5980825448398374,0.4497922784027264,0.5515918494307471,0.1796461359499336,saves/unlearn/tofu/forget05/Llama-2-7b-chat-hf/SatImp/lr2e-5_b16_mb8_ga2_a0.01_b15.0_b21.0_g0.1_e10/checkpoint-65/evals/TOFU_SUMMARY.json,saves/unlearn/tofu/forget05/Llama-2-7b-chat-hf/SatImp/lr2e-5_b16_mb8_ga2_a0.01_b15.0_b21.0_g0.1_e10/checkpoint-65/evals/TOFU_EVAL.json
forget05,SatImp,lr2e-5_b16_mb8_ga2_a0.01_b15.0_b21.0_g0.1_e10,2e-5,16,8,2,0.01,6,1.0,a2,10,checkpoint-78,78,0.0014264303851701861,0.6293884298291478,0.7081916473945603,0.13331964207953997,0.613452153671011,0.6086217799212552,0.45096255734847834,0.55989627635597,0.21005921547726786,saves/unlearn/tofu/forget05/Llama-2-7b-chat-hf/SatImp/lr2e-5_b16_mb8_ga2_a0.01_b15.0_b21.0_g0.1_e10/checkpoint-78/evals/TOFU_SUMMARY.json,saves/unlearn/tofu/forget05/Llama-2-7b-chat-hf/SatImp/lr2e-5_b16_mb8_ga2_a0.01_b15.0_b21.0_g0.1_e10/checkpoint-78/evals/TOFU_EVAL.json
forget05,SatImp,lr2e-5_b16_mb8_ga2_a0.01_b15.0_b21.0_g0.1_e10,2e-5,16,8,2,0.01,6,1.0,a2,10,checkpoint-91,91,0.0004306111484986726,0.6298950155488973,0.6909914459381252,0.12289561822673917,0.6102534665832902,0.6093323462973524,0.45167459716376634,0.559716798201532,0.2233820946149637,saves/unlearn/tofu/forget05/Llama-2-7b-chat-hf/SatImp/lr2e-5_b16_mb8_ga2_a0.01_b15.0_b21.0_g0.1_e10/checkpoint-91/evals/TOFU_SUMMARY.json,saves/unlearn/tofu/forget05/Llama-2-7b-chat-hf/SatImp/lr2e-5_b16_mb8_ga2_a0.01_b15.0_b21.0_g0.1_e10/checkpoint-91/evals/TOFU_EVAL.json
forget05,SatImp,lr2e-5_b16_mb8_ga2_a0.01_b15.0_b21.0_g0.1_e10,2e-5,16,8,2,0.01,6,1.0,a2,10,checkpoint-104,104,0.0009668691315127085,0.6311128143771143,0.6822136164596304,0.12148687047555543,0.6148963222437009,0.6095372486263496,0.45168686556695303,0.5611794731758613,0.23022944004103407,saves/unlearn/tofu/forget05/Llama-2-7b-chat-hf/SatImp/lr2e-5_b16_mb8_ga2_a0.01_b15.0_b21.0_g0.1_e10/checkpoint-104/evals/TOFU_SUMMARY.json,saves/unlearn/tofu/forget05/Llama-2-7b-chat-hf/SatImp/lr2e-5_b16_mb8_ga2_a0.01_b15.0_b21.0_g0.1_e10/checkpoint-104/evals/TOFU_EVAL.json
forget05,SatImp,lr2e-5_b16_mb8_ga2_a0.01_b15.0_b21.0_g0.1_e10,2e-5,16,8,2,0.01,6,1.0,a2,10,checkpoint-117,117,0.0014264303851701861,0.630351172850133,0.6804126025829464,0.1211927528284966,0.6208828555944312,0.6089775149179478,0.4520265853534592,0.5615613737740136,0.23097492552958165,saves/unlearn/tofu/forget05/Llama-2-7b-chat-hf/SatImp/lr2e-5_b16_mb8_ga2_a0.01_b15.0_b21.0_g0.1_e10/checkpoint-117/evals/TOFU_SUMMARY.json,saves/unlearn/tofu/forget05/Llama-2-7b-chat-hf/SatImp/lr2e-5_b16_mb8_ga2_a0.01_b15.0_b21.0_g0.1_e10/checkpoint-117/evals/TOFU_EVAL.json
forget05,SatImp,lr2e-5_b16_mb8_ga2_a0.01_b15.0_b21.0_g0.1_e10,2e-5,16,8,2,0.01,6,1.0,a2,10,checkpoint-120,120,0.0030098470801667434,0.6308444289138094,0.6800511878309772,0.12067804694614365,0.61783750907417,0.6101523084090855,0.452033933327056,0.561114893531657,0.23348965860541573,saves/unlearn/tofu/forget05/Llama-2-7b-chat-hf/SatImp/lr2e-5_b16_mb8_ga2_a0.01_b15.0_b21.0_g0.1_e10/checkpoint-120/evals/TOFU_SUMMARY.json,saves/unlearn/tofu/forget05/Llama-2-7b-chat-hf/SatImp/lr2e-5_b16_mb8_ga2_a0.01_b15.0_b21.0_g0.1_e10/checkpoint-120/evals/TOFU_EVAL.json
forget05,SatImp,lr2e-5_b16_mb8_ga2_a0.01_b16.0_b21.0_g0.1_e10,2e-5,16,8,2,0.01,6,1.0,a2,10,checkpoint-13,13,5.86730162802883e-14,0.623649356504477,0.978710460960865,0.7524367100843284,0.5053201119239698,0.6137734199426531,0.46405622917632455,0.5567594999875605,-0.24192422901806115,saves/unlearn/tofu/forget05/Llama-2-7b-chat-hf/SatImp/lr2e-5_b16_mb8_ga2_a0.01_b16.0_b21.0_g0.1_e10/checkpoint-13/evals/TOFU_SUMMARY.json,saves/unlearn/tofu/forget05/Llama-2-7b-chat-hf/SatImp/lr2e-5_b16_mb8_ga2_a0.01_b16.0_b21.0_g0.1_e10/checkpoint-13/evals/TOFU_EVAL.json
forget05,SatImp,lr2e-5_b16_mb8_ga2_a0.01_b16.0_b21.0_g0.1_e10,2e-5,16,8,2,0.01,6,1.0,a2,10,checkpoint-26,26,5.86730162802883e-14,0.6201876554175331,0.9486209368705749,0.5025429655545492,0.5252627669312406,0.61429204092504,0.4513255850438348,0.5260155936687587,-0.1053942957949704,saves/unlearn/tofu/forget05/Llama-2-7b-chat-hf/SatImp/lr2e-5_b16_mb8_ga2_a0.01_b16.0_b21.0_g0.1_e10/checkpoint-26/evals/TOFU_SUMMARY.json,saves/unlearn/tofu/forget05/Llama-2-7b-chat-hf/SatImp/lr2e-5_b16_mb8_ga2_a0.01_b16.0_b21.0_g0.1_e10/checkpoint-26/evals/TOFU_EVAL.json
forget05,SatImp,lr2e-5_b16_mb8_ga2_a0.01_b16.0_b21.0_g0.1_e10,2e-5,16,8,2,0.01,6,1.0,a2,10,checkpoint-39,39,9.594235055800515e-10,0.6126389857958832,0.9056226035952568,0.3428122445802579,0.5516026145995745,0.6007394105256129,0.44560328280220773,0.5265735467381989,-0.011578437332450647,saves/unlearn/tofu/forget05/Llama-2-7b-chat-hf/SatImp/lr2e-5_b16_mb8_ga2_a0.01_b16.0_b21.0_g0.1_e10/checkpoint-39/evals/TOFU_SUMMARY.json,saves/unlearn/tofu/forget05/Llama-2-7b-chat-hf/SatImp/lr2e-5_b16_mb8_ga2_a0.01_b16.0_b21.0_g0.1_e10/checkpoint-39/evals/TOFU_EVAL.json
forget05,SatImp,lr2e-5_b16_mb8_ga2_a0.01_b16.0_b21.0_g0.1_e10,2e-5,16,8,2,0.01,6,1.0,a2,10,checkpoint-52,52,1.2940880677508261e-08,0.6147796226527766,0.8735019755363465,0.2735120714901804,0.5651932588656146,0.592624977659675,0.4480475664954869,0.5369357152385127,0.0412726120803939,saves/unlearn/tofu/forget05/Llama-2-7b-chat-hf/SatImp/lr2e-5_b16_mb8_ga2_a0.01_b16.0_b21.0_g0.1_e10/checkpoint-52/evals/TOFU_SUMMARY.json,saves/unlearn/tofu/forget05/Llama-2-7b-chat-hf/SatImp/lr2e-5_b16_mb8_ga2_a0.01_b16.0_b21.0_g0.1_e10/checkpoint-52/evals/TOFU_EVAL.json
forget05,SatImp,lr2e-5_b16_mb8_ga2_a0.01_b16.0_b21.0_g0.1_e10,2e-5,16,8,2,0.01,6,1.0,a2,10,checkpoint-65,65,1.4639479233432268e-07,0.6244568725441262,0.8527028647065162,0.23615326990864582,0.5749124100276833,0.6003258626657868,0.4487876096948946,0.5533469745751991,0.08002895163133744,saves/unlearn/tofu/forget05/Llama-2-7b-chat-hf/SatImp/lr2e-5_b16_mb8_ga2_a0.01_b16.0_b21.0_g0.1_e10/checkpoint-65/evals/TOFU_SUMMARY.json,saves/unlearn/tofu/forget05/Llama-2-7b-chat-hf/SatImp/lr2e-5_b16_mb8_ga2_a0.01_b16.0_b21.0_g0.1_e10/checkpoint-65/evals/TOFU_EVAL.json
forget05,SatImp,lr2e-5_b16_mb8_ga2_a0.01_b16.0_b21.0_g0.1_e10,2e-5,16,8,2,0.01,6,1.0,a2,10,checkpoint-78,78,1.4639479233432268e-07,0.6233055427378139,0.8349921031296254,0.21734472123173135,0.5772538314264851,0.597699012035457,0.44913827633785575,0.5500211928479956,0.09713727695192785,saves/unlearn/tofu/forget05/Llama-2-7b-chat-hf/SatImp/lr2e-5_b16_mb8_ga2_a0.01_b16.0_b21.0_g0.1_e10/checkpoint-78/evals/TOFU_SUMMARY.json,saves/unlearn/tofu/forget05/Llama-2-7b-chat-hf/SatImp/lr2e-5_b16_mb8_ga2_a0.01_b16.0_b21.0_g0.1_e10/checkpoint-78/evals/TOFU_EVAL.json
forget05,SatImp,lr2e-5_b16_mb8_ga2_a0.01_b16.0_b21.0_g0.1_e10,2e-5,16,8,2,0.01,6,1.0,a2,10,checkpoint-91,91,4.6128382074998843e-07,0.6230071312358573,0.82476238027215,0.20118598015816655,0.5777696554233759,0.5976943183881933,0.4498884371762969,0.5506712511793564,0.1100334123045197,saves/unlearn/tofu/forget05/Llama-2-7b-chat-hf/SatImp/lr2e-5_b16_mb8_ga2_a0.01_b16.0_b21.0_g0.1_e10/checkpoint-91/evals/TOFU_SUMMARY.json,saves/unlearn/tofu/forget05/Llama-2-7b-chat-hf/SatImp/lr2e-5_b16_mb8_ga2_a0.01_b16.0_b21.0_g0.1_e10/checkpoint-91/evals/TOFU_EVAL.json
forget05,SatImp,lr2e-5_b16_mb8_ga2_a0.01_b16.0_b21.0_g0.1_e10,2e-5,16,8,2,0.01,6,1.0,a2,10,checkpoint-104,104,4.6128382074998843e-07,0.6227281022150888,0.8222913862764836,0.19249735518731023,0.5777495959140664,0.5978579382754278,0.45013919879272424,0.5503867387219995,0.11533419276701258,saves/unlearn/tofu/forget05/Llama-2-7b-chat-hf/SatImp/lr2e-5_b16_mb8_ga2_a0.01_b16.0_b21.0_g0.1_e10/checkpoint-104/evals/TOFU_SUMMARY.json,saves/unlearn/tofu/forget05/Llama-2-7b-chat-hf/SatImp/lr2e-5_b16_mb8_ga2_a0.01_b16.0_b21.0_g0.1_e10/checkpoint-104/evals/TOFU_EVAL.json
forget05,SatImp,lr2e-5_b16_mb8_ga2_a0.01_b16.0_b21.0_g0.1_e10,2e-5,16,8,2,0.01,6,1.0,a2,10,checkpoint-117,117,4.6128382074998843e-07,0.6227724014480923,0.8210277189314366,0.1941339209000082,0.577116007554016,0.5979965603583218,0.450384236280391,0.5494798592818563,0.11519204281619064,saves/unlearn/tofu/forget05/Llama-2-7b-chat-hf/SatImp/lr2e-5_b16_mb8_ga2_a0.01_b16.0_b21.0_g0.1_e10/checkpoint-117/evals/TOFU_SUMMARY.json,saves/unlearn/tofu/forget05/Llama-2-7b-chat-hf/SatImp/lr2e-5_b16_mb8_ga2_a0.01_b16.0_b21.0_g0.1_e10/checkpoint-117/evals/TOFU_EVAL.json
forget05,SatImp,lr2e-5_b16_mb8_ga2_a0.01_b16.0_b21.0_g0.1_e10,2e-5,16,8,2,0.01,6,1.0,a2,10,checkpoint-120,120,2.6127403909667314e-07,0.6230509764075456,0.8218539603054523,0.1950034861173995,0.5770412376627628,0.5967335157455462,0.450144747540525,0.5502400881697599,0.11462251447015874,saves/unlearn/tofu/forget05/Llama-2-7b-chat-hf/SatImp/lr2e-5_b16_mb8_ga2_a0.01_b16.0_b21.0_g0.1_e10/checkpoint-120/evals/TOFU_SUMMARY.json,saves/unlearn/tofu/forget05/Llama-2-7b-chat-hf/SatImp/lr2e-5_b16_mb8_ga2_a0.01_b16.0_b21.0_g0.1_e10/checkpoint-120/evals/TOFU_EVAL.json
forget05,SatImp,lr2e-5_b16_mb8_ga2_a0.1_b15.0_b21.0_g0.1_e10,2e-5,16,8,2,0.1,6,1.0,a2,10,checkpoint-13,13,5.86730162802883e-14,0.6221201068596214,0.992249339222908,0.9133787699339457,0.5038200173752765,0.6114669019589865,0.4643619779708751,0.551997122038337,-0.3306939477187469,saves/unlearn/tofu/forget05/Llama-2-7b-chat-hf/SatImp/lr2e-5_b16_mb8_ga2_a0.1_b15.0_b21.0_g0.1_e10/checkpoint-13/evals/TOFU_SUMMARY.json,saves/unlearn/tofu/forget05/Llama-2-7b-chat-hf/SatImp/lr2e-5_b16_mb8_ga2_a0.1_b15.0_b21.0_g0.1_e10/checkpoint-13/evals/TOFU_EVAL.json
forget05,SatImp,lr2e-5_b16_mb8_ga2_a0.1_b15.0_b21.0_g0.1_e10,2e-5,16,8,2,0.1,6,1.0,a2,10,checkpoint-26,26,1.108718722900174e-14,0.6251371084735563,0.9888468605279922,0.8503154116045676,0.5144204696001199,0.6249287249161916,0.45548339968227664,0.532458288613943,-0.2944440275927125,saves/unlearn/tofu/forget05/Llama-2-7b-chat-hf/SatImp/lr2e-5_b16_mb8_ga2_a0.1_b15.0_b21.0_g0.1_e10/checkpoint-26/evals/TOFU_SUMMARY.json,saves/unlearn/tofu/forget05/Llama-2-7b-chat-hf/SatImp/lr2e-5_b16_mb8_ga2_a0.1_b15.0_b21.0_g0.1_e10/checkpoint-26/evals/TOFU_EVAL.json
forget05,SatImp,lr2e-5_b16_mb8_ga2_a0.1_b15.0_b21.0_g0.1_e10,2e-5,16,8,2,0.1,6,1.0,a2,10,checkpoint-39,39,2.5656301025789152e-14,0.6182585814155356,0.9861125037074089,0.7953712875590427,0.5160482753513789,0.6076724358301863,0.45108930974189876,0.5314365357437271,-0.2724833142176646,saves/unlearn/tofu/forget05/Llama-2-7b-chat-hf/SatImp/lr2e-5_b16_mb8_ga2_a0.1_b15.0_b21.0_g0.1_e10/checkpoint-39/evals/TOFU_SUMMARY.json,saves/unlearn/tofu/forget05/Llama-2-7b-chat-hf/SatImp/lr2e-5_b16_mb8_ga2_a0.1_b15.0_b21.0_g0.1_e10/checkpoint-39/evals/TOFU_EVAL.json
forget05,SatImp,lr2e-5_b16_mb8_ga2_a0.1_b15.0_b21.0_g0.1_e10,2e-5,16,8,2,0.1,6,1.0,a2,10,checkpoint-52,52,4.734741877153768e-15,0.6151074063175966,0.9827698293328285,0.7700796851217675,0.5155088404618297,0.5926527447722981,0.45259242583250725,0.533476629308677,-0.2613173509096966,saves/unlearn/tofu/forget05/Llama-2-7b-chat-hf/SatImp/lr2e-5_b16_mb8_ga2_a0.1_b15.0_b21.0_g0.1_e10/checkpoint-52/evals/TOFU_SUMMARY.json,saves/unlearn/tofu/forget05/Llama-2-7b-chat-hf/SatImp/lr2e-5_b16_mb8_ga2_a0.1_b15.0_b21.0_g0.1_e10/checkpoint-52/evals/TOFU_EVAL.json
forget05,SatImp,lr2e-5_b16_mb8_ga2_a0.1_b15.0_b21.0_g0.1_e10,2e-5,16,8,2,0.1,6,1.0,a2,10,checkpoint-65,65,1.108718722900174e-14,0.6188360145947073,0.9819118827581406,0.7492512038809638,0.5128348301251424,0.5943072483199175,0.4551890071501281,0.5390920965933317,-0.2467455287248338,saves/unlearn/tofu/forget05/Llama-2-7b-chat-hf/SatImp/lr2e-5_b16_mb8_ga2_a0.1_b15.0_b21.0_g0.1_e10/checkpoint-65/evals/TOFU_SUMMARY.json,saves/unlearn/tofu/forget05/Llama-2-7b-chat-hf/SatImp/lr2e-5_b16_mb8_ga2_a0.1_b15.0_b21.0_g0.1_e10/checkpoint-65/evals/TOFU_EVAL.json
forget05,SatImp,lr2e-5_b16_mb8_ga2_a0.1_b15.0_b21.0_g0.1_e10,2e-5,16,8,2,0.1,6,1.0,a2,10,checkpoint-78,78,1.108718722900174e-14,0.6171957468445006,0.9784797480702401,0.726900856585059,0.5105529478570707,0.5922817564954502,0.4555641429671881,0.5410355654550313,-0.2354945554831378,saves/unlearn/tofu/forget05/Llama-2-7b-chat-hf/SatImp/lr2e-5_b16_mb8_ga2_a0.1_b15.0_b21.0_g0.1_e10/checkpoint-78/evals/TOFU_SUMMARY.json,saves/unlearn/tofu/forget05/Llama-2-7b-chat-hf/SatImp/lr2e-5_b16_mb8_ga2_a0.1_b15.0_b21.0_g0.1_e10/checkpoint-78/evals/TOFU_EVAL.json
forget05,SatImp,lr2e-5_b16_mb8_ga2_a0.1_b15.0_b21.0_g0.1_e10,2e-5,16,8,2,0.1,6,1.0,a2,10,checkpoint-91,91,4.734741877153768e-15,0.6183514672392088,0.9771077710390091,0.6993586245089193,0.5103343950214805,0.5951678241463246,0.4565815069010072,0.5423817278263953,-0.21988173053475069,saves/unlearn/tofu/forget05/Llama-2-7b-chat-hf/SatImp/lr2e-5_b16_mb8_ga2_a0.1_b15.0_b21.0_g0.1_e10/checkpoint-91/evals/TOFU_SUMMARY.json,saves/unlearn/tofu/forget05/Llama-2-7b-chat-hf/SatImp/lr2e-5_b16_mb8_ga2_a0.1_b15.0_b21.0_g0.1_e10/checkpoint-91/evals/TOFU_EVAL.json
forget05,SatImp,lr2e-5_b16_mb8_ga2_a0.1_b15.0_b21.0_g0.1_e10,2e-5,16,8,2,0.1,6,1.0,a2,10,checkpoint-104,104,1.108718722900174e-14,0.6188955635881472,0.9771186071634292,0.7025445476986261,0.5095786324976891,0.5955069184926797,0.45658194136886965,0.544469543553583,-0.22093601384286932,saves/unlearn/tofu/forget05/Llama-2-7b-chat-hf/SatImp/lr2e-5_b16_mb8_ga2_a0.1_b15.0_b21.0_g0.1_e10/checkpoint-104/evals/TOFU_SUMMARY.json,saves/unlearn/tofu/forget05/Llama-2-7b-chat-hf/SatImp/lr2e-5_b16_mb8_ga2_a0.1_b15.0_b21.0_g0.1_e10/checkpoint-104/evals/TOFU_EVAL.json
forget05,SatImp,lr2e-5_b16_mb8_ga2_a0.1_b15.0_b21.0_g0.1_e10,2e-5,16,8,2,0.1,6,1.0,a2,10,checkpoint-117,117,4.734741877153768e-15,0.6188810418585362,0.9772966852784157,0.697950585113592,0.509180227962519,0.5944719674431631,0.456678751286686,0.5433315380149389,-0.21874259333746288,saves/unlearn/tofu/forget05/Llama-2-7b-chat-hf/SatImp/lr2e-5_b16_mb8_ga2_a0.1_b15.0_b21.0_g0.1_e10/checkpoint-117/evals/TOFU_SUMMARY.json,saves/unlearn/tofu/forget05/Llama-2-7b-chat-hf/SatImp/lr2e-5_b16_mb8_ga2_a0.1_b15.0_b21.0_g0.1_e10/checkpoint-117/evals/TOFU_EVAL.json
forget05,SatImp,lr2e-5_b16_mb8_ga2_a0.1_b15.0_b21.0_g0.1_e10,2e-5,16,8,2,0.1,6,1.0,a2,10,checkpoint-120,120,4.734741877153768e-15,0.6183312887630869,0.9776062881946563,0.6959944680923154,0.5089697609003518,0.5950270669499508,0.45631739822095374,0.5413588935004219,-0.21846908938039422,saves/unlearn/tofu/forget05/Llama-2-7b-chat-hf/SatImp/lr2e-5_b16_mb8_ga2_a0.1_b15.0_b21.0_g0.1_e10/checkpoint-120/evals/TOFU_SUMMARY.json,saves/unlearn/tofu/forget05/Llama-2-7b-chat-hf/SatImp/lr2e-5_b16_mb8_ga2_a0.1_b15.0_b21.0_g0.1_e10/checkpoint-120/evals/TOFU_EVAL.json
forget05,SatImp,lr2e-5_b16_mb8_ga2_a0.1_b16.0_b21.0_g0.1_e10,2e-5,16,8,2,0.1,6,1.0,a2,10,checkpoint-13,13,2.5656301025789152e-14,0.6217713096121754,0.9930359271168708,0.919182154333768,0.5040103828635455,0.6145540093814204,0.46453042667214595,0.5521675006540346,-0.3343377311131184,saves/unlearn/tofu/forget05/Llama-2-7b-chat-hf/SatImp/lr2e-5_b16_mb8_ga2_a0.1_b16.0_b21.0_g0.1_e10/checkpoint-13/evals/TOFU_SUMMARY.json,saves/unlearn/tofu/forget05/Llama-2-7b-chat-hf/SatImp/lr2e-5_b16_mb8_ga2_a0.1_b16.0_b21.0_g0.1_e10/checkpoint-13/evals/TOFU_EVAL.json
forget05,SatImp,lr2e-5_b16_mb8_ga2_a0.1_b16.0_b21.0_g0.1_e10,2e-5,16,8,2,0.1,6,1.0,a2,10,checkpoint-26,26,2.5656301025789152e-14,0.6252386059732976,0.9904067847132683,0.8708662022151007,0.5155889925271793,0.6239839264943322,0.455593800675504,0.5354616826361656,-0.3053978874908612,saves/unlearn/tofu/forget05/Llama-2-7b-chat-hf/SatImp/lr2e-5_b16_mb8_ga2_a0.1_b16.0_b21.0_g0.1_e10/checkpoint-26/evals/TOFU_SUMMARY.json,saves/unlearn/tofu/forget05/Llama-2-7b-chat-hf/SatImp/lr2e-5_b16_mb8_ga2_a0.1_b16.0_b21.0_g0.1_e10/checkpoint-26/evals/TOFU_EVAL.json
forget05,SatImp,lr2e-5_b16_mb8_ga2_a0.1_b16.0_b21.0_g0.1_e10,2e-5,16,8,2,0.1,6,1.0,a2,10,checkpoint-39,39,1.108718722900174e-14,0.615397463941808,0.9879425120353699,0.822216409127858,0.5161673589583338,0.6025809355381511,0.4509879348667278,0.5304463545978197,-0.28968199663979477,saves/unlearn/tofu/forget05/Llama-2-7b-chat-hf/SatImp/lr2e-5_b16_mb8_ga2_a0.1_b16.0_b21.0_g0.1_e10/checkpoint-39/evals/TOFU_SUMMARY.json,saves/unlearn/tofu/forget05/Llama-2-7b-chat-hf/SatImp/lr2e-5_b16_mb8_ga2_a0.1_b16.0_b21.0_g0.1_e10/checkpoint-39/evals/TOFU_EVAL.json
forget05,SatImp,lr2e-5_b16_mb8_ga2_a0.1_b16.0_b21.0_g0.1_e10,2e-5,16,8,2,0.1,6,1.0,a2,10,checkpoint-52,52,4.734741877153768e-15,0.6143229564035793,0.9865715661644936,0.8122083645834178,0.5153497047962506,0.5912448349533155,0.45333109233307284,0.53337780529302,-0.2850670089703717,saves/unlearn/tofu/forget05/Llama-2-7b-chat-hf/SatImp/lr2e-5_b16_mb8_ga2_a0.1_b16.0_b21.0_g0.1_e10/checkpoint-52/evals/TOFU_SUMMARY.json,saves/unlearn/tofu/forget05/Llama-2-7b-chat-hf/SatImp/lr2e-5_b16_mb8_ga2_a0.1_b16.0_b21.0_g0.1_e10/checkpoint-52/evals/TOFU_EVAL.json
forget05,SatImp,lr2e-5_b16_mb8_ga2_a0.1_b16.0_b21.0_g0.1_e10,2e-5,16,8,2,0.1,6,1.0,a2,10,checkpoint-65,65,1.108718722900174e-14,0.6185631333992987,0.9856667602062226,0.7987573937958237,0.5119942257755347,0.5920225658058051,0.45550018660884106,0.5435691199412294,-0.2736489436017133,saves/unlearn/tofu/forget05/Llama-2-7b-chat-hf/SatImp/lr2e-5_b16_mb8_ga2_a0.1_b16.0_b21.0_g0.1_e10/checkpoint-65/evals/TOFU_SUMMARY.json,saves/unlearn/tofu/forget05/Llama-2-7b-chat-hf/SatImp/lr2e-5_b16_mb8_ga2_a0.1_b16.0_b21.0_g0.1_e10/checkpoint-65/evals/TOFU_EVAL.json
forget05,SatImp,lr2e-5_b16_mb8_ga2_a0.1_b16.0_b21.0_g0.1_e10,2e-5,16,8,2,0.1,6,1.0,a2,10,checkpoint-78,78,8.330858010549734e-16,0.6177880186507936,0.9846293190121651,0.8008831409314251,0.5098808924475572,0.5903882161038334,0.4560179002797176,0.5438154273831287,-0.27496821132100063,saves/unlearn/tofu/forget05/Llama-2-7b-chat-hf/SatImp/lr2e-5_b16_mb8_ga2_a0.1_b16.0_b21.0_g0.1_e10/checkpoint-78/evals/TOFU_SUMMARY.json,saves/unlearn/tofu/forget05/Llama-2-7b-chat-hf/SatImp/lr2e-5_b16_mb8_ga2_a0.1_b16.0_b21.0_g0.1_e10/checkpoint-78/evals/TOFU_EVAL.json
forget05,SatImp,lr2e-5_b16_mb8_ga2_a0.1_b16.0_b21.0_g0.1_e10,2e-5,16,8,2,0.1,6,1.0,a2,10,checkpoint-91,91,8.330858010549734e-16,0.6192950736172663,0.984600790143013,0.7997034484768113,0.5090571392435939,0.5932795220520481,0.45651781681004955,0.5456478697658133,-0.27285704569264496,saves/unlearn/tofu/forget05/Llama-2-7b-chat-hf/SatImp/lr2e-5_b16_mb8_ga2_a0.1_b16.0_b21.0_g0.1_e10/checkpoint-91/evals/TOFU_SUMMARY.json,saves/unlearn/tofu/forget05/Llama-2-7b-chat-hf/SatImp/lr2e-5_b16_mb8_ga2_a0.1_b16.0_b21.0_g0.1_e10/checkpoint-91/evals/TOFU_EVAL.json
forget05,SatImp,lr2e-5_b16_mb8_ga2_a0.1_b16.0_b21.0_g0.1_e10,2e-5,16,8,2,0.1,6,1.0,a2,10,checkpoint-104,104,8.330858010549734e-16,0.6194316032915055,0.9848057255148888,0.7967138912815116,0.5090252185287717,0.5931247165533268,0.456585556415069,0.5471019178815443,-0.2713282051066938,saves/unlearn/tofu/forget05/Llama-2-7b-chat-hf/SatImp/lr2e-5_b16_mb8_ga2_a0.1_b16.0_b21.0_g0.1_e10/checkpoint-104/evals/TOFU_SUMMARY.json,saves/unlearn/tofu/forget05/Llama-2-7b-chat-hf/SatImp/lr2e-5_b16_mb8_ga2_a0.1_b16.0_b21.0_g0.1_e10/checkpoint-104/evals/TOFU_EVAL.json
forget05,SatImp,lr2e-5_b16_mb8_ga2_a0.1_b16.0_b21.0_g0.1_e10,2e-5,16,8,2,0.1,6,1.0,a2,10,checkpoint-117,117,1.99799391269964e-15,0.6190989083964722,0.9845496988296509,0.7858829097050765,0.5090025684223961,0.5932227963876054,0.45693032781073145,0.5472523409859616,-0.2661173958708895,saves/unlearn/tofu/forget05/Llama-2-7b-chat-hf/SatImp/lr2e-5_b16_mb8_ga2_a0.1_b16.0_b21.0_g0.1_e10/checkpoint-117/evals/TOFU_SUMMARY.json,saves/unlearn/tofu/forget05/Llama-2-7b-chat-hf/SatImp/lr2e-5_b16_mb8_ga2_a0.1_b16.0_b21.0_g0.1_e10/checkpoint-117/evals/TOFU_EVAL.json
forget05,SatImp,lr2e-5_b16_mb8_ga2_a0.1_b16.0_b21.0_g0.1_e10,2e-5,16,8,2,0.1,6,1.0,a2,10,checkpoint-120,120,8.330858010549734e-16,0.619443160215682,0.9849936443567276,0.7978999380052915,0.5085717520960948,0.5940644616497419,0.4568724370558349,0.5461669315161987,-0.27200363096532665,saves/unlearn/tofu/forget05/Llama-2-7b-chat-hf/SatImp/lr2e-5_b16_mb8_ga2_a0.1_b16.0_b21.0_g0.1_e10/checkpoint-120/evals/TOFU_SUMMARY.json,saves/unlearn/tofu/forget05/Llama-2-7b-chat-hf/SatImp/lr2e-5_b16_mb8_ga2_a0.1_b16.0_b21.0_g0.1_e10/checkpoint-120/evals/TOFU_EVAL.json
forget05,SatImp,lr2e-5_b16_mb8_ga2_a1.0_b15.0_b21.0_g0.1_e10,2e-5,16,8,2,1.0,6,1.0,a2,10,checkpoint-13,13,2.5656301025789152e-14,0.6208445814438501,0.9945146650075912,0.9485181523258612,0.5015206553896476,0.6106731502236233,0.4646881117471597,0.5487764087905722,-0.35067182722285045,saves/unlearn/tofu/forget05/Llama-2-7b-chat-hf/SatImp/lr2e-5_b16_mb8_ga2_a1.0_b15.0_b21.0_g0.1_e10/checkpoint-13/evals/TOFU_SUMMARY.json,saves/unlearn/tofu/forget05/Llama-2-7b-chat-hf/SatImp/lr2e-5_b16_mb8_ga2_a1.0_b15.0_b21.0_g0.1_e10/checkpoint-13/evals/TOFU_EVAL.json
forget05,SatImp,lr2e-5_b16_mb8_ga2_a1.0_b15.0_b21.0_g0.1_e10,2e-5,16,8,2,1.0,6,1.0,a2,10,checkpoint-26,26,4.734741877153768e-15,0.6229722021399057,0.9951381343603134,0.9419420840085024,0.5114863612841479,0.6166731184246448,0.4599799113268833,0.5361098506890595,-0.34556790704449747,saves/unlearn/tofu/forget05/Llama-2-7b-chat-hf/SatImp/lr2e-5_b16_mb8_ga2_a1.0_b15.0_b21.0_g0.1_e10/checkpoint-26/evals/TOFU_SUMMARY.json,saves/unlearn/tofu/forget05/Llama-2-7b-chat-hf/SatImp/lr2e-5_b16_mb8_ga2_a1.0_b15.0_b21.0_g0.1_e10/checkpoint-26/evals/TOFU_EVAL.json
forget05,SatImp,lr2e-5_b16_mb8_ga2_a1.0_b15.0_b21.0_g0.1_e10,2e-5,16,8,2,1.0,6,1.0,a2,10,checkpoint-39,39,5.86730162802883e-14,0.6212284609692376,0.9952231901884079,0.9297371926008138,0.5132597205535745,0.6146644722554315,0.4545665839084447,0.5383403598467675,-0.34125173042531465,saves/unlearn/tofu/forget05/Llama-2-7b-chat-hf/SatImp/lr2e-5_b16_mb8_ga2_a1.0_b15.0_b21.0_g0.1_e10/checkpoint-39/evals/TOFU_SUMMARY.json,saves/unlearn/tofu/forget05/Llama-2-7b-chat-hf/SatImp/lr2e-5_b16_mb8_ga2_a1.0_b15.0_b21.0_g0.1_e10/checkpoint-39/evals/TOFU_EVAL.json
forget05,SatImp,lr2e-5_b16_mb8_ga2_a1.0_b15.0_b21.0_g0.1_e10,2e-5,16,8,2,1.0,6,1.0,a2,10,checkpoint-52,52,2.5656301025789152e-14,0.6122257501010994,0.9940304791927338,0.9283204554474821,0.5100470898660429,0.5849449272773553,0.45822736388750535,0.53012264763594,-0.34894971721898294,saves/unlearn/tofu/forget05/Llama-2-7b-chat-hf/SatImp/lr2e-5_b16_mb8_ga2_a1.0_b15.0_b21.0_g0.1_e10/checkpoint-52/evals/TOFU_SUMMARY.json,saves/unlearn/tofu/forget05/Llama-2-7b-chat-hf/SatImp/lr2e-5_b16_mb8_ga2_a1.0_b15.0_b21.0_g0.1_e10/checkpoint-52/evals/TOFU_EVAL.json
forget05,SatImp,lr2e-5_b16_mb8_ga2_a1.0_b15.0_b21.0_g0.1_e10,2e-5,16,8,2,1.0,6,1.0,a2,10,checkpoint-65,65,4.734741877153768e-15,0.6140824767309168,0.9951875996589661,0.945209048561901,0.5084908789735313,0.5815343950978499,0.4596628554003162,0.5322355276567456,-0.356115847379512,saves/unlearn/tofu/forget05/Llama-2-7b-chat-hf/SatImp/lr2e-5_b16_mb8_ga2_a1.0_b15.0_b21.0_g0.1_e10/checkpoint-65/evals/TOFU_SUMMARY.json,saves/unlearn/tofu/forget05/Llama-2-7b-chat-hf/SatImp/lr2e-5_b16_mb8_ga2_a1.0_b15.0_b21.0_g0.1_e10/checkpoint-65/evals/TOFU_EVAL.json
forget05,SatImp,lr2e-5_b16_mb8_ga2_a1.0_b15.0_b21.0_g0.1_e10,2e-5,16,8,2,1.0,6,1.0,a2,10,checkpoint-78,78,1.108718722900174e-14,0.6135922409806749,0.9948392078280449,0.9416105201870075,0.5061180068931338,0.5843044590801116,0.4597473594136158,0.5338963859989322,-0.35463262302684023,saves/unlearn/tofu/forget05/Llama-2-7b-chat-hf/SatImp/lr2e-5_b16_mb8_ga2_a1.0_b15.0_b21.0_g0.1_e10/checkpoint-78/evals/TOFU_SUMMARY.json,saves/unlearn/tofu/forget05/Llama-2-7b-chat-hf/SatImp/lr2e-5_b16_mb8_ga2_a1.0_b15.0_b21.0_g0.1_e10/checkpoint-78/evals/TOFU_EVAL.json
forget05,SatImp,lr2e-5_b16_mb8_ga2_a1.0_b15.0_b21.0_g0.1_e10,2e-5,16,8,2,1.0,6,1.0,a2,10,checkpoint-91,91,2.5656301025789152e-14,0.6152843017689748,0.9949897876381875,0.9395694789842017,0.50430269548174,0.585323784649725,0.46012120799793893,0.5390664464651262,-0.3519953315421942,saves/unlearn/tofu/forget05/Llama-2-7b-chat-hf/SatImp/lr2e-5_b16_mb8_ga2_a1.0_b15.0_b21.0_g0.1_e10/checkpoint-91/evals/TOFU_SUMMARY.json,saves/unlearn/tofu/forget05/Llama-2-7b-chat-hf/SatImp/lr2e-5_b16_mb8_ga2_a1.0_b15.0_b21.0_g0.1_e10/checkpoint-91/evals/TOFU_EVAL.json
forget05,SatImp,lr2e-5_b16_mb8_ga2_a1.0_b15.0_b21.0_g0.1_e10,2e-5,16,8,2,1.0,6,1.0,a2,10,checkpoint-104,104,4.734741877153768e-15,0.6150028107388477,0.9955961656570435,0.9405162644291488,0.5038066029165542,0.5852101781651744,0.4603167921002075,0.5374752158547981,-0.3530534043042437,saves/unlearn/tofu/forget05/Llama-2-7b-chat-hf/SatImp/lr2e-5_b16_mb8_ga2_a1.0_b15.0_b21.0_g0.1_e10/checkpoint-104/evals/TOFU_SUMMARY.json,saves/unlearn/tofu/forget05/Llama-2-7b-chat-hf/SatImp/lr2e-5_b16_mb8_ga2_a1.0_b15.0_b21.0_g0.1_e10/checkpoint-104/evals/TOFU_EVAL.json
forget05,SatImp,lr2e-5_b16_mb8_ga2_a1.0_b15.0_b21.0_g0.1_e10,2e-5,16,8,2,1.0,6,1.0,a2,10,checkpoint-117,117,2.5656301025789152e-14,0.6141676505379733,0.9956510782241821,0.9443947062314016,0.5032442478030141,0.5850161969762319,0.46016224348808604,0.5372572800031566,-0.35585524168979293,saves/unlearn/tofu/forget05/Llama-2-7b-chat-hf/SatImp/lr2e-5_b16_mb8_ga2_a1.0_b15.0_b21.0_g0.1_e10/checkpoint-117/evals/TOFU_SUMMARY.json,saves/unlearn/tofu/forget05/Llama-2-7b-chat-hf/SatImp/lr2e-5_b16_mb8_ga2_a1.0_b15.0_b21.0_g0.1_e10/checkpoint-117/evals/TOFU_EVAL.json
forget05,SatImp,lr2e-5_b16_mb8_ga2_a1.0_b15.0_b21.0_g0.1_e10,2e-5,16,8,2,1.0,6,1.0,a2,10,checkpoint-120,120,2.5656301025789152e-14,0.6147790894114058,0.9955423825979233,0.9442860105792278,0.5038507127201165,0.5845897174369861,0.4605488711698819,0.5381066075907109,-0.3551351071771441,saves/unlearn/tofu/forget05/Llama-2-7b-chat-hf/SatImp/lr2e-5_b16_mb8_ga2_a1.0_b15.0_b21.0_g0.1_e10/checkpoint-120/evals/TOFU_SUMMARY.json,saves/unlearn/tofu/forget05/Llama-2-7b-chat-hf/SatImp/lr2e-5_b16_mb8_ga2_a1.0_b15.0_b21.0_g0.1_e10/checkpoint-120/evals/TOFU_EVAL.json
forget05,SatImp,lr2e-5_b16_mb8_ga2_a1.0_b16.0_b21.0_g0.1_e10,2e-5,16,8,2,1.0,6,1.0,a2,10,checkpoint-13,13,2.5656301025789152e-14,0.6212394474232855,0.9950941836833954,0.9576051250768876,0.5021896487156956,0.6100842074486241,0.4650505387651087,0.5530948343853159,-0.3551102069568303,saves/unlearn/tofu/forget05/Llama-2-7b-chat-hf/SatImp/lr2e-5_b16_mb8_ga2_a1.0_b16.0_b21.0_g0.1_e10/checkpoint-13/evals/TOFU_SUMMARY.json,saves/unlearn/tofu/forget05/Llama-2-7b-chat-hf/SatImp/lr2e-5_b16_mb8_ga2_a1.0_b16.0_b21.0_g0.1_e10/checkpoint-13/evals/TOFU_EVAL.json
forget05,SatImp,lr2e-5_b16_mb8_ga2_a1.0_b16.0_b21.0_g0.1_e10,2e-5,16,8,2,1.0,6,1.0,a2,10,checkpoint-26,26,1.108718722900174e-14,0.6239314317011098,0.99526621311903,0.9448192958688564,0.5111200704705376,0.6194949863132715,0.45967495444482315,0.5374837146658991,-0.3461113227928223,saves/unlearn/tofu/forget05/Llama-2-7b-chat-hf/SatImp/lr2e-5_b16_mb8_ga2_a1.0_b16.0_b21.0_g0.1_e10/checkpoint-26/evals/TOFU_SUMMARY.json,saves/unlearn/tofu/forget05/Llama-2-7b-chat-hf/SatImp/lr2e-5_b16_mb8_ga2_a1.0_b16.0_b21.0_g0.1_e10/checkpoint-26/evals/TOFU_EVAL.json
forget05,SatImp,lr2e-5_b16_mb8_ga2_a1.0_b16.0_b21.0_g0.1_e10,2e-5,16,8,2,1.0,6,1.0,a2,10,checkpoint-39,39,5.86730162802883e-14,0.6224617802643841,0.9946023100614547,0.9320503148290601,0.5137420984116773,0.6180190370906251,0.45443297463846455,0.5390923338696426,-0.34086453218081464,saves/unlearn/tofu/forget05/Llama-2-7b-chat-hf/SatImp/lr2e-5_b16_mb8_ga2_a1.0_b16.0_b21.0_g0.1_e10/checkpoint-39/evals/TOFU_SUMMARY.json,saves/unlearn/tofu/forget05/Llama-2-7b-chat-hf/SatImp/lr2e-5_b16_mb8_ga2_a1.0_b16.0_b21.0_g0.1_e10/checkpoint-39/evals/TOFU_EVAL.json
forget05,SatImp,lr2e-5_b16_mb8_ga2_a1.0_b16.0_b21.0_g0.1_e10,2e-5,16,8,2,1.0,6,1.0,a2,10,checkpoint-52,52,1.108718722900174e-14,0.6124102610859651,0.9940096458792687,0.9254454554474821,0.5099662132925272,0.5867781851763958,0.45818513679776757,0.5314285626827641,-0.3473172895773992,saves/unlearn/tofu/forget05/Llama-2-7b-chat-hf/SatImp/lr2e-5_b16_mb8_ga2_a1.0_b16.0_b21.0_g0.1_e10/checkpoint-52/evals/TOFU_SUMMARY.json,saves/unlearn/tofu/forget05/Llama-2-7b-chat-hf/SatImp/lr2e-5_b16_mb8_ga2_a1.0_b16.0_b21.0_g0.1_e10/checkpoint-52/evals/TOFU_EVAL.json
forget05,SatImp,lr2e-5_b16_mb8_ga2_a1.0_b16.0_b21.0_g0.1_e10,2e-5,16,8,2,1.0,6,1.0,a2,10,checkpoint-65,65,4.734741877153768e-15,0.61439796079629,0.9953487890958786,0.9540559961426299,0.5085954442952412,0.5844740127698285,0.45973345946541255,0.5337464616771249,-0.36030443182295946,saves/unlearn/tofu/forget05/Llama-2-7b-chat-hf/SatImp/lr2e-5_b16_mb8_ga2_a1.0_b16.0_b21.0_g0.1_e10/checkpoint-65/evals/TOFU_SUMMARY.json,saves/unlearn/tofu/forget05/Llama-2-7b-chat-hf/SatImp/lr2e-5_b16_mb8_ga2_a1.0_b16.0_b21.0_g0.1_e10/checkpoint-65/evals/TOFU_EVAL.json
forget05,SatImp,lr2e-5_b16_mb8_ga2_a1.0_b16.0_b21.0_g0.1_e10,2e-5,16,8,2,1.0,6,1.0,a2,10,checkpoint-78,78,1.99799391269964e-15,0.6152064999859059,0.9952317267656327,0.953314809242338,0.5065305208100233,0.5851067060902723,0.45997414932207903,0.5348447149052717,-0.3590667680180774,saves/unlearn/tofu/forget05/Llama-2-7b-chat-hf/SatImp/lr2e-5_b16_mb8_ga2_a1.0_b16.0_b21.0_g0.1_e10/checkpoint-78/evals/TOFU_SUMMARY.json,saves/unlearn/tofu/forget05/Llama-2-7b-chat-hf/SatImp/lr2e-5_b16_mb8_ga2_a1.0_b16.0_b21.0_g0.1_e10/checkpoint-78/evals/TOFU_EVAL.json
forget05,SatImp,lr2e-5_b16_mb8_ga2_a1.0_b16.0_b21.0_g0.1_e10,2e-5,16,8,2,1.0,6,1.0,a2,10,checkpoint-91,91,3.432078828289855e-16,0.6149807162499573,0.996362144947052,0.9578997690843984,0.5046557567004203,0.5854030590745478,0.4607092492936537,0.5404318524871505,-0.3621502407657676,saves/unlearn/tofu/forget05/Llama-2-7b-chat-hf/SatImp/lr2e-5_b16_mb8_ga2_a1.0_b16.0_b21.0_g0.1_e10/checkpoint-91/evals/TOFU_SUMMARY.json,saves/unlearn/tofu/forget05/Llama-2-7b-chat-hf/SatImp/lr2e-5_b16_mb8_ga2_a1.0_b16.0_b21.0_g0.1_e10/checkpoint-91/evals/TOFU_EVAL.json
forget05,SatImp,lr2e-5_b16_mb8_ga2_a1.0_b16.0_b21.0_g0.1_e10,2e-5,16,8,2,1.0,6,1.0,a2,10,checkpoint-104,104,4.734741877153768e-15,0.6148236273170045,0.9961431661248207,0.9510340410624204,0.5041130553274296,0.5862351042060571,0.460365795843072,0.5382547896108859,-0.3587649762766113,saves/unlearn/tofu/forget05/Llama-2-7b-chat-hf/SatImp/lr2e-5_b16_mb8_ga2_a1.0_b16.0_b21.0_g0.1_e10/checkpoint-104/evals/TOFU_SUMMARY.json,saves/unlearn/tofu/forget05/Llama-2-7b-chat-hf/SatImp/lr2e-5_b16_mb8_ga2_a1.0_b16.0_b21.0_g0.1_e10/checkpoint-104/evals/TOFU_EVAL.json
forget05,SatImp,lr2e-5_b16_mb8_ga2_a1.0_b16.0_b21.0_g0.1_e10,2e-5,16,8,2,1.0,6,1.0,a2,10,checkpoint-117,117,2.5656301025789152e-14,0.6148274953245845,0.9964142283797264,0.9580560190843984,0.5039353860257026,0.5852526154177923,0.46042198009673285,0.53743479900273,-0.3624076284074523,saves/unlearn/tofu/forget05/Llama-2-7b-chat-hf/SatImp/lr2e-5_b16_mb8_ga2_a1.0_b16.0_b21.0_g0.1_e10/checkpoint-117/evals/TOFU_SUMMARY.json,saves/unlearn/tofu/forget05/Llama-2-7b-chat-hf/SatImp/lr2e-5_b16_mb8_ga2_a1.0_b16.0_b21.0_g0.1_e10/checkpoint-117/evals/TOFU_EVAL.json
forget05,SatImp,lr2e-5_b16_mb8_ga2_a1.0_b16.0_b21.0_g0.1_e10,2e-5,16,8,2,1.0,6,1.0,a2,10,checkpoint-120,120,4.734741877153768e-15,0.6145091740480153,0.9966225615143776,0.9605560190843984,0.5038283792590125,0.5853654393461163,0.460646019456085,0.5380880937230458,-0.3640801162513679,saves/unlearn/tofu/forget05/Llama-2-7b-chat-hf/SatImp/lr2e-5_b16_mb8_ga2_a1.0_b16.0_b21.0_g0.1_e10/checkpoint-120/evals/TOFU_SUMMARY.json,saves/unlearn/tofu/forget05/Llama-2-7b-chat-hf/SatImp/lr2e-5_b16_mb8_ga2_a1.0_b16.0_b21.0_g0.1_e10/checkpoint-120/evals/TOFU_EVAL.json
forget05,SatImp,lr2e-5_b32_mb8_ga4_a0.01_b15.0_b21.0_g0.1_e10,2e-5,32,8,4,0.01,5.0,1.0,a4,10,checkpoint-7,7,5.86730162802883e-14,0.6208668071881501,0.9803781571984291,0.7853791927276774,0.5058458680779099,0.6070121263597196,0.46361599239424867,0.5510247427659033,-0.26201186777484453,saves/unlearn/tofu/forget05/Llama-2-7b-chat-hf/SatImp/lr2e-5_b32_mb8_ga4_a0.01_b15.0_b21.0_g0.1_e10/checkpoint-7/evals/TOFU_SUMMARY.json,saves/unlearn/tofu/forget05/Llama-2-7b-chat-hf/SatImp/lr2e-5_b32_mb8_ga4_a0.01_b15.0_b21.0_g0.1_e10/checkpoint-7/evals/TOFU_EVAL.json
forget05,SatImp,lr2e-5_b32_mb8_ga4_a0.01_b15.0_b21.0_g0.1_e10,2e-5,32,8,4,0.01,5.0,1.0,a4,10,checkpoint-14,14,1.108718722900174e-14,0.6182131408782285,0.9525068458914757,0.5277125575145226,0.5178958686733525,0.6030101167490615,0.4563802728723877,0.531358187113325,-0.12189656082475953,saves/unlearn/tofu/forget05/Llama-2-7b-chat-hf/SatImp/lr2e-5_b32_mb8_ga4_a0.01_b15.0_b21.0_g0.1_e10/checkpoint-14/evals/TOFU_SUMMARY.json,saves/unlearn/tofu/forget05/Llama-2-7b-chat-hf/SatImp/lr2e-5_b32_mb8_ga4_a0.01_b15.0_b21.0_g0.1_e10/checkpoint-14/evals/TOFU_EVAL.json
forget05,SatImp,lr2e-5_b32_mb8_ga4_a0.01_b15.0_b21.0_g0.1_e10,2e-5,32,8,4,0.01,5.0,1.0,a4,10,checkpoint-21,21,2.8873674273022313e-11,0.6160605435873502,0.9191366654634475,0.39352709494640803,0.5355025522219925,0.6064741860777446,0.4487444267510864,0.5267265233626522,-0.04027133658870391,saves/unlearn/tofu/forget05/Llama-2-7b-chat-hf/SatImp/lr2e-5_b32_mb8_ga4_a0.01_b15.0_b21.0_g0.1_e10/checkpoint-21/evals/TOFU_SUMMARY.json,saves/unlearn/tofu/forget05/Llama-2-7b-chat-hf/SatImp/lr2e-5_b32_mb8_ga4_a0.01_b15.0_b21.0_g0.1_e10/checkpoint-21/evals/TOFU_EVAL.json
forget05,SatImp,lr2e-5_b32_mb8_ga4_a0.01_b15.0_b21.0_g0.1_e10,2e-5,32,8,4,0.01,5.0,1.0,a4,10,checkpoint-28,28,3.602472544567432e-09,0.612862920708507,0.8937734007835388,0.3171855867595021,0.5497513938137568,0.5952009203845322,0.4487847600005971,0.5266674784592503,0.007383430539459085,saves/unlearn/tofu/forget05/Llama-2-7b-chat-hf/SatImp/lr2e-5_b32_mb8_ga4_a0.01_b15.0_b21.0_g0.1_e10/checkpoint-28/evals/TOFU_SUMMARY.json,saves/unlearn/tofu/forget05/Llama-2-7b-chat-hf/SatImp/lr2e-5_b32_mb8_ga4_a0.01_b15.0_b21.0_g0.1_e10/checkpoint-28/evals/TOFU_EVAL.json
forget05,SatImp,lr2e-5_b32_mb8_ga4_a0.01_b15.0_b21.0_g0.1_e10,2e-5,32,8,4,0.01,5.0,1.0,a4,10,checkpoint-35,35,1.2940880677508261e-08,0.6133999420110343,0.8780769151449204,0.2871964764622615,0.5536958870758167,0.5904458120168001,0.4501510772540215,0.5277759598206225,0.03076325914832409,saves/unlearn/tofu/forget05/Llama-2-7b-chat-hf/SatImp/lr2e-5_b32_mb8_ga4_a0.01_b15.0_b21.0_g0.1_e10/checkpoint-35/evals/TOFU_SUMMARY.json,saves/unlearn/tofu/forget05/Llama-2-7b-chat-hf/SatImp/lr2e-5_b32_mb8_ga4_a0.01_b15.0_b21.0_g0.1_e10/checkpoint-35/evals/TOFU_EVAL.json
forget05,SatImp,lr2e-5_b32_mb8_ga4_a0.01_b15.0_b21.0_g0.1_e10,2e-5,32,8,4,0.01,5.0,1.0,a4,10,checkpoint-42,42,2.4125498977354686e-08,0.6139060978469391,0.8664814540743828,0.2654612868865598,0.556371971297271,0.5901000553272047,0.4503961693367281,0.5289876705517754,0.04793475149196669,saves/unlearn/tofu/forget05/Llama-2-7b-chat-hf/SatImp/lr2e-5_b32_mb8_ga4_a0.01_b15.0_b21.0_g0.1_e10/checkpoint-42/evals/TOFU_SUMMARY.json,saves/unlearn/tofu/forget05/Llama-2-7b-chat-hf/SatImp/lr2e-5_b32_mb8_ga4_a0.01_b15.0_b21.0_g0.1_e10/checkpoint-42/evals/TOFU_EVAL.json
forget05,SatImp,lr2e-5_b32_mb8_ga4_a0.01_b15.0_b21.0_g0.1_e10,2e-5,32,8,4,0.01,5.0,1.0,a4,10,checkpoint-49,49,2.4125498977354686e-08,0.6148219460244561,0.8601325762271881,0.25261809610798097,0.5575893573354184,0.5920027682701071,0.4504686498082235,0.529184401221749,0.05844663398237046,saves/unlearn/tofu/forget05/Llama-2-7b-chat-hf/SatImp/lr2e-5_b32_mb8_ga4_a0.01_b15.0_b21.0_g0.1_e10/checkpoint-49/evals/TOFU_SUMMARY.json,saves/unlearn/tofu/forget05/Llama-2-7b-chat-hf/SatImp/lr2e-5_b32_mb8_ga4_a0.01_b15.0_b21.0_g0.1_e10/checkpoint-49/evals/TOFU_EVAL.json
forget05,SatImp,lr2e-5_b32_mb8_ga4_a0.01_b15.0_b21.0_g0.1_e10,2e-5,32,8,4,0.01,5.0,1.0,a4,10,checkpoint-56,56,2.4125498977354686e-08,0.6143397983991638,0.8583870008587837,0.2514522711921561,0.556850774439569,0.5905091040382363,0.4504041796453139,0.5299238935703766,0.059420186499192784,saves/unlearn/tofu/forget05/Llama-2-7b-chat-hf/SatImp/lr2e-5_b32_mb8_ga4_a0.01_b15.0_b21.0_g0.1_e10/checkpoint-56/evals/TOFU_SUMMARY.json,saves/unlearn/tofu/forget05/Llama-2-7b-chat-hf/SatImp/lr2e-5_b32_mb8_ga4_a0.01_b15.0_b21.0_g0.1_e10/checkpoint-56/evals/TOFU_EVAL.json
forget05,SatImp,lr2e-5_b32_mb8_ga4_a0.01_b15.0_b21.0_g0.1_e10,2e-5,32,8,4,0.01,5.0,1.0,a4,10,checkpoint-60,60,2.4125498977354686e-08,0.6151749432683913,0.858531346321106,0.2525392277138952,0.5572959512079609,0.5912254508376722,0.45048208054356265,0.5294483289202491,0.05963968037638964,saves/unlearn/tofu/forget05/Llama-2-7b-chat-hf/SatImp/lr2e-5_b32_mb8_ga4_a0.01_b15.0_b21.0_g0.1_e10/checkpoint-60/evals/TOFU_SUMMARY.json,saves/unlearn/tofu/forget05/Llama-2-7b-chat-hf/SatImp/lr2e-5_b32_mb8_ga4_a0.01_b15.0_b21.0_g0.1_e10/checkpoint-60/evals/TOFU_EVAL.json
forget05,SatImp,lr2e-5_b32_mb8_ga4_a0.01_b16.0_b21.0_g0.1_e10,2e-5,32,8,4,0.01,6.0,1.0,a4,10,checkpoint-7,7,2.5656301025789152e-14,0.6213332718564925,0.9809090456366539,0.7901521430657443,0.5047682443621199,0.606102520188262,0.46382116017499003,0.5531208244895145,-0.26419732249468103,saves/unlearn/tofu/forget05/Llama-2-7b-chat-hf/SatImp/lr2e-5_b32_mb8_ga4_a0.01_b16.0_b21.0_g0.1_e10/checkpoint-7/evals/TOFU_SUMMARY.json,saves/unlearn/tofu/forget05/Llama-2-7b-chat-hf/SatImp/lr2e-5_b32_mb8_ga4_a0.01_b16.0_b21.0_g0.1_e10/checkpoint-7/evals/TOFU_EVAL.json
forget05,SatImp,lr2e-5_b32_mb8_ga4_a0.01_b16.0_b21.0_g0.1_e10,2e-5,32,8,4,0.01,6.0,1.0,a4,10,checkpoint-14,14,5.86730162802883e-14,0.6185294468877469,0.9569550889730454,0.5545461828092778,0.5182689105126941,0.6012418383908498,0.4574330280244544,0.532615149199773,-0.13722118900335606,saves/unlearn/tofu/forget05/Llama-2-7b-chat-hf/SatImp/lr2e-5_b32_mb8_ga4_a0.01_b16.0_b21.0_g0.1_e10/checkpoint-14/evals/TOFU_SUMMARY.json,saves/unlearn/tofu/forget05/Llama-2-7b-chat-hf/SatImp/lr2e-5_b32_mb8_ga4_a0.01_b16.0_b21.0_g0.1_e10/checkpoint-14/evals/TOFU_EVAL.json
forget05,SatImp,lr2e-5_b32_mb8_ga4_a0.01_b16.0_b21.0_g0.1_e10,2e-5,32,8,4,0.01,6.0,1.0,a4,10,checkpoint-21,21,1.4275699621532978e-12,0.6156940310323332,0.9311825686693191,0.4304115243690301,0.5303756294106432,0.6032054858080393,0.4499961940762378,0.5282219163073321,-0.06510301548541386,saves/unlearn/tofu/forget05/Llama-2-7b-chat-hf/SatImp/lr2e-5_b32_mb8_ga4_a0.01_b16.0_b21.0_g0.1_e10/checkpoint-21/evals/TOFU_SUMMARY.json,saves/unlearn/tofu/forget05/Llama-2-7b-chat-hf/SatImp/lr2e-5_b32_mb8_ga4_a0.01_b16.0_b21.0_g0.1_e10/checkpoint-21/evals/TOFU_EVAL.json
forget05,SatImp,lr2e-5_b32_mb8_ga4_a0.01_b16.0_b21.0_g0.1_e10,2e-5,32,8,4,0.01,6.0,1.0,a4,10,checkpoint-28,28,1.2127544312107394e-10,0.6125990347005069,0.9070482334494591,0.35493823637400795,0.5405673746185761,0.5921112943965606,0.4505052746184625,0.5280943000443539,-0.018394200089951157,saves/unlearn/tofu/forget05/Llama-2-7b-chat-hf/SatImp/lr2e-5_b32_mb8_ga4_a0.01_b16.0_b21.0_g0.1_e10/checkpoint-28/evals/TOFU_SUMMARY.json,saves/unlearn/tofu/forget05/Llama-2-7b-chat-hf/SatImp/lr2e-5_b32_mb8_ga4_a0.01_b16.0_b21.0_g0.1_e10/checkpoint-28/evals/TOFU_EVAL.json
forget05,SatImp,lr2e-5_b32_mb8_ga4_a0.01_b16.0_b21.0_g0.1_e10,2e-5,32,8,4,0.01,6.0,1.0,a4,10,checkpoint-35,35,4.869254633582969e-10,0.6106720404208649,0.8954139196872711,0.33069565919945815,0.5435676656765489,0.5828074864104021,0.45192374458183465,0.5256645692927017,-0.0023827485355742695,saves/unlearn/tofu/forget05/Llama-2-7b-chat-hf/SatImp/lr2e-5_b32_mb8_ga4_a0.01_b16.0_b21.0_g0.1_e10/checkpoint-35/evals/TOFU_SUMMARY.json,saves/unlearn/tofu/forget05/Llama-2-7b-chat-hf/SatImp/lr2e-5_b32_mb8_ga4_a0.01_b16.0_b21.0_g0.1_e10/checkpoint-35/evals/TOFU_EVAL.json
forget05,SatImp,lr2e-5_b32_mb8_ga4_a0.01_b16.0_b21.0_g0.1_e10,2e-5,32,8,4,0.01,6.0,1.0,a4,10,checkpoint-42,42,1.8694649189611297e-09,0.6105309281893465,0.8872275653481484,0.30156166482531627,0.5454648685942389,0.5806860409462585,0.452909230831879,0.5258016041812648,0.016136314972079097,saves/unlearn/tofu/forget05/Llama-2-7b-chat-hf/SatImp/lr2e-5_b32_mb8_ga4_a0.01_b16.0_b21.0_g0.1_e10/checkpoint-42/evals/TOFU_SUMMARY.json,saves/unlearn/tofu/forget05/Llama-2-7b-chat-hf/SatImp/lr2e-5_b32_mb8_ga4_a0.01_b16.0_b21.0_g0.1_e10/checkpoint-42/evals/TOFU_EVAL.json
forget05,SatImp,lr2e-5_b32_mb8_ga4_a0.01_b16.0_b21.0_g0.1_e10,2e-5,32,8,4,0.01,6.0,1.0,a4,10,checkpoint-49,49,3.602472544567432e-09,0.612036732668534,0.8844580510258675,0.29985024389330706,0.5458538590606501,0.5826316486101768,0.4532959027218634,0.5292680431286008,0.019882588811419244,saves/unlearn/tofu/forget05/Llama-2-7b-chat-hf/SatImp/lr2e-5_b32_mb8_ga4_a0.01_b16.0_b21.0_g0.1_e10/checkpoint-49/evals/TOFU_SUMMARY.json,saves/unlearn/tofu/forget05/Llama-2-7b-chat-hf/SatImp/lr2e-5_b32_mb8_ga4_a0.01_b16.0_b21.0_g0.1_e10/checkpoint-49/evals/TOFU_EVAL.json
forget05,SatImp,lr2e-5_b32_mb8_ga4_a0.01_b16.0_b21.0_g0.1_e10,2e-5,32,8,4,0.01,6.0,1.0,a4,10,checkpoint-56,56,1.8694649189611297e-09,0.6126167476016711,0.8839468663930893,0.29985024389330706,0.5457515600348652,0.5836123835062689,0.45307335683442046,0.5295238986255146,0.02071819432793781,saves/unlearn/tofu/forget05/Llama-2-7b-chat-hf/SatImp/lr2e-5_b32_mb8_ga4_a0.01_b16.0_b21.0_g0.1_e10/checkpoint-56/evals/TOFU_SUMMARY.json,saves/unlearn/tofu/forget05/Llama-2-7b-chat-hf/SatImp/lr2e-5_b32_mb8_ga4_a0.01_b16.0_b21.0_g0.1_e10/checkpoint-56/evals/TOFU_EVAL.json
forget05,SatImp,lr2e-5_b32_mb8_ga4_a0.01_b16.0_b21.0_g0.1_e10,2e-5,32,8,4,0.01,6.0,1.0,a4,10,checkpoint-60,60,1.8694649189611297e-09,0.611965825261427,0.8845480942726135,0.29985024389330706,0.5459089299092916,0.583785983287897,0.4529958597203684,0.5276805258501351,0.019766658047931596,saves/unlearn/tofu/forget05/Llama-2-7b-chat-hf/SatImp/lr2e-5_b32_mb8_ga4_a0.01_b16.0_b21.0_g0.1_e10/checkpoint-60/evals/TOFU_SUMMARY.json,saves/unlearn/tofu/forget05/Llama-2-7b-chat-hf/SatImp/lr2e-5_b32_mb8_ga4_a0.01_b16.0_b21.0_g0.1_e10/checkpoint-60/evals/TOFU_EVAL.json
forget05,SatImp,lr2e-5_b32_mb8_ga4_a0.1_b15.0_b21.0_g0.1_e10,2e-5,32,8,4,0.1,5.0,1.0,a4,10,checkpoint-7,7,1.3261055712130201e-13,0.622659470473586,0.992911186516285,0.9136027584170958,0.501989822476485,0.6122517034669345,0.4646031215023028,0.5532512161905829,-0.3305975019929718,saves/unlearn/tofu/forget05/Llama-2-7b-chat-hf/SatImp/lr2e-5_b32_mb8_ga4_a0.1_b15.0_b21.0_g0.1_e10/checkpoint-7/evals/TOFU_SUMMARY.json,saves/unlearn/tofu/forget05/Llama-2-7b-chat-hf/SatImp/lr2e-5_b32_mb8_ga4_a0.1_b15.0_b21.0_g0.1_e10/checkpoint-7/evals/TOFU_EVAL.json
forget05,SatImp,lr2e-5_b32_mb8_ga4_a0.1_b15.0_b21.0_g0.1_e10,2e-5,32,8,4,0.1,5.0,1.0,a4,10,checkpoint-14,14,1.108718722900174e-14,0.619595623547147,0.9905460003018379,0.8690923176547575,0.5122284874619408,0.6048737633900313,0.4601750501896359,0.5323912513893525,-0.31022353543113956,saves/unlearn/tofu/forget05/Llama-2-7b-chat-hf/SatImp/lr2e-5_b32_mb8_ga4_a0.1_b15.0_b21.0_g0.1_e10/checkpoint-14/evals/TOFU_SUMMARY.json,saves/unlearn/tofu/forget05/Llama-2-7b-chat-hf/SatImp/lr2e-5_b32_mb8_ga4_a0.1_b15.0_b21.0_g0.1_e10/checkpoint-14/evals/TOFU_EVAL.json
forget05,SatImp,lr2e-5_b32_mb8_ga4_a0.1_b15.0_b21.0_g0.1_e10,2e-5,32,8,4,0.1,5.0,1.0,a4,10,checkpoint-21,21,2.5656301025789152e-14,0.6183685052712783,0.9889916914701462,0.8433899960007386,0.5163441273626216,0.6058231007293678,0.45390050464921067,0.5345008374189926,-0.29782233846413847,saves/unlearn/tofu/forget05/Llama-2-7b-chat-hf/SatImp/lr2e-5_b32_mb8_ga4_a0.1_b15.0_b21.0_g0.1_e10/checkpoint-21/evals/TOFU_SUMMARY.json,saves/unlearn/tofu/forget05/Llama-2-7b-chat-hf/SatImp/lr2e-5_b32_mb8_ga4_a0.1_b15.0_b21.0_g0.1_e10/checkpoint-21/evals/TOFU_EVAL.json
forget05,SatImp,lr2e-5_b32_mb8_ga4_a0.1_b15.0_b21.0_g0.1_e10,2e-5,32,8,4,0.1,5.0,1.0,a4,10,checkpoint-28,28,2.5656301025789152e-14,0.6166983637925755,0.9891106739640236,0.8377397033161706,0.5145482301170173,0.59665872433058,0.454283701139113,0.5341498780583565,-0.296726824847496,saves/unlearn/tofu/forget05/Llama-2-7b-chat-hf/SatImp/lr2e-5_b32_mb8_ga4_a0.1_b15.0_b21.0_g0.1_e10/checkpoint-28/evals/TOFU_SUMMARY.json,saves/unlearn/tofu/forget05/Llama-2-7b-chat-hf/SatImp/lr2e-5_b32_mb8_ga4_a0.1_b15.0_b21.0_g0.1_e10/checkpoint-28/evals/TOFU_EVAL.json
forget05,SatImp,lr2e-5_b32_mb8_ga4_a0.1_b15.0_b21.0_g0.1_e10,2e-5,32,8,4,0.1,5.0,1.0,a4,10,checkpoint-35,35,1.108718722900174e-14,0.6135798617142415,0.9874605333805084,0.8181667793010391,0.5121216895513108,0.58564024764601,0.4562222384589537,0.5317701714482399,-0.28923379462652116,saves/unlearn/tofu/forget05/Llama-2-7b-chat-hf/SatImp/lr2e-5_b32_mb8_ga4_a0.1_b15.0_b21.0_g0.1_e10/checkpoint-35/evals/TOFU_SUMMARY.json,saves/unlearn/tofu/forget05/Llama-2-7b-chat-hf/SatImp/lr2e-5_b32_mb8_ga4_a0.1_b15.0_b21.0_g0.1_e10/checkpoint-35/evals/TOFU_EVAL.json
forget05,SatImp,lr2e-5_b32_mb8_ga4_a0.1_b15.0_b21.0_g0.1_e10,2e-5,32,8,4,0.1,5.0,1.0,a4,10,checkpoint-42,42,4.734741877153768e-15,0.6128121423893964,0.986762024462223,0.8062037411254382,0.51041625456755,0.5824147896516579,0.45791990632397545,0.5306808777807829,-0.28367074040442947,saves/unlearn/tofu/forget05/Llama-2-7b-chat-hf/SatImp/lr2e-5_b32_mb8_ga4_a0.1_b15.0_b21.0_g0.1_e10/checkpoint-42/evals/TOFU_SUMMARY.json,saves/unlearn/tofu/forget05/Llama-2-7b-chat-hf/SatImp/lr2e-5_b32_mb8_ga4_a0.1_b15.0_b21.0_g0.1_e10/checkpoint-42/evals/TOFU_EVAL.json
forget05,SatImp,lr2e-5_b32_mb8_ga4_a0.1_b15.0_b21.0_g0.1_e10,2e-5,32,8,4,0.1,5.0,1.0,a4,10,checkpoint-49,49,1.108718722900174e-14,0.6118635807641264,0.9860238081216812,0.801199811906036,0.5098479913527183,0.5820267832558561,0.4579353039054153,0.5297799162171383,-0.2817482292497211,saves/unlearn/tofu/forget05/Llama-2-7b-chat-hf/SatImp/lr2e-5_b32_mb8_ga4_a0.1_b15.0_b21.0_g0.1_e10/checkpoint-49/evals/TOFU_SUMMARY.json,saves/unlearn/tofu/forget05/Llama-2-7b-chat-hf/SatImp/lr2e-5_b32_mb8_ga4_a0.1_b15.0_b21.0_g0.1_e10/checkpoint-49/evals/TOFU_EVAL.json
forget05,SatImp,lr2e-5_b32_mb8_ga4_a0.1_b15.0_b21.0_g0.1_e10,2e-5,32,8,4,0.1,5.0,1.0,a4,10,checkpoint-56,56,4.734741877153768e-15,0.6122145426109594,0.9863672843575477,0.8010266164524805,0.5087570811018736,0.5827894565483822,0.45874985396610657,0.529172770291857,-0.2814824077940499,saves/unlearn/tofu/forget05/Llama-2-7b-chat-hf/SatImp/lr2e-5_b32_mb8_ga4_a0.1_b15.0_b21.0_g0.1_e10/checkpoint-56/evals/TOFU_SUMMARY.json,saves/unlearn/tofu/forget05/Llama-2-7b-chat-hf/SatImp/lr2e-5_b32_mb8_ga4_a0.1_b15.0_b21.0_g0.1_e10/checkpoint-56/evals/TOFU_EVAL.json
forget05,SatImp,lr2e-5_b32_mb8_ga4_a0.1_b15.0_b21.0_g0.1_e10,2e-5,32,8,4,0.1,5.0,1.0,a4,10,checkpoint-60,60,1.108718722900174e-14,0.6126093741842754,0.9866608333587646,0.8090771095762449,0.5090990167570023,0.5830310253958245,0.4588445155003963,0.5304675214182792,-0.28525959728321826,saves/unlearn/tofu/forget05/Llama-2-7b-chat-hf/SatImp/lr2e-5_b32_mb8_ga4_a0.1_b15.0_b21.0_g0.1_e10/checkpoint-60/evals/TOFU_SUMMARY.json,saves/unlearn/tofu/forget05/Llama-2-7b-chat-hf/SatImp/lr2e-5_b32_mb8_ga4_a0.1_b15.0_b21.0_g0.1_e10/checkpoint-60/evals/TOFU_EVAL.json
forget05,SatImp,lr2e-5_b32_mb8_ga4_a0.1_b16.0_b21.0_g0.1_e10,2e-5,32,8,4,0.1,6.0,1.0,a4,10,checkpoint-7,7,1.3261055712130201e-13,0.6201186745579885,0.9934333339333534,0.9193484024216408,0.5023537760015678,0.6097018201353118,0.4645632279962836,0.5526200423505954,-0.33627219361937605,saves/unlearn/tofu/forget05/Llama-2-7b-chat-hf/SatImp/lr2e-5_b32_mb8_ga4_a0.1_b16.0_b21.0_g0.1_e10/checkpoint-7/evals/TOFU_SUMMARY.json,saves/unlearn/tofu/forget05/Llama-2-7b-chat-hf/SatImp/lr2e-5_b32_mb8_ga4_a0.1_b16.0_b21.0_g0.1_e10/checkpoint-7/evals/TOFU_EVAL.json
forget05,SatImp,lr2e-5_b32_mb8_ga4_a0.1_b16.0_b21.0_g0.1_e10,2e-5,32,8,4,0.1,6.0,1.0,a4,10,checkpoint-14,14,1.108718722900174e-14,0.6195401246304414,0.9918097022175789,0.8900841588292778,0.5120921783673238,0.6028714706145747,0.46082102544458325,0.5342638093160523,-0.3214068058929759,saves/unlearn/tofu/forget05/Llama-2-7b-chat-hf/SatImp/lr2e-5_b32_mb8_ga4_a0.1_b16.0_b21.0_g0.1_e10/checkpoint-14/evals/TOFU_SUMMARY.json,saves/unlearn/tofu/forget05/Llama-2-7b-chat-hf/SatImp/lr2e-5_b32_mb8_ga4_a0.1_b16.0_b21.0_g0.1_e10/checkpoint-14/evals/TOFU_EVAL.json
forget05,SatImp,lr2e-5_b32_mb8_ga4_a0.1_b16.0_b21.0_g0.1_e10,2e-5,32,8,4,0.1,6.0,1.0,a4,10,checkpoint-21,21,2.5656301025789152e-14,0.6182114516158362,0.9906260520219803,0.8608508286847153,0.5149738075294384,0.603974414318832,0.45412170687223224,0.5337033963325144,-0.3075269887374859,saves/unlearn/tofu/forget05/Llama-2-7b-chat-hf/SatImp/lr2e-5_b32_mb8_ga4_a0.1_b16.0_b21.0_g0.1_e10/checkpoint-21/evals/TOFU_SUMMARY.json,saves/unlearn/tofu/forget05/Llama-2-7b-chat-hf/SatImp/lr2e-5_b32_mb8_ga4_a0.1_b16.0_b21.0_g0.1_e10/checkpoint-21/evals/TOFU_EVAL.json
forget05,SatImp,lr2e-5_b32_mb8_ga4_a0.1_b16.0_b21.0_g0.1_e10,2e-5,32,8,4,0.1,6.0,1.0,a4,10,checkpoint-28,28,5.86730162802883e-14,0.6141607695900663,0.9910591506958008,0.8587023440123147,0.5142898422822147,0.5917230258487284,0.4552394157196195,0.5304403250171615,-0.31071997776393284,saves/unlearn/tofu/forget05/Llama-2-7b-chat-hf/SatImp/lr2e-5_b32_mb8_ga4_a0.1_b16.0_b21.0_g0.1_e10/checkpoint-28/evals/TOFU_SUMMARY.json,saves/unlearn/tofu/forget05/Llama-2-7b-chat-hf/SatImp/lr2e-5_b32_mb8_ga4_a0.1_b16.0_b21.0_g0.1_e10/checkpoint-28/evals/TOFU_EVAL.json
forget05,SatImp,lr2e-5_b32_mb8_ga4_a0.1_b16.0_b21.0_g0.1_e10,2e-5,32,8,4,0.1,6.0,1.0,a4,10,checkpoint-35,35,2.5656301025789152e-14,0.6126774824412715,0.9896802410483361,0.8525756671890221,0.5114570680585273,0.5830950875254677,0.45777293607244507,0.5308350577660685,-0.30845047167738193,saves/unlearn/tofu/forget05/Llama-2-7b-chat-hf/SatImp/lr2e-5_b32_mb8_ga4_a0.1_b16.0_b21.0_g0.1_e10/checkpoint-35/evals/TOFU_SUMMARY.json,saves/unlearn/tofu/forget05/Llama-2-7b-chat-hf/SatImp/lr2e-5_b32_mb8_ga4_a0.1_b16.0_b21.0_g0.1_e10/checkpoint-35/evals/TOFU_EVAL.json
forget05,SatImp,lr2e-5_b32_mb8_ga4_a0.1_b16.0_b21.0_g0.1_e10,2e-5,32,8,4,0.1,6.0,1.0,a4,10,checkpoint-42,42,4.734741877153768e-15,0.6108906552355545,0.9889915016293526,0.848540212677324,0.5091239853183076,0.5792232679681023,0.45880032727233977,0.5294549110607468,-0.307875201917779,saves/unlearn/tofu/forget05/Llama-2-7b-chat-hf/SatImp/lr2e-5_b32_mb8_ga4_a0.1_b16.0_b21.0_g0.1_e10/checkpoint-42/evals/TOFU_SUMMARY.json,saves/unlearn/tofu/forget05/Llama-2-7b-chat-hf/SatImp/lr2e-5_b32_mb8_ga4_a0.1_b16.0_b21.0_g0.1_e10/checkpoint-42/evals/TOFU_EVAL.json
forget05,SatImp,lr2e-5_b32_mb8_ga4_a0.1_b16.0_b21.0_g0.1_e10,2e-5,32,8,4,0.1,6.0,1.0,a4,10,checkpoint-49,49,1.108718722900174e-14,0.611007665991992,0.9892228290438652,0.8526170915875957,0.5086630706298526,0.5795095849428153,0.4595855592741438,0.5266030467877832,-0.30991229432372736,saves/unlearn/tofu/forget05/Llama-2-7b-chat-hf/SatImp/lr2e-5_b32_mb8_ga4_a0.1_b16.0_b21.0_g0.1_e10/checkpoint-49/evals/TOFU_SUMMARY.json,saves/unlearn/tofu/forget05/Llama-2-7b-chat-hf/SatImp/lr2e-5_b32_mb8_ga4_a0.1_b16.0_b21.0_g0.1_e10/checkpoint-49/evals/TOFU_EVAL.json
forget05,SatImp,lr2e-5_b32_mb8_ga4_a0.1_b16.0_b21.0_g0.1_e10,2e-5,32,8,4,0.1,6.0,1.0,a4,10,checkpoint-56,56,4.734741877153768e-15,0.6115425063404797,0.988897269666195,0.8403926236053663,0.5083474064688301,0.5804079771967445,0.4600416271175235,0.5278825720924524,-0.30310244029529615,saves/unlearn/tofu/forget05/Llama-2-7b-chat-hf/SatImp/lr2e-5_b32_mb8_ga4_a0.1_b16.0_b21.0_g0.1_e10/checkpoint-56/evals/TOFU_SUMMARY.json,saves/unlearn/tofu/forget05/Llama-2-7b-chat-hf/SatImp/lr2e-5_b32_mb8_ga4_a0.1_b16.0_b21.0_g0.1_e10/checkpoint-56/evals/TOFU_EVAL.json
forget05,SatImp,lr2e-5_b32_mb8_ga4_a0.1_b16.0_b21.0_g0.1_e10,2e-5,32,8,4,0.1,6.0,1.0,a4,10,checkpoint-60,60,4.734741877153768e-15,0.6109981717493004,0.9893586537241936,0.8458112063670821,0.5085420296344227,0.5797046527908595,0.45994279484767403,0.5284162200613599,-0.3065867582963327,saves/unlearn/tofu/forget05/Llama-2-7b-chat-hf/SatImp/lr2e-5_b32_mb8_ga4_a0.1_b16.0_b21.0_g0.1_e10/checkpoint-60/evals/TOFU_SUMMARY.json,saves/unlearn/tofu/forget05/Llama-2-7b-chat-hf/SatImp/lr2e-5_b32_mb8_ga4_a0.1_b16.0_b21.0_g0.1_e10/checkpoint-60/evals/TOFU_EVAL.json
forget05,SatImp,lr2e-5_b32_mb8_ga4_a1.0_b15.0_b21.0_g0.1_e10,2e-5,32,8,4,1.0,5.0,1.0,a4,10,checkpoint-7,7,2.5656301025789152e-14,0.6219691733569387,0.9955029907822609,0.9541458027669207,0.5018637859088355,0.6119108994337722,0.46500678169083787,0.5530682116637956,-0.3528552234176265,saves/unlearn/tofu/forget05/Llama-2-7b-chat-hf/SatImp/lr2e-5_b32_mb8_ga4_a1.0_b15.0_b21.0_g0.1_e10/checkpoint-7/evals/TOFU_SUMMARY.json,saves/unlearn/tofu/forget05/Llama-2-7b-chat-hf/SatImp/lr2e-5_b32_mb8_ga4_a1.0_b15.0_b21.0_g0.1_e10/checkpoint-7/evals/TOFU_EVAL.json
forget05,SatImp,lr2e-5_b32_mb8_ga4_a1.0_b15.0_b21.0_g0.1_e10,2e-5,32,8,4,1.0,5.0,1.0,a4,10,checkpoint-14,14,2.5656301025789152e-14,0.6196394745464171,0.9947749283909798,0.9353642081854724,0.5093162376986272,0.6099738005784284,0.4623366610807067,0.5385080966313291,-0.34543009374178335,saves/unlearn/tofu/forget05/Llama-2-7b-chat-hf/SatImp/lr2e-5_b32_mb8_ga4_a1.0_b15.0_b21.0_g0.1_e10/checkpoint-14/evals/TOFU_SUMMARY.json,saves/unlearn/tofu/forget05/Llama-2-7b-chat-hf/SatImp/lr2e-5_b32_mb8_ga4_a1.0_b15.0_b21.0_g0.1_e10/checkpoint-14/evals/TOFU_EVAL.json
forget05,SatImp,lr2e-5_b32_mb8_ga4_a1.0_b15.0_b21.0_g0.1_e10,2e-5,32,8,4,1.0,5.0,1.0,a4,10,checkpoint-21,21,5.86730162802883e-14,0.6210833119572605,0.996486142873764,0.9460251249687096,0.5148653919247081,0.6142631301730214,0.4553048500655636,0.5336467970747373,-0.3501723219639177,saves/unlearn/tofu/forget05/Llama-2-7b-chat-hf/SatImp/lr2e-5_b32_mb8_ga4_a1.0_b15.0_b21.0_g0.1_e10/checkpoint-21/evals/TOFU_SUMMARY.json,saves/unlearn/tofu/forget05/Llama-2-7b-chat-hf/SatImp/lr2e-5_b32_mb8_ga4_a1.0_b15.0_b21.0_g0.1_e10/checkpoint-21/evals/TOFU_EVAL.json
forget05,SatImp,lr2e-5_b32_mb8_ga4_a1.0_b15.0_b21.0_g0.1_e10,2e-5,32,8,4,1.0,5.0,1.0,a4,10,checkpoint-28,28,2.5656301025789152e-14,0.6179788769778254,0.9971658128499985,0.9607094354072558,0.5121891015335247,0.607235938274109,0.45555881200223797,0.5324052145786105,-0.36095874715077614,saves/unlearn/tofu/forget05/Llama-2-7b-chat-hf/SatImp/lr2e-5_b32_mb8_ga4_a1.0_b15.0_b21.0_g0.1_e10/checkpoint-28/evals/TOFU_SUMMARY.json,saves/unlearn/tofu/forget05/Llama-2-7b-chat-hf/SatImp/lr2e-5_b32_mb8_ga4_a1.0_b15.0_b21.0_g0.1_e10/checkpoint-28/evals/TOFU_EVAL.json
forget05,SatImp,lr2e-5_b32_mb8_ga4_a1.0_b15.0_b21.0_g0.1_e10,2e-5,32,8,4,1.0,5.0,1.0,a4,10,checkpoint-35,35,2.5656301025789152e-14,0.6164039024304314,0.9968157947063446,0.9550561116202917,0.5102515277542908,0.5996982468652422,0.4578357099546706,0.5308458924397351,-0.3595320507328611,saves/unlearn/tofu/forget05/Llama-2-7b-chat-hf/SatImp/lr2e-5_b32_mb8_ga4_a1.0_b15.0_b21.0_g0.1_e10/checkpoint-35/evals/TOFU_SUMMARY.json,saves/unlearn/tofu/forget05/Llama-2-7b-chat-hf/SatImp/lr2e-5_b32_mb8_ga4_a1.0_b15.0_b21.0_g0.1_e10/checkpoint-35/evals/TOFU_EVAL.json
forget05,SatImp,lr2e-5_b32_mb8_ga4_a1.0_b15.0_b21.0_g0.1_e10,2e-5,32,8,4,1.0,5.0,1.0,a4,10,checkpoint-42,42,2.5656301025789152e-14,0.6138761642933087,0.9967520767450333,0.9550561116202917,0.5087492865497346,0.593298873205727,0.4589271412183007,0.5280380510291304,-0.36202792988932814,saves/unlearn/tofu/forget05/Llama-2-7b-chat-hf/SatImp/lr2e-5_b32_mb8_ga4_a1.0_b15.0_b21.0_g0.1_e10/checkpoint-42/evals/TOFU_SUMMARY.json,saves/unlearn/tofu/forget05/Llama-2-7b-chat-hf/SatImp/lr2e-5_b32_mb8_ga4_a1.0_b15.0_b21.0_g0.1_e10/checkpoint-42/evals/TOFU_EVAL.json
forget05,SatImp,lr2e-5_b32_mb8_ga4_a1.0_b15.0_b21.0_g0.1_e10,2e-5,32,8,4,1.0,5.0,1.0,a4,10,checkpoint-49,49,1.108718722900174e-14,0.6139750018544412,0.9964636152982712,0.9544791885433687,0.508102897667063,0.5936602115571223,0.4597106910335096,0.5288701043312721,-0.36149640006636763,saves/unlearn/tofu/forget05/Llama-2-7b-chat-hf/SatImp/lr2e-5_b32_mb8_ga4_a1.0_b15.0_b21.0_g0.1_e10/checkpoint-49/evals/TOFU_SUMMARY.json,saves/unlearn/tofu/forget05/Llama-2-7b-chat-hf/SatImp/lr2e-5_b32_mb8_ga4_a1.0_b15.0_b21.0_g0.1_e10/checkpoint-49/evals/TOFU_EVAL.json
forget05,SatImp,lr2e-5_b32_mb8_ga4_a1.0_b15.0_b21.0_g0.1_e10,2e-5,32,8,4,1.0,5.0,1.0,a4,10,checkpoint-56,56,2.5656301025789152e-14,0.6141095814123158,0.9967520767450333,0.9550561116202917,0.5073049186525965,0.5948545538201754,0.4597197578755447,0.5291585946732343,-0.3617945127703211,saves/unlearn/tofu/forget05/Llama-2-7b-chat-hf/SatImp/lr2e-5_b32_mb8_ga4_a1.0_b15.0_b21.0_g0.1_e10/checkpoint-56/evals/TOFU_SUMMARY.json,saves/unlearn/tofu/forget05/Llama-2-7b-chat-hf/SatImp/lr2e-5_b32_mb8_ga4_a1.0_b15.0_b21.0_g0.1_e10/checkpoint-56/evals/TOFU_EVAL.json
forget05,SatImp,lr2e-5_b32_mb8_ga4_a1.0_b15.0_b21.0_g0.1_e10,2e-5,32,8,4,1.0,5.0,1.0,a4,10,checkpoint-60,60,2.5656301025789152e-14,0.6149331168402657,0.9968256062269211,0.9551296410320564,0.5069314910767639,0.5947645035410057,0.4595872819354057,0.5299398515575092,-0.36104450678919736,saves/unlearn/tofu/forget05/Llama-2-7b-chat-hf/SatImp/lr2e-5_b32_mb8_ga4_a1.0_b15.0_b21.0_g0.1_e10/checkpoint-60/evals/TOFU_SUMMARY.json,saves/unlearn/tofu/forget05/Llama-2-7b-chat-hf/SatImp/lr2e-5_b32_mb8_ga4_a1.0_b15.0_b21.0_g0.1_e10/checkpoint-60/evals/TOFU_EVAL.json
forget05,SatImp,lr2e-5_b32_mb8_ga4_a1.0_b16.0_b21.0_g0.1_e10,2e-5,32,8,4,1.0,6.0,1.0,a4,10,checkpoint-7,7,5.86730162802883e-14,0.6199328360316247,0.9953779909014702,0.9540208027669208,0.5007781538238258,0.6109515583627121,0.46501788066034905,0.5525927747990879,-0.3547665608025121,saves/unlearn/tofu/forget05/Llama-2-7b-chat-hf/SatImp/lr2e-5_b32_mb8_ga4_a1.0_b16.0_b21.0_g0.1_e10/checkpoint-7/evals/TOFU_SUMMARY.json,saves/unlearn/tofu/forget05/Llama-2-7b-chat-hf/SatImp/lr2e-5_b32_mb8_ga4_a1.0_b16.0_b21.0_g0.1_e10/checkpoint-7/evals/TOFU_EVAL.json
forget05,SatImp,lr2e-5_b32_mb8_ga4_a1.0_b16.0_b21.0_g0.1_e10,2e-5,32,8,4,1.0,6.0,1.0,a4,10,checkpoint-14,14,1.108718722900174e-14,0.6197250912530798,0.994579644203186,0.9314273614513792,0.5083135205291863,0.6094120705607741,0.46271497572553927,0.5392169959478089,-0.34327841157419164,saves/unlearn/tofu/forget05/Llama-2-7b-chat-hf/SatImp/lr2e-5_b32_mb8_ga4_a1.0_b16.0_b21.0_g0.1_e10/checkpoint-14/evals/TOFU_SUMMARY.json,saves/unlearn/tofu/forget05/Llama-2-7b-chat-hf/SatImp/lr2e-5_b32_mb8_ga4_a1.0_b16.0_b21.0_g0.1_e10/checkpoint-14/evals/TOFU_EVAL.json
forget05,SatImp,lr2e-5_b32_mb8_ga4_a1.0_b16.0_b21.0_g0.1_e10,2e-5,32,8,4,1.0,6.0,1.0,a4,10,checkpoint-21,21,2.5656301025789152e-14,0.6217487179331539,0.996797080039978,0.9474650759491019,0.5146651695332181,0.6156399153705228,0.4552261079629906,0.535510582900933,-0.3503823600613604,saves/unlearn/tofu/forget05/Llama-2-7b-chat-hf/SatImp/lr2e-5_b32_mb8_ga4_a1.0_b16.0_b21.0_g0.1_e10/checkpoint-21/evals/TOFU_SUMMARY.json,saves/unlearn/tofu/forget05/Llama-2-7b-chat-hf/SatImp/lr2e-5_b32_mb8_ga4_a1.0_b16.0_b21.0_g0.1_e10/checkpoint-21/evals/TOFU_EVAL.json
forget05,SatImp,lr2e-5_b32_mb8_ga4_a1.0_b16.0_b21.0_g0.1_e10,2e-5,32,8,4,1.0,6.0,1.0,a4,10,checkpoint-28,28,2.5656301025789152e-14,0.6175174764501702,0.9966806530952453,0.9576671979643333,0.5118993000847033,0.6083566560572202,0.45615219064125767,0.5300915234569604,-0.3596564490795935,saves/unlearn/tofu/forget05/Llama-2-7b-chat-hf/SatImp/lr2e-5_b32_mb8_ga4_a1.0_b16.0_b21.0_g0.1_e10/checkpoint-28/evals/TOFU_SUMMARY.json,saves/unlearn/tofu/forget05/Llama-2-7b-chat-hf/SatImp/lr2e-5_b32_mb8_ga4_a1.0_b16.0_b21.0_g0.1_e10/checkpoint-28/evals/TOFU_EVAL.json
forget05,SatImp,lr2e-5_b32_mb8_ga4_a1.0_b16.0_b21.0_g0.1_e10,2e-5,32,8,4,1.0,6.0,1.0,a4,10,checkpoint-35,35,2.5656301025789152e-14,0.6152011211313,0.9965343406796455,0.9512358683390186,0.5096847458064123,0.5991816668905294,0.4579175195983163,0.5301965530738793,-0.35868398337800644,saves/unlearn/tofu/forget05/Llama-2-7b-chat-hf/SatImp/lr2e-5_b32_mb8_ga4_a1.0_b16.0_b21.0_g0.1_e10/checkpoint-35/evals/TOFU_SUMMARY.json,saves/unlearn/tofu/forget05/Llama-2-7b-chat-hf/SatImp/lr2e-5_b32_mb8_ga4_a1.0_b16.0_b21.0_g0.1_e10/checkpoint-35/evals/TOFU_EVAL.json
forget05,SatImp,lr2e-5_b32_mb8_ga4_a1.0_b16.0_b21.0_g0.1_e10,2e-5,32,8,4,1.0,6.0,1.0,a4,10,checkpoint-42,42,1.108718722900174e-14,0.6145871779210771,0.9966835835576058,0.9540972075107027,0.507439741139178,0.5946566410943714,0.4593443365826259,0.530009451473727,-0.36080321761306605,saves/unlearn/tofu/forget05/Llama-2-7b-chat-hf/SatImp/lr2e-5_b32_mb8_ga4_a1.0_b16.0_b21.0_g0.1_e10/checkpoint-42/evals/TOFU_SUMMARY.json,saves/unlearn/tofu/forget05/Llama-2-7b-chat-hf/SatImp/lr2e-5_b32_mb8_ga4_a1.0_b16.0_b21.0_g0.1_e10/checkpoint-42/evals/TOFU_EVAL.json
forget05,SatImp,lr2e-5_b32_mb8_ga4_a1.0_b16.0_b21.0_g0.1_e10,2e-5,32,8,4,1.0,6.0,1.0,a4,10,checkpoint-49,49,2.5656301025789152e-14,0.6137137223900357,0.9967571130394935,0.9541707369224673,0.5070540326581899,0.5936650802249044,0.4603939141194622,0.5273870470375418,-0.36175020259091906,saves/unlearn/tofu/forget05/Llama-2-7b-chat-hf/SatImp/lr2e-5_b32_mb8_ga4_a1.0_b16.0_b21.0_g0.1_e10/checkpoint-49/evals/TOFU_SUMMARY.json,saves/unlearn/tofu/forget05/Llama-2-7b-chat-hf/SatImp/lr2e-5_b32_mb8_ga4_a1.0_b16.0_b21.0_g0.1_e10/checkpoint-49/evals/TOFU_EVAL.json
forget05,SatImp,lr2e-5_b32_mb8_ga4_a1.0_b16.0_b21.0_g0.1_e10,2e-5,32,8,4,1.0,6.0,1.0,a4,10,checkpoint-56,56,2.5656301025789152e-14,0.6142826601196466,0.9968853181600571,0.9544271471788776,0.5066386723326759,0.5937449132191902,0.46030452048806275,0.5290376401879815,-0.3613735725497951,saves/unlearn/tofu/forget05/Llama-2-7b-chat-hf/SatImp/lr2e-5_b32_mb8_ga4_a1.0_b16.0_b21.0_g0.1_e10/checkpoint-56/evals/TOFU_SUMMARY.json,saves/unlearn/tofu/forget05/Llama-2-7b-chat-hf/SatImp/lr2e-5_b32_mb8_ga4_a1.0_b16.0_b21.0_g0.1_e10/checkpoint-56/evals/TOFU_EVAL.json
forget05,SatImp,lr2e-5_b32_mb8_ga4_a1.0_b16.0_b21.0_g0.1_e10,2e-5,32,8,4,1.0,6.0,1.0,a4,10,checkpoint-60,60,1.108718722900174e-14,0.615100789206243,0.9967571130394935,0.9541707369224673,0.506577580229847,0.5969020244851259,0.46001476056968515,0.5294076665558238,-0.36036313577472634,saves/unlearn/tofu/forget05/Llama-2-7b-chat-hf/SatImp/lr2e-5_b32_mb8_ga4_a1.0_b16.0_b21.0_g0.1_e10/checkpoint-60/evals/TOFU_SUMMARY.json,saves/unlearn/tofu/forget05/Llama-2-7b-chat-hf/SatImp/lr2e-5_b32_mb8_ga4_a1.0_b16.0_b21.0_g0.1_e10/checkpoint-60/evals/TOFU_EVAL.json
forget05,SatImp,lr5e-5_b16_mb8_ga2_a0.01_b15.0_b21.0_g0.1_e10,5e-5,16,8,2,0.01,6,1.0,a2,10,checkpoint-13,13,2.44374577116149e-10,0.6066408025232608,0.9076281869411469,0.36504874034649376,0.5733180707158081,0.6365624611601169,0.43450274566564295,0.5785258739503333,-0.02969766087618489,saves/unlearn/tofu/forget05/Llama-2-7b-chat-hf/SatImp/lr5e-5_b16_mb8_ga2_a0.01_b15.0_b21.0_g0.1_e10/checkpoint-13/evals/TOFU_SUMMARY.json,saves/unlearn/tofu/forget05/Llama-2-7b-chat-hf/SatImp/lr5e-5_b16_mb8_ga2_a0.01_b15.0_b21.0_g0.1_e10/checkpoint-13/evals/TOFU_EVAL.json
forget05,SatImp,lr5e-5_b16_mb8_ga2_a0.01_b15.0_b21.0_g0.1_e10,5e-5,16,8,2,0.01,6,1.0,a2,10,checkpoint-26,26,0.220541217580421,0.5817977309184867,0.5550946847535669,0.07288737507231652,0.7260316577382142,0.6511461524192593,0.40082009245458183,0.5967325185942609,0.48834791858596605,saves/unlearn/tofu/forget05/Llama-2-7b-chat-hf/SatImp/lr5e-5_b16_mb8_ga2_a0.01_b15.0_b21.0_g0.1_e10/checkpoint-26/evals/TOFU_SUMMARY.json,saves/unlearn/tofu/forget05/Llama-2-7b-chat-hf/SatImp/lr5e-5_b16_mb8_ga2_a0.01_b15.0_b21.0_g0.1_e10/checkpoint-26/evals/TOFU_EVAL.json
forget05,SatImp,lr5e-5_b16_mb8_ga2_a0.01_b15.0_b21.0_g0.1_e10,5e-5,16,8,2,0.01,6,1.0,a2,10,checkpoint-39,39,6.865581733487208e-09,0.5648576918700521,0.13207813264802098,0.03270039090627908,0.8203131035018622,0.5948829839440389,0.40266259663057086,0.5807912603385208,0.48246843695848385,saves/unlearn/tofu/forget05/Llama-2-7b-chat-hf/SatImp/lr5e-5_b16_mb8_ga2_a0.01_b15.0_b21.0_g0.1_e10/checkpoint-39/evals/TOFU_SUMMARY.json,saves/unlearn/tofu/forget05/Llama-2-7b-chat-hf/SatImp/lr5e-5_b16_mb8_ga2_a0.01_b15.0_b21.0_g0.1_e10/checkpoint-39/evals/TOFU_EVAL.json
forget05,SatImp,lr5e-5_b16_mb8_ga2_a0.01_b15.0_b21.0_g0.1_e10,5e-5,16,8,2,0.01,6,1.0,a2,10,checkpoint-52,52,2.6127403909667314e-07,0.5687789791106271,0.18566739114467054,0.03299317092187739,0.7908330954409577,0.5910777617482407,0.41574719332329674,0.5785881644235299,0.45944895935139224,saves/unlearn/tofu/forget05/Llama-2-7b-chat-hf/SatImp/lr5e-5_b16_mb8_ga2_a0.01_b15.0_b21.0_g0.1_e10/checkpoint-52/evals/TOFU_SUMMARY.json,saves/unlearn/tofu/forget05/Llama-2-7b-chat-hf/SatImp/lr5e-5_b16_mb8_ga2_a0.01_b15.0_b21.0_g0.1_e10/checkpoint-52/evals/TOFU_EVAL.json
forget05,SatImp,lr5e-5_b16_mb8_ga2_a0.01_b15.0_b21.0_g0.1_e10,5e-5,16,8,2,0.01,6,1.0,a2,10,checkpoint-65,65,4.024806511439489e-06,0.5707135850489482,0.1899755905661732,0.03593655425955599,0.7940267213549658,0.5888005745715222,0.4153816508913576,0.5699800605923042,0.457761537442595,saves/unlearn/tofu/forget05/Llama-2-7b-chat-hf/SatImp/lr5e-5_b16_mb8_ga2_a0.01_b15.0_b21.0_g0.1_e10/checkpoint-65/evals/TOFU_SUMMARY.json,saves/unlearn/tofu/forget05/Llama-2-7b-chat-hf/SatImp/lr5e-5_b16_mb8_ga2_a0.01_b15.0_b21.0_g0.1_e10/checkpoint-65/evals/TOFU_EVAL.json
forget05,SatImp,lr5e-5_b16_mb8_ga2_a0.01_b15.0_b21.0_g0.1_e10,5e-5,16,8,2,0.01,6,1.0,a2,10,checkpoint-78,78,4.869254633582969e-10,0.5782963737357463,0.12794238955248147,0.028054448802953623,0.8252225210160367,0.5908487500129262,0.41695025155202203,0.5666985124499329,0.5002979550449542,saves/unlearn/tofu/forget05/Llama-2-7b-chat-hf/SatImp/lr5e-5_b16_mb8_ga2_a0.01_b15.0_b21.0_g0.1_e10/checkpoint-78/evals/TOFU_SUMMARY.json,saves/unlearn/tofu/forget05/Llama-2-7b-chat-hf/SatImp/lr5e-5_b16_mb8_ga2_a0.01_b15.0_b21.0_g0.1_e10/checkpoint-78/evals/TOFU_EVAL.json
forget05,SatImp,lr5e-5_b16_mb8_ga2_a0.01_b15.0_b21.0_g0.1_e10,5e-5,16,8,2,0.01,6,1.0,a2,10,checkpoint-91,91,6.5689645859369454e-12,0.582910122787072,0.11288952297531069,0.027769998831003652,0.8300341678464204,0.5922951774432562,0.41783669181412564,0.5655854241051218,0.5125803618904838,saves/unlearn/tofu/forget05/Llama-2-7b-chat-hf/SatImp/lr5e-5_b16_mb8_ga2_a0.01_b15.0_b21.0_g0.1_e10/checkpoint-91/evals/TOFU_SUMMARY.json,saves/unlearn/tofu/forget05/Llama-2-7b-chat-hf/SatImp/lr5e-5_b16_mb8_ga2_a0.01_b15.0_b21.0_g0.1_e10/checkpoint-91/evals/TOFU_EVAL.json
forget05,SatImp,lr5e-5_b16_mb8_ga2_a0.01_b15.0_b21.0_g0.1_e10,5e-5,16,8,2,0.01,6,1.0,a2,10,checkpoint-104,104,1.4275699621532978e-12,0.5813620936509416,0.11121038845274597,0.02773101754202236,0.8304129186123603,0.5880158327125975,0.4189144312878517,0.5592695808852004,0.5118913906549849,saves/unlearn/tofu/forget05/Llama-2-7b-chat-hf/SatImp/lr5e-5_b16_mb8_ga2_a0.01_b15.0_b21.0_g0.1_e10/checkpoint-104/evals/TOFU_SUMMARY.json,saves/unlearn/tofu/forget05/Llama-2-7b-chat-hf/SatImp/lr5e-5_b16_mb8_ga2_a0.01_b15.0_b21.0_g0.1_e10/checkpoint-104/evals/TOFU_EVAL.json
forget05,SatImp,lr5e-5_b16_mb8_ga2_a0.01_b15.0_b21.0_g0.1_e10,5e-5,16,8,2,0.01,6,1.0,a2,10,checkpoint-117,117,6.540866008411473e-13,0.5825801254883404,0.11020214086864144,0.02814768420868903,0.8308835447243662,0.5868900177231622,0.4193028996499062,0.5588973349017695,0.5134052129503293,saves/unlearn/tofu/forget05/Llama-2-7b-chat-hf/SatImp/lr5e-5_b16_mb8_ga2_a0.01_b15.0_b21.0_g0.1_e10/checkpoint-117/evals/TOFU_SUMMARY.json,saves/unlearn/tofu/forget05/Llama-2-7b-chat-hf/SatImp/lr5e-5_b16_mb8_ga2_a0.01_b15.0_b21.0_g0.1_e10/checkpoint-117/evals/TOFU_EVAL.json
forget05,SatImp,lr5e-5_b16_mb8_ga2_a0.01_b15.0_b21.0_g0.1_e10,5e-5,16,8,2,0.01,6,1.0,a2,10,checkpoint-120,120,1.4275699621532978e-12,0.5821686569855398,0.11048921526409686,0.02814768420868903,0.8299462109422953,0.5880043297247279,0.4193604035283572,0.5587633466058646,0.5128502072505744,saves/unlearn/tofu/forget05/Llama-2-7b-chat-hf/SatImp/lr5e-5_b16_mb8_ga2_a0.01_b15.0_b21.0_g0.1_e10/checkpoint-120/evals/TOFU_SUMMARY.json,saves/unlearn/tofu/forget05/Llama-2-7b-chat-hf/SatImp/lr5e-5_b16_mb8_ga2_a0.01_b15.0_b21.0_g0.1_e10/checkpoint-120/evals/TOFU_EVAL.json
forget05,SatImp,lr5e-5_b16_mb8_ga2_a0.01_b16.0_b21.0_g0.1_e10,5e-5,16,8,2,0.01,6,1.0,a2,10,checkpoint-13,13,2.8873674273022313e-11,0.6157046501452091,0.9167677694559098,0.40986400322370886,0.5678666983284794,0.6436391522961605,0.43461986454009477,0.58409040100242,-0.04761123616572649,saves/unlearn/tofu/forget05/Llama-2-7b-chat-hf/SatImp/lr5e-5_b16_mb8_ga2_a0.01_b16.0_b21.0_g0.1_e10/checkpoint-13/evals/TOFU_SUMMARY.json,saves/unlearn/tofu/forget05/Llama-2-7b-chat-hf/SatImp/lr5e-5_b16_mb8_ga2_a0.01_b16.0_b21.0_g0.1_e10/checkpoint-13/evals/TOFU_EVAL.json
forget05,SatImp,lr5e-5_b16_mb8_ga2_a0.01_b16.0_b21.0_g0.1_e10,5e-5,16,8,2,0.01,6,1.0,a2,10,checkpoint-26,26,0.06801920461119272,0.583565320459029,0.6270742080546916,0.09521343065977689,0.7008738511794913,0.6555537178989626,0.40005597517983743,0.6027577761910765,0.2904407057129874,saves/unlearn/tofu/forget05/Llama-2-7b-chat-hf/SatImp/lr5e-5_b16_mb8_ga2_a0.01_b16.0_b21.0_g0.1_e10/checkpoint-26/evals/TOFU_SUMMARY.json,saves/unlearn/tofu/forget05/Llama-2-7b-chat-hf/SatImp/lr5e-5_b16_mb8_ga2_a0.01_b16.0_b21.0_g0.1_e10/checkpoint-26/evals/TOFU_EVAL.json
forget05,SatImp,lr5e-5_b16_mb8_ga2_a0.01_b16.0_b21.0_g0.1_e10,5e-5,16,8,2,0.01,6,1.0,a2,10,checkpoint-39,39,0.0002829222008740643,0.5768075647249872,0.3257236500363797,0.049295914636864356,0.7751011329906445,0.6153869265851012,0.4013730676576474,0.5947736606003222,0.38958070458923927,saves/unlearn/tofu/forget05/Llama-2-7b-chat-hf/SatImp/lr5e-5_b16_mb8_ga2_a0.01_b16.0_b21.0_g0.1_e10/checkpoint-39/evals/TOFU_SUMMARY.json,saves/unlearn/tofu/forget05/Llama-2-7b-chat-hf/SatImp/lr5e-5_b16_mb8_ga2_a0.01_b16.0_b21.0_g0.1_e10/checkpoint-39/evals/TOFU_EVAL.json
forget05,SatImp,lr5e-5_b16_mb8_ga2_a0.01_b16.0_b21.0_g0.1_e10,5e-5,16,8,2,0.01,6,1.0,a2,10,checkpoint-52,52,2.9623487356936016e-13,0.5766199560669626,0.12116976106539369,0.030430125717696068,0.8125852207427198,0.6090451309863546,0.41085812028856383,0.5891002825338487,0.500820012675714,saves/unlearn/tofu/forget05/Llama-2-7b-chat-hf/SatImp/lr5e-5_b16_mb8_ga2_a0.01_b16.0_b21.0_g0.1_e10/checkpoint-52/evals/TOFU_SUMMARY.json,saves/unlearn/tofu/forget05/Llama-2-7b-chat-hf/SatImp/lr5e-5_b16_mb8_ga2_a0.01_b16.0_b21.0_g0.1_e10/checkpoint-52/evals/TOFU_EVAL.json
forget05,SatImp,lr5e-5_b16_mb8_ga2_a0.01_b16.0_b21.0_g0.1_e10,5e-5,16,8,2,0.01,6,1.0,a2,10,checkpoint-65,65,1.108718722900174e-14,0.5780080541983537,0.10478938998188823,0.02994611551032242,0.837348244385731,0.604505149022904,0.4103603981522659,0.58277126422173,0.5106403014522595,saves/unlearn/tofu/forget05/Llama-2-7b-chat-hf/SatImp/lr5e-5_b16_mb8_ga2_a0.01_b16.0_b21.0_g0.1_e10/checkpoint-65/evals/TOFU_SUMMARY.json,saves/unlearn/tofu/forget05/Llama-2-7b-chat-hf/SatImp/lr5e-5_b16_mb8_ga2_a0.01_b16.0_b21.0_g0.1_e10/checkpoint-65/evals/TOFU_EVAL.json
forget05,SatImp,lr5e-5_b16_mb8_ga2_a0.01_b16.0_b21.0_g0.1_e10,5e-5,16,8,2,0.01,6,1.0,a2,10,checkpoint-78,78,4.734741877153768e-15,0.5895132002625101,0.09670384360477328,0.029296029669534488,0.8397881530994233,0.6149730144893684,0.4113778399223837,0.5890114036252675,0.5265132636253609,saves/unlearn/tofu/forget05/Llama-2-7b-chat-hf/SatImp/lr5e-5_b16_mb8_ga2_a0.01_b16.0_b21.0_g0.1_e10/checkpoint-78/evals/TOFU_SUMMARY.json,saves/unlearn/tofu/forget05/Llama-2-7b-chat-hf/SatImp/lr5e-5_b16_mb8_ga2_a0.01_b16.0_b21.0_g0.1_e10/checkpoint-78/evals/TOFU_EVAL.json
forget05,SatImp,lr5e-5_b16_mb8_ga2_a0.01_b16.0_b21.0_g0.1_e10,5e-5,16,8,2,0.01,6,1.0,a2,10,checkpoint-91,91,4.734741877153768e-15,0.5955637556958181,0.09599764884449541,0.02905191458670973,0.8463522470911706,0.6145090139169858,0.41501287726568264,0.5864975242531641,0.5330389739802204,saves/unlearn/tofu/forget05/Llama-2-7b-chat-hf/SatImp/lr5e-5_b16_mb8_ga2_a0.01_b16.0_b21.0_g0.1_e10/checkpoint-91/evals/TOFU_SUMMARY.json,saves/unlearn/tofu/forget05/Llama-2-7b-chat-hf/SatImp/lr5e-5_b16_mb8_ga2_a0.01_b16.0_b21.0_g0.1_e10/checkpoint-91/evals/TOFU_EVAL.json
forget05,SatImp,lr5e-5_b16_mb8_ga2_a0.01_b16.0_b21.0_g0.1_e10,5e-5,16,8,2,0.01,6,1.0,a2,10,checkpoint-104,104,8.330858010549734e-16,0.594945492538595,0.09583319447934628,0.028890624264129087,0.844329839080991,0.6071178273942097,0.4170665895763379,0.5812255615629437,0.5325835831668582,saves/unlearn/tofu/forget05/Llama-2-7b-chat-hf/SatImp/lr5e-5_b16_mb8_ga2_a0.01_b16.0_b21.0_g0.1_e10/checkpoint-104/evals/TOFU_SUMMARY.json,saves/unlearn/tofu/forget05/Llama-2-7b-chat-hf/SatImp/lr5e-5_b16_mb8_ga2_a0.01_b16.0_b21.0_g0.1_e10/checkpoint-104/evals/TOFU_EVAL.json
forget05,SatImp,lr5e-5_b16_mb8_ga2_a0.01_b16.0_b21.0_g0.1_e10,5e-5,16,8,2,0.01,6,1.0,a2,10,checkpoint-117,117,8.330858010549734e-16,0.5956009366009913,0.09526291346177458,0.029025759399264217,0.8444353052982612,0.60642994428201,0.41782659311150255,0.5808239356453874,0.5334566001704728,saves/unlearn/tofu/forget05/Llama-2-7b-chat-hf/SatImp/lr5e-5_b16_mb8_ga2_a0.01_b16.0_b21.0_g0.1_e10/checkpoint-117/evals/TOFU_SUMMARY.json,saves/unlearn/tofu/forget05/Llama-2-7b-chat-hf/SatImp/lr5e-5_b16_mb8_ga2_a0.01_b16.0_b21.0_g0.1_e10/checkpoint-117/evals/TOFU_EVAL.json
forget05,SatImp,lr5e-5_b16_mb8_ga2_a0.01_b16.0_b21.0_g0.1_e10,5e-5,16,8,2,0.01,6,1.0,a2,10,checkpoint-120,120,8.330858010549734e-16,0.5956234221210408,0.09566357138101012,0.028890624264129087,0.8449299959896082,0.6059266400570106,0.4179646871960832,0.5826229910594929,0.5333463242984721,saves/unlearn/tofu/forget05/Llama-2-7b-chat-hf/SatImp/lr5e-5_b16_mb8_ga2_a0.01_b16.0_b21.0_g0.1_e10/checkpoint-120/evals/TOFU_SUMMARY.json,saves/unlearn/tofu/forget05/Llama-2-7b-chat-hf/SatImp/lr5e-5_b16_mb8_ga2_a0.01_b16.0_b21.0_g0.1_e10/checkpoint-120/evals/TOFU_EVAL.json
forget05,SatImp,lr5e-5_b16_mb8_ga2_a0.1_b15.0_b21.0_g0.1_e10,5e-5,16,8,2,0.1,6,1.0,a2,10,checkpoint-13,13,2.9623487356936016e-13,0.6171691940030103,0.9603790810704231,0.6398842841058471,0.5467742712700094,0.6415487048927915,0.43891716336971565,0.5834315263503139,-0.1829624885848286,saves/unlearn/tofu/forget05/Llama-2-7b-chat-hf/SatImp/lr5e-5_b16_mb8_ga2_a0.1_b15.0_b21.0_g0.1_e10/checkpoint-13/evals/TOFU_SUMMARY.json,saves/unlearn/tofu/forget05/Llama-2-7b-chat-hf/SatImp/lr5e-5_b16_mb8_ga2_a0.1_b15.0_b21.0_g0.1_e10/checkpoint-13/evals/TOFU_EVAL.json
forget05,SatImp,lr5e-5_b16_mb8_ga2_a0.1_b15.0_b21.0_g0.1_e10,5e-5,16,8,2,0.1,6,1.0,a2,10,checkpoint-26,26,2.44374577116149e-10,0.5918204549190355,0.9108696442842483,0.3680507307648223,0.5753921395761238,0.6660136573007343,0.39902843390748927,0.6140509471009008,-0.04763973236112523,saves/unlearn/tofu/forget05/Llama-2-7b-chat-hf/SatImp/lr5e-5_b16_mb8_ga2_a0.1_b15.0_b21.0_g0.1_e10/checkpoint-26/evals/TOFU_SUMMARY.json,saves/unlearn/tofu/forget05/Llama-2-7b-chat-hf/SatImp/lr5e-5_b16_mb8_ga2_a0.1_b15.0_b21.0_g0.1_e10/checkpoint-26/evals/TOFU_EVAL.json
forget05,SatImp,lr5e-5_b16_mb8_ga2_a0.1_b15.0_b21.0_g0.1_e10,5e-5,16,8,2,0.1,6,1.0,a2,10,checkpoint-39,39,2.8873674273022313e-11,0.6024639910749598,0.8884025612473487,0.28407171815192306,0.5587299457599271,0.6610689666794962,0.4247681306992135,0.623207580868931,0.016226851404197634,saves/unlearn/tofu/forget05/Llama-2-7b-chat-hf/SatImp/lr5e-5_b16_mb8_ga2_a0.1_b15.0_b21.0_g0.1_e10/checkpoint-39/evals/TOFU_SUMMARY.json,saves/unlearn/tofu/forget05/Llama-2-7b-chat-hf/SatImp/lr5e-5_b16_mb8_ga2_a0.1_b15.0_b21.0_g0.1_e10/checkpoint-39/evals/TOFU_EVAL.json
forget05,SatImp,lr5e-5_b16_mb8_ga2_a0.1_b15.0_b21.0_g0.1_e10,5e-5,16,8,2,0.1,6,1.0,a2,10,checkpoint-52,52,1.2127544312107394e-10,0.5968078151110451,0.8855188021063805,0.25780546699173845,0.5654728522591097,0.6369645975715644,0.42334993018024447,0.6110138792598944,0.025145680683261062,saves/unlearn/tofu/forget05/Llama-2-7b-chat-hf/SatImp/lr5e-5_b16_mb8_ga2_a0.1_b15.0_b21.0_g0.1_e10/checkpoint-52/evals/TOFU_SUMMARY.json,saves/unlearn/tofu/forget05/Llama-2-7b-chat-hf/SatImp/lr5e-5_b16_mb8_ga2_a0.1_b15.0_b21.0_g0.1_e10/checkpoint-52/evals/TOFU_EVAL.json
forget05,SatImp,lr5e-5_b16_mb8_ga2_a0.1_b15.0_b21.0_g0.1_e10,5e-5,16,8,2,0.1,6,1.0,a2,10,checkpoint-65,65,2.44374577116149e-10,0.5979014838079878,0.8839498782157897,0.23169218440358763,0.5710004536252149,0.641203392925703,0.41992929083129144,0.6100553107710105,0.040080452742673744,saves/unlearn/tofu/forget05/Llama-2-7b-chat-hf/SatImp/lr5e-5_b16_mb8_ga2_a0.1_b15.0_b21.0_g0.1_e10/checkpoint-65/evals/TOFU_SUMMARY.json,saves/unlearn/tofu/forget05/Llama-2-7b-chat-hf/SatImp/lr5e-5_b16_mb8_ga2_a0.1_b15.0_b21.0_g0.1_e10/checkpoint-65/evals/TOFU_EVAL.json
forget05,SatImp,lr5e-5_b16_mb8_ga2_a0.1_b15.0_b21.0_g0.1_e10,5e-5,16,8,2,0.1,6,1.0,a2,10,checkpoint-78,78,1.2127544312107394e-10,0.5996946920983843,0.8834554204344749,0.24191859717568268,0.5736314021482911,0.632465091210438,0.419064644795651,0.5989711399903864,0.03700768341458098,saves/unlearn/tofu/forget05/Llama-2-7b-chat-hf/SatImp/lr5e-5_b16_mb8_ga2_a0.1_b15.0_b21.0_g0.1_e10/checkpoint-78/evals/TOFU_SUMMARY.json,saves/unlearn/tofu/forget05/Llama-2-7b-chat-hf/SatImp/lr5e-5_b16_mb8_ga2_a0.1_b15.0_b21.0_g0.1_e10/checkpoint-78/evals/TOFU_EVAL.json
forget05,SatImp,lr5e-5_b16_mb8_ga2_a0.1_b15.0_b21.0_g0.1_e10,5e-5,16,8,2,0.1,6,1.0,a2,10,checkpoint-91,91,4.869254633582969e-10,0.5979262256875978,0.8838697209954262,0.24741764459223411,0.5732960760007851,0.6231176786814977,0.4192886543086231,0.5925431148093173,0.032282543380693154,saves/unlearn/tofu/forget05/Llama-2-7b-chat-hf/SatImp/lr5e-5_b16_mb8_ga2_a0.1_b15.0_b21.0_g0.1_e10/checkpoint-91/evals/TOFU_SUMMARY.json,saves/unlearn/tofu/forget05/Llama-2-7b-chat-hf/SatImp/lr5e-5_b16_mb8_ga2_a0.1_b15.0_b21.0_g0.1_e10/checkpoint-91/evals/TOFU_EVAL.json
forget05,SatImp,lr5e-5_b16_mb8_ga2_a0.1_b15.0_b21.0_g0.1_e10,5e-5,16,8,2,0.1,6,1.0,a2,10,checkpoint-104,104,9.594235055800515e-10,0.5977149818767643,0.8842338639497757,0.2476444448866192,0.5732729547498857,0.6159945682077056,0.4213862536447142,0.5882354293261612,0.03177582841799041,saves/unlearn/tofu/forget05/Llama-2-7b-chat-hf/SatImp/lr5e-5_b16_mb8_ga2_a0.1_b15.0_b21.0_g0.1_e10/checkpoint-104/evals/TOFU_SUMMARY.json,saves/unlearn/tofu/forget05/Llama-2-7b-chat-hf/SatImp/lr5e-5_b16_mb8_ga2_a0.1_b15.0_b21.0_g0.1_e10/checkpoint-104/evals/TOFU_EVAL.json
forget05,SatImp,lr5e-5_b16_mb8_ga2_a0.1_b15.0_b21.0_g0.1_e10,5e-5,16,8,2,0.1,6,1.0,a2,10,checkpoint-117,117,9.594235055800515e-10,0.6001461551515526,0.8862648379802703,0.24393797447382076,0.5728869674971464,0.615160487963202,0.4222382191818278,0.5861256090047638,0.035044749883930554,saves/unlearn/tofu/forget05/Llama-2-7b-chat-hf/SatImp/lr5e-5_b16_mb8_ga2_a0.1_b15.0_b21.0_g0.1_e10/checkpoint-117/evals/TOFU_SUMMARY.json,saves/unlearn/tofu/forget05/Llama-2-7b-chat-hf/SatImp/lr5e-5_b16_mb8_ga2_a0.1_b15.0_b21.0_g0.1_e10/checkpoint-117/evals/TOFU_EVAL.json
forget05,SatImp,lr5e-5_b16_mb8_ga2_a0.1_b15.0_b21.0_g0.1_e10,5e-5,16,8,2,0.1,6,1.0,a2,10,checkpoint-120,120,9.594235055800515e-10,0.5991694115039533,0.8852901393175125,0.24851577712788422,0.5731731152815028,0.6140756555082578,0.42205623302157114,0.5867897200342455,0.03226645424067846,saves/unlearn/tofu/forget05/Llama-2-7b-chat-hf/SatImp/lr5e-5_b16_mb8_ga2_a0.1_b15.0_b21.0_g0.1_e10/checkpoint-120/evals/TOFU_SUMMARY.json,saves/unlearn/tofu/forget05/Llama-2-7b-chat-hf/SatImp/lr5e-5_b16_mb8_ga2_a0.1_b15.0_b21.0_g0.1_e10/checkpoint-120/evals/TOFU_EVAL.json
forget05,SatImp,lr5e-5_b16_mb8_ga2_a0.1_b16.0_b21.0_g0.1_e10,5e-5,16,8,2,0.1,6,1.0,a2,10,checkpoint-13,13,6.540866008411473e-13,0.6221438445934357,0.9620384418964386,0.6539331024354503,0.5464118227725901,0.6503265956465508,0.43994856797992055,0.5975313055342454,-0.1858419275718547,saves/unlearn/tofu/forget05/Llama-2-7b-chat-hf/SatImp/lr5e-5_b16_mb8_ga2_a0.1_b16.0_b21.0_g0.1_e10/checkpoint-13/evals/TOFU_SUMMARY.json,saves/unlearn/tofu/forget05/Llama-2-7b-chat-hf/SatImp/lr5e-5_b16_mb8_ga2_a0.1_b16.0_b21.0_g0.1_e10/checkpoint-13/evals/TOFU_EVAL.json
forget05,SatImp,lr5e-5_b16_mb8_ga2_a0.1_b16.0_b21.0_g0.1_e10,5e-5,16,8,2,0.1,6,1.0,a2,10,checkpoint-26,26,1.2127544312107394e-10,0.5912041700606945,0.9178293761610985,0.3942205648179973,0.5715903242505737,0.6639524433637254,0.4023384723569414,0.6083436600479235,-0.06482080030757797,saves/unlearn/tofu/forget05/Llama-2-7b-chat-hf/SatImp/lr5e-5_b16_mb8_ga2_a0.1_b16.0_b21.0_g0.1_e10/checkpoint-26/evals/TOFU_SUMMARY.json,saves/unlearn/tofu/forget05/Llama-2-7b-chat-hf/SatImp/lr5e-5_b16_mb8_ga2_a0.1_b16.0_b21.0_g0.1_e10/checkpoint-26/evals/TOFU_EVAL.json
forget05,SatImp,lr5e-5_b16_mb8_ga2_a0.1_b16.0_b21.0_g0.1_e10,5e-5,16,8,2,0.1,6,1.0,a2,10,checkpoint-39,39,2.8873674273022313e-11,0.5979261358429695,0.898289138674736,0.3110137777898393,0.5589418896693185,0.6608712364260991,0.4228833857665073,0.6136856298962615,-0.006725322360444486,saves/unlearn/tofu/forget05/Llama-2-7b-chat-hf/SatImp/lr5e-5_b16_mb8_ga2_a0.1_b16.0_b21.0_g0.1_e10/checkpoint-39/evals/TOFU_SUMMARY.json,saves/unlearn/tofu/forget05/Llama-2-7b-chat-hf/SatImp/lr5e-5_b16_mb8_ga2_a0.1_b16.0_b21.0_g0.1_e10/checkpoint-39/evals/TOFU_EVAL.json
forget05,SatImp,lr5e-5_b16_mb8_ga2_a0.1_b16.0_b21.0_g0.1_e10,5e-5,16,8,2,0.1,6,1.0,a2,10,checkpoint-52,52,5.951062636424447e-11,0.5974026237398977,0.8995049887895584,0.28707514816481416,0.5619642296236171,0.6433978988268007,0.41896483213635316,0.618115803383535,0.0041125553222220446,saves/unlearn/tofu/forget05/Llama-2-7b-chat-hf/SatImp/lr5e-5_b16_mb8_ga2_a0.1_b16.0_b21.0_g0.1_e10/checkpoint-52/evals/TOFU_SUMMARY.json,saves/unlearn/tofu/forget05/Llama-2-7b-chat-hf/SatImp/lr5e-5_b16_mb8_ga2_a0.1_b16.0_b21.0_g0.1_e10/checkpoint-52/evals/TOFU_EVAL.json
forget05,SatImp,lr5e-5_b16_mb8_ga2_a0.1_b16.0_b21.0_g0.1_e10,5e-5,16,8,2,0.1,6,1.0,a2,10,checkpoint-65,65,1.2127544312107394e-10,0.5977989839084548,0.8989079058170318,0.2838401380159685,0.5673659140522933,0.646947059764695,0.4161017435927438,0.6165452953381299,0.006424962113230015,saves/unlearn/tofu/forget05/Llama-2-7b-chat-hf/SatImp/lr5e-5_b16_mb8_ga2_a0.1_b16.0_b21.0_g0.1_e10/checkpoint-65/evals/TOFU_SUMMARY.json,saves/unlearn/tofu/forget05/Llama-2-7b-chat-hf/SatImp/lr5e-5_b16_mb8_ga2_a0.1_b16.0_b21.0_g0.1_e10/checkpoint-65/evals/TOFU_EVAL.json
forget05,SatImp,lr5e-5_b16_mb8_ga2_a0.1_b16.0_b21.0_g0.1_e10,5e-5,16,8,2,0.1,6,1.0,a2,10,checkpoint-78,78,2.8873674273022313e-11,0.6027556351791773,0.9009887209534645,0.2789598328603472,0.5657585096826349,0.6383708683123457,0.41952168698761183,0.612601082130955,0.01278135830114513,saves/unlearn/tofu/forget05/Llama-2-7b-chat-hf/SatImp/lr5e-5_b16_mb8_ga2_a0.1_b16.0_b21.0_g0.1_e10/checkpoint-78/evals/TOFU_SUMMARY.json,saves/unlearn/tofu/forget05/Llama-2-7b-chat-hf/SatImp/lr5e-5_b16_mb8_ga2_a0.1_b16.0_b21.0_g0.1_e10/checkpoint-78/evals/TOFU_EVAL.json
forget05,SatImp,lr5e-5_b16_mb8_ga2_a0.1_b16.0_b21.0_g0.1_e10,5e-5,16,8,2,0.1,6,1.0,a2,10,checkpoint-91,91,1.3850840057169374e-11,0.6008133018640229,0.9041115176677704,0.2867333400203292,0.5659718652493873,0.6264986521431538,0.4207112167588419,0.6032620224875146,0.005390873033823934,saves/unlearn/tofu/forget05/Llama-2-7b-chat-hf/SatImp/lr5e-5_b16_mb8_ga2_a0.1_b16.0_b21.0_g0.1_e10/checkpoint-91/evals/TOFU_SUMMARY.json,saves/unlearn/tofu/forget05/Llama-2-7b-chat-hf/SatImp/lr5e-5_b16_mb8_ga2_a0.1_b16.0_b21.0_g0.1_e10/checkpoint-91/evals/TOFU_EVAL.json
forget05,SatImp,lr5e-5_b16_mb8_ga2_a0.1_b16.0_b21.0_g0.1_e10,5e-5,16,8,2,0.1,6,1.0,a2,10,checkpoint-104,104,2.8873674273022313e-11,0.5992965990464677,0.9064891073107719,0.2905262645234091,0.5662058535969393,0.6155240295113287,0.4215879855344029,0.5964467316457658,0.0007889131582508868,saves/unlearn/tofu/forget05/Llama-2-7b-chat-hf/SatImp/lr5e-5_b16_mb8_ga2_a0.1_b16.0_b21.0_g0.1_e10/checkpoint-104/evals/TOFU_SUMMARY.json,saves/unlearn/tofu/forget05/Llama-2-7b-chat-hf/SatImp/lr5e-5_b16_mb8_ga2_a0.1_b16.0_b21.0_g0.1_e10/checkpoint-104/evals/TOFU_EVAL.json
forget05,SatImp,lr5e-5_b16_mb8_ga2_a0.1_b16.0_b21.0_g0.1_e10,5e-5,16,8,2,0.1,6,1.0,a2,10,checkpoint-117,117,5.951062636424447e-11,0.6003633591859687,0.9068488276004791,0.294853327568855,0.5660663290442605,0.6142098898343504,0.4219757673039944,0.5949154777491958,-0.00048771833918773155,saves/unlearn/tofu/forget05/Llama-2-7b-chat-hf/SatImp/lr5e-5_b16_mb8_ga2_a0.1_b16.0_b21.0_g0.1_e10/checkpoint-117/evals/TOFU_SUMMARY.json,saves/unlearn/tofu/forget05/Llama-2-7b-chat-hf/SatImp/lr5e-5_b16_mb8_ga2_a0.1_b16.0_b21.0_g0.1_e10/checkpoint-117/evals/TOFU_EVAL.json
forget05,SatImp,lr5e-5_b16_mb8_ga2_a0.1_b16.0_b21.0_g0.1_e10,5e-5,16,8,2,0.1,6,1.0,a2,10,checkpoint-120,120,5.951062636424447e-11,0.6006347311828142,0.907917515039444,0.29286836989326587,0.5657277325544362,0.6151854141491765,0.4222428056569447,0.5942300326790184,0.00024178877596989223,saves/unlearn/tofu/forget05/Llama-2-7b-chat-hf/SatImp/lr5e-5_b16_mb8_ga2_a0.1_b16.0_b21.0_g0.1_e10/checkpoint-120/evals/TOFU_SUMMARY.json,saves/unlearn/tofu/forget05/Llama-2-7b-chat-hf/SatImp/lr5e-5_b16_mb8_ga2_a0.1_b16.0_b21.0_g0.1_e10/checkpoint-120/evals/TOFU_EVAL.json
forget05,SatImp,lr5e-5_b16_mb8_ga2_a1.0_b15.0_b21.0_g0.1_e10,5e-5,16,8,2,1.0,6,1.0,a2,10,checkpoint-13,13,2.9623487356936016e-13,0.5868896155910821,0.973664040863514,0.7583279377567953,0.5341497843619107,0.562794193738339,0.450242638949704,0.5268313740997584,-0.27910637371877633,saves/unlearn/tofu/forget05/Llama-2-7b-chat-hf/SatImp/lr5e-5_b16_mb8_ga2_a1.0_b15.0_b21.0_g0.1_e10/checkpoint-13/evals/TOFU_SUMMARY.json,saves/unlearn/tofu/forget05/Llama-2-7b-chat-hf/SatImp/lr5e-5_b16_mb8_ga2_a1.0_b15.0_b21.0_g0.1_e10/checkpoint-13/evals/TOFU_EVAL.json
forget05,SatImp,lr5e-5_b16_mb8_ga2_a1.0_b15.0_b21.0_g0.1_e10,5e-5,16,8,2,1.0,6,1.0,a2,10,checkpoint-26,26,6.5689645859369454e-12,0.6088978389631469,0.9532089054584503,0.5777306908179412,0.555801725250491,0.6520640987820044,0.4201079584679128,0.6260284689835502,-0.15657195916847988,saves/unlearn/tofu/forget05/Llama-2-7b-chat-hf/SatImp/lr5e-5_b16_mb8_ga2_a1.0_b15.0_b21.0_g0.1_e10/checkpoint-26/evals/TOFU_SUMMARY.json,saves/unlearn/tofu/forget05/Llama-2-7b-chat-hf/SatImp/lr5e-5_b16_mb8_ga2_a1.0_b15.0_b21.0_g0.1_e10/checkpoint-26/evals/TOFU_EVAL.json
forget05,SatImp,lr5e-5_b16_mb8_ga2_a1.0_b15.0_b21.0_g0.1_e10,5e-5,16,8,2,1.0,6,1.0,a2,10,checkpoint-39,39,1.3261055712130201e-13,0.6129612082684115,0.9402394491434097,0.4629817451962896,0.5483543975537556,0.655285344490447,0.43007722914297375,0.6375380933629371,-0.08864938890130561,saves/unlearn/tofu/forget05/Llama-2-7b-chat-hf/SatImp/lr5e-5_b16_mb8_ga2_a1.0_b15.0_b21.0_g0.1_e10/checkpoint-39/evals/TOFU_SUMMARY.json,saves/unlearn/tofu/forget05/Llama-2-7b-chat-hf/SatImp/lr5e-5_b16_mb8_ga2_a1.0_b15.0_b21.0_g0.1_e10/checkpoint-39/evals/TOFU_EVAL.json
forget05,SatImp,lr5e-5_b16_mb8_ga2_a1.0_b15.0_b21.0_g0.1_e10,5e-5,16,8,2,1.0,6,1.0,a2,10,checkpoint-52,52,5.951062636424447e-11,0.6053014169973632,0.9458514687418937,0.46668262568503904,0.5583707172745013,0.6345232742164927,0.4203263047063301,0.6282750268785383,-0.1009656301565926,saves/unlearn/tofu/forget05/Llama-2-7b-chat-hf/SatImp/lr5e-5_b16_mb8_ga2_a1.0_b15.0_b21.0_g0.1_e10/checkpoint-52/evals/TOFU_SUMMARY.json,saves/unlearn/tofu/forget05/Llama-2-7b-chat-hf/SatImp/lr5e-5_b16_mb8_ga2_a1.0_b15.0_b21.0_g0.1_e10/checkpoint-52/evals/TOFU_EVAL.json
forget05,SatImp,lr5e-5_b16_mb8_ga2_a1.0_b15.0_b21.0_g0.1_e10,5e-5,16,8,2,1.0,6,1.0,a2,10,checkpoint-65,65,6.5689645859369454e-12,0.6104507134227679,0.95335773229599,0.5049410495356621,0.5526801002363371,0.6439676264746312,0.424365357406565,0.6315773121169572,-0.11869867748648916,saves/unlearn/tofu/forget05/Llama-2-7b-chat-hf/SatImp/lr5e-5_b16_mb8_ga2_a1.0_b15.0_b21.0_g0.1_e10/checkpoint-65/evals/TOFU_SUMMARY.json,saves/unlearn/tofu/forget05/Llama-2-7b-chat-hf/SatImp/lr5e-5_b16_mb8_ga2_a1.0_b15.0_b21.0_g0.1_e10/checkpoint-65/evals/TOFU_EVAL.json
forget05,SatImp,lr5e-5_b16_mb8_ga2_a1.0_b15.0_b21.0_g0.1_e10,5e-5,16,8,2,1.0,6,1.0,a2,10,checkpoint-78,78,1.4275699621532978e-12,0.6082296621132504,0.9556699275970459,0.5365984733308229,0.549398154753712,0.6253458713504702,0.42721892983620924,0.6146557220757864,-0.13790453834925653,saves/unlearn/tofu/forget05/Llama-2-7b-chat-hf/SatImp/lr5e-5_b16_mb8_ga2_a1.0_b15.0_b21.0_g0.1_e10/checkpoint-78/evals/TOFU_SUMMARY.json,saves/unlearn/tofu/forget05/Llama-2-7b-chat-hf/SatImp/lr5e-5_b16_mb8_ga2_a1.0_b15.0_b21.0_g0.1_e10/checkpoint-78/evals/TOFU_EVAL.json
forget05,SatImp,lr5e-5_b16_mb8_ga2_a1.0_b15.0_b21.0_g0.1_e10,5e-5,16,8,2,1.0,6,1.0,a2,10,checkpoint-91,91,1.4275699621532978e-12,0.6126155090796277,0.9570182034373284,0.5549442403758735,0.5495206508060331,0.6279335831884612,0.4289622037384194,0.6049165288240334,-0.14336571282554572,saves/unlearn/tofu/forget05/Llama-2-7b-chat-hf/SatImp/lr5e-5_b16_mb8_ga2_a1.0_b15.0_b21.0_g0.1_e10/checkpoint-91/evals/TOFU_SUMMARY.json,saves/unlearn/tofu/forget05/Llama-2-7b-chat-hf/SatImp/lr5e-5_b16_mb8_ga2_a1.0_b15.0_b21.0_g0.1_e10/checkpoint-91/evals/TOFU_EVAL.json
forget05,SatImp,lr5e-5_b16_mb8_ga2_a1.0_b15.0_b21.0_g0.1_e10,5e-5,16,8,2,1.0,6,1.0,a2,10,checkpoint-104,104,6.5689645859369454e-12,0.6126417764010665,0.959127482175827,0.558435421255307,0.5486036173118808,0.6223823465857061,0.4306985660683029,0.5988686027205307,-0.14613967530793148,saves/unlearn/tofu/forget05/Llama-2-7b-chat-hf/SatImp/lr5e-5_b16_mb8_ga2_a1.0_b15.0_b21.0_g0.1_e10/checkpoint-104/evals/TOFU_SUMMARY.json,saves/unlearn/tofu/forget05/Llama-2-7b-chat-hf/SatImp/lr5e-5_b16_mb8_ga2_a1.0_b15.0_b21.0_g0.1_e10/checkpoint-104/evals/TOFU_EVAL.json
forget05,SatImp,lr5e-5_b16_mb8_ga2_a1.0_b15.0_b21.0_g0.1_e10,5e-5,16,8,2,1.0,6,1.0,a2,10,checkpoint-117,117,3.0799540915748314e-12,0.6122741473487261,0.9604375246167183,0.5704373878859914,0.5478470452537256,0.6204630022463542,0.4317617657939077,0.5980597222822346,-0.15316330889954877,saves/unlearn/tofu/forget05/Llama-2-7b-chat-hf/SatImp/lr5e-5_b16_mb8_ga2_a1.0_b15.0_b21.0_g0.1_e10/checkpoint-117/evals/TOFU_SUMMARY.json,saves/unlearn/tofu/forget05/Llama-2-7b-chat-hf/SatImp/lr5e-5_b16_mb8_ga2_a1.0_b15.0_b21.0_g0.1_e10/checkpoint-117/evals/TOFU_EVAL.json
forget05,SatImp,lr5e-5_b16_mb8_ga2_a1.0_b15.0_b21.0_g0.1_e10,5e-5,16,8,2,1.0,6,1.0,a2,10,checkpoint-120,120,3.0799540915748314e-12,0.612873051085563,0.9608578518033027,0.5757672270232677,0.5475062651280024,0.6202795186508372,0.4315410029490417,0.5986307308877882,-0.15543948832464222,saves/unlearn/tofu/forget05/Llama-2-7b-chat-hf/SatImp/lr5e-5_b16_mb8_ga2_a1.0_b15.0_b21.0_g0.1_e10/checkpoint-120/evals/TOFU_SUMMARY.json,saves/unlearn/tofu/forget05/Llama-2-7b-chat-hf/SatImp/lr5e-5_b16_mb8_ga2_a1.0_b15.0_b21.0_g0.1_e10/checkpoint-120/evals/TOFU_EVAL.json
forget05,SatImp,lr5e-5_b16_mb8_ga2_a1.0_b16.0_b21.0_g0.1_e10,5e-5,16,8,2,1.0,6,1.0,a2,10,checkpoint-13,13,1.3261055712130201e-13,0.5973606387454016,0.9719835630059243,0.7541248599545941,0.5323457422107454,0.5817893439353793,0.45096128935017554,0.5417834924930445,-0.26569357273472505,saves/unlearn/tofu/forget05/Llama-2-7b-chat-hf/SatImp/lr5e-5_b16_mb8_ga2_a1.0_b16.0_b21.0_g0.1_e10/checkpoint-13/evals/TOFU_SUMMARY.json,saves/unlearn/tofu/forget05/Llama-2-7b-chat-hf/SatImp/lr5e-5_b16_mb8_ga2_a1.0_b16.0_b21.0_g0.1_e10/checkpoint-13/evals/TOFU_EVAL.json
forget05,SatImp,lr5e-5_b16_mb8_ga2_a1.0_b16.0_b21.0_g0.1_e10,5e-5,16,8,2,1.0,6,1.0,a2,10,checkpoint-26,26,5.951062636424447e-11,0.5998886067698386,0.9548056703805924,0.5892518561768237,0.5571105394544715,0.6384307957350535,0.4159941718028462,0.614317818191419,-0.17214015644935887,saves/unlearn/tofu/forget05/Llama-2-7b-chat-hf/SatImp/lr5e-5_b16_mb8_ga2_a1.0_b16.0_b21.0_g0.1_e10/checkpoint-26/evals/TOFU_SUMMARY.json,saves/unlearn/tofu/forget05/Llama-2-7b-chat-hf/SatImp/lr5e-5_b16_mb8_ga2_a1.0_b16.0_b21.0_g0.1_e10/checkpoint-26/evals/TOFU_EVAL.json
forget05,SatImp,lr5e-5_b16_mb8_ga2_a1.0_b16.0_b21.0_g0.1_e10,5e-5,16,8,2,1.0,6,1.0,a2,10,checkpoint-39,39,1.4275699621532978e-12,0.6008834054952902,0.9427101403474808,0.47397597872794306,0.5505254862345739,0.6373715427756802,0.4274800977224774,0.6157060390176241,-0.10745965404099422,saves/unlearn/tofu/forget05/Llama-2-7b-chat-hf/SatImp/lr5e-5_b16_mb8_ga2_a1.0_b16.0_b21.0_g0.1_e10/checkpoint-39/evals/TOFU_SUMMARY.json,saves/unlearn/tofu/forget05/Llama-2-7b-chat-hf/SatImp/lr5e-5_b16_mb8_ga2_a1.0_b16.0_b21.0_g0.1_e10/checkpoint-39/evals/TOFU_EVAL.json
forget05,SatImp,lr5e-5_b16_mb8_ga2_a1.0_b16.0_b21.0_g0.1_e10,5e-5,16,8,2,1.0,6,1.0,a2,10,checkpoint-52,52,1.3850840057169374e-11,0.5954978172811776,0.9491945639252662,0.49376313143829487,0.5522756950006604,0.6227361298085199,0.4210223728741488,0.6079155012511938,-0.12598103038675218,saves/unlearn/tofu/forget05/Llama-2-7b-chat-hf/SatImp/lr5e-5_b16_mb8_ga2_a1.0_b16.0_b21.0_g0.1_e10/checkpoint-52/evals/TOFU_SUMMARY.json,saves/unlearn/tofu/forget05/Llama-2-7b-chat-hf/SatImp/lr5e-5_b16_mb8_ga2_a1.0_b16.0_b21.0_g0.1_e10/checkpoint-52/evals/TOFU_EVAL.json
forget05,SatImp,lr5e-5_b16_mb8_ga2_a1.0_b16.0_b21.0_g0.1_e10,5e-5,16,8,2,1.0,6,1.0,a2,10,checkpoint-65,65,5.86730162802883e-14,0.6049729644465743,0.952617926299572,0.5490534575878356,0.5441443299066949,0.6356649259577078,0.4273102803271662,0.6138206061223833,-0.14586272749707085,saves/unlearn/tofu/forget05/Llama-2-7b-chat-hf/SatImp/lr5e-5_b16_mb8_ga2_a1.0_b16.0_b21.0_g0.1_e10/checkpoint-65/evals/TOFU_SUMMARY.json,saves/unlearn/tofu/forget05/Llama-2-7b-chat-hf/SatImp/lr5e-5_b16_mb8_ga2_a1.0_b16.0_b21.0_g0.1_e10/checkpoint-65/evals/TOFU_EVAL.json
forget05,SatImp,lr5e-5_b16_mb8_ga2_a1.0_b16.0_b21.0_g0.1_e10,5e-5,16,8,2,1.0,6,1.0,a2,10,checkpoint-78,78,3.0799540915748314e-12,0.6040981676403128,0.9556891003251076,0.555600948551708,0.5438454326638077,0.6149903587834953,0.4266887019277138,0.6057345661898778,-0.15154685679501506,saves/unlearn/tofu/forget05/Llama-2-7b-chat-hf/SatImp/lr5e-5_b16_mb8_ga2_a1.0_b16.0_b21.0_g0.1_e10/checkpoint-78/evals/TOFU_SUMMARY.json,saves/unlearn/tofu/forget05/Llama-2-7b-chat-hf/SatImp/lr5e-5_b16_mb8_ga2_a1.0_b16.0_b21.0_g0.1_e10/checkpoint-78/evals/TOFU_EVAL.json
forget05,SatImp,lr5e-5_b16_mb8_ga2_a1.0_b16.0_b21.0_g0.1_e10,5e-5,16,8,2,1.0,6,1.0,a2,10,checkpoint-91,91,2.9623487356936016e-13,0.6059291961565979,0.9585304245352745,0.5964269923597196,0.5456674264673399,0.6119914049451934,0.42574007382618645,0.597149004024631,-0.17154951229060295,saves/unlearn/tofu/forget05/Llama-2-7b-chat-hf/SatImp/lr5e-5_b16_mb8_ga2_a1.0_b16.0_b21.0_g0.1_e10/checkpoint-91/evals/TOFU_SUMMARY.json,saves/unlearn/tofu/forget05/Llama-2-7b-chat-hf/SatImp/lr5e-5_b16_mb8_ga2_a1.0_b16.0_b21.0_g0.1_e10/checkpoint-91/evals/TOFU_EVAL.json
forget05,SatImp,lr5e-5_b16_mb8_ga2_a1.0_b16.0_b21.0_g0.1_e10,5e-5,16,8,2,1.0,6,1.0,a2,10,checkpoint-104,104,2.9623487356936016e-13,0.6045836721691875,0.9606198784708977,0.60172213162785,0.5458768807753596,0.606750572245629,0.4274005808131311,0.5907662772298161,-0.17658733287989015,saves/unlearn/tofu/forget05/Llama-2-7b-chat-hf/SatImp/lr5e-5_b16_mb8_ga2_a1.0_b16.0_b21.0_g0.1_e10/checkpoint-104/evals/TOFU_SUMMARY.json,saves/unlearn/tofu/forget05/Llama-2-7b-chat-hf/SatImp/lr5e-5_b16_mb8_ga2_a1.0_b16.0_b21.0_g0.1_e10/checkpoint-104/evals/TOFU_EVAL.json
forget05,SatImp,lr5e-5_b16_mb8_ga2_a1.0_b16.0_b21.0_g0.1_e10,5e-5,16,8,2,1.0,6,1.0,a2,10,checkpoint-117,117,2.9623487356936016e-13,0.6057267363865385,0.9608196932077407,0.6000696192402427,0.5461506874571196,0.6057667452028079,0.4284401128926509,0.5905740765082647,-0.174717919837157,saves/unlearn/tofu/forget05/Llama-2-7b-chat-hf/SatImp/lr5e-5_b16_mb8_ga2_a1.0_b16.0_b21.0_g0.1_e10/checkpoint-117/evals/TOFU_SUMMARY.json,saves/unlearn/tofu/forget05/Llama-2-7b-chat-hf/SatImp/lr5e-5_b16_mb8_ga2_a1.0_b16.0_b21.0_g0.1_e10/checkpoint-117/evals/TOFU_EVAL.json
forget05,SatImp,lr5e-5_b16_mb8_ga2_a1.0_b16.0_b21.0_g0.1_e10,5e-5,16,8,2,1.0,6,1.0,a2,10,checkpoint-120,120,1.3261055712130201e-13,0.604754750231562,0.961217793226242,0.5975736118692354,0.5456943293348807,0.605383600679136,0.4283876477871212,0.589204114928927,-0.17464095231604415,saves/unlearn/tofu/forget05/Llama-2-7b-chat-hf/SatImp/lr5e-5_b16_mb8_ga2_a1.0_b16.0_b21.0_g0.1_e10/checkpoint-120/evals/TOFU_SUMMARY.json,saves/unlearn/tofu/forget05/Llama-2-7b-chat-hf/SatImp/lr5e-5_b16_mb8_ga2_a1.0_b16.0_b21.0_g0.1_e10/checkpoint-120/evals/TOFU_EVAL.json
forget05,SatImp,lr5e-5_b32_mb8_ga4_a0.01_b15.0_b21.0_g0.1_e10,5e-5,32,8,4,0.01,5.0,1.0,a4,10,checkpoint-7,7,6.540866008411473e-13,0.5916184803759451,0.9301194438338279,0.4504169924913303,0.5359372759416158,0.606041053187473,0.4516124782112398,0.5269204156281196,-0.09864973778597999,saves/unlearn/tofu/forget05/Llama-2-7b-chat-hf/SatImp/lr5e-5_b32_mb8_ga4_a0.01_b15.0_b21.0_g0.1_e10/checkpoint-7/evals/TOFU_SUMMARY.json,saves/unlearn/tofu/forget05/Llama-2-7b-chat-hf/SatImp/lr5e-5_b32_mb8_ga4_a0.01_b15.0_b21.0_g0.1_e10/checkpoint-7/evals/TOFU_EVAL.json
forget05,SatImp,lr5e-5_b32_mb8_ga4_a0.01_b15.0_b21.0_g0.1_e10,5e-5,32,8,4,0.01,5.0,1.0,a4,10,checkpoint-14,14,1.8266119303942767e-05,0.5976043292639469,0.7576375325024128,0.1252760579731326,0.6381638880402705,0.6487130626479227,0.41545313866473293,0.5916968850271915,0.1561658001454781,saves/unlearn/tofu/forget05/Llama-2-7b-chat-hf/SatImp/lr5e-5_b32_mb8_ga4_a0.01_b15.0_b21.0_g0.1_e10/checkpoint-14/evals/TOFU_SUMMARY.json,saves/unlearn/tofu/forget05/Llama-2-7b-chat-hf/SatImp/lr5e-5_b32_mb8_ga4_a0.01_b15.0_b21.0_g0.1_e10/checkpoint-14/evals/TOFU_EVAL.json
forget05,SatImp,lr5e-5_b32_mb8_ga4_a0.01_b15.0_b21.0_g0.1_e10,5e-5,32,8,4,0.01,5.0,1.0,a4,10,checkpoint-21,21,0.1420746514551761,0.5736198807972057,0.6181423356384039,0.07987888789417788,0.70535237520701,0.5837025763694187,0.41752050444178423,0.545561196751911,0.3666839204860909,saves/unlearn/tofu/forget05/Llama-2-7b-chat-hf/SatImp/lr5e-5_b32_mb8_ga4_a0.01_b15.0_b21.0_g0.1_e10/checkpoint-21/evals/TOFU_SUMMARY.json,saves/unlearn/tofu/forget05/Llama-2-7b-chat-hf/SatImp/lr5e-5_b32_mb8_ga4_a0.01_b15.0_b21.0_g0.1_e10/checkpoint-21/evals/TOFU_EVAL.json
forget05,SatImp,lr5e-5_b32_mb8_ga4_a0.01_b15.0_b21.0_g0.1_e10,5e-5,32,8,4,0.01,5.0,1.0,a4,10,checkpoint-28,28,0.0030098470801667434,0.5787349800271469,0.4056373007502407,0.04862695582803809,0.7545417856389186,0.6053305516618438,0.41313555566877236,0.5583577915284704,0.35461269881817414,saves/unlearn/tofu/forget05/Llama-2-7b-chat-hf/SatImp/lr5e-5_b32_mb8_ga4_a0.01_b15.0_b21.0_g0.1_e10/checkpoint-28/evals/TOFU_SUMMARY.json,saves/unlearn/tofu/forget05/Llama-2-7b-chat-hf/SatImp/lr5e-5_b32_mb8_ga4_a0.01_b15.0_b21.0_g0.1_e10/checkpoint-28/evals/TOFU_EVAL.json
forget05,SatImp,lr5e-5_b32_mb8_ga4_a0.01_b15.0_b21.0_g0.1_e10,5e-5,32,8,4,0.01,5.0,1.0,a4,10,checkpoint-35,35,1.2940880677508261e-08,0.586814929885763,0.23779497751034795,0.03610603132011136,0.7993824815384385,0.5966436784417087,0.4168859233576394,0.5606402116356951,0.44986443841141405,saves/unlearn/tofu/forget05/Llama-2-7b-chat-hf/SatImp/lr5e-5_b32_mb8_ga4_a0.01_b15.0_b21.0_g0.1_e10/checkpoint-35/evals/TOFU_SUMMARY.json,saves/unlearn/tofu/forget05/Llama-2-7b-chat-hf/SatImp/lr5e-5_b32_mb8_ga4_a0.01_b15.0_b21.0_g0.1_e10/checkpoint-35/evals/TOFU_EVAL.json
forget05,SatImp,lr5e-5_b32_mb8_ga4_a0.01_b15.0_b21.0_g0.1_e10,5e-5,32,8,4,0.01,5.0,1.0,a4,10,checkpoint-42,42,2.44374577116149e-10,0.5889745440924608,0.19160005511250347,0.034294762609398684,0.8051670994207786,0.5956867915290638,0.4174038774992434,0.5601063860295975,0.4760271354758843,saves/unlearn/tofu/forget05/Llama-2-7b-chat-hf/SatImp/lr5e-5_b32_mb8_ga4_a0.01_b15.0_b21.0_g0.1_e10/checkpoint-42/evals/TOFU_SUMMARY.json,saves/unlearn/tofu/forget05/Llama-2-7b-chat-hf/SatImp/lr5e-5_b32_mb8_ga4_a0.01_b15.0_b21.0_g0.1_e10/checkpoint-42/evals/TOFU_EVAL.json
forget05,SatImp,lr5e-5_b32_mb8_ga4_a0.01_b15.0_b21.0_g0.1_e10,5e-5,32,8,4,0.01,5.0,1.0,a4,10,checkpoint-49,49,4.869254633582969e-10,0.5899360668238196,0.17292261001188308,0.033981339679251016,0.8072438050983068,0.5965170645345123,0.4181071296574118,0.5568557458654722,0.4864840924651781,saves/unlearn/tofu/forget05/Llama-2-7b-chat-hf/SatImp/lr5e-5_b32_mb8_ga4_a0.01_b15.0_b21.0_g0.1_e10/checkpoint-49/evals/TOFU_SUMMARY.json,saves/unlearn/tofu/forget05/Llama-2-7b-chat-hf/SatImp/lr5e-5_b32_mb8_ga4_a0.01_b15.0_b21.0_g0.1_e10/checkpoint-49/evals/TOFU_EVAL.json
forget05,SatImp,lr5e-5_b32_mb8_ga4_a0.01_b15.0_b21.0_g0.1_e10,5e-5,32,8,4,0.01,5.0,1.0,a4,10,checkpoint-56,56,2.44374577116149e-10,0.5900088338994605,0.16551023317035288,0.033981339679251016,0.8058582741126276,0.5945161800765231,0.41819203552659645,0.5537937425274643,0.4902630477190332,saves/unlearn/tofu/forget05/Llama-2-7b-chat-hf/SatImp/lr5e-5_b32_mb8_ga4_a0.01_b15.0_b21.0_g0.1_e10/checkpoint-56/evals/TOFU_SUMMARY.json,saves/unlearn/tofu/forget05/Llama-2-7b-chat-hf/SatImp/lr5e-5_b32_mb8_ga4_a0.01_b15.0_b21.0_g0.1_e10/checkpoint-56/evals/TOFU_EVAL.json
forget05,SatImp,lr5e-5_b32_mb8_ga4_a0.01_b15.0_b21.0_g0.1_e10,5e-5,32,8,4,0.01,5.0,1.0,a4,10,checkpoint-60,60,4.869254633582969e-10,0.5906311492695212,0.16536120583768935,0.033981339679251016,0.8059126454503525,0.5937945688372104,0.41809024737568434,0.5541948468698114,0.4909598769979765,saves/unlearn/tofu/forget05/Llama-2-7b-chat-hf/SatImp/lr5e-5_b32_mb8_ga4_a0.01_b15.0_b21.0_g0.1_e10/checkpoint-60/evals/TOFU_SUMMARY.json,saves/unlearn/tofu/forget05/Llama-2-7b-chat-hf/SatImp/lr5e-5_b32_mb8_ga4_a0.01_b15.0_b21.0_g0.1_e10/checkpoint-60/evals/TOFU_EVAL.json
forget05,SatImp,lr5e-5_b32_mb8_ga4_a0.01_b16.0_b21.0_g0.1_e10,5e-5,32,8,4,0.01,6.0,1.0,a4,10,checkpoint-7,7,5.86730162802883e-14,0.6005909338273622,0.9370517084002494,0.4873865694934418,0.5327369500465136,0.6041549796881486,0.45304183646417573,0.5299041803368769,-0.11162820511942481,saves/unlearn/tofu/forget05/Llama-2-7b-chat-hf/SatImp/lr5e-5_b32_mb8_ga4_a0.01_b16.0_b21.0_g0.1_e10/checkpoint-7/evals/TOFU_SUMMARY.json,saves/unlearn/tofu/forget05/Llama-2-7b-chat-hf/SatImp/lr5e-5_b32_mb8_ga4_a0.01_b16.0_b21.0_g0.1_e10/checkpoint-7/evals/TOFU_EVAL.json
forget05,SatImp,lr5e-5_b32_mb8_ga4_a0.01_b16.0_b21.0_g0.1_e10,5e-5,32,8,4,0.01,6.0,1.0,a4,10,checkpoint-14,14,2.6127403909667314e-07,0.5901967058606652,0.8130477035045623,0.15685491562055082,0.6146605386689088,0.6293542560426413,0.418056896970577,0.5688774175436129,0.10524565757214768,saves/unlearn/tofu/forget05/Llama-2-7b-chat-hf/SatImp/lr5e-5_b32_mb8_ga4_a0.01_b16.0_b21.0_g0.1_e10/checkpoint-14/evals/TOFU_SUMMARY.json,saves/unlearn/tofu/forget05/Llama-2-7b-chat-hf/SatImp/lr5e-5_b32_mb8_ga4_a0.01_b16.0_b21.0_g0.1_e10/checkpoint-14/evals/TOFU_EVAL.json
forget05,SatImp,lr5e-5_b32_mb8_ga4_a0.01_b16.0_b21.0_g0.1_e10,5e-5,32,8,4,0.01,6.0,1.0,a4,10,checkpoint-21,21,0.016258459276759563,0.588433834590436,0.6881659428030252,0.09739208795082525,0.6742344816740187,0.611893972330179,0.42212345688361386,0.5748521962327625,0.21191327849027022,saves/unlearn/tofu/forget05/Llama-2-7b-chat-hf/SatImp/lr5e-5_b32_mb8_ga4_a0.01_b16.0_b21.0_g0.1_e10/checkpoint-21/evals/TOFU_SUMMARY.json,saves/unlearn/tofu/forget05/Llama-2-7b-chat-hf/SatImp/lr5e-5_b32_mb8_ga4_a0.01_b16.0_b21.0_g0.1_e10/checkpoint-21/evals/TOFU_EVAL.json
forget05,SatImp,lr5e-5_b32_mb8_ga4_a0.01_b16.0_b21.0_g0.1_e10,5e-5,32,8,4,0.01,6.0,1.0,a4,10,checkpoint-28,28,0.11228360286766195,0.5971612658666808,0.5776239769160747,0.06875183181624575,0.7172626696008948,0.6250601429512173,0.42117932629016314,0.5845761132373929,0.3862569643681825,saves/unlearn/tofu/forget05/Llama-2-7b-chat-hf/SatImp/lr5e-5_b32_mb8_ga4_a0.01_b16.0_b21.0_g0.1_e10/checkpoint-28/evals/TOFU_SUMMARY.json,saves/unlearn/tofu/forget05/Llama-2-7b-chat-hf/SatImp/lr5e-5_b32_mb8_ga4_a0.01_b16.0_b21.0_g0.1_e10/checkpoint-28/evals/TOFU_EVAL.json
forget05,SatImp,lr5e-5_b32_mb8_ga4_a0.01_b16.0_b21.0_g0.1_e10,5e-5,32,8,4,0.01,6.0,1.0,a4,10,checkpoint-35,35,0.220541217580421,0.6012464656922722,0.5162273249216378,0.060672117584228275,0.7376465105530692,0.6195746090028971,0.4234692772227707,0.5801822023372047,0.5333379620197602,saves/unlearn/tofu/forget05/Llama-2-7b-chat-hf/SatImp/lr5e-5_b32_mb8_ga4_a0.01_b16.0_b21.0_g0.1_e10/checkpoint-35/evals/TOFU_SUMMARY.json,saves/unlearn/tofu/forget05/Llama-2-7b-chat-hf/SatImp/lr5e-5_b32_mb8_ga4_a0.01_b16.0_b21.0_g0.1_e10/checkpoint-35/evals/TOFU_EVAL.json
forget05,SatImp,lr5e-5_b32_mb8_ga4_a0.01_b16.0_b21.0_g0.1_e10,5e-5,32,8,4,0.01,6.0,1.0,a4,10,checkpoint-42,42,0.03956202584899502,0.6032981531499474,0.4270259324181825,0.05033189761719972,0.7629663879181731,0.6178543660405648,0.42409279641599396,0.5829894589964153,0.40418126398125137,saves/unlearn/tofu/forget05/Llama-2-7b-chat-hf/SatImp/lr5e-5_b32_mb8_ga4_a0.01_b16.0_b21.0_g0.1_e10/checkpoint-42/evals/TOFU_SUMMARY.json,saves/unlearn/tofu/forget05/Llama-2-7b-chat-hf/SatImp/lr5e-5_b32_mb8_ga4_a0.01_b16.0_b21.0_g0.1_e10/checkpoint-42/evals/TOFU_EVAL.json
forget05,SatImp,lr5e-5_b32_mb8_ga4_a0.01_b16.0_b21.0_g0.1_e10,5e-5,32,8,4,0.01,6.0,1.0,a4,10,checkpoint-49,49,0.011843449760085422,0.6044809867288216,0.3896601489186287,0.0496164041399729,0.771535717343673,0.6184359127278202,0.4244800163477359,0.5802326614790294,0.3966861599596062,saves/unlearn/tofu/forget05/Llama-2-7b-chat-hf/SatImp/lr5e-5_b32_mb8_ga4_a0.01_b16.0_b21.0_g0.1_e10/checkpoint-49/evals/TOFU_SUMMARY.json,saves/unlearn/tofu/forget05/Llama-2-7b-chat-hf/SatImp/lr5e-5_b32_mb8_ga4_a0.01_b16.0_b21.0_g0.1_e10/checkpoint-49/evals/TOFU_EVAL.json
forget05,SatImp,lr5e-5_b32_mb8_ga4_a0.01_b16.0_b21.0_g0.1_e10,5e-5,32,8,4,0.01,6.0,1.0,a4,10,checkpoint-56,56,0.006094418258803505,0.6043533990175333,0.38322155820205805,0.048369177917849136,0.7727167497437003,0.6176127215095142,0.42438358875167764,0.5776947192977389,0.3946524492163832,saves/unlearn/tofu/forget05/Llama-2-7b-chat-hf/SatImp/lr5e-5_b32_mb8_ga4_a0.01_b16.0_b21.0_g0.1_e10/checkpoint-56/evals/TOFU_SUMMARY.json,saves/unlearn/tofu/forget05/Llama-2-7b-chat-hf/SatImp/lr5e-5_b32_mb8_ga4_a0.01_b16.0_b21.0_g0.1_e10/checkpoint-56/evals/TOFU_EVAL.json
forget05,SatImp,lr5e-5_b32_mb8_ga4_a0.01_b16.0_b21.0_g0.1_e10,5e-5,32,8,4,0.01,6.0,1.0,a4,10,checkpoint-60,60,0.004304993380033157,0.6044441066163216,0.38292433849535884,0.04830408630743448,0.773260398629657,0.6173017783171534,0.4246212637409502,0.5781123355107722,0.3931348875949582,saves/unlearn/tofu/forget05/Llama-2-7b-chat-hf/SatImp/lr5e-5_b32_mb8_ga4_a0.01_b16.0_b21.0_g0.1_e10/checkpoint-60/evals/TOFU_SUMMARY.json,saves/unlearn/tofu/forget05/Llama-2-7b-chat-hf/SatImp/lr5e-5_b32_mb8_ga4_a0.01_b16.0_b21.0_g0.1_e10/checkpoint-60/evals/TOFU_EVAL.json
forget05,SatImp,lr5e-5_b32_mb8_ga4_a0.1_b15.0_b21.0_g0.1_e10,5e-5,32,8,4,0.1,5.0,1.0,a4,10,checkpoint-7,7,5.86730162802883e-14,0.6011372772114368,0.9665221777558327,0.6946457361298818,0.5239555391663717,0.6101545036493313,0.45262587645286567,0.5245928789950478,-0.2294466797313618,saves/unlearn/tofu/forget05/Llama-2-7b-chat-hf/SatImp/lr5e-5_b32_mb8_ga4_a0.1_b15.0_b21.0_g0.1_e10/checkpoint-7/evals/TOFU_SUMMARY.json,saves/unlearn/tofu/forget05/Llama-2-7b-chat-hf/SatImp/lr5e-5_b32_mb8_ga4_a0.1_b15.0_b21.0_g0.1_e10/checkpoint-7/evals/TOFU_EVAL.json
forget05,SatImp,lr5e-5_b32_mb8_ga4_a0.1_b15.0_b21.0_g0.1_e10,5e-5,32,8,4,0.1,5.0,1.0,a4,10,checkpoint-14,14,1.4275699621532978e-12,0.5991992263680317,0.9423970040678978,0.497256771828326,0.5375070638550118,0.6169604929941029,0.4346150465507794,0.5679785959502489,-0.1206276615786527,saves/unlearn/tofu/forget05/Llama-2-7b-chat-hf/SatImp/lr5e-5_b32_mb8_ga4_a0.1_b15.0_b21.0_g0.1_e10/checkpoint-14/evals/TOFU_SUMMARY.json,saves/unlearn/tofu/forget05/Llama-2-7b-chat-hf/SatImp/lr5e-5_b32_mb8_ga4_a0.1_b15.0_b21.0_g0.1_e10/checkpoint-14/evals/TOFU_EVAL.json
forget05,SatImp,lr5e-5_b32_mb8_ga4_a0.1_b15.0_b21.0_g0.1_e10,5e-5,32,8,4,0.1,5.0,1.0,a4,10,checkpoint-21,21,1.4275699621532978e-12,0.59151823409561,0.92616082072258,0.37797727204453124,0.5477110011623414,0.594489054199183,0.4349128111986602,0.570408067944365,-0.060550812286518096,saves/unlearn/tofu/forget05/Llama-2-7b-chat-hf/SatImp/lr5e-5_b32_mb8_ga4_a0.1_b15.0_b21.0_g0.1_e10/checkpoint-21/evals/TOFU_SUMMARY.json,saves/unlearn/tofu/forget05/Llama-2-7b-chat-hf/SatImp/lr5e-5_b32_mb8_ga4_a0.1_b15.0_b21.0_g0.1_e10/checkpoint-21/evals/TOFU_EVAL.json
forget05,SatImp,lr5e-5_b32_mb8_ga4_a0.1_b15.0_b21.0_g0.1_e10,5e-5,32,8,4,0.1,5.0,1.0,a4,10,checkpoint-28,28,2.8873674273022313e-11,0.5962668975820283,0.9234668478369713,0.37774034864912887,0.5610327809981183,0.602611876703643,0.43191959970014004,0.5846311779004291,-0.05433670063214807,saves/unlearn/tofu/forget05/Llama-2-7b-chat-hf/SatImp/lr5e-5_b32_mb8_ga4_a0.1_b15.0_b21.0_g0.1_e10/checkpoint-28/evals/TOFU_SUMMARY.json,saves/unlearn/tofu/forget05/Llama-2-7b-chat-hf/SatImp/lr5e-5_b32_mb8_ga4_a0.1_b15.0_b21.0_g0.1_e10/checkpoint-28/evals/TOFU_EVAL.json
forget05,SatImp,lr5e-5_b32_mb8_ga4_a0.1_b15.0_b21.0_g0.1_e10,5e-5,32,8,4,0.1,5.0,1.0,a4,10,checkpoint-35,35,3.0799540915748314e-12,0.6001370330573242,0.9176746299862861,0.32590240073048354,0.5527627054609752,0.5940723371994318,0.4416803715387899,0.5793216027347597,-0.021651482297980612,saves/unlearn/tofu/forget05/Llama-2-7b-chat-hf/SatImp/lr5e-5_b32_mb8_ga4_a0.1_b15.0_b21.0_g0.1_e10/checkpoint-35/evals/TOFU_SUMMARY.json,saves/unlearn/tofu/forget05/Llama-2-7b-chat-hf/SatImp/lr5e-5_b32_mb8_ga4_a0.1_b15.0_b21.0_g0.1_e10/checkpoint-35/evals/TOFU_EVAL.json
forget05,SatImp,lr5e-5_b32_mb8_ga4_a0.1_b15.0_b21.0_g0.1_e10,5e-5,32,8,4,0.1,5.0,1.0,a4,10,checkpoint-42,42,1.3850840057169374e-11,0.6047736745380117,0.918747898042202,0.34370091467312536,0.5468639125936086,0.6020776978514841,0.44257581552449227,0.5856004688450958,-0.02645073180580121,saves/unlearn/tofu/forget05/Llama-2-7b-chat-hf/SatImp/lr5e-5_b32_mb8_ga4_a0.1_b15.0_b21.0_g0.1_e10/checkpoint-42/evals/TOFU_SUMMARY.json,saves/unlearn/tofu/forget05/Llama-2-7b-chat-hf/SatImp/lr5e-5_b32_mb8_ga4_a0.1_b15.0_b21.0_g0.1_e10/checkpoint-42/evals/TOFU_EVAL.json
forget05,SatImp,lr5e-5_b32_mb8_ga4_a0.1_b15.0_b21.0_g0.1_e10,5e-5,32,8,4,0.1,5.0,1.0,a4,10,checkpoint-49,49,1.3850840057169374e-11,0.6062974164461771,0.9224800381064415,0.35423109049155244,0.5472332153149949,0.6000314331084345,0.44178319129842003,0.5830429205576872,-0.0320581478389691,saves/unlearn/tofu/forget05/Llama-2-7b-chat-hf/SatImp/lr5e-5_b32_mb8_ga4_a0.1_b15.0_b21.0_g0.1_e10/checkpoint-49/evals/TOFU_SUMMARY.json,saves/unlearn/tofu/forget05/Llama-2-7b-chat-hf/SatImp/lr5e-5_b32_mb8_ga4_a0.1_b15.0_b21.0_g0.1_e10/checkpoint-49/evals/TOFU_EVAL.json
forget05,SatImp,lr5e-5_b32_mb8_ga4_a0.1_b15.0_b21.0_g0.1_e10,5e-5,32,8,4,0.1,5.0,1.0,a4,10,checkpoint-56,56,1.3850840057169374e-11,0.6071977226787675,0.9227703940868378,0.35367574020547565,0.5478884840766339,0.5985125883045985,0.4414679179191435,0.58136939257044,-0.03102534445353844,saves/unlearn/tofu/forget05/Llama-2-7b-chat-hf/SatImp/lr5e-5_b32_mb8_ga4_a0.1_b15.0_b21.0_g0.1_e10/checkpoint-56/evals/TOFU_SUMMARY.json,saves/unlearn/tofu/forget05/Llama-2-7b-chat-hf/SatImp/lr5e-5_b32_mb8_ga4_a0.1_b15.0_b21.0_g0.1_e10/checkpoint-56/evals/TOFU_EVAL.json
forget05,SatImp,lr5e-5_b32_mb8_ga4_a0.1_b15.0_b21.0_g0.1_e10,5e-5,32,8,4,0.1,5.0,1.0,a4,10,checkpoint-60,60,1.3850840057169374e-11,0.6077324234079825,0.9225652274489403,0.35040867738730586,0.5483239295099309,0.5985037303401096,0.441406853551624,0.5813472642942704,-0.028754528996289774,saves/unlearn/tofu/forget05/Llama-2-7b-chat-hf/SatImp/lr5e-5_b32_mb8_ga4_a0.1_b15.0_b21.0_g0.1_e10/checkpoint-60/evals/TOFU_SUMMARY.json,saves/unlearn/tofu/forget05/Llama-2-7b-chat-hf/SatImp/lr5e-5_b32_mb8_ga4_a0.1_b15.0_b21.0_g0.1_e10/checkpoint-60/evals/TOFU_EVAL.json
forget05,SatImp,lr5e-5_b32_mb8_ga4_a0.1_b16.0_b21.0_g0.1_e10,5e-5,32,8,4,0.1,6.0,1.0,a4,10,checkpoint-7,7,2.5656301025789152e-14,0.6007883428330708,0.9678889551758766,0.7151900479443222,0.5235268444372586,0.6066559274355022,0.4520379680452063,0.5240753884180988,-0.24075115872700292,saves/unlearn/tofu/forget05/Llama-2-7b-chat-hf/SatImp/lr5e-5_b32_mb8_ga4_a0.1_b16.0_b21.0_g0.1_e10/checkpoint-7/evals/TOFU_SUMMARY.json,saves/unlearn/tofu/forget05/Llama-2-7b-chat-hf/SatImp/lr5e-5_b32_mb8_ga4_a0.1_b16.0_b21.0_g0.1_e10/checkpoint-7/evals/TOFU_EVAL.json
forget05,SatImp,lr5e-5_b32_mb8_ga4_a0.1_b16.0_b21.0_g0.1_e10,5e-5,32,8,4,0.1,6.0,1.0,a4,10,checkpoint-14,14,1.4275699621532978e-12,0.6011620264728769,0.9457165813446045,0.5295217712895366,0.5368682872620404,0.6225429175634448,0.43220297151795206,0.5782787599571877,-0.13645714984276613,saves/unlearn/tofu/forget05/Llama-2-7b-chat-hf/SatImp/lr5e-5_b32_mb8_ga4_a0.1_b16.0_b21.0_g0.1_e10/checkpoint-14/evals/TOFU_SUMMARY.json,saves/unlearn/tofu/forget05/Llama-2-7b-chat-hf/SatImp/lr5e-5_b32_mb8_ga4_a0.1_b16.0_b21.0_g0.1_e10/checkpoint-14/evals/TOFU_EVAL.json
forget05,SatImp,lr5e-5_b32_mb8_ga4_a0.1_b16.0_b21.0_g0.1_e10,5e-5,32,8,4,0.1,6.0,1.0,a4,10,checkpoint-21,21,1.3261055712130201e-13,0.5940297154949038,0.9319347465038299,0.42423373304718454,0.5443528786203283,0.6008799578311771,0.4388603649053099,0.5744203222845,-0.08405452428047086,saves/unlearn/tofu/forget05/Llama-2-7b-chat-hf/SatImp/lr5e-5_b32_mb8_ga4_a0.1_b16.0_b21.0_g0.1_e10/checkpoint-21/evals/TOFU_SUMMARY.json,saves/unlearn/tofu/forget05/Llama-2-7b-chat-hf/SatImp/lr5e-5_b32_mb8_ga4_a0.1_b16.0_b21.0_g0.1_e10/checkpoint-21/evals/TOFU_EVAL.json
forget05,SatImp,lr5e-5_b32_mb8_ga4_a0.1_b16.0_b21.0_g0.1_e10,5e-5,32,8,4,0.1,6.0,1.0,a4,10,checkpoint-28,28,1.4275699621532978e-12,0.6007926917736414,0.9332142287492752,0.42158060550656573,0.5550952993285996,0.6111887726090688,0.43589675972155645,0.591453498846009,-0.07660472535285157,saves/unlearn/tofu/forget05/Llama-2-7b-chat-hf/SatImp/lr5e-5_b32_mb8_ga4_a0.1_b16.0_b21.0_g0.1_e10/checkpoint-28/evals/TOFU_SUMMARY.json,saves/unlearn/tofu/forget05/Llama-2-7b-chat-hf/SatImp/lr5e-5_b32_mb8_ga4_a0.1_b16.0_b21.0_g0.1_e10/checkpoint-28/evals/TOFU_EVAL.json
forget05,SatImp,lr5e-5_b32_mb8_ga4_a0.1_b16.0_b21.0_g0.1_e10,5e-5,32,8,4,0.1,6.0,1.0,a4,10,checkpoint-35,35,3.0799540915748314e-12,0.6071914704111304,0.9300079759955406,0.37186941620796327,0.5506671006405247,0.6075702778543303,0.44122378348414387,0.5886889290269256,-0.04374722568754155,saves/unlearn/tofu/forget05/Llama-2-7b-chat-hf/SatImp/lr5e-5_b32_mb8_ga4_a0.1_b16.0_b21.0_g0.1_e10/checkpoint-35/evals/TOFU_SUMMARY.json,saves/unlearn/tofu/forget05/Llama-2-7b-chat-hf/SatImp/lr5e-5_b32_mb8_ga4_a0.1_b16.0_b21.0_g0.1_e10/checkpoint-35/evals/TOFU_EVAL.json
forget05,SatImp,lr5e-5_b32_mb8_ga4_a0.1_b16.0_b21.0_g0.1_e10,5e-5,32,8,4,0.1,6.0,1.0,a4,10,checkpoint-42,42,6.540866008411473e-13,0.6130933254760971,0.9326390019059181,0.3977204545986278,0.543832873503661,0.6154413747782216,0.4430639379223427,0.5943210607411178,-0.052086402775521845,saves/unlearn/tofu/forget05/Llama-2-7b-chat-hf/SatImp/lr5e-5_b32_mb8_ga4_a0.1_b16.0_b21.0_g0.1_e10/checkpoint-42/evals/TOFU_SUMMARY.json,saves/unlearn/tofu/forget05/Llama-2-7b-chat-hf/SatImp/lr5e-5_b32_mb8_ga4_a0.1_b16.0_b21.0_g0.1_e10/checkpoint-42/evals/TOFU_EVAL.json
forget05,SatImp,lr5e-5_b32_mb8_ga4_a0.1_b16.0_b21.0_g0.1_e10,5e-5,32,8,4,0.1,6.0,1.0,a4,10,checkpoint-49,49,1.4275699621532978e-12,0.6127498207101196,0.9354213869571686,0.420020137020111,0.5438405466653972,0.6122542673161698,0.44346288307190534,0.5901917584884173,-0.06497094127709263,saves/unlearn/tofu/forget05/Llama-2-7b-chat-hf/SatImp/lr5e-5_b32_mb8_ga4_a0.1_b16.0_b21.0_g0.1_e10/checkpoint-49/evals/TOFU_SUMMARY.json,saves/unlearn/tofu/forget05/Llama-2-7b-chat-hf/SatImp/lr5e-5_b32_mb8_ga4_a0.1_b16.0_b21.0_g0.1_e10/checkpoint-49/evals/TOFU_EVAL.json
forget05,SatImp,lr5e-5_b32_mb8_ga4_a0.1_b16.0_b21.0_g0.1_e10,5e-5,32,8,4,0.1,6.0,1.0,a4,10,checkpoint-56,56,6.540866008411473e-13,0.6139599122945605,0.9362174642086029,0.4243413804173946,0.5442734984901699,0.6106677821727603,0.4433371917019995,0.5904538843559572,-0.06631951001778422,saves/unlearn/tofu/forget05/Llama-2-7b-chat-hf/SatImp/lr5e-5_b32_mb8_ga4_a0.1_b16.0_b21.0_g0.1_e10/checkpoint-56/evals/TOFU_SUMMARY.json,saves/unlearn/tofu/forget05/Llama-2-7b-chat-hf/SatImp/lr5e-5_b32_mb8_ga4_a0.1_b16.0_b21.0_g0.1_e10/checkpoint-56/evals/TOFU_EVAL.json
forget05,SatImp,lr5e-5_b32_mb8_ga4_a0.1_b16.0_b21.0_g0.1_e10,5e-5,32,8,4,0.1,6.0,1.0,a4,10,checkpoint-60,60,1.4275699621532978e-12,0.6138800242524757,0.9362178474664689,0.4213018154130427,0.5440956744995455,0.611075344325821,0.44316787319678447,0.5893757702376752,-0.06487980718585257,saves/unlearn/tofu/forget05/Llama-2-7b-chat-hf/SatImp/lr5e-5_b32_mb8_ga4_a0.1_b16.0_b21.0_g0.1_e10/checkpoint-60/evals/TOFU_SUMMARY.json,saves/unlearn/tofu/forget05/Llama-2-7b-chat-hf/SatImp/lr5e-5_b32_mb8_ga4_a0.1_b16.0_b21.0_g0.1_e10/checkpoint-60/evals/TOFU_EVAL.json
forget05,SatImp,lr5e-5_b32_mb8_ga4_a1.0_b15.0_b21.0_g0.1_e10,5e-5,32,8,4,1.0,5.0,1.0,a4,10,checkpoint-7,7,1.3261055712130201e-13,0.5933592184395919,0.9715294429659843,0.750818531645609,0.5067328411272509,0.5982386487898657,0.4587753455216494,0.5287987097292188,-0.26781476886607214,saves/unlearn/tofu/forget05/Llama-2-7b-chat-hf/SatImp/lr5e-5_b32_mb8_ga4_a1.0_b15.0_b21.0_g0.1_e10/checkpoint-7/evals/TOFU_SUMMARY.json,saves/unlearn/tofu/forget05/Llama-2-7b-chat-hf/SatImp/lr5e-5_b32_mb8_ga4_a1.0_b15.0_b21.0_g0.1_e10/checkpoint-7/evals/TOFU_EVAL.json
forget05,SatImp,lr5e-5_b32_mb8_ga4_a1.0_b15.0_b21.0_g0.1_e10,5e-5,32,8,4,1.0,5.0,1.0,a4,10,checkpoint-14,14,1.4275699621532978e-12,0.6021439672862143,0.9637624612450599,0.6997449025042362,0.5391678919566104,0.6237824392995872,0.4305628998276421,0.5648538454783686,-0.2296097145870062,saves/unlearn/tofu/forget05/Llama-2-7b-chat-hf/SatImp/lr5e-5_b32_mb8_ga4_a1.0_b15.0_b21.0_g0.1_e10/checkpoint-14/evals/TOFU_SUMMARY.json,saves/unlearn/tofu/forget05/Llama-2-7b-chat-hf/SatImp/lr5e-5_b32_mb8_ga4_a1.0_b15.0_b21.0_g0.1_e10/checkpoint-14/evals/TOFU_EVAL.json
forget05,SatImp,lr5e-5_b32_mb8_ga4_a1.0_b15.0_b21.0_g0.1_e10,5e-5,32,8,4,1.0,5.0,1.0,a4,10,checkpoint-21,21,2.5656301025789152e-14,0.5985061631093215,0.9568924793601036,0.5850433815157655,0.531827863735795,0.6133960914076898,0.4400208078537403,0.5634464860875879,-0.17246176732858742,saves/unlearn/tofu/forget05/Llama-2-7b-chat-hf/SatImp/lr5e-5_b32_mb8_ga4_a1.0_b15.0_b21.0_g0.1_e10/checkpoint-21/evals/TOFU_SUMMARY.json,saves/unlearn/tofu/forget05/Llama-2-7b-chat-hf/SatImp/lr5e-5_b32_mb8_ga4_a1.0_b15.0_b21.0_g0.1_e10/checkpoint-21/evals/TOFU_EVAL.json
forget05,SatImp,lr5e-5_b32_mb8_ga4_a1.0_b15.0_b21.0_g0.1_e10,5e-5,32,8,4,1.0,5.0,1.0,a4,10,checkpoint-28,28,2.5656301025789152e-14,0.5952748353151072,0.9636166900396347,0.6386328890271479,0.5359132610139171,0.6090831850924638,0.43797588393726905,0.5679646777135797,-0.20584995421825847,saves/unlearn/tofu/forget05/Llama-2-7b-chat-hf/SatImp/lr5e-5_b32_mb8_ga4_a1.0_b15.0_b21.0_g0.1_e10/checkpoint-28/evals/TOFU_SUMMARY.json,saves/unlearn/tofu/forget05/Llama-2-7b-chat-hf/SatImp/lr5e-5_b32_mb8_ga4_a1.0_b15.0_b21.0_g0.1_e10/checkpoint-28/evals/TOFU_EVAL.json
forget05,SatImp,lr5e-5_b32_mb8_ga4_a1.0_b15.0_b21.0_g0.1_e10,5e-5,32,8,4,1.0,5.0,1.0,a4,10,checkpoint-35,35,5.86730162802883e-14,0.5966546111520631,0.9647005620598793,0.6382769162635161,0.5320032574715065,0.5943478752916387,0.44444947079136926,0.5586108896526422,-0.204834128009576,saves/unlearn/tofu/forget05/Llama-2-7b-chat-hf/SatImp/lr5e-5_b32_mb8_ga4_a1.0_b15.0_b21.0_g0.1_e10/checkpoint-35/evals/TOFU_SUMMARY.json,saves/unlearn/tofu/forget05/Llama-2-7b-chat-hf/SatImp/lr5e-5_b32_mb8_ga4_a1.0_b15.0_b21.0_g0.1_e10/checkpoint-35/evals/TOFU_EVAL.json
forget05,SatImp,lr5e-5_b32_mb8_ga4_a1.0_b15.0_b21.0_g0.1_e10,5e-5,32,8,4,1.0,5.0,1.0,a4,10,checkpoint-42,42,1.3261055712130201e-13,0.6027154392280828,0.9673895332217216,0.6862656919935682,0.5307524698651108,0.6040560564024224,0.4427979702014089,0.5615929713716155,-0.22411217337942957,saves/unlearn/tofu/forget05/Llama-2-7b-chat-hf/SatImp/lr5e-5_b32_mb8_ga4_a1.0_b15.0_b21.0_g0.1_e10/checkpoint-42/evals/TOFU_SUMMARY.json,saves/unlearn/tofu/forget05/Llama-2-7b-chat-hf/SatImp/lr5e-5_b32_mb8_ga4_a1.0_b15.0_b21.0_g0.1_e10/checkpoint-42/evals/TOFU_EVAL.json
forget05,SatImp,lr5e-5_b32_mb8_ga4_a1.0_b15.0_b21.0_g0.1_e10,5e-5,32,8,4,1.0,5.0,1.0,a4,10,checkpoint-49,49,1.3261055712130201e-13,0.6036753080135928,0.9693692043423653,0.6892416191122611,0.5306447430265827,0.6051738494925225,0.44152573699221054,0.5610598295064874,-0.22563010371358783,saves/unlearn/tofu/forget05/Llama-2-7b-chat-hf/SatImp/lr5e-5_b32_mb8_ga4_a1.0_b15.0_b21.0_g0.1_e10/checkpoint-49/evals/TOFU_SUMMARY.json,saves/unlearn/tofu/forget05/Llama-2-7b-chat-hf/SatImp/lr5e-5_b32_mb8_ga4_a1.0_b15.0_b21.0_g0.1_e10/checkpoint-49/evals/TOFU_EVAL.json
forget05,SatImp,lr5e-5_b32_mb8_ga4_a1.0_b15.0_b21.0_g0.1_e10,5e-5,32,8,4,1.0,5.0,1.0,a4,10,checkpoint-56,56,1.3261055712130201e-13,0.6035451556503811,0.9701255875825882,0.6898817149169063,0.5315197751795323,0.6028107278194659,0.4408121665556186,0.5588987861963884,-0.22645849559923353,saves/unlearn/tofu/forget05/Llama-2-7b-chat-hf/SatImp/lr5e-5_b32_mb8_ga4_a1.0_b15.0_b21.0_g0.1_e10/checkpoint-56/evals/TOFU_SUMMARY.json,saves/unlearn/tofu/forget05/Llama-2-7b-chat-hf/SatImp/lr5e-5_b32_mb8_ga4_a1.0_b15.0_b21.0_g0.1_e10/checkpoint-56/evals/TOFU_EVAL.json
forget05,SatImp,lr5e-5_b32_mb8_ga4_a1.0_b15.0_b21.0_g0.1_e10,5e-5,32,8,4,1.0,5.0,1.0,a4,10,checkpoint-60,60,1.3261055712130201e-13,0.6036741323343665,0.9702703255414963,0.6987882845980704,0.531547985126846,0.6030084698816299,0.440804650008393,0.5577939796807476,-0.23085517273528428,saves/unlearn/tofu/forget05/Llama-2-7b-chat-hf/SatImp/lr5e-5_b32_mb8_ga4_a1.0_b15.0_b21.0_g0.1_e10/checkpoint-60/evals/TOFU_SUMMARY.json,saves/unlearn/tofu/forget05/Llama-2-7b-chat-hf/SatImp/lr5e-5_b32_mb8_ga4_a1.0_b15.0_b21.0_g0.1_e10/checkpoint-60/evals/TOFU_EVAL.json
forget05,SatImp,lr5e-5_b32_mb8_ga4_a1.0_b16.0_b21.0_g0.1_e10,5e-5,32,8,4,1.0,6.0,1.0,a4,10,checkpoint-7,7,2.9623487356936016e-13,0.5928095056701715,0.9722357016801834,0.7676629377915992,0.5076384014278726,0.5940202732698024,0.45901301036101716,0.5276076283661554,-0.27713981406542354,saves/unlearn/tofu/forget05/Llama-2-7b-chat-hf/SatImp/lr5e-5_b32_mb8_ga4_a1.0_b16.0_b21.0_g0.1_e10/checkpoint-7/evals/TOFU_SUMMARY.json,saves/unlearn/tofu/forget05/Llama-2-7b-chat-hf/SatImp/lr5e-5_b32_mb8_ga4_a1.0_b16.0_b21.0_g0.1_e10/checkpoint-7/evals/TOFU_EVAL.json
forget05,SatImp,lr5e-5_b32_mb8_ga4_a1.0_b16.0_b21.0_g0.1_e10,5e-5,32,8,4,1.0,6.0,1.0,a4,10,checkpoint-14,14,6.540866008411473e-13,0.5990222723998746,0.9646929842233658,0.6922645227092525,0.5376698445850561,0.6114647371174219,0.4300415086136327,0.5579609042563743,-0.22945648106578054,saves/unlearn/tofu/forget05/Llama-2-7b-chat-hf/SatImp/lr5e-5_b32_mb8_ga4_a1.0_b16.0_b21.0_g0.1_e10/checkpoint-14/evals/TOFU_SUMMARY.json,saves/unlearn/tofu/forget05/Llama-2-7b-chat-hf/SatImp/lr5e-5_b32_mb8_ga4_a1.0_b16.0_b21.0_g0.1_e10/checkpoint-14/evals/TOFU_EVAL.json
forget05,SatImp,lr5e-5_b32_mb8_ga4_a1.0_b16.0_b21.0_g0.1_e10,5e-5,32,8,4,1.0,6.0,1.0,a4,10,checkpoint-21,21,5.86730162802883e-14,0.5989117419718425,0.957145017683506,0.5898533708732634,0.532665980793796,0.6118603851577264,0.4414152018590978,0.5621428855074341,-0.1745874523064836,saves/unlearn/tofu/forget05/Llama-2-7b-chat-hf/SatImp/lr5e-5_b32_mb8_ga4_a1.0_b16.0_b21.0_g0.1_e10/checkpoint-21/evals/TOFU_SUMMARY.json,saves/unlearn/tofu/forget05/Llama-2-7b-chat-hf/SatImp/lr5e-5_b32_mb8_ga4_a1.0_b16.0_b21.0_g0.1_e10/checkpoint-21/evals/TOFU_EVAL.json
forget05,SatImp,lr5e-5_b32_mb8_ga4_a1.0_b16.0_b21.0_g0.1_e10,5e-5,32,8,4,1.0,6.0,1.0,a4,10,checkpoint-28,28,5.86730162802883e-14,0.5959046468180271,0.9621703651547432,0.5958674285079234,0.5354124196949389,0.6084230650221591,0.43905585943351283,0.5634309391017055,-0.18311425001324755,saves/unlearn/tofu/forget05/Llama-2-7b-chat-hf/SatImp/lr5e-5_b32_mb8_ga4_a1.0_b16.0_b21.0_g0.1_e10/checkpoint-28/evals/TOFU_SUMMARY.json,saves/unlearn/tofu/forget05/Llama-2-7b-chat-hf/SatImp/lr5e-5_b32_mb8_ga4_a1.0_b16.0_b21.0_g0.1_e10/checkpoint-28/evals/TOFU_EVAL.json
forget05,SatImp,lr5e-5_b32_mb8_ga4_a1.0_b16.0_b21.0_g0.1_e10,5e-5,32,8,4,1.0,6.0,1.0,a4,10,checkpoint-35,35,2.5656301025789152e-14,0.5957015109907594,0.9655655121803284,0.6288548529019837,0.5340505296028997,0.5917443053436152,0.4454004829970878,0.5532150248218882,-0.201508671550371,saves/unlearn/tofu/forget05/Llama-2-7b-chat-hf/SatImp/lr5e-5_b32_mb8_ga4_a1.0_b16.0_b21.0_g0.1_e10/checkpoint-35/evals/TOFU_SUMMARY.json,saves/unlearn/tofu/forget05/Llama-2-7b-chat-hf/SatImp/lr5e-5_b32_mb8_ga4_a1.0_b16.0_b21.0_g0.1_e10/checkpoint-35/evals/TOFU_EVAL.json
forget05,SatImp,lr5e-5_b32_mb8_ga4_a1.0_b16.0_b21.0_g0.1_e10,5e-5,32,8,4,1.0,6.0,1.0,a4,10,checkpoint-42,42,6.540866008411473e-13,0.6016695291198277,0.9682696279883385,0.6825865251668793,0.5334403490269436,0.5994741257044707,0.4441465087412243,0.5592332796581143,-0.22375854745712714,saves/unlearn/tofu/forget05/Llama-2-7b-chat-hf/SatImp/lr5e-5_b32_mb8_ga4_a1.0_b16.0_b21.0_g0.1_e10/checkpoint-42/evals/TOFU_SUMMARY.json,saves/unlearn/tofu/forget05/Llama-2-7b-chat-hf/SatImp/lr5e-5_b32_mb8_ga4_a1.0_b16.0_b21.0_g0.1_e10/checkpoint-42/evals/TOFU_EVAL.json
forget05,SatImp,lr5e-5_b32_mb8_ga4_a1.0_b16.0_b21.0_g0.1_e10,5e-5,32,8,4,1.0,6.0,1.0,a4,10,checkpoint-49,49,1.3261055712130201e-13,0.6027778976986409,0.9693675965070725,0.6808161366672807,0.5330156733945421,0.5996769592832013,0.44327037399569363,0.5585130130510264,-0.22231396888840316,saves/unlearn/tofu/forget05/Llama-2-7b-chat-hf/SatImp/lr5e-5_b32_mb8_ga4_a1.0_b16.0_b21.0_g0.1_e10/checkpoint-49/evals/TOFU_SUMMARY.json,saves/unlearn/tofu/forget05/Llama-2-7b-chat-hf/SatImp/lr5e-5_b32_mb8_ga4_a1.0_b16.0_b21.0_g0.1_e10/checkpoint-49/evals/TOFU_EVAL.json
forget05,SatImp,lr5e-5_b32_mb8_ga4_a1.0_b16.0_b21.0_g0.1_e10,5e-5,32,8,4,1.0,6.0,1.0,a4,10,checkpoint-56,56,2.9623487356936016e-13,0.6024945932653857,0.9699880871176719,0.692093691843495,0.532862582451978,0.5963986226085357,0.44283890371286655,0.5561359953969982,-0.22854629621490158,saves/unlearn/tofu/forget05/Llama-2-7b-chat-hf/SatImp/lr5e-5_b32_mb8_ga4_a1.0_b16.0_b21.0_g0.1_e10/checkpoint-56/evals/TOFU_SUMMARY.json,saves/unlearn/tofu/forget05/Llama-2-7b-chat-hf/SatImp/lr5e-5_b32_mb8_ga4_a1.0_b16.0_b21.0_g0.1_e10/checkpoint-56/evals/TOFU_EVAL.json
forget05,SatImp,lr5e-5_b32_mb8_ga4_a1.0_b16.0_b21.0_g0.1_e10,5e-5,32,8,4,1.0,6.0,1.0,a4,10,checkpoint-60,60,2.9623487356936016e-13,0.6023731635239787,0.9704241216182709,0.6949379148212919,0.5328659168716149,0.5966001968835745,0.4431062922096581,0.5575125002962141,-0.2303078546955064,saves/unlearn/tofu/forget05/Llama-2-7b-chat-hf/SatImp/lr5e-5_b32_mb8_ga4_a1.0_b16.0_b21.0_g0.1_e10/checkpoint-60/evals/TOFU_SUMMARY.json,saves/unlearn/tofu/forget05/Llama-2-7b-chat-hf/SatImp/lr5e-5_b32_mb8_ga4_a1.0_b16.0_b21.0_g0.1_e10/checkpoint-60/evals/TOFU_EVAL.json
forget05,SatImp,lr6e-5_b16_mb8_ga2_a0.01_b15.0_b21.0_g0.1_e10,6e-5,16,8,2,0.01,6,1.0,a2,10,checkpoint-13,13,8.056669472003223e-07,0.5886244790273236,0.871610872745514,0.2746971803646995,0.6155239322206139,0.6559114508941803,0.40632338304623294,0.5878719109616247,0.015471258139164057,saves/unlearn/tofu/forget05/Llama-2-7b-chat-hf/SatImp/lr6e-5_b16_mb8_ga2_a0.01_b15.0_b21.0_g0.1_e10/checkpoint-13/evals/TOFU_SUMMARY.json,saves/unlearn/tofu/forget05/Llama-2-7b-chat-hf/SatImp/lr6e-5_b16_mb8_ga2_a0.01_b15.0_b21.0_g0.1_e10/checkpoint-13/evals/TOFU_EVAL.json
forget05,SatImp,lr6e-5_b16_mb8_ga2_a0.01_b15.0_b21.0_g0.1_e10,6e-5,16,8,2,0.01,6,1.0,a2,10,checkpoint-26,26,0.016258459276759563,0.5687575169738174,0.32995654417201875,0.04817930954797893,0.7410660777974165,0.6743951978403172,0.38978068617755085,0.6175450180338049,0.3959480493905781,saves/unlearn/tofu/forget05/Llama-2-7b-chat-hf/SatImp/lr6e-5_b16_mb8_ga2_a0.01_b15.0_b21.0_g0.1_e10/checkpoint-26/evals/TOFU_SUMMARY.json,saves/unlearn/tofu/forget05/Llama-2-7b-chat-hf/SatImp/lr6e-5_b16_mb8_ga2_a0.01_b15.0_b21.0_g0.1_e10/checkpoint-26/evals/TOFU_EVAL.json
forget05,SatImp,lr6e-5_b16_mb8_ga2_a0.01_b15.0_b21.0_g0.1_e10,6e-5,16,8,2,0.01,6,1.0,a2,10,checkpoint-39,39,0.0001183661896190048,0.5587078068449862,0.09996084122452885,0.03059148635523508,0.7635707026424379,0.6138942138179716,0.38903106174545277,0.6190726239008176,0.4935500092447233,saves/unlearn/tofu/forget05/Llama-2-7b-chat-hf/SatImp/lr6e-5_b16_mb8_ga2_a0.01_b15.0_b21.0_g0.1_e10/checkpoint-39/evals/TOFU_SUMMARY.json,saves/unlearn/tofu/forget05/Llama-2-7b-chat-hf/SatImp/lr6e-5_b16_mb8_ga2_a0.01_b15.0_b21.0_g0.1_e10/checkpoint-39/evals/TOFU_EVAL.json
forget05,SatImp,lr6e-5_b16_mb8_ga2_a0.01_b15.0_b21.0_g0.1_e10,6e-5,16,8,2,0.01,6,1.0,a2,10,checkpoint-52,52,0.0009668691315127085,0.5661286523277241,0.06127910221926868,0.027223306249250095,0.7232469873637254,0.6118420194265419,0.3922829941721328,0.6152609198397105,0.5228443172249774,saves/unlearn/tofu/forget05/Llama-2-7b-chat-hf/SatImp/lr6e-5_b16_mb8_ga2_a0.01_b15.0_b21.0_g0.1_e10/checkpoint-52/evals/TOFU_SUMMARY.json,saves/unlearn/tofu/forget05/Llama-2-7b-chat-hf/SatImp/lr6e-5_b16_mb8_ga2_a0.01_b15.0_b21.0_g0.1_e10/checkpoint-52/evals/TOFU_EVAL.json
forget05,SatImp,lr6e-5_b16_mb8_ga2_a0.01_b15.0_b21.0_g0.1_e10,6e-5,16,8,2,0.01,6,1.0,a2,10,checkpoint-65,65,0.0002829222008740643,0.5651701154470545,0.05235854445490986,0.027223306249250095,0.7614815865041225,0.6084286539675073,0.3935100168606461,0.6049739117720019,0.5256621122958486,saves/unlearn/tofu/forget05/Llama-2-7b-chat-hf/SatImp/lr6e-5_b16_mb8_ga2_a0.01_b15.0_b21.0_g0.1_e10/checkpoint-65/evals/TOFU_SUMMARY.json,saves/unlearn/tofu/forget05/Llama-2-7b-chat-hf/SatImp/lr6e-5_b16_mb8_ga2_a0.01_b15.0_b21.0_g0.1_e10/checkpoint-65/evals/TOFU_EVAL.json
forget05,SatImp,lr6e-5_b16_mb8_ga2_a0.01_b15.0_b21.0_g0.1_e10,6e-5,16,8,2,0.01,6,1.0,a2,10,checkpoint-78,78,0.00018395764501293307,0.571597138980157,0.05020034873392433,0.027223306249250095,0.7618339425963819,0.6050242189401077,0.40065662097745647,0.5981896896904666,0.5330692691335825,saves/unlearn/tofu/forget05/Llama-2-7b-chat-hf/SatImp/lr6e-5_b16_mb8_ga2_a0.01_b15.0_b21.0_g0.1_e10/checkpoint-78/evals/TOFU_SUMMARY.json,saves/unlearn/tofu/forget05/Llama-2-7b-chat-hf/SatImp/lr6e-5_b16_mb8_ga2_a0.01_b15.0_b21.0_g0.1_e10/checkpoint-78/evals/TOFU_EVAL.json
forget05,SatImp,lr6e-5_b16_mb8_ga2_a0.01_b15.0_b21.0_g0.1_e10,6e-5,16,8,2,0.01,6,1.0,a2,10,checkpoint-91,91,7.536785951251345e-05,0.5762178372211261,0.04899157025851309,0.027223306249250095,0.7624538669579217,0.5996772703037441,0.4034659773586479,0.5944115909060045,0.538185766826757,saves/unlearn/tofu/forget05/Llama-2-7b-chat-hf/SatImp/lr6e-5_b16_mb8_ga2_a0.01_b15.0_b21.0_g0.1_e10/checkpoint-91/evals/TOFU_SUMMARY.json,saves/unlearn/tofu/forget05/Llama-2-7b-chat-hf/SatImp/lr6e-5_b16_mb8_ga2_a0.01_b15.0_b21.0_g0.1_e10/checkpoint-91/evals/TOFU_EVAL.json
forget05,SatImp,lr6e-5_b16_mb8_ga2_a0.01_b15.0_b21.0_g0.1_e10,6e-5,16,8,2,0.01,6,1.0,a2,10,checkpoint-104,104,7.536785951251345e-05,0.5763137327850912,0.04910435855388642,0.027223306249250095,0.7620954684290555,0.5921841147313976,0.4039817622768932,0.5887502451739814,0.5382252682430355,saves/unlearn/tofu/forget05/Llama-2-7b-chat-hf/SatImp/lr6e-5_b16_mb8_ga2_a0.01_b15.0_b21.0_g0.1_e10/checkpoint-104/evals/TOFU_SUMMARY.json,saves/unlearn/tofu/forget05/Llama-2-7b-chat-hf/SatImp/lr6e-5_b16_mb8_ga2_a0.01_b15.0_b21.0_g0.1_e10/checkpoint-104/evals/TOFU_EVAL.json
forget05,SatImp,lr6e-5_b16_mb8_ga2_a0.01_b15.0_b21.0_g0.1_e10,6e-5,16,8,2,0.01,6,1.0,a2,10,checkpoint-117,117,2.9607827368482373e-05,0.5775781701379366,0.0498953533731401,0.027223306249250095,0.7627495417873601,0.5926362737596,0.4044790226639,0.5886203702341883,0.5390484481541099,saves/unlearn/tofu/forget05/Llama-2-7b-chat-hf/SatImp/lr6e-5_b16_mb8_ga2_a0.01_b15.0_b21.0_g0.1_e10/checkpoint-117/evals/TOFU_SUMMARY.json,saves/unlearn/tofu/forget05/Llama-2-7b-chat-hf/SatImp/lr6e-5_b16_mb8_ga2_a0.01_b15.0_b21.0_g0.1_e10/checkpoint-117/evals/TOFU_EVAL.json
forget05,SatImp,lr6e-5_b16_mb8_ga2_a0.01_b15.0_b21.0_g0.1_e10,6e-5,16,8,2,0.01,6,1.0,a2,10,checkpoint-120,120,4.7487878961137165e-05,0.5766748839915313,0.04954462987370789,0.027223306249250095,0.7614855681411467,0.5922086538648775,0.4041618711902041,0.5878672749258044,0.5383384038090134,saves/unlearn/tofu/forget05/Llama-2-7b-chat-hf/SatImp/lr6e-5_b16_mb8_ga2_a0.01_b15.0_b21.0_g0.1_e10/checkpoint-120/evals/TOFU_SUMMARY.json,saves/unlearn/tofu/forget05/Llama-2-7b-chat-hf/SatImp/lr6e-5_b16_mb8_ga2_a0.01_b15.0_b21.0_g0.1_e10/checkpoint-120/evals/TOFU_EVAL.json
forget05,SatImp,lr6e-5_b16_mb8_ga2_a0.01_b16.0_b21.0_g0.1_e10,6e-5,16,8,2,0.01,6,1.0,a2,10,checkpoint-13,13,1.4639479233432268e-07,0.5869188662199422,0.8835935178399086,0.28467306220833877,0.6070087539162915,0.6489743516471249,0.40823277371864847,0.5695577334909393,0.002785722590610773,saves/unlearn/tofu/forget05/Llama-2-7b-chat-hf/SatImp/lr6e-5_b16_mb8_ga2_a0.01_b16.0_b21.0_g0.1_e10/checkpoint-13/evals/TOFU_SUMMARY.json,saves/unlearn/tofu/forget05/Llama-2-7b-chat-hf/SatImp/lr6e-5_b16_mb8_ga2_a0.01_b16.0_b21.0_g0.1_e10/checkpoint-13/evals/TOFU_EVAL.json
forget05,SatImp,lr6e-5_b16_mb8_ga2_a0.01_b16.0_b21.0_g0.1_e10,6e-5,16,8,2,0.01,6,1.0,a2,10,checkpoint-26,26,0.0878382826713132,0.5694214466009297,0.5661524055153131,0.07880855762028022,0.7229771657030686,0.6765641354312102,0.3874845854615062,0.6286282030565828,0.33477924770444634,saves/unlearn/tofu/forget05/Llama-2-7b-chat-hf/SatImp/lr6e-5_b16_mb8_ga2_a0.01_b16.0_b21.0_g0.1_e10/checkpoint-26/evals/TOFU_SUMMARY.json,saves/unlearn/tofu/forget05/Llama-2-7b-chat-hf/SatImp/lr6e-5_b16_mb8_ga2_a0.01_b16.0_b21.0_g0.1_e10/checkpoint-26/evals/TOFU_EVAL.json
forget05,SatImp,lr6e-5_b16_mb8_ga2_a0.01_b16.0_b21.0_g0.1_e10,6e-5,16,8,2,0.01,6,1.0,a2,10,checkpoint-39,39,4.734741877153768e-15,0.5601645614835709,0.135288172098808,0.03377653524532639,0.8429967892263011,0.6219557912563832,0.384765145677201,0.618106133185953,0.47563220781150845,saves/unlearn/tofu/forget05/Llama-2-7b-chat-hf/SatImp/lr6e-5_b16_mb8_ga2_a0.01_b16.0_b21.0_g0.1_e10/checkpoint-39/evals/TOFU_SUMMARY.json,saves/unlearn/tofu/forget05/Llama-2-7b-chat-hf/SatImp/lr6e-5_b16_mb8_ga2_a0.01_b16.0_b21.0_g0.1_e10/checkpoint-39/evals/TOFU_EVAL.json
forget05,SatImp,lr6e-5_b16_mb8_ga2_a0.01_b16.0_b21.0_g0.1_e10,6e-5,16,8,2,0.01,6,1.0,a2,10,checkpoint-52,52,3.392589244326706e-18,0.5685748949739222,0.08983168297447264,0.02796500536792195,0.8557206679453728,0.620481334935679,0.3966507462904816,0.6211783935080422,0.5096765508027249,saves/unlearn/tofu/forget05/Llama-2-7b-chat-hf/SatImp/lr6e-5_b16_mb8_ga2_a0.01_b16.0_b21.0_g0.1_e10/checkpoint-52/evals/TOFU_SUMMARY.json,saves/unlearn/tofu/forget05/Llama-2-7b-chat-hf/SatImp/lr6e-5_b16_mb8_ga2_a0.01_b16.0_b21.0_g0.1_e10/checkpoint-52/evals/TOFU_EVAL.json
forget05,SatImp,lr6e-5_b16_mb8_ga2_a0.01_b16.0_b21.0_g0.1_e10,6e-5,16,8,2,0.01,6,1.0,a2,10,checkpoint-65,65,2.231131384195642e-17,0.5706806830400302,0.08975623996928334,0.028539974913479736,0.8516399632195185,0.623240362818123,0.3923303727288403,0.6177791690767642,0.5115325755986486,saves/unlearn/tofu/forget05/Llama-2-7b-chat-hf/SatImp/lr6e-5_b16_mb8_ga2_a0.01_b16.0_b21.0_g0.1_e10/checkpoint-65/evals/TOFU_SUMMARY.json,saves/unlearn/tofu/forget05/Llama-2-7b-chat-hf/SatImp/lr6e-5_b16_mb8_ga2_a0.01_b16.0_b21.0_g0.1_e10/checkpoint-65/evals/TOFU_EVAL.json
forget05,SatImp,lr6e-5_b16_mb8_ga2_a0.01_b16.0_b21.0_g0.1_e10,6e-5,16,8,2,0.01,6,1.0,a2,10,checkpoint-78,78,2.231131384195642e-17,0.5759350800923013,0.08558006576262414,0.029677545113549933,0.8551955958597162,0.6182856663496792,0.3962563271647841,0.6083470907522142,0.5183062746542142,saves/unlearn/tofu/forget05/Llama-2-7b-chat-hf/SatImp/lr6e-5_b16_mb8_ga2_a0.01_b16.0_b21.0_g0.1_e10/checkpoint-78/evals/TOFU_SUMMARY.json,saves/unlearn/tofu/forget05/Llama-2-7b-chat-hf/SatImp/lr6e-5_b16_mb8_ga2_a0.01_b16.0_b21.0_g0.1_e10/checkpoint-78/evals/TOFU_EVAL.json
forget05,SatImp,lr6e-5_b16_mb8_ga2_a0.01_b16.0_b21.0_g0.1_e10,6e-5,16,8,2,0.01,6,1.0,a2,10,checkpoint-91,91,8.754091889378733e-18,0.5791696379293299,0.08160725523717702,0.029677545113549933,0.8559305878378396,0.6099434845015719,0.3982752493601225,0.6044707458457994,0.5235272377539664,saves/unlearn/tofu/forget05/Llama-2-7b-chat-hf/SatImp/lr6e-5_b16_mb8_ga2_a0.01_b16.0_b21.0_g0.1_e10/checkpoint-91/evals/TOFU_SUMMARY.json,saves/unlearn/tofu/forget05/Llama-2-7b-chat-hf/SatImp/lr6e-5_b16_mb8_ga2_a0.01_b16.0_b21.0_g0.1_e10/checkpoint-91/evals/TOFU_EVAL.json
forget05,SatImp,lr6e-5_b16_mb8_ga2_a0.01_b16.0_b21.0_g0.1_e10,6e-5,16,8,2,0.01,6,1.0,a2,10,checkpoint-104,104,2.231131384195642e-17,0.5805009642802484,0.08190670328680426,0.029677545113549933,0.8563227094854265,0.6057999953344527,0.4000345486468669,0.6023651075104454,0.5247088400800713,saves/unlearn/tofu/forget05/Llama-2-7b-chat-hf/SatImp/lr6e-5_b16_mb8_ga2_a0.01_b16.0_b21.0_g0.1_e10/checkpoint-104/evals/TOFU_SUMMARY.json,saves/unlearn/tofu/forget05/Llama-2-7b-chat-hf/SatImp/lr6e-5_b16_mb8_ga2_a0.01_b16.0_b21.0_g0.1_e10/checkpoint-104/evals/TOFU_EVAL.json
forget05,SatImp,lr6e-5_b16_mb8_ga2_a0.01_b16.0_b21.0_g0.1_e10,6e-5,16,8,2,0.01,6,1.0,a2,10,checkpoint-117,117,2.231131384195642e-17,0.5826532731718165,0.08208942247088999,0.029677545113549933,0.8545668622405438,0.6069068366267814,0.4009216384484442,0.6018086849315247,0.5267697893795965,saves/unlearn/tofu/forget05/Llama-2-7b-chat-hf/SatImp/lr6e-5_b16_mb8_ga2_a0.01_b16.0_b21.0_g0.1_e10/checkpoint-117/evals/TOFU_SUMMARY.json,saves/unlearn/tofu/forget05/Llama-2-7b-chat-hf/SatImp/lr6e-5_b16_mb8_ga2_a0.01_b16.0_b21.0_g0.1_e10/checkpoint-117/evals/TOFU_EVAL.json
forget05,SatImp,lr6e-5_b16_mb8_ga2_a0.01_b16.0_b21.0_g0.1_e10,6e-5,16,8,2,0.01,6,1.0,a2,10,checkpoint-120,120,8.754091889378733e-18,0.5808723763062291,0.08087469840887934,0.029677545113549933,0.8555945187044491,0.60635925100139,0.4009768829328851,0.6003257595051334,0.5255962545450145,saves/unlearn/tofu/forget05/Llama-2-7b-chat-hf/SatImp/lr6e-5_b16_mb8_ga2_a0.01_b16.0_b21.0_g0.1_e10/checkpoint-120/evals/TOFU_SUMMARY.json,saves/unlearn/tofu/forget05/Llama-2-7b-chat-hf/SatImp/lr6e-5_b16_mb8_ga2_a0.01_b16.0_b21.0_g0.1_e10/checkpoint-120/evals/TOFU_EVAL.json
forget05,SatImp,lr6e-5_b16_mb8_ga2_a0.1_b15.0_b21.0_g0.1_e10,6e-5,16,8,2,0.1,6,1.0,a2,10,checkpoint-13,13,4.869254633582969e-10,0.5779008907772264,0.9380817627906799,0.4736105495472656,0.5755261304353699,0.6143670438153801,0.41857138935709537,0.5439666629075256,-0.12794526490482086,saves/unlearn/tofu/forget05/Llama-2-7b-chat-hf/SatImp/lr6e-5_b16_mb8_ga2_a0.1_b15.0_b21.0_g0.1_e10/checkpoint-13/evals/TOFU_SUMMARY.json,saves/unlearn/tofu/forget05/Llama-2-7b-chat-hf/SatImp/lr6e-5_b16_mb8_ga2_a0.1_b15.0_b21.0_g0.1_e10/checkpoint-13/evals/TOFU_EVAL.json
forget05,SatImp,lr6e-5_b16_mb8_ga2_a0.1_b15.0_b21.0_g0.1_e10,6e-5,16,8,2,0.1,6,1.0,a2,10,checkpoint-26,26,4.869254633582969e-10,0.5782714085400699,0.860661594569683,0.21395461495224302,0.5780474594448728,0.6692264022781939,0.40325720984118196,0.6351552039656189,0.04096330426603233,saves/unlearn/tofu/forget05/Llama-2-7b-chat-hf/SatImp/lr6e-5_b16_mb8_ga2_a0.1_b15.0_b21.0_g0.1_e10/checkpoint-26/evals/TOFU_SUMMARY.json,saves/unlearn/tofu/forget05/Llama-2-7b-chat-hf/SatImp/lr6e-5_b16_mb8_ga2_a0.1_b15.0_b21.0_g0.1_e10/checkpoint-26/evals/TOFU_EVAL.json
forget05,SatImp,lr6e-5_b16_mb8_ga2_a0.1_b15.0_b21.0_g0.1_e10,6e-5,16,8,2,0.1,6,1.0,a2,10,checkpoint-39,39,1.8694649189611297e-09,0.5796521077016171,0.8409147053956986,0.1879562953025743,0.5822460966309667,0.6557061791831197,0.4021252387773822,0.6315836702470591,0.06521660922194561,saves/unlearn/tofu/forget05/Llama-2-7b-chat-hf/SatImp/lr6e-5_b16_mb8_ga2_a0.1_b15.0_b21.0_g0.1_e10/checkpoint-39/evals/TOFU_SUMMARY.json,saves/unlearn/tofu/forget05/Llama-2-7b-chat-hf/SatImp/lr6e-5_b16_mb8_ga2_a0.1_b15.0_b21.0_g0.1_e10/checkpoint-39/evals/TOFU_EVAL.json
forget05,SatImp,lr6e-5_b16_mb8_ga2_a0.1_b15.0_b21.0_g0.1_e10,6e-5,16,8,2,0.1,6,1.0,a2,10,checkpoint-52,52,6.865581733487208e-09,0.5737810426929981,0.8381453546881675,0.15542624471363337,0.5933996282097236,0.6370404002355907,0.39620266900967926,0.6283011841474412,0.07699524985767944,saves/unlearn/tofu/forget05/Llama-2-7b-chat-hf/SatImp/lr6e-5_b16_mb8_ga2_a0.1_b15.0_b21.0_g0.1_e10/checkpoint-52/evals/TOFU_SUMMARY.json,saves/unlearn/tofu/forget05/Llama-2-7b-chat-hf/SatImp/lr6e-5_b16_mb8_ga2_a0.1_b15.0_b21.0_g0.1_e10/checkpoint-52/evals/TOFU_EVAL.json
forget05,SatImp,lr6e-5_b16_mb8_ga2_a0.1_b15.0_b21.0_g0.1_e10,6e-5,16,8,2,0.1,6,1.0,a2,10,checkpoint-65,65,1.8694649189611297e-09,0.5750708959321179,0.8362695479393005,0.14625180491956907,0.5859295060315624,0.6343421140251058,0.40045109849348537,0.6166708856554263,0.08381022137214802,saves/unlearn/tofu/forget05/Llama-2-7b-chat-hf/SatImp/lr6e-5_b16_mb8_ga2_a0.1_b15.0_b21.0_g0.1_e10/checkpoint-65/evals/TOFU_SUMMARY.json,saves/unlearn/tofu/forget05/Llama-2-7b-chat-hf/SatImp/lr6e-5_b16_mb8_ga2_a0.1_b15.0_b21.0_g0.1_e10/checkpoint-65/evals/TOFU_EVAL.json
forget05,SatImp,lr6e-5_b16_mb8_ga2_a0.1_b15.0_b21.0_g0.1_e10,6e-5,16,8,2,0.1,6,1.0,a2,10,checkpoint-78,78,1.2127544312107394e-10,0.5794448622309679,0.8314428666234016,0.1535065774869488,0.5917459269940081,0.6265373090318849,0.39969397792017275,0.6085664009048198,0.08697014029706815,saves/unlearn/tofu/forget05/Llama-2-7b-chat-hf/SatImp/lr6e-5_b16_mb8_ga2_a0.1_b15.0_b21.0_g0.1_e10/checkpoint-78/evals/TOFU_SUMMARY.json,saves/unlearn/tofu/forget05/Llama-2-7b-chat-hf/SatImp/lr6e-5_b16_mb8_ga2_a0.1_b15.0_b21.0_g0.1_e10/checkpoint-78/evals/TOFU_EVAL.json
forget05,SatImp,lr6e-5_b16_mb8_ga2_a0.1_b15.0_b21.0_g0.1_e10,6e-5,16,8,2,0.1,6,1.0,a2,10,checkpoint-91,91,2.44374577116149e-10,0.5802321304378936,0.8350539627671242,0.16032950184962552,0.5891109299877395,0.613023559320229,0.40097195185259193,0.6006352932855352,0.08254039837389335,saves/unlearn/tofu/forget05/Llama-2-7b-chat-hf/SatImp/lr6e-5_b16_mb8_ga2_a0.1_b15.0_b21.0_g0.1_e10/checkpoint-91/evals/TOFU_SUMMARY.json,saves/unlearn/tofu/forget05/Llama-2-7b-chat-hf/SatImp/lr6e-5_b16_mb8_ga2_a0.1_b15.0_b21.0_g0.1_e10/checkpoint-91/evals/TOFU_EVAL.json
forget05,SatImp,lr6e-5_b16_mb8_ga2_a0.1_b15.0_b21.0_g0.1_e10,6e-5,16,8,2,0.1,6,1.0,a2,10,checkpoint-104,104,2.44374577116149e-10,0.5795414016285864,0.8368000295758248,0.15979425717454224,0.5874506218231544,0.6069355687325839,0.4028178147219404,0.5983608051459588,0.08124425849777749,saves/unlearn/tofu/forget05/Llama-2-7b-chat-hf/SatImp/lr6e-5_b16_mb8_ga2_a0.1_b15.0_b21.0_g0.1_e10/checkpoint-104/evals/TOFU_SUMMARY.json,saves/unlearn/tofu/forget05/Llama-2-7b-chat-hf/SatImp/lr6e-5_b16_mb8_ga2_a0.1_b15.0_b21.0_g0.1_e10/checkpoint-104/evals/TOFU_EVAL.json
forget05,SatImp,lr6e-5_b16_mb8_ga2_a0.1_b15.0_b21.0_g0.1_e10,6e-5,16,8,2,0.1,6,1.0,a2,10,checkpoint-117,117,1.2127544312107394e-10,0.5810086900039905,0.836994212269783,0.15845195089271466,0.5871455751602869,0.6080286682461891,0.4035664311686141,0.597309389305595,0.08328560854401708,saves/unlearn/tofu/forget05/Llama-2-7b-chat-hf/SatImp/lr6e-5_b16_mb8_ga2_a0.1_b15.0_b21.0_g0.1_e10/checkpoint-117/evals/TOFU_SUMMARY.json,saves/unlearn/tofu/forget05/Llama-2-7b-chat-hf/SatImp/lr6e-5_b16_mb8_ga2_a0.1_b15.0_b21.0_g0.1_e10/checkpoint-117/evals/TOFU_EVAL.json
forget05,SatImp,lr6e-5_b16_mb8_ga2_a0.1_b15.0_b21.0_g0.1_e10,6e-5,16,8,2,0.1,6,1.0,a2,10,checkpoint-120,120,2.44374577116149e-10,0.5807614071065483,0.8363673290610314,0.1518843358182929,0.5870321503179042,0.6073856632563472,0.4034027052558663,0.5961400695065588,0.08663557491126082,saves/unlearn/tofu/forget05/Llama-2-7b-chat-hf/SatImp/lr6e-5_b16_mb8_ga2_a0.1_b15.0_b21.0_g0.1_e10/checkpoint-120/evals/TOFU_SUMMARY.json,saves/unlearn/tofu/forget05/Llama-2-7b-chat-hf/SatImp/lr6e-5_b16_mb8_ga2_a0.1_b15.0_b21.0_g0.1_e10/checkpoint-120/evals/TOFU_EVAL.json
forget05,SatImp,lr6e-5_b16_mb8_ga2_a0.1_b16.0_b21.0_g0.1_e10,6e-5,16,8,2,0.1,6,1.0,a2,10,checkpoint-13,13,4.869254633582969e-10,0.5773758750194368,0.9420148208737373,0.48042095180198907,0.5720215616227418,0.5951866532850283,0.4205053454420012,0.5458631409077321,-0.13384201083150093,saves/unlearn/tofu/forget05/Llama-2-7b-chat-hf/SatImp/lr6e-5_b16_mb8_ga2_a0.1_b16.0_b21.0_g0.1_e10/checkpoint-13/evals/TOFU_SUMMARY.json,saves/unlearn/tofu/forget05/Llama-2-7b-chat-hf/SatImp/lr6e-5_b16_mb8_ga2_a0.1_b16.0_b21.0_g0.1_e10/checkpoint-13/evals/TOFU_EVAL.json
forget05,SatImp,lr6e-5_b16_mb8_ga2_a0.1_b16.0_b21.0_g0.1_e10,6e-5,16,8,2,0.1,6,1.0,a2,10,checkpoint-26,26,1.2127544312107394e-10,0.5746441692213081,0.8741149154305458,0.26287631832309183,0.5782645466072788,0.6564831123981069,0.4027433341397952,0.6161968996615725,0.006148552465764762,saves/unlearn/tofu/forget05/Llama-2-7b-chat-hf/SatImp/lr6e-5_b16_mb8_ga2_a0.1_b16.0_b21.0_g0.1_e10/checkpoint-26/evals/TOFU_SUMMARY.json,saves/unlearn/tofu/forget05/Llama-2-7b-chat-hf/SatImp/lr6e-5_b16_mb8_ga2_a0.1_b16.0_b21.0_g0.1_e10/checkpoint-26/evals/TOFU_EVAL.json
forget05,SatImp,lr6e-5_b16_mb8_ga2_a0.1_b16.0_b21.0_g0.1_e10,6e-5,16,8,2,0.1,6,1.0,a2,10,checkpoint-39,39,9.594235055800515e-10,0.573156129536872,0.8505816805362701,0.19754410719654103,0.5763156117275137,0.644517312878457,0.4022239269983363,0.631766366855943,0.04909323662988996,saves/unlearn/tofu/forget05/Llama-2-7b-chat-hf/SatImp/lr6e-5_b16_mb8_ga2_a0.1_b16.0_b21.0_g0.1_e10/checkpoint-39/evals/TOFU_SUMMARY.json,saves/unlearn/tofu/forget05/Llama-2-7b-chat-hf/SatImp/lr6e-5_b16_mb8_ga2_a0.1_b16.0_b21.0_g0.1_e10/checkpoint-39/evals/TOFU_EVAL.json
forget05,SatImp,lr6e-5_b16_mb8_ga2_a0.1_b16.0_b21.0_g0.1_e10,6e-5,16,8,2,0.1,6,1.0,a2,10,checkpoint-52,52,4.869254633582969e-10,0.5782634842170096,0.8469913056492806,0.1795163059206253,0.5805756510370814,0.6408532049695042,0.4057811611919348,0.6350608446492265,0.06500967891898211,saves/unlearn/tofu/forget05/Llama-2-7b-chat-hf/SatImp/lr6e-5_b16_mb8_ga2_a0.1_b16.0_b21.0_g0.1_e10/checkpoint-52/evals/TOFU_SUMMARY.json,saves/unlearn/tofu/forget05/Llama-2-7b-chat-hf/SatImp/lr6e-5_b16_mb8_ga2_a0.1_b16.0_b21.0_g0.1_e10/checkpoint-52/evals/TOFU_EVAL.json
forget05,SatImp,lr6e-5_b16_mb8_ga2_a0.1_b16.0_b21.0_g0.1_e10,6e-5,16,8,2,0.1,6,1.0,a2,10,checkpoint-65,65,2.44374577116149e-10,0.5729386418866451,0.8480802157521248,0.1640394049672821,0.5837444300790876,0.6367665698199204,0.4070314439544333,0.6123835483335575,0.06687883177131632,saves/unlearn/tofu/forget05/Llama-2-7b-chat-hf/SatImp/lr6e-5_b16_mb8_ga2_a0.1_b16.0_b21.0_g0.1_e10/checkpoint-65/evals/TOFU_SUMMARY.json,saves/unlearn/tofu/forget05/Llama-2-7b-chat-hf/SatImp/lr6e-5_b16_mb8_ga2_a0.1_b16.0_b21.0_g0.1_e10/checkpoint-65/evals/TOFU_EVAL.json
forget05,SatImp,lr6e-5_b16_mb8_ga2_a0.1_b16.0_b21.0_g0.1_e10,6e-5,16,8,2,0.1,6,1.0,a2,10,checkpoint-78,78,1.2127544312107394e-10,0.5752747808419207,0.8497050151228904,0.1778492280783732,0.5905303632427156,0.6202914739884464,0.4023655196686796,0.6033794274303309,0.061497659362564364,saves/unlearn/tofu/forget05/Llama-2-7b-chat-hf/SatImp/lr6e-5_b16_mb8_ga2_a0.1_b16.0_b21.0_g0.1_e10/checkpoint-78/evals/TOFU_SUMMARY.json,saves/unlearn/tofu/forget05/Llama-2-7b-chat-hf/SatImp/lr6e-5_b16_mb8_ga2_a0.1_b16.0_b21.0_g0.1_e10/checkpoint-78/evals/TOFU_EVAL.json
forget05,SatImp,lr6e-5_b16_mb8_ga2_a0.1_b16.0_b21.0_g0.1_e10,6e-5,16,8,2,0.1,6,1.0,a2,10,checkpoint-91,91,5.951062636424447e-11,0.5758901302137202,0.8537818399071694,0.18363383653133517,0.5822879689741561,0.6025747066162621,0.40722375163253416,0.5937936725850527,0.0571822920539785,saves/unlearn/tofu/forget05/Llama-2-7b-chat-hf/SatImp/lr6e-5_b16_mb8_ga2_a0.1_b16.0_b21.0_g0.1_e10/checkpoint-91/evals/TOFU_SUMMARY.json,saves/unlearn/tofu/forget05/Llama-2-7b-chat-hf/SatImp/lr6e-5_b16_mb8_ga2_a0.1_b16.0_b21.0_g0.1_e10/checkpoint-91/evals/TOFU_EVAL.json
forget05,SatImp,lr6e-5_b16_mb8_ga2_a0.1_b16.0_b21.0_g0.1_e10,6e-5,16,8,2,0.1,6,1.0,a2,10,checkpoint-104,104,1.2127544312107394e-10,0.5761093087666747,0.8582934352755547,0.18829778042040332,0.580997186519244,0.5968843066787624,0.4105234144913689,0.5893745182940918,0.05281370103997109,saves/unlearn/tofu/forget05/Llama-2-7b-chat-hf/SatImp/lr6e-5_b16_mb8_ga2_a0.1_b16.0_b21.0_g0.1_e10/checkpoint-104/evals/TOFU_SUMMARY.json,saves/unlearn/tofu/forget05/Llama-2-7b-chat-hf/SatImp/lr6e-5_b16_mb8_ga2_a0.1_b16.0_b21.0_g0.1_e10/checkpoint-104/evals/TOFU_EVAL.json
forget05,SatImp,lr6e-5_b16_mb8_ga2_a0.1_b16.0_b21.0_g0.1_e10,6e-5,16,8,2,0.1,6,1.0,a2,10,checkpoint-117,117,5.951062636424447e-11,0.577774711977431,0.8588219091296196,0.18461988796444945,0.5808021523998671,0.5979081647656032,0.4113184084298565,0.589378053901318,0.056053813489907095,saves/unlearn/tofu/forget05/Llama-2-7b-chat-hf/SatImp/lr6e-5_b16_mb8_ga2_a0.1_b16.0_b21.0_g0.1_e10/checkpoint-117/evals/TOFU_SUMMARY.json,saves/unlearn/tofu/forget05/Llama-2-7b-chat-hf/SatImp/lr6e-5_b16_mb8_ga2_a0.1_b16.0_b21.0_g0.1_e10/checkpoint-117/evals/TOFU_EVAL.json
forget05,SatImp,lr6e-5_b16_mb8_ga2_a0.1_b16.0_b21.0_g0.1_e10,6e-5,16,8,2,0.1,6,1.0,a2,10,checkpoint-120,120,1.2127544312107394e-10,0.5775364989803816,0.8594550147652626,0.18433548781105188,0.5807328786940417,0.5981369778013419,0.41127199454492774,0.5886938107334189,0.055641247813499786,saves/unlearn/tofu/forget05/Llama-2-7b-chat-hf/SatImp/lr6e-5_b16_mb8_ga2_a0.1_b16.0_b21.0_g0.1_e10/checkpoint-120/evals/TOFU_SUMMARY.json,saves/unlearn/tofu/forget05/Llama-2-7b-chat-hf/SatImp/lr6e-5_b16_mb8_ga2_a0.1_b16.0_b21.0_g0.1_e10/checkpoint-120/evals/TOFU_EVAL.json
forget05,SatImp,lr6e-5_b16_mb8_ga2_a1.0_b15.0_b21.0_g0.1_e10,6e-5,16,8,2,1.0,6,1.0,a2,10,checkpoint-13,13,3.0799540915748314e-12,0.5927307438098037,0.9535582384467125,0.6092807122062469,0.5525476736604205,0.6070625490309016,0.4342195232789332,0.5617144418871781,-0.188688731513596,saves/unlearn/tofu/forget05/Llama-2-7b-chat-hf/SatImp/lr6e-5_b16_mb8_ga2_a1.0_b15.0_b21.0_g0.1_e10/checkpoint-13/evals/TOFU_SUMMARY.json,saves/unlearn/tofu/forget05/Llama-2-7b-chat-hf/SatImp/lr6e-5_b16_mb8_ga2_a1.0_b15.0_b21.0_g0.1_e10/checkpoint-13/evals/TOFU_EVAL.json
forget05,SatImp,lr6e-5_b16_mb8_ga2_a1.0_b15.0_b21.0_g0.1_e10,6e-5,16,8,2,1.0,6,1.0,a2,10,checkpoint-26,26,1.8694649189611297e-09,0.5646232075556826,0.9126445773243904,0.3672116411195937,0.5823059237067101,0.5997095906550106,0.3973998264351739,0.5874164244214385,-0.07530489979684452,saves/unlearn/tofu/forget05/Llama-2-7b-chat-hf/SatImp/lr6e-5_b16_mb8_ga2_a1.0_b15.0_b21.0_g0.1_e10/checkpoint-26/evals/TOFU_SUMMARY.json,saves/unlearn/tofu/forget05/Llama-2-7b-chat-hf/SatImp/lr6e-5_b16_mb8_ga2_a1.0_b15.0_b21.0_g0.1_e10/checkpoint-26/evals/TOFU_EVAL.json
forget05,SatImp,lr6e-5_b16_mb8_ga2_a1.0_b15.0_b21.0_g0.1_e10,6e-5,16,8,2,1.0,6,1.0,a2,10,checkpoint-39,39,1.8694649189611297e-09,0.5746866390832538,0.8931824317574502,0.2994992160737146,0.5739474100424666,0.6066191604570244,0.4083727226774666,0.612913514984226,-0.02165418296286367,saves/unlearn/tofu/forget05/Llama-2-7b-chat-hf/SatImp/lr6e-5_b16_mb8_ga2_a1.0_b15.0_b21.0_g0.1_e10/checkpoint-39/evals/TOFU_SUMMARY.json,saves/unlearn/tofu/forget05/Llama-2-7b-chat-hf/SatImp/lr6e-5_b16_mb8_ga2_a1.0_b15.0_b21.0_g0.1_e10/checkpoint-39/evals/TOFU_EVAL.json
forget05,SatImp,lr6e-5_b16_mb8_ga2_a1.0_b15.0_b21.0_g0.1_e10,6e-5,16,8,2,1.0,6,1.0,a2,10,checkpoint-52,52,4.869254633582969e-10,0.5679224921831434,0.9098469844460487,0.3177187833889609,0.5714433300649975,0.5855171953133452,0.40332786616922744,0.6044433544237918,-0.04586039124743593,saves/unlearn/tofu/forget05/Llama-2-7b-chat-hf/SatImp/lr6e-5_b16_mb8_ga2_a1.0_b15.0_b21.0_g0.1_e10/checkpoint-52/evals/TOFU_SUMMARY.json,saves/unlearn/tofu/forget05/Llama-2-7b-chat-hf/SatImp/lr6e-5_b16_mb8_ga2_a1.0_b15.0_b21.0_g0.1_e10/checkpoint-52/evals/TOFU_EVAL.json
forget05,SatImp,lr6e-5_b16_mb8_ga2_a1.0_b15.0_b21.0_g0.1_e10,6e-5,16,8,2,1.0,6,1.0,a2,10,checkpoint-65,65,9.594235055800515e-10,0.5758033862854216,0.9116325974464417,0.32292396731591866,0.5696947842336801,0.596586921478024,0.40202359683996575,0.6063011946485255,-0.04147489513633501,saves/unlearn/tofu/forget05/Llama-2-7b-chat-hf/SatImp/lr6e-5_b16_mb8_ga2_a1.0_b15.0_b21.0_g0.1_e10/checkpoint-65/evals/TOFU_SUMMARY.json,saves/unlearn/tofu/forget05/Llama-2-7b-chat-hf/SatImp/lr6e-5_b16_mb8_ga2_a1.0_b15.0_b21.0_g0.1_e10/checkpoint-65/evals/TOFU_EVAL.json
forget05,SatImp,lr6e-5_b16_mb8_ga2_a1.0_b15.0_b21.0_g0.1_e10,6e-5,16,8,2,1.0,6,1.0,a2,10,checkpoint-78,78,2.44374577116149e-10,0.5804279231569166,0.9185652086138725,0.3490386214355869,0.5663504680036436,0.5936931633762026,0.40713827835249994,0.6046023348259708,-0.05337399162343845,saves/unlearn/tofu/forget05/Llama-2-7b-chat-hf/SatImp/lr6e-5_b16_mb8_ga2_a1.0_b15.0_b21.0_g0.1_e10/checkpoint-78/evals/TOFU_SUMMARY.json,saves/unlearn/tofu/forget05/Llama-2-7b-chat-hf/SatImp/lr6e-5_b16_mb8_ga2_a1.0_b15.0_b21.0_g0.1_e10/checkpoint-78/evals/TOFU_EVAL.json
forget05,SatImp,lr6e-5_b16_mb8_ga2_a1.0_b15.0_b21.0_g0.1_e10,6e-5,16,8,2,1.0,6,1.0,a2,10,checkpoint-91,91,2.44374577116149e-10,0.5829451154321132,0.9224554440379142,0.36794062245881504,0.5662400734971584,0.5947236559865563,0.406271990941518,0.5967569355505042,-0.06225291757187676,saves/unlearn/tofu/forget05/Llama-2-7b-chat-hf/SatImp/lr6e-5_b16_mb8_ga2_a1.0_b15.0_b21.0_g0.1_e10/checkpoint-91/evals/TOFU_SUMMARY.json,saves/unlearn/tofu/forget05/Llama-2-7b-chat-hf/SatImp/lr6e-5_b16_mb8_ga2_a1.0_b15.0_b21.0_g0.1_e10/checkpoint-91/evals/TOFU_EVAL.json
forget05,SatImp,lr6e-5_b16_mb8_ga2_a1.0_b15.0_b21.0_g0.1_e10,6e-5,16,8,2,1.0,6,1.0,a2,10,checkpoint-104,104,2.8873674273022313e-11,0.5827124152679943,0.9264272347092628,0.3800907425702374,0.5644594653892132,0.5871495218699941,0.40811964830921665,0.5912251497692897,-0.07054657334288209,saves/unlearn/tofu/forget05/Llama-2-7b-chat-hf/SatImp/lr6e-5_b16_mb8_ga2_a1.0_b15.0_b21.0_g0.1_e10/checkpoint-104/evals/TOFU_SUMMARY.json,saves/unlearn/tofu/forget05/Llama-2-7b-chat-hf/SatImp/lr6e-5_b16_mb8_ga2_a1.0_b15.0_b21.0_g0.1_e10/checkpoint-104/evals/TOFU_EVAL.json
forget05,SatImp,lr6e-5_b16_mb8_ga2_a1.0_b15.0_b21.0_g0.1_e10,6e-5,16,8,2,1.0,6,1.0,a2,10,checkpoint-117,117,5.951062636424447e-11,0.5831273493320609,0.9274920991063118,0.3839868115441918,0.563782261331279,0.5847753211490353,0.4088032352386822,0.589200145713788,-0.07261210593368028,saves/unlearn/tofu/forget05/Llama-2-7b-chat-hf/SatImp/lr6e-5_b16_mb8_ga2_a1.0_b15.0_b21.0_g0.1_e10/checkpoint-117/evals/TOFU_SUMMARY.json,saves/unlearn/tofu/forget05/Llama-2-7b-chat-hf/SatImp/lr6e-5_b16_mb8_ga2_a1.0_b15.0_b21.0_g0.1_e10/checkpoint-117/evals/TOFU_EVAL.json
forget05,SatImp,lr6e-5_b16_mb8_ga2_a1.0_b15.0_b21.0_g0.1_e10,6e-5,16,8,2,1.0,6,1.0,a2,10,checkpoint-120,120,2.8873674273022313e-11,0.5827720127212541,0.9278465071320534,0.38138002286067674,0.5634963820931835,0.5849263553497018,0.40885409627872243,0.5894134180731301,-0.07184125224623727,saves/unlearn/tofu/forget05/Llama-2-7b-chat-hf/SatImp/lr6e-5_b16_mb8_ga2_a1.0_b15.0_b21.0_g0.1_e10/checkpoint-120/evals/TOFU_SUMMARY.json,saves/unlearn/tofu/forget05/Llama-2-7b-chat-hf/SatImp/lr6e-5_b16_mb8_ga2_a1.0_b15.0_b21.0_g0.1_e10/checkpoint-120/evals/TOFU_EVAL.json
forget05,SatImp,lr6e-5_b16_mb8_ga2_a1.0_b16.0_b21.0_g0.1_e10,6e-5,16,8,2,1.0,6,1.0,a2,10,checkpoint-13,13,6.540866008411473e-13,0.5960118710484126,0.9553249630331994,0.6087223232083591,0.551027249554155,0.6128116893176481,0.43618497787972765,0.5639411722337796,-0.1860117720717126,saves/unlearn/tofu/forget05/Llama-2-7b-chat-hf/SatImp/lr6e-5_b16_mb8_ga2_a1.0_b16.0_b21.0_g0.1_e10/checkpoint-13/evals/TOFU_SUMMARY.json,saves/unlearn/tofu/forget05/Llama-2-7b-chat-hf/SatImp/lr6e-5_b16_mb8_ga2_a1.0_b16.0_b21.0_g0.1_e10/checkpoint-13/evals/TOFU_EVAL.json
forget05,SatImp,lr6e-5_b16_mb8_ga2_a1.0_b16.0_b21.0_g0.1_e10,6e-5,16,8,2,1.0,6,1.0,a2,10,checkpoint-26,26,4.869254633582969e-10,0.5667562137955989,0.9121071526408195,0.34586960455054194,0.5805334961157581,0.60385767475795,0.3996709897201792,0.5891979167031932,-0.06223216431315631,saves/unlearn/tofu/forget05/Llama-2-7b-chat-hf/SatImp/lr6e-5_b16_mb8_ga2_a1.0_b16.0_b21.0_g0.1_e10/checkpoint-26/evals/TOFU_SUMMARY.json,saves/unlearn/tofu/forget05/Llama-2-7b-chat-hf/SatImp/lr6e-5_b16_mb8_ga2_a1.0_b16.0_b21.0_g0.1_e10/checkpoint-26/evals/TOFU_EVAL.json
forget05,SatImp,lr6e-5_b16_mb8_ga2_a1.0_b16.0_b21.0_g0.1_e10,6e-5,16,8,2,1.0,6,1.0,a2,10,checkpoint-39,39,3.602472544567432e-09,0.5739777109358926,0.8988459742069245,0.31756022917544047,0.5766618554052424,0.6005530621228354,0.40899676616431263,0.6063063393458419,-0.034225387152817366,saves/unlearn/tofu/forget05/Llama-2-7b-chat-hf/SatImp/lr6e-5_b16_mb8_ga2_a1.0_b16.0_b21.0_g0.1_e10/checkpoint-39/evals/TOFU_SUMMARY.json,saves/unlearn/tofu/forget05/Llama-2-7b-chat-hf/SatImp/lr6e-5_b16_mb8_ga2_a1.0_b16.0_b21.0_g0.1_e10/checkpoint-39/evals/TOFU_EVAL.json
forget05,SatImp,lr6e-5_b16_mb8_ga2_a1.0_b16.0_b21.0_g0.1_e10,6e-5,16,8,2,1.0,6,1.0,a2,10,checkpoint-52,52,1.8694649189611297e-09,0.5653074335952233,0.9118046814203262,0.339589965725648,0.5738050126403182,0.5786136126880076,0.40281078881330684,0.5894975173216487,-0.0603898881082989,saves/unlearn/tofu/forget05/Llama-2-7b-chat-hf/SatImp/lr6e-5_b16_mb8_ga2_a1.0_b16.0_b21.0_g0.1_e10/checkpoint-52/evals/TOFU_SUMMARY.json,saves/unlearn/tofu/forget05/Llama-2-7b-chat-hf/SatImp/lr6e-5_b16_mb8_ga2_a1.0_b16.0_b21.0_g0.1_e10/checkpoint-52/evals/TOFU_EVAL.json
forget05,SatImp,lr6e-5_b16_mb8_ga2_a1.0_b16.0_b21.0_g0.1_e10,6e-5,16,8,2,1.0,6,1.0,a2,10,checkpoint-65,65,5.951062636424447e-11,0.5748758199983133,0.9121358653903008,0.3274212932975752,0.5697578761412717,0.5940046675521278,0.4051767094755915,0.5908691682585652,-0.04490275928611409,saves/unlearn/tofu/forget05/Llama-2-7b-chat-hf/SatImp/lr6e-5_b16_mb8_ga2_a1.0_b16.0_b21.0_g0.1_e10/checkpoint-65/evals/TOFU_SUMMARY.json,saves/unlearn/tofu/forget05/Llama-2-7b-chat-hf/SatImp/lr6e-5_b16_mb8_ga2_a1.0_b16.0_b21.0_g0.1_e10/checkpoint-65/evals/TOFU_EVAL.json
forget05,SatImp,lr6e-5_b16_mb8_ga2_a1.0_b16.0_b21.0_g0.1_e10,6e-5,16,8,2,1.0,6,1.0,a2,10,checkpoint-78,78,1.3850840057169374e-11,0.5790492176970631,0.9201890084147454,0.3630588868866728,0.5644369625328471,0.5875349877268768,0.4080984984228928,0.5897689704975905,-0.06257472993979521,saves/unlearn/tofu/forget05/Llama-2-7b-chat-hf/SatImp/lr6e-5_b16_mb8_ga2_a1.0_b16.0_b21.0_g0.1_e10/checkpoint-78/evals/TOFU_SUMMARY.json,saves/unlearn/tofu/forget05/Llama-2-7b-chat-hf/SatImp/lr6e-5_b16_mb8_ga2_a1.0_b16.0_b21.0_g0.1_e10/checkpoint-78/evals/TOFU_EVAL.json
forget05,SatImp,lr6e-5_b16_mb8_ga2_a1.0_b16.0_b21.0_g0.1_e10,6e-5,16,8,2,1.0,6,1.0,a2,10,checkpoint-91,91,6.5689645859369454e-12,0.5813874237856906,0.9272034505009651,0.42001706409647943,0.5592976660277716,0.5828130258269401,0.4093919087502878,0.5851252678375749,-0.09222283350646265,saves/unlearn/tofu/forget05/Llama-2-7b-chat-hf/SatImp/lr6e-5_b16_mb8_ga2_a1.0_b16.0_b21.0_g0.1_e10/checkpoint-91/evals/TOFU_SUMMARY.json,saves/unlearn/tofu/forget05/Llama-2-7b-chat-hf/SatImp/lr6e-5_b16_mb8_ga2_a1.0_b16.0_b21.0_g0.1_e10/checkpoint-91/evals/TOFU_EVAL.json
forget05,SatImp,lr6e-5_b16_mb8_ga2_a1.0_b16.0_b21.0_g0.1_e10,6e-5,16,8,2,1.0,6,1.0,a2,10,checkpoint-104,104,1.4275699621532978e-12,0.581440866117817,0.9298758605122566,0.4162318262936113,0.5563272125182812,0.5770644458199974,0.41137238790289854,0.5811044482042057,-0.09161297728368942,saves/unlearn/tofu/forget05/Llama-2-7b-chat-hf/SatImp/lr6e-5_b16_mb8_ga2_a1.0_b16.0_b21.0_g0.1_e10/checkpoint-104/evals/TOFU_SUMMARY.json,saves/unlearn/tofu/forget05/Llama-2-7b-chat-hf/SatImp/lr6e-5_b16_mb8_ga2_a1.0_b16.0_b21.0_g0.1_e10/checkpoint-104/evals/TOFU_EVAL.json
forget05,SatImp,lr6e-5_b16_mb8_ga2_a1.0_b16.0_b21.0_g0.1_e10,6e-5,16,8,2,1.0,6,1.0,a2,10,checkpoint-117,117,2.9623487356936016e-13,0.5820827176370876,0.9305503380298614,0.4201910835530934,0.5557281401944076,0.5769084735671876,0.4119626866474988,0.5788941589889941,-0.09328799315409358,saves/unlearn/tofu/forget05/Llama-2-7b-chat-hf/SatImp/lr6e-5_b16_mb8_ga2_a1.0_b16.0_b21.0_g0.1_e10/checkpoint-117/evals/TOFU_SUMMARY.json,saves/unlearn/tofu/forget05/Llama-2-7b-chat-hf/SatImp/lr6e-5_b16_mb8_ga2_a1.0_b16.0_b21.0_g0.1_e10/checkpoint-117/evals/TOFU_EVAL.json
forget05,SatImp,lr6e-5_b16_mb8_ga2_a1.0_b16.0_b21.0_g0.1_e10,6e-5,16,8,2,1.0,6,1.0,a2,10,checkpoint-120,120,6.540866008411473e-13,0.5832375133977624,0.9309872817993164,0.42498776384639475,0.5560153317015782,0.5787246888513221,0.41206320513407246,0.5800588095820426,-0.09475000942443915,saves/unlearn/tofu/forget05/Llama-2-7b-chat-hf/SatImp/lr6e-5_b16_mb8_ga2_a1.0_b16.0_b21.0_g0.1_e10/checkpoint-120/evals/TOFU_SUMMARY.json,saves/unlearn/tofu/forget05/Llama-2-7b-chat-hf/SatImp/lr6e-5_b16_mb8_ga2_a1.0_b16.0_b21.0_g0.1_e10/checkpoint-120/evals/TOFU_EVAL.json
forget05,SatImp,lr6e-5_b32_mb8_ga4_a0.01_b15.0_b21.0_g0.1_e10,6e-5,32,8,4,0.01,5.0,1.0,a4,10,checkpoint-7,7,4.869254633582969e-10,0.5769267133861368,0.8998944398760795,0.34235248158789733,0.5797855105751982,0.6037624652653861,0.4249703235126336,0.5546012251604998,-0.04419674685892616,saves/unlearn/tofu/forget05/Llama-2-7b-chat-hf/SatImp/lr6e-5_b32_mb8_ga4_a0.01_b15.0_b21.0_g0.1_e10/checkpoint-7/evals/TOFU_SUMMARY.json,saves/unlearn/tofu/forget05/Llama-2-7b-chat-hf/SatImp/lr6e-5_b32_mb8_ga4_a0.01_b15.0_b21.0_g0.1_e10/checkpoint-7/evals/TOFU_EVAL.json
forget05,SatImp,lr6e-5_b32_mb8_ga4_a0.01_b15.0_b21.0_g0.1_e10,6e-5,32,8,4,0.01,5.0,1.0,a4,10,checkpoint-14,14,0.17793352788293415,0.5747790601842232,0.6399340302497148,0.09211239810406038,0.7019800717871079,0.6347813622849615,0.4066601986471454,0.5947222387028889,0.38668937389026975,saves/unlearn/tofu/forget05/Llama-2-7b-chat-hf/SatImp/lr6e-5_b32_mb8_ga4_a0.01_b15.0_b21.0_g0.1_e10/checkpoint-14/evals/TOFU_SUMMARY.json,saves/unlearn/tofu/forget05/Llama-2-7b-chat-hf/SatImp/lr6e-5_b32_mb8_ga4_a0.01_b15.0_b21.0_g0.1_e10/checkpoint-14/evals/TOFU_EVAL.json
forget05,SatImp,lr6e-5_b32_mb8_ga4_a0.01_b15.0_b21.0_g0.1_e10,6e-5,32,8,4,0.01,5.0,1.0,a4,10,checkpoint-21,21,6.734842895808746e-06,0.5628089905870138,0.27766979961656035,0.04012940394391924,0.7803622850793462,0.5850430589002037,0.41151866784288726,0.577831640517896,0.40391612364966983,saves/unlearn/tofu/forget05/Llama-2-7b-chat-hf/SatImp/lr6e-5_b32_mb8_ga4_a0.01_b15.0_b21.0_g0.1_e10/checkpoint-21/evals/TOFU_SUMMARY.json,saves/unlearn/tofu/forget05/Llama-2-7b-chat-hf/SatImp/lr6e-5_b32_mb8_ga4_a0.01_b15.0_b21.0_g0.1_e10/checkpoint-21/evals/TOFU_EVAL.json
forget05,SatImp,lr6e-5_b32_mb8_ga4_a0.01_b15.0_b21.0_g0.1_e10,6e-5,32,8,4,0.01,5.0,1.0,a4,10,checkpoint-28,28,2.8873674273022313e-11,0.5698918638702193,0.1659773815656081,0.03324610951294948,0.820870587677087,0.5858810720582972,0.40817931515851297,0.587671712458686,0.4702801183598142,saves/unlearn/tofu/forget05/Llama-2-7b-chat-hf/SatImp/lr6e-5_b32_mb8_ga4_a0.01_b15.0_b21.0_g0.1_e10/checkpoint-28/evals/TOFU_SUMMARY.json,saves/unlearn/tofu/forget05/Llama-2-7b-chat-hf/SatImp/lr6e-5_b32_mb8_ga4_a0.01_b15.0_b21.0_g0.1_e10/checkpoint-28/evals/TOFU_EVAL.json
forget05,SatImp,lr6e-5_b32_mb8_ga4_a0.01_b15.0_b21.0_g0.1_e10,6e-5,32,8,4,0.01,5.0,1.0,a4,10,checkpoint-35,35,6.540866008411473e-13,0.5816706788115598,0.136707019736059,0.03187272810522848,0.8199608003344286,0.6035444530767651,0.4154825399377525,0.6008122533900461,0.4973808048915701,saves/unlearn/tofu/forget05/Llama-2-7b-chat-hf/SatImp/lr6e-5_b32_mb8_ga4_a0.01_b15.0_b21.0_g0.1_e10/checkpoint-35/evals/TOFU_SUMMARY.json,saves/unlearn/tofu/forget05/Llama-2-7b-chat-hf/SatImp/lr6e-5_b32_mb8_ga4_a0.01_b15.0_b21.0_g0.1_e10/checkpoint-35/evals/TOFU_EVAL.json
forget05,SatImp,lr6e-5_b32_mb8_ga4_a0.01_b15.0_b21.0_g0.1_e10,6e-5,32,8,4,0.01,5.0,1.0,a4,10,checkpoint-42,42,1.3261055712130201e-13,0.5923630228748913,0.11892021436244249,0.03092741660961045,0.8339909690815123,0.6107700463559468,0.42154722478114903,0.603661244457808,0.5174392073889973,saves/unlearn/tofu/forget05/Llama-2-7b-chat-hf/SatImp/lr6e-5_b32_mb8_ga4_a0.01_b15.0_b21.0_g0.1_e10/checkpoint-42/evals/TOFU_SUMMARY.json,saves/unlearn/tofu/forget05/Llama-2-7b-chat-hf/SatImp/lr6e-5_b32_mb8_ga4_a0.01_b15.0_b21.0_g0.1_e10/checkpoint-42/evals/TOFU_EVAL.json
forget05,SatImp,lr6e-5_b32_mb8_ga4_a0.01_b15.0_b21.0_g0.1_e10,6e-5,32,8,4,0.01,5.0,1.0,a4,10,checkpoint-49,49,2.9623487356936016e-13,0.5951482963640516,0.11261094740126282,0.03092741660961045,0.8363837957869084,0.610830282473284,0.42402673239452193,0.603607309077596,0.5233791143589112,saves/unlearn/tofu/forget05/Llama-2-7b-chat-hf/SatImp/lr6e-5_b32_mb8_ga4_a0.01_b15.0_b21.0_g0.1_e10/checkpoint-49/evals/TOFU_SUMMARY.json,saves/unlearn/tofu/forget05/Llama-2-7b-chat-hf/SatImp/lr6e-5_b32_mb8_ga4_a0.01_b15.0_b21.0_g0.1_e10/checkpoint-49/evals/TOFU_EVAL.json
forget05,SatImp,lr6e-5_b32_mb8_ga4_a0.01_b15.0_b21.0_g0.1_e10,6e-5,32,8,4,0.01,5.0,1.0,a4,10,checkpoint-56,56,1.3261055712130201e-13,0.5954036375582034,0.11024139523040503,0.030657146339340184,0.8373395715940086,0.6108084619251578,0.42458780810936714,0.6018587930868913,0.5249543667734633,saves/unlearn/tofu/forget05/Llama-2-7b-chat-hf/SatImp/lr6e-5_b32_mb8_ga4_a0.01_b15.0_b21.0_g0.1_e10/checkpoint-56/evals/TOFU_SUMMARY.json,saves/unlearn/tofu/forget05/Llama-2-7b-chat-hf/SatImp/lr6e-5_b32_mb8_ga4_a0.01_b15.0_b21.0_g0.1_e10/checkpoint-56/evals/TOFU_EVAL.json
forget05,SatImp,lr6e-5_b32_mb8_ga4_a0.01_b15.0_b21.0_g0.1_e10,6e-5,32,8,4,0.01,5.0,1.0,a4,10,checkpoint-60,60,2.9623487356936016e-13,0.5954186363734456,0.11060866453219205,0.030657146339340184,0.8365180916424313,0.6115059983227296,0.4245462826986649,0.6018618491536472,0.5247857309379758,saves/unlearn/tofu/forget05/Llama-2-7b-chat-hf/SatImp/lr6e-5_b32_mb8_ga4_a0.01_b15.0_b21.0_g0.1_e10/checkpoint-60/evals/TOFU_SUMMARY.json,saves/unlearn/tofu/forget05/Llama-2-7b-chat-hf/SatImp/lr6e-5_b32_mb8_ga4_a0.01_b15.0_b21.0_g0.1_e10/checkpoint-60/evals/TOFU_EVAL.json
forget05,SatImp,lr6e-5_b32_mb8_ga4_a0.01_b16.0_b21.0_g0.1_e10,6e-5,32,8,4,0.01,6.0,1.0,a4,10,checkpoint-7,7,1.2127544312107394e-10,0.5750943318753909,0.9077285730838776,0.36866098347074616,0.5766650934750518,0.5958280192703169,0.4253595335544922,0.5460545753635355,-0.06310044628064548,saves/unlearn/tofu/forget05/Llama-2-7b-chat-hf/SatImp/lr6e-5_b32_mb8_ga4_a0.01_b16.0_b21.0_g0.1_e10/checkpoint-7/evals/TOFU_SUMMARY.json,saves/unlearn/tofu/forget05/Llama-2-7b-chat-hf/SatImp/lr6e-5_b32_mb8_ga4_a0.01_b16.0_b21.0_g0.1_e10/checkpoint-7/evals/TOFU_EVAL.json
forget05,SatImp,lr6e-5_b32_mb8_ga4_a0.01_b16.0_b21.0_g0.1_e10,6e-5,32,8,4,0.01,6.0,1.0,a4,10,checkpoint-14,14,0.0020827633834865906,0.5736070626873039,0.6863457137346267,0.10569502064450678,0.6739654321025141,0.6290805025427787,0.4105580168970067,0.585202905066677,0.1796694588812237,saves/unlearn/tofu/forget05/Llama-2-7b-chat-hf/SatImp/lr6e-5_b32_mb8_ga4_a0.01_b16.0_b21.0_g0.1_e10/checkpoint-14/evals/TOFU_SUMMARY.json,saves/unlearn/tofu/forget05/Llama-2-7b-chat-hf/SatImp/lr6e-5_b32_mb8_ga4_a0.01_b16.0_b21.0_g0.1_e10/checkpoint-14/evals/TOFU_EVAL.json
forget05,SatImp,lr6e-5_b32_mb8_ga4_a0.01_b16.0_b21.0_g0.1_e10,6e-5,32,8,4,0.01,6.0,1.0,a4,10,checkpoint-21,21,0.6284308022715471,0.5656846894603572,0.4979164784681052,0.0535278210599029,0.7189006942298038,0.5858468476168733,0.4169269765271334,0.5754161849509082,0.9183933419679003,saves/unlearn/tofu/forget05/Llama-2-7b-chat-hf/SatImp/lr6e-5_b32_mb8_ga4_a0.01_b16.0_b21.0_g0.1_e10/checkpoint-21/evals/TOFU_SUMMARY.json,saves/unlearn/tofu/forget05/Llama-2-7b-chat-hf/SatImp/lr6e-5_b32_mb8_ga4_a0.01_b16.0_b21.0_g0.1_e10/checkpoint-21/evals/TOFU_EVAL.json
forget05,SatImp,lr6e-5_b32_mb8_ga4_a0.01_b16.0_b21.0_g0.1_e10,6e-5,32,8,4,0.01,6.0,1.0,a4,10,checkpoint-28,28,4.024806511439489e-06,0.5686900621679118,0.281110317427665,0.045691773105744994,0.788752161114335,0.5892363871871142,0.411085583542675,0.5813321254531164,0.40529304170771824,saves/unlearn/tofu/forget05/Llama-2-7b-chat-hf/SatImp/lr6e-5_b32_mb8_ga4_a0.01_b16.0_b21.0_g0.1_e10/checkpoint-28/evals/TOFU_SUMMARY.json,saves/unlearn/tofu/forget05/Llama-2-7b-chat-hf/SatImp/lr6e-5_b32_mb8_ga4_a0.01_b16.0_b21.0_g0.1_e10/checkpoint-28/evals/TOFU_EVAL.json
forget05,SatImp,lr6e-5_b32_mb8_ga4_a0.01_b16.0_b21.0_g0.1_e10,6e-5,32,8,4,0.01,6.0,1.0,a4,10,checkpoint-35,35,9.594235055800515e-10,0.5615514876915906,0.15977168798912317,0.03678560493224516,0.8083670969697875,0.5554434519955848,0.41223949349086814,0.5664956436538858,0.46327284219033,saves/unlearn/tofu/forget05/Llama-2-7b-chat-hf/SatImp/lr6e-5_b32_mb8_ga4_a0.01_b16.0_b21.0_g0.1_e10/checkpoint-35/evals/TOFU_SUMMARY.json,saves/unlearn/tofu/forget05/Llama-2-7b-chat-hf/SatImp/lr6e-5_b32_mb8_ga4_a0.01_b16.0_b21.0_g0.1_e10/checkpoint-35/evals/TOFU_EVAL.json
forget05,SatImp,lr6e-5_b32_mb8_ga4_a0.01_b16.0_b21.0_g0.1_e10,6e-5,32,8,4,0.01,6.0,1.0,a4,10,checkpoint-42,42,1.3261055712130201e-13,0.5702917954166894,0.09871039201971143,0.031793688151186876,0.8214480464198661,0.5652312884220726,0.41383001096496275,0.5728585557846798,0.5050397553313728,saves/unlearn/tofu/forget05/Llama-2-7b-chat-hf/SatImp/lr6e-5_b32_mb8_ga4_a0.01_b16.0_b21.0_g0.1_e10/checkpoint-42/evals/TOFU_SUMMARY.json,saves/unlearn/tofu/forget05/Llama-2-7b-chat-hf/SatImp/lr6e-5_b32_mb8_ga4_a0.01_b16.0_b21.0_g0.1_e10/checkpoint-42/evals/TOFU_EVAL.json
forget05,SatImp,lr6e-5_b32_mb8_ga4_a0.01_b16.0_b21.0_g0.1_e10,6e-5,32,8,4,0.01,6.0,1.0,a4,10,checkpoint-49,49,1.3261055712130201e-13,0.5754339768867548,0.09753036122303456,0.03090047786773269,0.8195476703676582,0.5674308318087646,0.41625646901144564,0.5728101662210929,0.5112185573415038,saves/unlearn/tofu/forget05/Llama-2-7b-chat-hf/SatImp/lr6e-5_b32_mb8_ga4_a0.01_b16.0_b21.0_g0.1_e10/checkpoint-49/evals/TOFU_SUMMARY.json,saves/unlearn/tofu/forget05/Llama-2-7b-chat-hf/SatImp/lr6e-5_b32_mb8_ga4_a0.01_b16.0_b21.0_g0.1_e10/checkpoint-49/evals/TOFU_EVAL.json
forget05,SatImp,lr6e-5_b32_mb8_ga4_a0.01_b16.0_b21.0_g0.1_e10,6e-5,32,8,4,0.01,6.0,1.0,a4,10,checkpoint-56,56,1.3261055712130201e-13,0.5744931850222093,0.0964673920162022,0.03090047786773269,0.8222947629468124,0.5642667326301555,0.4166003021125424,0.5707078439439025,0.5108092500803744,saves/unlearn/tofu/forget05/Llama-2-7b-chat-hf/SatImp/lr6e-5_b32_mb8_ga4_a0.01_b16.0_b21.0_g0.1_e10/checkpoint-56/evals/TOFU_SUMMARY.json,saves/unlearn/tofu/forget05/Llama-2-7b-chat-hf/SatImp/lr6e-5_b32_mb8_ga4_a0.01_b16.0_b21.0_g0.1_e10/checkpoint-56/evals/TOFU_EVAL.json
forget05,SatImp,lr6e-5_b32_mb8_ga4_a0.01_b16.0_b21.0_g0.1_e10,6e-5,32,8,4,0.01,6.0,1.0,a4,10,checkpoint-60,60,6.540866008411473e-13,0.5751561617248548,0.09678854213096201,0.03090047786773269,0.8229098546885416,0.5650809990587233,0.4170110290495661,0.5692875212333095,0.5113116517261616,saves/unlearn/tofu/forget05/Llama-2-7b-chat-hf/SatImp/lr6e-5_b32_mb8_ga4_a0.01_b16.0_b21.0_g0.1_e10/checkpoint-60/evals/TOFU_SUMMARY.json,saves/unlearn/tofu/forget05/Llama-2-7b-chat-hf/SatImp/lr6e-5_b32_mb8_ga4_a0.01_b16.0_b21.0_g0.1_e10/checkpoint-60/evals/TOFU_EVAL.json
forget05,SatImp,lr6e-5_b32_mb8_ga4_a0.1_b15.0_b21.0_g0.1_e10,6e-5,32,8,4,0.1,5.0,1.0,a4,10,checkpoint-7,7,2.9623487356936016e-13,0.5798537807138362,0.9469928044080734,0.567898633849187,0.5576171235040427,0.5829458291002719,0.4280764024874445,0.5400398770269024,-0.17759193841449783,saves/unlearn/tofu/forget05/Llama-2-7b-chat-hf/SatImp/lr6e-5_b32_mb8_ga4_a0.1_b15.0_b21.0_g0.1_e10/checkpoint-7/evals/TOFU_SUMMARY.json,saves/unlearn/tofu/forget05/Llama-2-7b-chat-hf/SatImp/lr6e-5_b32_mb8_ga4_a0.1_b15.0_b21.0_g0.1_e10/checkpoint-7/evals/TOFU_EVAL.json
forget05,SatImp,lr6e-5_b32_mb8_ga4_a0.1_b15.0_b21.0_g0.1_e10,6e-5,32,8,4,0.1,5.0,1.0,a4,10,checkpoint-14,14,1.2127544312107394e-10,0.5702109168501759,0.9110441410541534,0.34273143775998366,0.5588176323430284,0.5917038717867371,0.417230967702951,0.5693518888381982,-0.056676872435617226,saves/unlearn/tofu/forget05/Llama-2-7b-chat-hf/SatImp/lr6e-5_b32_mb8_ga4_a0.1_b15.0_b21.0_g0.1_e10/checkpoint-14/evals/TOFU_SUMMARY.json,saves/unlearn/tofu/forget05/Llama-2-7b-chat-hf/SatImp/lr6e-5_b32_mb8_ga4_a0.1_b15.0_b21.0_g0.1_e10/checkpoint-14/evals/TOFU_EVAL.json
forget05,SatImp,lr6e-5_b32_mb8_ga4_a0.1_b15.0_b21.0_g0.1_e10,6e-5,32,8,4,0.1,5.0,1.0,a4,10,checkpoint-21,21,1.3850840057169374e-11,0.5666298809803915,0.8856675606966019,0.28516480058222055,0.5608701840273954,0.5725807409875062,0.4263264146680193,0.5754454307604852,-0.018786299645168952,saves/unlearn/tofu/forget05/Llama-2-7b-chat-hf/SatImp/lr6e-5_b32_mb8_ga4_a0.1_b15.0_b21.0_g0.1_e10/checkpoint-21/evals/TOFU_SUMMARY.json,saves/unlearn/tofu/forget05/Llama-2-7b-chat-hf/SatImp/lr6e-5_b32_mb8_ga4_a0.1_b15.0_b21.0_g0.1_e10/checkpoint-21/evals/TOFU_EVAL.json
forget05,SatImp,lr6e-5_b32_mb8_ga4_a0.1_b15.0_b21.0_g0.1_e10,6e-5,32,8,4,0.1,5.0,1.0,a4,10,checkpoint-28,28,5.951062636424447e-11,0.5796791616794854,0.8835833302140236,0.2486149172539607,0.5690705187100827,0.5949577431571176,0.42684173591003693,0.5932989785226878,0.013580038005003889,saves/unlearn/tofu/forget05/Llama-2-7b-chat-hf/SatImp/lr6e-5_b32_mb8_ga4_a0.1_b15.0_b21.0_g0.1_e10/checkpoint-28/evals/TOFU_SUMMARY.json,saves/unlearn/tofu/forget05/Llama-2-7b-chat-hf/SatImp/lr6e-5_b32_mb8_ga4_a0.1_b15.0_b21.0_g0.1_e10/checkpoint-28/evals/TOFU_EVAL.json
forget05,SatImp,lr6e-5_b32_mb8_ga4_a0.1_b15.0_b21.0_g0.1_e10,6e-5,32,8,4,0.1,5.0,1.0,a4,10,checkpoint-35,35,2.44374577116149e-10,0.5817165575075285,0.8791538166999817,0.24664655330488713,0.5707546001372863,0.5880208729972656,0.42701718189149224,0.5915807221942087,0.018816372749468693,saves/unlearn/tofu/forget05/Llama-2-7b-chat-hf/SatImp/lr6e-5_b32_mb8_ga4_a0.1_b15.0_b21.0_g0.1_e10/checkpoint-35/evals/TOFU_SUMMARY.json,saves/unlearn/tofu/forget05/Llama-2-7b-chat-hf/SatImp/lr6e-5_b32_mb8_ga4_a0.1_b15.0_b21.0_g0.1_e10/checkpoint-35/evals/TOFU_EVAL.json
forget05,SatImp,lr6e-5_b32_mb8_ga4_a0.1_b15.0_b21.0_g0.1_e10,6e-5,32,8,4,0.1,5.0,1.0,a4,10,checkpoint-42,42,2.44374577116149e-10,0.586178484144605,0.8800372338294983,0.23092068448458114,0.5658630907508325,0.5851458849735753,0.4303928158840879,0.5921262722590486,0.030699525231939973,saves/unlearn/tofu/forget05/Llama-2-7b-chat-hf/SatImp/lr6e-5_b32_mb8_ga4_a0.1_b15.0_b21.0_g0.1_e10/checkpoint-42/evals/TOFU_SUMMARY.json,saves/unlearn/tofu/forget05/Llama-2-7b-chat-hf/SatImp/lr6e-5_b32_mb8_ga4_a0.1_b15.0_b21.0_g0.1_e10/checkpoint-42/evals/TOFU_EVAL.json
forget05,SatImp,lr6e-5_b32_mb8_ga4_a0.1_b15.0_b21.0_g0.1_e10,6e-5,32,8,4,0.1,5.0,1.0,a4,10,checkpoint-49,49,1.3850840057169374e-11,0.5895064233708363,0.8833280125260353,0.23688034397522592,0.5636474226864898,0.5897085385878094,0.4326992612011334,0.5906018924731414,0.02940224513405644,saves/unlearn/tofu/forget05/Llama-2-7b-chat-hf/SatImp/lr6e-5_b32_mb8_ga4_a0.1_b15.0_b21.0_g0.1_e10/checkpoint-49/evals/TOFU_SUMMARY.json,saves/unlearn/tofu/forget05/Llama-2-7b-chat-hf/SatImp/lr6e-5_b32_mb8_ga4_a0.1_b15.0_b21.0_g0.1_e10/checkpoint-49/evals/TOFU_EVAL.json
forget05,SatImp,lr6e-5_b32_mb8_ga4_a0.1_b15.0_b21.0_g0.1_e10,6e-5,32,8,4,0.1,5.0,1.0,a4,10,checkpoint-56,56,2.8873674273022313e-11,0.5901995447058421,0.884740940630436,0.24042580233842728,0.5635556139120221,0.5880350028949833,0.43361938142796475,0.5893438417122393,0.02761617325028419,saves/unlearn/tofu/forget05/Llama-2-7b-chat-hf/SatImp/lr6e-5_b32_mb8_ga4_a0.1_b15.0_b21.0_g0.1_e10/checkpoint-56/evals/TOFU_SUMMARY.json,saves/unlearn/tofu/forget05/Llama-2-7b-chat-hf/SatImp/lr6e-5_b32_mb8_ga4_a0.1_b15.0_b21.0_g0.1_e10/checkpoint-56/evals/TOFU_EVAL.json
forget05,SatImp,lr6e-5_b32_mb8_ga4_a0.1_b15.0_b21.0_g0.1_e10,6e-5,32,8,4,0.1,5.0,1.0,a4,10,checkpoint-60,60,5.951062636424447e-11,0.5905667195323969,0.8854622748494149,0.2438405675371681,0.5638544288712262,0.5882048304870192,0.4336951743500299,0.5898803385893082,0.02591529839861606,saves/unlearn/tofu/forget05/Llama-2-7b-chat-hf/SatImp/lr6e-5_b32_mb8_ga4_a0.1_b15.0_b21.0_g0.1_e10/checkpoint-60/evals/TOFU_SUMMARY.json,saves/unlearn/tofu/forget05/Llama-2-7b-chat-hf/SatImp/lr6e-5_b32_mb8_ga4_a0.1_b15.0_b21.0_g0.1_e10/checkpoint-60/evals/TOFU_EVAL.json
forget05,SatImp,lr6e-5_b32_mb8_ga4_a0.1_b16.0_b21.0_g0.1_e10,6e-5,32,8,4,0.1,6.0,1.0,a4,10,checkpoint-7,7,6.540866008411473e-13,0.5785800667101654,0.9477598541975021,0.5696416500306818,0.5573503906886829,0.5787237300417221,0.42765686897754934,0.5398430914852428,-0.18012068540327253,saves/unlearn/tofu/forget05/Llama-2-7b-chat-hf/SatImp/lr6e-5_b32_mb8_ga4_a0.1_b16.0_b21.0_g0.1_e10/checkpoint-7/evals/TOFU_SUMMARY.json,saves/unlearn/tofu/forget05/Llama-2-7b-chat-hf/SatImp/lr6e-5_b32_mb8_ga4_a0.1_b16.0_b21.0_g0.1_e10/checkpoint-7/evals/TOFU_EVAL.json
forget05,SatImp,lr6e-5_b32_mb8_ga4_a0.1_b16.0_b21.0_g0.1_e10,6e-5,32,8,4,0.1,6.0,1.0,a4,10,checkpoint-14,14,6.5689645859369454e-12,0.5785677047474654,0.9138578787446022,0.3579193735718304,0.5521590982413075,0.6141589185403847,0.41938953350496233,0.5842133886231289,-0.05732092140418191,saves/unlearn/tofu/forget05/Llama-2-7b-chat-hf/SatImp/lr6e-5_b32_mb8_ga4_a0.1_b16.0_b21.0_g0.1_e10/checkpoint-14/evals/TOFU_SUMMARY.json,saves/unlearn/tofu/forget05/Llama-2-7b-chat-hf/SatImp/lr6e-5_b32_mb8_ga4_a0.1_b16.0_b21.0_g0.1_e10/checkpoint-14/evals/TOFU_EVAL.json
forget05,SatImp,lr6e-5_b32_mb8_ga4_a0.1_b16.0_b21.0_g0.1_e10,6e-5,32,8,4,0.1,6.0,1.0,a4,10,checkpoint-21,21,6.5689645859369454e-12,0.5714816103507357,0.8938369077444076,0.2912781227116674,0.559960064224542,0.5771406135770794,0.4236869366405744,0.5790377666174429,-0.021075904870732798,saves/unlearn/tofu/forget05/Llama-2-7b-chat-hf/SatImp/lr6e-5_b32_mb8_ga4_a0.1_b16.0_b21.0_g0.1_e10/checkpoint-21/evals/TOFU_SUMMARY.json,saves/unlearn/tofu/forget05/Llama-2-7b-chat-hf/SatImp/lr6e-5_b32_mb8_ga4_a0.1_b16.0_b21.0_g0.1_e10/checkpoint-21/evals/TOFU_EVAL.json
forget05,SatImp,lr6e-5_b32_mb8_ga4_a0.1_b16.0_b21.0_g0.1_e10,6e-5,32,8,4,0.1,6.0,1.0,a4,10,checkpoint-28,28,3.0799540915748314e-12,0.578596432613069,0.898194217979908,0.300429942464402,0.5619164373832314,0.5901591242459635,0.42664004920270626,0.5939386928519386,-0.02071564760600597,saves/unlearn/tofu/forget05/Llama-2-7b-chat-hf/SatImp/lr6e-5_b32_mb8_ga4_a0.1_b16.0_b21.0_g0.1_e10/checkpoint-28/evals/TOFU_SUMMARY.json,saves/unlearn/tofu/forget05/Llama-2-7b-chat-hf/SatImp/lr6e-5_b32_mb8_ga4_a0.1_b16.0_b21.0_g0.1_e10/checkpoint-28/evals/TOFU_EVAL.json
forget05,SatImp,lr6e-5_b32_mb8_ga4_a0.1_b16.0_b21.0_g0.1_e10,6e-5,32,8,4,0.1,6.0,1.0,a4,10,checkpoint-35,35,2.8873674273022313e-11,0.5844622424017125,0.893656664788723,0.26865760827708374,0.5634197087127226,0.5897408537727553,0.4253057502757167,0.5938708908061524,0.0033051058976828473,saves/unlearn/tofu/forget05/Llama-2-7b-chat-hf/SatImp/lr6e-5_b32_mb8_ga4_a0.1_b16.0_b21.0_g0.1_e10/checkpoint-35/evals/TOFU_SUMMARY.json,saves/unlearn/tofu/forget05/Llama-2-7b-chat-hf/SatImp/lr6e-5_b32_mb8_ga4_a0.1_b16.0_b21.0_g0.1_e10/checkpoint-35/evals/TOFU_EVAL.json
forget05,SatImp,lr6e-5_b32_mb8_ga4_a0.1_b16.0_b21.0_g0.1_e10,6e-5,32,8,4,0.1,6.0,1.0,a4,10,checkpoint-42,42,1.3850840057169374e-11,0.5906451470952454,0.8950911831855773,0.2694707001485,0.5595263227354315,0.6012658102439105,0.42646767747288805,0.59685231596728,0.008364205442057543,saves/unlearn/tofu/forget05/Llama-2-7b-chat-hf/SatImp/lr6e-5_b32_mb8_ga4_a0.1_b16.0_b21.0_g0.1_e10/checkpoint-42/evals/TOFU_SUMMARY.json,saves/unlearn/tofu/forget05/Llama-2-7b-chat-hf/SatImp/lr6e-5_b32_mb8_ga4_a0.1_b16.0_b21.0_g0.1_e10/checkpoint-42/evals/TOFU_EVAL.json
forget05,SatImp,lr6e-5_b32_mb8_ga4_a0.1_b16.0_b21.0_g0.1_e10,6e-5,32,8,4,0.1,6.0,1.0,a4,10,checkpoint-49,49,6.5689645859369454e-12,0.5943228648294804,0.8995211714506149,0.28691357480069357,0.5577707216770094,0.6044235258486185,0.4281867585648919,0.5932007657155162,0.00110549171039509,saves/unlearn/tofu/forget05/Llama-2-7b-chat-hf/SatImp/lr6e-5_b32_mb8_ga4_a0.1_b16.0_b21.0_g0.1_e10/checkpoint-49/evals/TOFU_SUMMARY.json,saves/unlearn/tofu/forget05/Llama-2-7b-chat-hf/SatImp/lr6e-5_b32_mb8_ga4_a0.1_b16.0_b21.0_g0.1_e10/checkpoint-49/evals/TOFU_EVAL.json
forget05,SatImp,lr6e-5_b32_mb8_ga4_a0.1_b16.0_b21.0_g0.1_e10,6e-5,32,8,4,0.1,6.0,1.0,a4,10,checkpoint-56,56,3.0799540915748314e-12,0.5943950682963448,0.9013376438617706,0.29142593572998443,0.5573806897964202,0.6022389262544,0.4287764251428689,0.5906403923074404,-0.001986721496452737,saves/unlearn/tofu/forget05/Llama-2-7b-chat-hf/SatImp/lr6e-5_b32_mb8_ga4_a0.1_b16.0_b21.0_g0.1_e10/checkpoint-56/evals/TOFU_SUMMARY.json,saves/unlearn/tofu/forget05/Llama-2-7b-chat-hf/SatImp/lr6e-5_b32_mb8_ga4_a0.1_b16.0_b21.0_g0.1_e10/checkpoint-56/evals/TOFU_EVAL.json
forget05,SatImp,lr6e-5_b32_mb8_ga4_a0.1_b16.0_b21.0_g0.1_e10,6e-5,32,8,4,0.1,6.0,1.0,a4,10,checkpoint-60,60,3.0799540915748314e-12,0.5945747717200828,0.9007261344790458,0.2910216799571625,0.5570464269575585,0.6009519469460016,0.42907810715130595,0.5906771894248753,-0.0012991354949414002,saves/unlearn/tofu/forget05/Llama-2-7b-chat-hf/SatImp/lr6e-5_b32_mb8_ga4_a0.1_b16.0_b21.0_g0.1_e10/checkpoint-60/evals/TOFU_SUMMARY.json,saves/unlearn/tofu/forget05/Llama-2-7b-chat-hf/SatImp/lr6e-5_b32_mb8_ga4_a0.1_b16.0_b21.0_g0.1_e10/checkpoint-60/evals/TOFU_EVAL.json
forget05,SatImp,lr6e-5_b32_mb8_ga4_a1.0_b15.0_b21.0_g0.1_e10,6e-5,32,8,4,1.0,5.0,1.0,a4,10,checkpoint-7,7,6.540866008411473e-13,0.5694398727803038,0.9552491292357445,0.6222657979070533,0.5337834699380828,0.5492019565056043,0.44463450876715244,0.5124846781250355,-0.219317590790441,saves/unlearn/tofu/forget05/Llama-2-7b-chat-hf/SatImp/lr6e-5_b32_mb8_ga4_a1.0_b15.0_b21.0_g0.1_e10/checkpoint-7/evals/TOFU_SUMMARY.json,saves/unlearn/tofu/forget05/Llama-2-7b-chat-hf/SatImp/lr6e-5_b32_mb8_ga4_a1.0_b15.0_b21.0_g0.1_e10/checkpoint-7/evals/TOFU_EVAL.json
forget05,SatImp,lr6e-5_b32_mb8_ga4_a1.0_b15.0_b21.0_g0.1_e10,6e-5,32,8,4,1.0,5.0,1.0,a4,10,checkpoint-14,14,2.9623487356936016e-13,0.5755619248556416,0.9408051016926765,0.5100113092793533,0.5378629817814742,0.5973087440291908,0.42756910148550803,0.5618839576631728,-0.1498462806300771,saves/unlearn/tofu/forget05/Llama-2-7b-chat-hf/SatImp/lr6e-5_b32_mb8_ga4_a1.0_b15.0_b21.0_g0.1_e10/checkpoint-14/evals/TOFU_SUMMARY.json,saves/unlearn/tofu/forget05/Llama-2-7b-chat-hf/SatImp/lr6e-5_b32_mb8_ga4_a1.0_b15.0_b21.0_g0.1_e10/checkpoint-14/evals/TOFU_EVAL.json
forget05,SatImp,lr6e-5_b32_mb8_ga4_a1.0_b15.0_b21.0_g0.1_e10,6e-5,32,8,4,1.0,5.0,1.0,a4,10,checkpoint-21,21,5.86730162802883e-14,0.5744417270479799,0.9226864010095597,0.35808960408892043,0.548398541741597,0.587848253170989,0.4294831047283272,0.5701285711358244,-0.06594627550120152,saves/unlearn/tofu/forget05/Llama-2-7b-chat-hf/SatImp/lr6e-5_b32_mb8_ga4_a1.0_b15.0_b21.0_g0.1_e10/checkpoint-21/evals/TOFU_SUMMARY.json,saves/unlearn/tofu/forget05/Llama-2-7b-chat-hf/SatImp/lr6e-5_b32_mb8_ga4_a1.0_b15.0_b21.0_g0.1_e10/checkpoint-21/evals/TOFU_EVAL.json
forget05,SatImp,lr6e-5_b32_mb8_ga4_a1.0_b15.0_b21.0_g0.1_e10,6e-5,32,8,4,1.0,5.0,1.0,a4,10,checkpoint-28,28,6.5689645859369454e-12,0.578302278486254,0.9323386263847351,0.4437714385455868,0.5520105691047571,0.5917498387344124,0.42837560190945967,0.5760484513632494,-0.10975275397233794,saves/unlearn/tofu/forget05/Llama-2-7b-chat-hf/SatImp/lr6e-5_b32_mb8_ga4_a1.0_b15.0_b21.0_g0.1_e10/checkpoint-28/evals/TOFU_SUMMARY.json,saves/unlearn/tofu/forget05/Llama-2-7b-chat-hf/SatImp/lr6e-5_b32_mb8_ga4_a1.0_b15.0_b21.0_g0.1_e10/checkpoint-28/evals/TOFU_EVAL.json
forget05,SatImp,lr6e-5_b32_mb8_ga4_a1.0_b15.0_b21.0_g0.1_e10,6e-5,32,8,4,1.0,5.0,1.0,a4,10,checkpoint-35,35,6.540866008411473e-13,0.5839855371485435,0.9346333700418472,0.44393300631506427,0.5439889281995824,0.5951550804509772,0.43465223402602754,0.5776236897671848,-0.1052976510292582,saves/unlearn/tofu/forget05/Llama-2-7b-chat-hf/SatImp/lr6e-5_b32_mb8_ga4_a1.0_b15.0_b21.0_g0.1_e10/checkpoint-35/evals/TOFU_SUMMARY.json,saves/unlearn/tofu/forget05/Llama-2-7b-chat-hf/SatImp/lr6e-5_b32_mb8_ga4_a1.0_b15.0_b21.0_g0.1_e10/checkpoint-35/evals/TOFU_EVAL.json
forget05,SatImp,lr6e-5_b32_mb8_ga4_a1.0_b15.0_b21.0_g0.1_e10,6e-5,32,8,4,1.0,5.0,1.0,a4,10,checkpoint-42,42,6.540866008411473e-13,0.5923077876498326,0.9414601641893386,0.4953570528631456,0.5413266313634456,0.603961686198984,0.4358976705525562,0.5835192371634917,-0.12610082087575547,saves/unlearn/tofu/forget05/Llama-2-7b-chat-hf/SatImp/lr6e-5_b32_mb8_ga4_a1.0_b15.0_b21.0_g0.1_e10/checkpoint-42/evals/TOFU_SUMMARY.json,saves/unlearn/tofu/forget05/Llama-2-7b-chat-hf/SatImp/lr6e-5_b32_mb8_ga4_a1.0_b15.0_b21.0_g0.1_e10/checkpoint-42/evals/TOFU_EVAL.json
forget05,SatImp,lr6e-5_b32_mb8_ga4_a1.0_b15.0_b21.0_g0.1_e10,6e-5,32,8,4,1.0,5.0,1.0,a4,10,checkpoint-49,49,1.3261055712130201e-13,0.5957336304042352,0.945633493065834,0.5123051640117631,0.5398167246771302,0.6079307815348944,0.43722669716617085,0.5827614328127003,-0.13323569813443076,saves/unlearn/tofu/forget05/Llama-2-7b-chat-hf/SatImp/lr6e-5_b32_mb8_ga4_a1.0_b15.0_b21.0_g0.1_e10/checkpoint-49/evals/TOFU_SUMMARY.json,saves/unlearn/tofu/forget05/Llama-2-7b-chat-hf/SatImp/lr6e-5_b32_mb8_ga4_a1.0_b15.0_b21.0_g0.1_e10/checkpoint-49/evals/TOFU_EVAL.json
forget05,SatImp,lr6e-5_b32_mb8_ga4_a1.0_b15.0_b21.0_g0.1_e10,6e-5,32,8,4,1.0,5.0,1.0,a4,10,checkpoint-56,56,1.3261055712130201e-13,0.5960240782571407,0.9482719430327415,0.5194942580534794,0.5390648489319072,0.6063132506548814,0.43795029216733894,0.5805758173707566,-0.13785902228583724,saves/unlearn/tofu/forget05/Llama-2-7b-chat-hf/SatImp/lr6e-5_b32_mb8_ga4_a1.0_b15.0_b21.0_g0.1_e10/checkpoint-56/evals/TOFU_SUMMARY.json,saves/unlearn/tofu/forget05/Llama-2-7b-chat-hf/SatImp/lr6e-5_b32_mb8_ga4_a1.0_b15.0_b21.0_g0.1_e10/checkpoint-56/evals/TOFU_EVAL.json
forget05,SatImp,lr6e-5_b32_mb8_ga4_a1.0_b15.0_b21.0_g0.1_e10,6e-5,32,8,4,1.0,5.0,1.0,a4,10,checkpoint-60,60,5.86730162802883e-14,0.5962765397448914,0.9484402406215667,0.5232610730537111,0.5386138321567366,0.605104715610596,0.4377863137736226,0.5811595744744237,-0.1395741170926889,saves/unlearn/tofu/forget05/Llama-2-7b-chat-hf/SatImp/lr6e-5_b32_mb8_ga4_a1.0_b15.0_b21.0_g0.1_e10/checkpoint-60/evals/TOFU_SUMMARY.json,saves/unlearn/tofu/forget05/Llama-2-7b-chat-hf/SatImp/lr6e-5_b32_mb8_ga4_a1.0_b15.0_b21.0_g0.1_e10/checkpoint-60/evals/TOFU_EVAL.json
forget05,SatImp,lr6e-5_b32_mb8_ga4_a1.0_b16.0_b21.0_g0.1_e10,6e-5,32,8,4,1.0,6.0,1.0,a4,10,checkpoint-7,7,6.540866008411473e-13,0.5691593989382088,0.9568723544478417,0.6428802324337974,0.533296158531811,0.5505981832679878,0.4453498903560738,0.5153947777096284,-0.23071689450195676,saves/unlearn/tofu/forget05/Llama-2-7b-chat-hf/SatImp/lr6e-5_b32_mb8_ga4_a1.0_b16.0_b21.0_g0.1_e10/checkpoint-7/evals/TOFU_SUMMARY.json,saves/unlearn/tofu/forget05/Llama-2-7b-chat-hf/SatImp/lr6e-5_b32_mb8_ga4_a1.0_b16.0_b21.0_g0.1_e10/checkpoint-7/evals/TOFU_EVAL.json
forget05,SatImp,lr6e-5_b32_mb8_ga4_a1.0_b16.0_b21.0_g0.1_e10,6e-5,32,8,4,1.0,6.0,1.0,a4,10,checkpoint-14,14,1.3261055712130201e-13,0.5799821369814895,0.9397724688053131,0.5182863860033742,0.5411818252049213,0.6078547911395854,0.428478847643281,0.5700389564110935,-0.14904729042272158,saves/unlearn/tofu/forget05/Llama-2-7b-chat-hf/SatImp/lr6e-5_b32_mb8_ga4_a1.0_b16.0_b21.0_g0.1_e10/checkpoint-14/evals/TOFU_SUMMARY.json,saves/unlearn/tofu/forget05/Llama-2-7b-chat-hf/SatImp/lr6e-5_b32_mb8_ga4_a1.0_b16.0_b21.0_g0.1_e10/checkpoint-14/evals/TOFU_EVAL.json
forget05,SatImp,lr6e-5_b32_mb8_ga4_a1.0_b16.0_b21.0_g0.1_e10,6e-5,32,8,4,1.0,6.0,1.0,a4,10,checkpoint-21,21,1.3261055712130201e-13,0.5772310667105129,0.9258471921086311,0.3752787234029373,0.5482477358867369,0.598183073754423,0.43189103608907586,0.5671500969076396,-0.07333189104513868,saves/unlearn/tofu/forget05/Llama-2-7b-chat-hf/SatImp/lr6e-5_b32_mb8_ga4_a1.0_b16.0_b21.0_g0.1_e10/checkpoint-21/evals/TOFU_SUMMARY.json,saves/unlearn/tofu/forget05/Llama-2-7b-chat-hf/SatImp/lr6e-5_b32_mb8_ga4_a1.0_b16.0_b21.0_g0.1_e10/checkpoint-21/evals/TOFU_EVAL.json
forget05,SatImp,lr6e-5_b32_mb8_ga4_a1.0_b16.0_b21.0_g0.1_e10,6e-5,32,8,4,1.0,6.0,1.0,a4,10,checkpoint-28,28,1.4275699621532978e-12,0.5824142937165347,0.934936061501503,0.45768486298433475,0.55041722665574,0.6066620262501313,0.4332085016307079,0.5754962670203297,-0.1138961685249566,saves/unlearn/tofu/forget05/Llama-2-7b-chat-hf/SatImp/lr6e-5_b32_mb8_ga4_a1.0_b16.0_b21.0_g0.1_e10/checkpoint-28/evals/TOFU_SUMMARY.json,saves/unlearn/tofu/forget05/Llama-2-7b-chat-hf/SatImp/lr6e-5_b32_mb8_ga4_a1.0_b16.0_b21.0_g0.1_e10/checkpoint-28/evals/TOFU_EVAL.json
forget05,SatImp,lr6e-5_b32_mb8_ga4_a1.0_b16.0_b21.0_g0.1_e10,6e-5,32,8,4,1.0,6.0,1.0,a4,10,checkpoint-35,35,1.4275699621532978e-12,0.5887773770253932,0.9380312398076057,0.46765421319678574,0.5427537743565668,0.6109950525286966,0.4390816942769139,0.5800512435039539,-0.11406534947537497,saves/unlearn/tofu/forget05/Llama-2-7b-chat-hf/SatImp/lr6e-5_b32_mb8_ga4_a1.0_b16.0_b21.0_g0.1_e10/checkpoint-35/evals/TOFU_SUMMARY.json,saves/unlearn/tofu/forget05/Llama-2-7b-chat-hf/SatImp/lr6e-5_b32_mb8_ga4_a1.0_b16.0_b21.0_g0.1_e10/checkpoint-35/evals/TOFU_EVAL.json
forget05,SatImp,lr6e-5_b32_mb8_ga4_a1.0_b16.0_b21.0_g0.1_e10,6e-5,32,8,4,1.0,6.0,1.0,a4,10,checkpoint-42,42,1.4275699621532978e-12,0.5924522802302106,0.9429135596752167,0.5104724171152547,0.541256707677525,0.6096002767665378,0.4388089589950741,0.5817961485576442,-0.13424070816359762,saves/unlearn/tofu/forget05/Llama-2-7b-chat-hf/SatImp/lr6e-5_b32_mb8_ga4_a1.0_b16.0_b21.0_g0.1_e10/checkpoint-42/evals/TOFU_SUMMARY.json,saves/unlearn/tofu/forget05/Llama-2-7b-chat-hf/SatImp/lr6e-5_b32_mb8_ga4_a1.0_b16.0_b21.0_g0.1_e10/checkpoint-42/evals/TOFU_EVAL.json
forget05,SatImp,lr6e-5_b32_mb8_ga4_a1.0_b16.0_b21.0_g0.1_e10,6e-5,32,8,4,1.0,6.0,1.0,a4,10,checkpoint-49,49,2.9623487356936016e-13,0.5963419086213215,0.9471778091788292,0.5169987271775458,0.5392468751599943,0.6151621641451587,0.43964224782530764,0.5795015596100018,-0.13574635955656977,saves/unlearn/tofu/forget05/Llama-2-7b-chat-hf/SatImp/lr6e-5_b32_mb8_ga4_a1.0_b16.0_b21.0_g0.1_e10/checkpoint-49/evals/TOFU_SUMMARY.json,saves/unlearn/tofu/forget05/Llama-2-7b-chat-hf/SatImp/lr6e-5_b32_mb8_ga4_a1.0_b16.0_b21.0_g0.1_e10/checkpoint-49/evals/TOFU_EVAL.json
forget05,SatImp,lr6e-5_b32_mb8_ga4_a1.0_b16.0_b21.0_g0.1_e10,6e-5,32,8,4,1.0,6.0,1.0,a4,10,checkpoint-56,56,2.9623487356936016e-13,0.5954505542885217,0.9480141803622246,0.5266326506660957,0.5392509152034397,0.613835732362479,0.43969577417920247,0.5768471077407193,-0.14187286122534226,saves/unlearn/tofu/forget05/Llama-2-7b-chat-hf/SatImp/lr6e-5_b32_mb8_ga4_a1.0_b16.0_b21.0_g0.1_e10/checkpoint-56/evals/TOFU_SUMMARY.json,saves/unlearn/tofu/forget05/Llama-2-7b-chat-hf/SatImp/lr6e-5_b32_mb8_ga4_a1.0_b16.0_b21.0_g0.1_e10/checkpoint-56/evals/TOFU_EVAL.json
forget05,SatImp,lr6e-5_b32_mb8_ga4_a1.0_b16.0_b21.0_g0.1_e10,6e-5,32,8,4,1.0,6.0,1.0,a4,10,checkpoint-60,60,2.9623487356936016e-13,0.5954406130573887,0.9487213563919067,0.5281239975097111,0.5388200434288133,0.6119037190130157,0.43985990446081885,0.5777227729091609,-0.14298206389312396,saves/unlearn/tofu/forget05/Llama-2-7b-chat-hf/SatImp/lr6e-5_b32_mb8_ga4_a1.0_b16.0_b21.0_g0.1_e10/checkpoint-60/evals/TOFU_SUMMARY.json,saves/unlearn/tofu/forget05/Llama-2-7b-chat-hf/SatImp/lr6e-5_b32_mb8_ga4_a1.0_b16.0_b21.0_g0.1_e10/checkpoint-60/evals/TOFU_EVAL.json
