split,method,tag,lr,eff_b,mb,ga,alpha,beta1,beta2,gamma,epoch,checkpoint,checkpoint_step,FQ,MU,EM,ES,F-TR,Ra-TR,R-TR,Rw-TR,score,summary_path,eval_path
forget01,SatImp,lr2e-5_b16_mb8_ga2_a0.01_b15.0_b21.0_g0.1_e10,2e-5,16,8,2,0.01,6,1.0,a2,10,checkpoint-3,3,0.003018184077228396,0.6194395256674833,0.9775182500481605,0.7169424399783075,0.5208612116957392,0.6004912963409818,0.4639589130041331,0.5510491353846839,-0.22477263526852231,saves/unlearn/tofu/forget01/Llama-2-7b-chat-hf/SatImp/lr2e-5_b16_mb8_ga2_a0.01_b15.0_b21.0_g0.1_e10/checkpoint-3/evals/TOFU_SUMMARY.json,saves/unlearn/tofu/forget01/Llama-2-7b-chat-hf/SatImp/lr2e-5_b16_mb8_ga2_a0.01_b15.0_b21.0_g0.1_e10/checkpoint-3/evals/TOFU_EVAL.json
forget01,SatImp,lr2e-5_b16_mb8_ga2_a0.01_b15.0_b21.0_g0.1_e10,2e-5,16,8,2,0.01,6,1.0,a2,10,checkpoint-6,6,0.0012708143485281624,0.621056358501506,0.9242937132716179,0.33263701038890126,0.5111617723202537,0.6109735257249417,0.46470323903648036,0.555790332791223,-0.006138188980225445,saves/unlearn/tofu/forget01/Llama-2-7b-chat-hf/SatImp/lr2e-5_b16_mb8_ga2_a0.01_b15.0_b21.0_g0.1_e10/checkpoint-6/evals/TOFU_SUMMARY.json,saves/unlearn/tofu/forget01/Llama-2-7b-chat-hf/SatImp/lr2e-5_b16_mb8_ga2_a0.01_b15.0_b21.0_g0.1_e10/checkpoint-6/evals/TOFU_EVAL.json
forget01,SatImp,lr2e-5_b16_mb8_ga2_a0.01_b15.0_b21.0_g0.1_e10,2e-5,16,8,2,0.01,6,1.0,a2,10,checkpoint-9,9,0.0012708143485281624,0.619118093983094,0.8794903174042702,0.2759504803462153,0.5054889570641427,0.601769211167986,0.4622386769621781,0.5506826447703268,0.042668509456379455,saves/unlearn/tofu/forget01/Llama-2-7b-chat-hf/SatImp/lr2e-5_b16_mb8_ga2_a0.01_b15.0_b21.0_g0.1_e10/checkpoint-9/evals/TOFU_SUMMARY.json,saves/unlearn/tofu/forget01/Llama-2-7b-chat-hf/SatImp/lr2e-5_b16_mb8_ga2_a0.01_b15.0_b21.0_g0.1_e10/checkpoint-9/evals/TOFU_EVAL.json
forget01,SatImp,lr2e-5_b16_mb8_ga2_a0.01_b15.0_b21.0_g0.1_e10,2e-5,16,8,2,0.01,6,1.0,a2,10,checkpoint-12,12,0.0005039436209702519,0.6177152317073107,0.8325479194521904,0.20235611631910758,0.5102541179422053,0.5955186019317221,0.46052678150734055,0.5495959652030183,0.10076715744263197,saves/unlearn/tofu/forget01/Llama-2-7b-chat-hf/SatImp/lr2e-5_b16_mb8_ga2_a0.01_b15.0_b21.0_g0.1_e10/checkpoint-12/evals/TOFU_SUMMARY.json,saves/unlearn/tofu/forget01/Llama-2-7b-chat-hf/SatImp/lr2e-5_b16_mb8_ga2_a0.01_b15.0_b21.0_g0.1_e10/checkpoint-12/evals/TOFU_EVAL.json
forget01,SatImp,lr2e-5_b16_mb8_ga2_a0.01_b15.0_b21.0_g0.1_e10,2e-5,16,8,2,0.01,6,1.0,a2,10,checkpoint-15,15,0.0005039436209702519,0.6173867241282764,0.8045716762542725,0.19048661178129703,0.5148330877442113,0.5931637742374243,0.45937164697436894,0.5478891206982068,0.12036152373146196,saves/unlearn/tofu/forget01/Llama-2-7b-chat-hf/SatImp/lr2e-5_b16_mb8_ga2_a0.01_b15.0_b21.0_g0.1_e10/checkpoint-15/evals/TOFU_SUMMARY.json,saves/unlearn/tofu/forget01/Llama-2-7b-chat-hf/SatImp/lr2e-5_b16_mb8_ga2_a0.01_b15.0_b21.0_g0.1_e10/checkpoint-15/evals/TOFU_EVAL.json
forget01,SatImp,lr2e-5_b16_mb8_ga2_a0.01_b15.0_b21.0_g0.1_e10,2e-5,16,8,2,0.01,6,1.0,a2,10,checkpoint-18,18,0.0005039436209702519,0.6175411209962732,0.7912478476762772,0.18517159312786372,0.5149433809208304,0.5919488050591839,0.45880963450750756,0.5475359773404065,0.12983534421517307,saves/unlearn/tofu/forget01/Llama-2-7b-chat-hf/SatImp/lr2e-5_b16_mb8_ga2_a0.01_b15.0_b21.0_g0.1_e10/checkpoint-18/evals/TOFU_SUMMARY.json,saves/unlearn/tofu/forget01/Llama-2-7b-chat-hf/SatImp/lr2e-5_b16_mb8_ga2_a0.01_b15.0_b21.0_g0.1_e10/checkpoint-18/evals/TOFU_EVAL.json
forget01,SatImp,lr2e-5_b16_mb8_ga2_a0.01_b15.0_b21.0_g0.1_e10,2e-5,16,8,2,0.01,6,1.0,a2,10,checkpoint-20,20,0.0005039436209702519,0.6177966889674485,0.7901907876133919,0.18517159312786372,0.5148702947607322,0.5928127804629468,0.4587005870077552,0.5480038748612164,0.13061944221779104,saves/unlearn/tofu/forget01/Llama-2-7b-chat-hf/SatImp/lr2e-5_b16_mb8_ga2_a0.01_b15.0_b21.0_g0.1_e10/checkpoint-20/evals/TOFU_SUMMARY.json,saves/unlearn/tofu/forget01/Llama-2-7b-chat-hf/SatImp/lr2e-5_b16_mb8_ga2_a0.01_b15.0_b21.0_g0.1_e10/checkpoint-20/evals/TOFU_EVAL.json
forget01,SatImp,lr2e-5_b16_mb8_ga2_a0.01_b16.0_b21.0_g0.1_e10,2e-5,16,8,2,0.01,6,1.0,a2,10,checkpoint-3,3,0.0012708143485281624,0.6191078387261257,0.9780084460973739,0.7169424399783075,0.5207532290267546,0.6021140356769934,0.4639853942972006,0.5491246366623505,-0.22709678996318683,saves/unlearn/tofu/forget01/Llama-2-7b-chat-hf/SatImp/lr2e-5_b16_mb8_ga2_a0.01_b16.0_b21.0_g0.1_e10/checkpoint-3/evals/TOFU_SUMMARY.json,saves/unlearn/tofu/forget01/Llama-2-7b-chat-hf/SatImp/lr2e-5_b16_mb8_ga2_a0.01_b16.0_b21.0_g0.1_e10/checkpoint-3/evals/TOFU_EVAL.json
forget01,SatImp,lr2e-5_b16_mb8_ga2_a0.01_b16.0_b21.0_g0.1_e10,2e-5,16,8,2,0.01,6,1.0,a2,10,checkpoint-6,6,0.0012708143485281624,0.6230103754749815,0.9332832202315331,0.3521631541797509,0.5093559206346343,0.6149537998799598,0.4655895136809868,0.5564111603003943,-0.01844199738213234,saves/unlearn/tofu/forget01/Llama-2-7b-chat-hf/SatImp/lr2e-5_b16_mb8_ga2_a0.01_b16.0_b21.0_g0.1_e10/checkpoint-6/evals/TOFU_SUMMARY.json,saves/unlearn/tofu/forget01/Llama-2-7b-chat-hf/SatImp/lr2e-5_b16_mb8_ga2_a0.01_b16.0_b21.0_g0.1_e10/checkpoint-6/evals/TOFU_EVAL.json
forget01,SatImp,lr2e-5_b16_mb8_ga2_a0.01_b16.0_b21.0_g0.1_e10,2e-5,16,8,2,0.01,6,1.0,a2,10,checkpoint-9,9,0.0005039436209702519,0.6219825198384409,0.8998169526457787,0.30794136389475657,0.5070556742964751,0.6022485882776554,0.46387442207863505,0.5492428214187473,0.018607305189143553,saves/unlearn/tofu/forget01/Llama-2-7b-chat-hf/SatImp/lr2e-5_b16_mb8_ga2_a0.01_b16.0_b21.0_g0.1_e10/checkpoint-9/evals/TOFU_SUMMARY.json,saves/unlearn/tofu/forget01/Llama-2-7b-chat-hf/SatImp/lr2e-5_b16_mb8_ga2_a0.01_b16.0_b21.0_g0.1_e10/checkpoint-9/evals/TOFU_EVAL.json
forget01,SatImp,lr2e-5_b16_mb8_ga2_a0.01_b16.0_b21.0_g0.1_e10,2e-5,16,8,2,0.01,6,1.0,a2,10,checkpoint-12,12,0.0005039436209702519,0.6193043229259177,0.8821699500083924,0.2507997711263571,0.5081054745728413,0.5946238488743445,0.4614209634614808,0.5480800563768444,0.053323405979513294,saves/unlearn/tofu/forget01/Llama-2-7b-chat-hf/SatImp/lr2e-5_b16_mb8_ga2_a0.01_b16.0_b21.0_g0.1_e10/checkpoint-12/evals/TOFU_SUMMARY.json,saves/unlearn/tofu/forget01/Llama-2-7b-chat-hf/SatImp/lr2e-5_b16_mb8_ga2_a0.01_b16.0_b21.0_g0.1_e10/checkpoint-12/evals/TOFU_EVAL.json
forget01,SatImp,lr2e-5_b16_mb8_ga2_a0.01_b16.0_b21.0_g0.1_e10,2e-5,16,8,2,0.01,6,1.0,a2,10,checkpoint-15,15,0.0005039436209702519,0.6203125261815543,0.871235939860344,0.24874707504792576,0.508106644006701,0.5944302697234438,0.46029540153548765,0.5477020078402363,0.060824962348389716,saves/unlearn/tofu/forget01/Llama-2-7b-chat-hf/SatImp/lr2e-5_b16_mb8_ga2_a0.01_b16.0_b21.0_g0.1_e10/checkpoint-15/evals/TOFU_SUMMARY.json,saves/unlearn/tofu/forget01/Llama-2-7b-chat-hf/SatImp/lr2e-5_b16_mb8_ga2_a0.01_b16.0_b21.0_g0.1_e10/checkpoint-15/evals/TOFU_EVAL.json
forget01,SatImp,lr2e-5_b16_mb8_ga2_a0.01_b16.0_b21.0_g0.1_e10,2e-5,16,8,2,0.01,6,1.0,a2,10,checkpoint-18,18,0.0012708143485281624,0.6193916073048272,0.8674529239535331,0.21639413387145515,0.5111396296255456,0.5919694936669458,0.45978436649832155,0.5469225796730292,0.07873889274086125,saves/unlearn/tofu/forget01/Llama-2-7b-chat-hf/SatImp/lr2e-5_b16_mb8_ga2_a0.01_b16.0_b21.0_g0.1_e10/checkpoint-18/evals/TOFU_SUMMARY.json,saves/unlearn/tofu/forget01/Llama-2-7b-chat-hf/SatImp/lr2e-5_b16_mb8_ga2_a0.01_b16.0_b21.0_g0.1_e10/checkpoint-18/evals/TOFU_EVAL.json
forget01,SatImp,lr2e-5_b16_mb8_ga2_a0.01_b16.0_b21.0_g0.1_e10,2e-5,16,8,2,0.01,6,1.0,a2,10,checkpoint-20,20,0.0012708143485281624,0.6190255155313319,0.8666027069091797,0.23624707504792575,0.5098678087756005,0.5926617557499378,0.45976053819783047,0.545870748795999,0.06887143890130731,saves/unlearn/tofu/forget01/Llama-2-7b-chat-hf/SatImp/lr2e-5_b16_mb8_ga2_a0.01_b16.0_b21.0_g0.1_e10/checkpoint-20/evals/TOFU_SUMMARY.json,saves/unlearn/tofu/forget01/Llama-2-7b-chat-hf/SatImp/lr2e-5_b16_mb8_ga2_a0.01_b16.0_b21.0_g0.1_e10/checkpoint-20/evals/TOFU_EVAL.json
forget01,SatImp,lr2e-5_b16_mb8_ga2_a0.1_b15.0_b21.0_g0.1_e10,2e-5,16,8,2,0.1,6,1.0,a2,10,checkpoint-3,3,0.0012708143485281624,0.6185533867349702,0.9946034029126167,0.91865498180243,0.5201839973418971,0.6024977631091928,0.46457221925152753,0.5496875614645422,-0.336804991274025,saves/unlearn/tofu/forget01/Llama-2-7b-chat-hf/SatImp/lr2e-5_b16_mb8_ga2_a0.1_b15.0_b21.0_g0.1_e10/checkpoint-3/evals/TOFU_SUMMARY.json,saves/unlearn/tofu/forget01/Llama-2-7b-chat-hf/SatImp/lr2e-5_b16_mb8_ga2_a0.1_b15.0_b21.0_g0.1_e10/checkpoint-3/evals/TOFU_EVAL.json
forget01,SatImp,lr2e-5_b16_mb8_ga2_a0.1_b15.0_b21.0_g0.1_e10,2e-5,16,8,2,0.1,6,1.0,a2,10,checkpoint-6,6,0.003018184077228396,0.6241419891467265,0.9872046887874604,0.8628095162990608,0.5161414121672266,0.6102870372408558,0.46678428269036887,0.5535430165073557,-0.2978469293193057,saves/unlearn/tofu/forget01/Llama-2-7b-chat-hf/SatImp/lr2e-5_b16_mb8_ga2_a0.1_b15.0_b21.0_g0.1_e10/checkpoint-6/evals/TOFU_SUMMARY.json,saves/unlearn/tofu/forget01/Llama-2-7b-chat-hf/SatImp/lr2e-5_b16_mb8_ga2_a0.1_b15.0_b21.0_g0.1_e10/checkpoint-6/evals/TOFU_EVAL.json
forget01,SatImp,lr2e-5_b16_mb8_ga2_a0.1_b15.0_b21.0_g0.1_e10,2e-5,16,8,2,0.1,6,1.0,a2,10,checkpoint-9,9,0.003018184077228396,0.6210700667053549,0.9880407840013504,0.8313293887870632,0.5208375470893044,0.5983598024638929,0.465575202881296,0.5464804692359976,-0.28559683561162347,saves/unlearn/tofu/forget01/Llama-2-7b-chat-hf/SatImp/lr2e-5_b16_mb8_ga2_a0.1_b15.0_b21.0_g0.1_e10/checkpoint-9/evals/TOFU_SUMMARY.json,saves/unlearn/tofu/forget01/Llama-2-7b-chat-hf/SatImp/lr2e-5_b16_mb8_ga2_a0.1_b15.0_b21.0_g0.1_e10/checkpoint-9/evals/TOFU_EVAL.json
forget01,SatImp,lr2e-5_b16_mb8_ga2_a0.1_b15.0_b21.0_g0.1_e10,2e-5,16,8,2,0.1,6,1.0,a2,10,checkpoint-12,12,0.003018184077228396,0.6192099367715428,0.9867233887314797,0.7865103023533047,0.5212854436818313,0.5910271333411456,0.46324326208219363,0.5444827898903645,-0.26438872469362096,saves/unlearn/tofu/forget01/Llama-2-7b-chat-hf/SatImp/lr2e-5_b16_mb8_ga2_a0.1_b15.0_b21.0_g0.1_e10/checkpoint-12/evals/TOFU_SUMMARY.json,saves/unlearn/tofu/forget01/Llama-2-7b-chat-hf/SatImp/lr2e-5_b16_mb8_ga2_a0.1_b15.0_b21.0_g0.1_e10/checkpoint-12/evals/TOFU_EVAL.json
forget01,SatImp,lr2e-5_b16_mb8_ga2_a0.1_b15.0_b21.0_g0.1_e10,2e-5,16,8,2,0.1,6,1.0,a2,10,checkpoint-15,15,0.003018184077228396,0.6191061953887167,0.9862331926822663,0.7865103023533047,0.5227922048542968,0.5893913952090756,0.46225294620493046,0.5431730724213167,-0.26424736805184035,saves/unlearn/tofu/forget01/Llama-2-7b-chat-hf/SatImp/lr2e-5_b16_mb8_ga2_a0.1_b15.0_b21.0_g0.1_e10/checkpoint-15/evals/TOFU_SUMMARY.json,saves/unlearn/tofu/forget01/Llama-2-7b-chat-hf/SatImp/lr2e-5_b16_mb8_ga2_a0.1_b15.0_b21.0_g0.1_e10/checkpoint-15/evals/TOFU_EVAL.json
forget01,SatImp,lr2e-5_b16_mb8_ga2_a0.1_b15.0_b21.0_g0.1_e10,2e-5,16,8,2,0.1,6,1.0,a2,10,checkpoint-18,18,0.003018184077228396,0.6192224883718666,0.9863075986504555,0.7686531594961619,0.5240610448092904,0.5908098288063826,0.4612274097185642,0.5436361607174528,-0.2552397066242137,saves/unlearn/tofu/forget01/Llama-2-7b-chat-hf/SatImp/lr2e-5_b16_mb8_ga2_a0.1_b15.0_b21.0_g0.1_e10/checkpoint-18/evals/TOFU_SUMMARY.json,saves/unlearn/tofu/forget01/Llama-2-7b-chat-hf/SatImp/lr2e-5_b16_mb8_ga2_a0.1_b15.0_b21.0_g0.1_e10/checkpoint-18/evals/TOFU_EVAL.json
forget01,SatImp,lr2e-5_b16_mb8_ga2_a0.1_b15.0_b21.0_g0.1_e10,2e-5,16,8,2,0.1,6,1.0,a2,10,checkpoint-20,20,0.003018184077228396,0.6196117199487668,0.9862331911921501,0.7865103023533047,0.5233344948765766,0.5913884507014788,0.46130661584673194,0.5441121875147176,-0.2637418427467321,saves/unlearn/tofu/forget01/Llama-2-7b-chat-hf/SatImp/lr2e-5_b16_mb8_ga2_a0.1_b15.0_b21.0_g0.1_e10/checkpoint-20/evals/TOFU_SUMMARY.json,saves/unlearn/tofu/forget01/Llama-2-7b-chat-hf/SatImp/lr2e-5_b16_mb8_ga2_a0.1_b15.0_b21.0_g0.1_e10/checkpoint-20/evals/TOFU_EVAL.json
forget01,SatImp,lr2e-5_b16_mb8_ga2_a0.1_b16.0_b21.0_g0.1_e10,2e-5,16,8,2,0.1,6,1.0,a2,10,checkpoint-3,3,0.0012708143485281624,0.6196895765220041,0.995093597471714,0.9348314523906651,0.5206519718906277,0.6023524774025867,0.4645889779501461,0.5522421085183129,-0.3440021340606573,saves/unlearn/tofu/forget01/Llama-2-7b-chat-hf/SatImp/lr2e-5_b16_mb8_ga2_a0.1_b16.0_b21.0_g0.1_e10/checkpoint-3/evals/TOFU_SUMMARY.json,saves/unlearn/tofu/forget01/Llama-2-7b-chat-hf/SatImp/lr2e-5_b16_mb8_ga2_a0.1_b16.0_b21.0_g0.1_e10/checkpoint-3/evals/TOFU_EVAL.json
forget01,SatImp,lr2e-5_b16_mb8_ga2_a0.1_b16.0_b21.0_g0.1_e10,2e-5,16,8,2,0.1,6,1.0,a2,10,checkpoint-6,6,0.0012708143485281624,0.6241304323245667,0.9872046887874604,0.8628095162990608,0.5158587251691324,0.610531423946868,0.4672618916415192,0.5545986784142334,-0.29960585587016575,saves/unlearn/tofu/forget01/Llama-2-7b-chat-hf/SatImp/lr2e-5_b16_mb8_ga2_a0.1_b16.0_b21.0_g0.1_e10/checkpoint-6/evals/TOFU_SUMMARY.json,saves/unlearn/tofu/forget01/Llama-2-7b-chat-hf/SatImp/lr2e-5_b16_mb8_ga2_a0.1_b16.0_b21.0_g0.1_e10/checkpoint-6/evals/TOFU_EVAL.json
forget01,SatImp,lr2e-5_b16_mb8_ga2_a0.1_b16.0_b21.0_g0.1_e10,2e-5,16,8,2,0.1,6,1.0,a2,10,checkpoint-9,9,0.003018184077228396,0.6215530696520236,0.9885509893298149,0.8430640826646141,0.5197884375144838,0.5995578539488975,0.46610747873300357,0.5491282772882031,-0.29123628226796244,saves/unlearn/tofu/forget01/Llama-2-7b-chat-hf/SatImp/lr2e-5_b16_mb8_ga2_a0.1_b16.0_b21.0_g0.1_e10/checkpoint-9/evals/TOFU_SUMMARY.json,saves/unlearn/tofu/forget01/Llama-2-7b-chat-hf/SatImp/lr2e-5_b16_mb8_ga2_a0.1_b16.0_b21.0_g0.1_e10/checkpoint-9/evals/TOFU_EVAL.json
forget01,SatImp,lr2e-5_b16_mb8_ga2_a0.1_b16.0_b21.0_g0.1_e10,2e-5,16,8,2,0.1,6,1.0,a2,10,checkpoint-12,12,0.003018184077228396,0.6195851949637821,0.989653217792511,0.8483329780134513,0.5204514606990669,0.592726943265397,0.4636760935922567,0.5449451267327351,-0.2963897188619707,saves/unlearn/tofu/forget01/Llama-2-7b-chat-hf/SatImp/lr2e-5_b16_mb8_ga2_a0.1_b16.0_b21.0_g0.1_e10/checkpoint-12/evals/TOFU_SUMMARY.json,saves/unlearn/tofu/forget01/Llama-2-7b-chat-hf/SatImp/lr2e-5_b16_mb8_ga2_a0.1_b16.0_b21.0_g0.1_e10/checkpoint-12/evals/TOFU_EVAL.json
forget01,SatImp,lr2e-5_b16_mb8_ga2_a0.1_b16.0_b21.0_g0.1_e10,2e-5,16,8,2,0.1,6,1.0,a2,10,checkpoint-15,15,0.003018184077228396,0.6201164263488118,0.9896838545799256,0.8488538113467847,0.5213613002965924,0.591783467009658,0.46239809464070497,0.5442094334722407,-0.2961342225373149,saves/unlearn/tofu/forget01/Llama-2-7b-chat-hf/SatImp/lr2e-5_b16_mb8_ga2_a0.1_b16.0_b21.0_g0.1_e10/checkpoint-15/evals/TOFU_SUMMARY.json,saves/unlearn/tofu/forget01/Llama-2-7b-chat-hf/SatImp/lr2e-5_b16_mb8_ga2_a0.1_b16.0_b21.0_g0.1_e10/checkpoint-15/evals/TOFU_EVAL.json
forget01,SatImp,lr2e-5_b16_mb8_ga2_a0.1_b16.0_b21.0_g0.1_e10,2e-5,16,8,2,0.1,6,1.0,a2,10,checkpoint-18,18,0.003018184077228396,0.6201442796562601,0.988652816414833,0.8319107841359002,0.5223887119140398,0.5922330152391718,0.4615533641332296,0.5444665374295707,-0.28711933654187816,saves/unlearn/tofu/forget01/Llama-2-7b-chat-hf/SatImp/lr2e-5_b16_mb8_ga2_a0.1_b16.0_b21.0_g0.1_e10/checkpoint-18/evals/TOFU_SUMMARY.json,saves/unlearn/tofu/forget01/Llama-2-7b-chat-hf/SatImp/lr2e-5_b16_mb8_ga2_a0.1_b16.0_b21.0_g0.1_e10/checkpoint-18/evals/TOFU_EVAL.json
forget01,SatImp,lr2e-5_b16_mb8_ga2_a0.1_b16.0_b21.0_g0.1_e10,2e-5,16,8,2,0.1,6,1.0,a2,10,checkpoint-20,20,0.003018184077228396,0.6204086321750613,0.988652816414833,0.8319107841359002,0.5227739051337068,0.5926154818005348,0.4619388812654316,0.5449953356015946,-0.28685498402307696,saves/unlearn/tofu/forget01/Llama-2-7b-chat-hf/SatImp/lr2e-5_b16_mb8_ga2_a0.1_b16.0_b21.0_g0.1_e10/checkpoint-20/evals/TOFU_SUMMARY.json,saves/unlearn/tofu/forget01/Llama-2-7b-chat-hf/SatImp/lr2e-5_b16_mb8_ga2_a0.1_b16.0_b21.0_g0.1_e10/checkpoint-20/evals/TOFU_EVAL.json
forget01,SatImp,lr2e-5_b16_mb8_ga2_a1.0_b15.0_b21.0_g0.1_e10,2e-5,16,8,2,1.0,6,1.0,a2,10,checkpoint-3,3,0.0012708143485281624,0.6188848556247544,0.9971999883651733,0.9658594144179411,0.5221289378300386,0.6013910262763341,0.4640731972564599,0.5522945128630107,-0.3613740314182747,saves/unlearn/tofu/forget01/Llama-2-7b-chat-hf/SatImp/lr2e-5_b16_mb8_ga2_a1.0_b15.0_b21.0_g0.1_e10/checkpoint-3/evals/TOFU_SUMMARY.json,saves/unlearn/tofu/forget01/Llama-2-7b-chat-hf/SatImp/lr2e-5_b16_mb8_ga2_a1.0_b15.0_b21.0_g0.1_e10/checkpoint-3/evals/TOFU_EVAL.json
forget01,SatImp,lr2e-5_b16_mb8_ga2_a1.0_b15.0_b21.0_g0.1_e10,2e-5,16,8,2,1.0,6,1.0,a2,10,checkpoint-6,6,0.0012708143485281624,0.6173798846658497,0.9905689477920532,0.8929794930243535,0.5134488333536842,0.6019496016929619,0.46845325362409473,0.5565373774941909,-0.3231235213938255,saves/unlearn/tofu/forget01/Llama-2-7b-chat-hf/SatImp/lr2e-5_b16_mb8_ga2_a1.0_b15.0_b21.0_g0.1_e10/checkpoint-6/evals/TOFU_SUMMARY.json,saves/unlearn/tofu/forget01/Llama-2-7b-chat-hf/SatImp/lr2e-5_b16_mb8_ga2_a1.0_b15.0_b21.0_g0.1_e10/checkpoint-6/evals/TOFU_EVAL.json
forget01,SatImp,lr2e-5_b16_mb8_ga2_a1.0_b15.0_b21.0_g0.1_e10,2e-5,16,8,2,1.0,6,1.0,a2,10,checkpoint-9,9,0.0012708143485281624,0.616434616170426,0.9946236133575439,0.9405798276934803,0.5149782612246959,0.597193772509263,0.4680479799976244,0.5478394038074236,-0.34989629000655786,saves/unlearn/tofu/forget01/Llama-2-7b-chat-hf/SatImp/lr2e-5_b16_mb8_ga2_a1.0_b15.0_b21.0_g0.1_e10/checkpoint-9/evals/TOFU_SUMMARY.json,saves/unlearn/tofu/forget01/Llama-2-7b-chat-hf/SatImp/lr2e-5_b16_mb8_ga2_a1.0_b15.0_b21.0_g0.1_e10/checkpoint-9/evals/TOFU_EVAL.json
forget01,SatImp,lr2e-5_b16_mb8_ga2_a1.0_b15.0_b21.0_g0.1_e10,2e-5,16,8,2,1.0,6,1.0,a2,10,checkpoint-12,12,0.0012708143485281624,0.6145959097055902,0.9948857575654984,0.9401625080477617,0.5168744365035824,0.5895941376564148,0.46619352424463983,0.5427193146887437,-0.35165740875251167,saves/unlearn/tofu/forget01/Llama-2-7b-chat-hf/SatImp/lr2e-5_b16_mb8_ga2_a1.0_b15.0_b21.0_g0.1_e10/checkpoint-12/evals/TOFU_SUMMARY.json,saves/unlearn/tofu/forget01/Llama-2-7b-chat-hf/SatImp/lr2e-5_b16_mb8_ga2_a1.0_b15.0_b21.0_g0.1_e10/checkpoint-12/evals/TOFU_EVAL.json
forget01,SatImp,lr2e-5_b16_mb8_ga2_a1.0_b15.0_b21.0_g0.1_e10,2e-5,16,8,2,1.0,6,1.0,a2,10,checkpoint-15,15,0.003018184077228396,0.6140601158053912,0.9947968348860741,0.9415852722754039,0.5176255360087257,0.5863481889988436,0.4647036517414471,0.5407525670551322,-0.35111275369811934,saves/unlearn/tofu/forget01/Llama-2-7b-chat-hf/SatImp/lr2e-5_b16_mb8_ga2_a1.0_b15.0_b21.0_g0.1_e10/checkpoint-15/evals/TOFU_SUMMARY.json,saves/unlearn/tofu/forget01/Llama-2-7b-chat-hf/SatImp/lr2e-5_b16_mb8_ga2_a1.0_b15.0_b21.0_g0.1_e10/checkpoint-15/evals/TOFU_EVAL.json
forget01,SatImp,lr2e-5_b16_mb8_ga2_a1.0_b15.0_b21.0_g0.1_e10,2e-5,16,8,2,1.0,6,1.0,a2,10,checkpoint-18,18,0.003018184077228396,0.6139267244249913,0.9947968348860741,0.9415852722754039,0.517508190142958,0.5855303760923711,0.4646032156896924,0.5420719663596781,-0.35124614507851926,saves/unlearn/tofu/forget01/Llama-2-7b-chat-hf/SatImp/lr2e-5_b16_mb8_ga2_a1.0_b15.0_b21.0_g0.1_e10/checkpoint-18/evals/TOFU_SUMMARY.json,saves/unlearn/tofu/forget01/Llama-2-7b-chat-hf/SatImp/lr2e-5_b16_mb8_ga2_a1.0_b15.0_b21.0_g0.1_e10/checkpoint-18/evals/TOFU_EVAL.json
forget01,SatImp,lr2e-5_b16_mb8_ga2_a1.0_b15.0_b21.0_g0.1_e10,2e-5,16,8,2,1.0,6,1.0,a2,10,checkpoint-20,20,0.003018184077228396,0.6135615997223232,0.9954065904021263,0.9568291747144283,0.5177115851551694,0.5846629062960258,0.46456533671430217,0.5411441543482599,-0.3595380987587257,saves/unlearn/tofu/forget01/Llama-2-7b-chat-hf/SatImp/lr2e-5_b16_mb8_ga2_a1.0_b15.0_b21.0_g0.1_e10/checkpoint-20/evals/TOFU_SUMMARY.json,saves/unlearn/tofu/forget01/Llama-2-7b-chat-hf/SatImp/lr2e-5_b16_mb8_ga2_a1.0_b15.0_b21.0_g0.1_e10/checkpoint-20/evals/TOFU_EVAL.json
forget01,SatImp,lr2e-5_b16_mb8_ga2_a1.0_b16.0_b21.0_g0.1_e10,2e-5,16,8,2,1.0,6,1.0,a2,10,checkpoint-3,3,0.003018184077228396,0.6180367549279129,0.9971999883651733,0.9658594144179411,0.5220695751571475,0.6006611854778727,0.46424586877801005,0.5498870207050771,-0.3604747623864159,saves/unlearn/tofu/forget01/Llama-2-7b-chat-hf/SatImp/lr2e-5_b16_mb8_ga2_a1.0_b16.0_b21.0_g0.1_e10/checkpoint-3/evals/TOFU_SUMMARY.json,saves/unlearn/tofu/forget01/Llama-2-7b-chat-hf/SatImp/lr2e-5_b16_mb8_ga2_a1.0_b16.0_b21.0_g0.1_e10/checkpoint-3/evals/TOFU_EVAL.json
forget01,SatImp,lr2e-5_b16_mb8_ga2_a1.0_b16.0_b21.0_g0.1_e10,2e-5,16,8,2,1.0,6,1.0,a2,10,checkpoint-6,6,0.0012708143485281624,0.6180386235211425,0.9910851940512657,0.8812408362089702,0.5135443099850389,0.6041653620475169,0.46821694527408353,0.5566991390440401,-0.3168535772604473,saves/unlearn/tofu/forget01/Llama-2-7b-chat-hf/SatImp/lr2e-5_b16_mb8_ga2_a1.0_b16.0_b21.0_g0.1_e10/checkpoint-6/evals/TOFU_SUMMARY.json,saves/unlearn/tofu/forget01/Llama-2-7b-chat-hf/SatImp/lr2e-5_b16_mb8_ga2_a1.0_b16.0_b21.0_g0.1_e10/checkpoint-6/evals/TOFU_EVAL.json
forget01,SatImp,lr2e-5_b16_mb8_ga2_a1.0_b16.0_b21.0_g0.1_e10,2e-5,16,8,2,1.0,6,1.0,a2,10,checkpoint-9,9,0.0012708143485281624,0.6170344692559908,0.9946236133575439,0.9405798276934803,0.5158049171415617,0.598703617741743,0.46768231562891244,0.5463272024966301,-0.3492964369209931,saves/unlearn/tofu/forget01/Llama-2-7b-chat-hf/SatImp/lr2e-5_b16_mb8_ga2_a1.0_b16.0_b21.0_g0.1_e10/checkpoint-9/evals/TOFU_SUMMARY.json,saves/unlearn/tofu/forget01/Llama-2-7b-chat-hf/SatImp/lr2e-5_b16_mb8_ga2_a1.0_b16.0_b21.0_g0.1_e10/checkpoint-9/evals/TOFU_EVAL.json
forget01,SatImp,lr2e-5_b16_mb8_ga2_a1.0_b16.0_b21.0_g0.1_e10,2e-5,16,8,2,1.0,6,1.0,a2,10,checkpoint-12,12,0.003018184077228396,0.6144191417277416,0.9948857575654984,0.9401625080477617,0.5168945008364465,0.5912164205615864,0.46557306341261695,0.5387106290407704,-0.35008680700166,saves/unlearn/tofu/forget01/Llama-2-7b-chat-hf/SatImp/lr2e-5_b16_mb8_ga2_a1.0_b16.0_b21.0_g0.1_e10/checkpoint-12/evals/TOFU_SUMMARY.json,saves/unlearn/tofu/forget01/Llama-2-7b-chat-hf/SatImp/lr2e-5_b16_mb8_ga2_a1.0_b16.0_b21.0_g0.1_e10/checkpoint-12/evals/TOFU_EVAL.json
forget01,SatImp,lr2e-5_b16_mb8_ga2_a1.0_b16.0_b21.0_g0.1_e10,2e-5,16,8,2,1.0,6,1.0,a2,10,checkpoint-15,15,0.0012708143485281624,0.6144483584917614,0.9954065904021263,0.9568291747144283,0.5175100776616224,0.5892699605685991,0.46448016188270264,0.5416538170708625,-0.36039870971798776,saves/unlearn/tofu/forget01/Llama-2-7b-chat-hf/SatImp/lr2e-5_b16_mb8_ga2_a1.0_b16.0_b21.0_g0.1_e10/checkpoint-15/evals/TOFU_SUMMARY.json,saves/unlearn/tofu/forget01/Llama-2-7b-chat-hf/SatImp/lr2e-5_b16_mb8_ga2_a1.0_b16.0_b21.0_g0.1_e10/checkpoint-15/evals/TOFU_EVAL.json
forget01,SatImp,lr2e-5_b16_mb8_ga2_a1.0_b16.0_b21.0_g0.1_e10,2e-5,16,8,2,1.0,6,1.0,a2,10,checkpoint-18,18,0.0012708143485281624,0.6137180884151768,0.9948857575654984,0.9401625080477617,0.5176176167826849,0.5875918605004348,0.4644944692184071,0.5390684697329163,-0.35253523004292503,saves/unlearn/tofu/forget01/Llama-2-7b-chat-hf/SatImp/lr2e-5_b16_mb8_ga2_a1.0_b16.0_b21.0_g0.1_e10/checkpoint-18/evals/TOFU_SUMMARY.json,saves/unlearn/tofu/forget01/Llama-2-7b-chat-hf/SatImp/lr2e-5_b16_mb8_ga2_a1.0_b16.0_b21.0_g0.1_e10/checkpoint-18/evals/TOFU_EVAL.json
forget01,SatImp,lr2e-5_b16_mb8_ga2_a1.0_b16.0_b21.0_g0.1_e10,2e-5,16,8,2,1.0,6,1.0,a2,10,checkpoint-20,20,0.003018184077228396,0.6136991539870381,0.9958967849612236,0.9798683904007028,0.5186863936711379,0.5869929503670731,0.464389096503825,0.5396555183004955,-0.37116524961669667,saves/unlearn/tofu/forget01/Llama-2-7b-chat-hf/SatImp/lr2e-5_b16_mb8_ga2_a1.0_b16.0_b21.0_g0.1_e10/checkpoint-20/evals/TOFU_SUMMARY.json,saves/unlearn/tofu/forget01/Llama-2-7b-chat-hf/SatImp/lr2e-5_b16_mb8_ga2_a1.0_b16.0_b21.0_g0.1_e10/checkpoint-20/evals/TOFU_EVAL.json
forget01,SatImp,lr2e-5_b32_mb8_ga4_a0.01_b15.0_b21.0_g0.1_e10,2e-5,32,8,4,0.01,5.0,1.0,a4,10,checkpoint-2,2,0.0012708143485281624,0.6177119769320072,0.977454885840416,0.7302654128564762,0.5195546035296722,0.6008745093557003,0.46445591605602915,0.5488211026389628,-0.2348773580679107,saves/unlearn/tofu/forget01/Llama-2-7b-chat-hf/SatImp/lr2e-5_b32_mb8_ga4_a0.01_b15.0_b21.0_g0.1_e10/checkpoint-2/evals/TOFU_SUMMARY.json,saves/unlearn/tofu/forget01/Llama-2-7b-chat-hf/SatImp/lr2e-5_b32_mb8_ga4_a0.01_b15.0_b21.0_g0.1_e10/checkpoint-2/evals/TOFU_EVAL.json
forget01,SatImp,lr2e-5_b32_mb8_ga4_a0.01_b15.0_b21.0_g0.1_e10,2e-5,32,8,4,0.01,5.0,1.0,a4,10,checkpoint-4,4,0.0005039436209702519,0.6220338624062164,0.9383698254823685,0.38047186131174326,0.5147768221115834,0.6142537395156499,0.46449180981323784,0.5564509491475229,-0.0368830373698692,saves/unlearn/tofu/forget01/Llama-2-7b-chat-hf/SatImp/lr2e-5_b32_mb8_ga4_a0.01_b15.0_b21.0_g0.1_e10/checkpoint-4/evals/TOFU_SUMMARY.json,saves/unlearn/tofu/forget01/Llama-2-7b-chat-hf/SatImp/lr2e-5_b32_mb8_ga4_a0.01_b15.0_b21.0_g0.1_e10/checkpoint-4/evals/TOFU_EVAL.json
forget01,SatImp,lr2e-5_b32_mb8_ga4_a0.01_b15.0_b21.0_g0.1_e10,2e-5,32,8,4,0.01,5.0,1.0,a4,10,checkpoint-6,6,0.0005039436209702519,0.6228268442323767,0.9128689274191857,0.33125539068750676,0.5123101429330023,0.6123677648121212,0.46496879996897944,0.5542107219149179,0.0012686288000007262,saves/unlearn/tofu/forget01/Llama-2-7b-chat-hf/SatImp/lr2e-5_b32_mb8_ga4_a0.01_b15.0_b21.0_g0.1_e10/checkpoint-6/evals/TOFU_SUMMARY.json,saves/unlearn/tofu/forget01/Llama-2-7b-chat-hf/SatImp/lr2e-5_b32_mb8_ga4_a0.01_b15.0_b21.0_g0.1_e10/checkpoint-6/evals/TOFU_EVAL.json
forget01,SatImp,lr2e-5_b32_mb8_ga4_a0.01_b15.0_b21.0_g0.1_e10,2e-5,32,8,4,0.01,5.0,1.0,a4,10,checkpoint-8,8,0.00018791118070078278,0.6230981552925107,0.9026628747582436,0.2684625246049036,0.5107097354621698,0.6098319951862351,0.4648519406409929,0.5549845212008089,0.0377233667916379,saves/unlearn/tofu/forget01/Llama-2-7b-chat-hf/SatImp/lr2e-5_b32_mb8_ga4_a0.01_b15.0_b21.0_g0.1_e10/checkpoint-8/evals/TOFU_SUMMARY.json,saves/unlearn/tofu/forget01/Llama-2-7b-chat-hf/SatImp/lr2e-5_b32_mb8_ga4_a0.01_b15.0_b21.0_g0.1_e10/checkpoint-8/evals/TOFU_EVAL.json
forget01,SatImp,lr2e-5_b32_mb8_ga4_a0.01_b15.0_b21.0_g0.1_e10,2e-5,32,8,4,0.01,5.0,1.0,a4,10,checkpoint-10,10,0.00018791118070078278,0.6232737660205984,0.8999624058604241,0.2620486383446392,0.5114856973090183,0.610320132143982,0.46467861380633324,0.5542157971024608,0.042456155098767545,saves/unlearn/tofu/forget01/Llama-2-7b-chat-hf/SatImp/lr2e-5_b32_mb8_ga4_a0.01_b15.0_b21.0_g0.1_e10/checkpoint-10/evals/TOFU_SUMMARY.json,saves/unlearn/tofu/forget01/Llama-2-7b-chat-hf/SatImp/lr2e-5_b32_mb8_ga4_a0.01_b15.0_b21.0_g0.1_e10/checkpoint-10/evals/TOFU_EVAL.json
forget01,SatImp,lr2e-5_b32_mb8_ga4_a0.01_b16.0_b21.0_g0.1_e10,2e-5,32,8,4,0.01,6.0,1.0,a4,10,checkpoint-2,2,0.003018184077228396,0.6173738842786269,0.977454885840416,0.7302654128564762,0.5199223383834353,0.6011855588440668,0.4645128514556569,0.5487971353356899,-0.2334680809925907,saves/unlearn/tofu/forget01/Llama-2-7b-chat-hf/SatImp/lr2e-5_b32_mb8_ga4_a0.01_b16.0_b21.0_g0.1_e10/checkpoint-2/evals/TOFU_SUMMARY.json,saves/unlearn/tofu/forget01/Llama-2-7b-chat-hf/SatImp/lr2e-5_b32_mb8_ga4_a0.01_b16.0_b21.0_g0.1_e10/checkpoint-2/evals/TOFU_EVAL.json
forget01,SatImp,lr2e-5_b32_mb8_ga4_a0.01_b16.0_b21.0_g0.1_e10,2e-5,32,8,4,0.01,6.0,1.0,a4,10,checkpoint-4,4,0.0005039436209702519,0.6220026130202476,0.946099828183651,0.43826662395364213,0.5142711870066906,0.6147406863491507,0.4651956589667593,0.555535928893627,-0.06967666942742867,saves/unlearn/tofu/forget01/Llama-2-7b-chat-hf/SatImp/lr2e-5_b32_mb8_ga4_a0.01_b16.0_b21.0_g0.1_e10/checkpoint-4/evals/TOFU_SUMMARY.json,saves/unlearn/tofu/forget01/Llama-2-7b-chat-hf/SatImp/lr2e-5_b32_mb8_ga4_a0.01_b16.0_b21.0_g0.1_e10/checkpoint-4/evals/TOFU_EVAL.json
forget01,SatImp,lr2e-5_b32_mb8_ga4_a0.01_b16.0_b21.0_g0.1_e10,2e-5,32,8,4,0.01,6.0,1.0,a4,10,checkpoint-6,6,0.00018791118070078278,0.6225661045066894,0.9224460691213607,0.3340331684652845,0.5116938841149133,0.6098683242715799,0.46530687244633306,0.5534994265198632,-0.005485603105932435,saves/unlearn/tofu/forget01/Llama-2-7b-chat-hf/SatImp/lr2e-5_b32_mb8_ga4_a0.01_b16.0_b21.0_g0.1_e10/checkpoint-6/evals/TOFU_SUMMARY.json,saves/unlearn/tofu/forget01/Llama-2-7b-chat-hf/SatImp/lr2e-5_b32_mb8_ga4_a0.01_b16.0_b21.0_g0.1_e10/checkpoint-6/evals/TOFU_EVAL.json
forget01,SatImp,lr2e-5_b32_mb8_ga4_a0.01_b16.0_b21.0_g0.1_e10,2e-5,32,8,4,0.01,6.0,1.0,a4,10,checkpoint-8,8,0.0005039436209702519,0.6217631484824673,0.917717769742012,0.3340331684652845,0.512612701727674,0.608326540506127,0.4649384718953788,0.5503259664897789,-0.0036083770002107163,saves/unlearn/tofu/forget01/Llama-2-7b-chat-hf/SatImp/lr2e-5_b32_mb8_ga4_a0.01_b16.0_b21.0_g0.1_e10/checkpoint-8/evals/TOFU_SUMMARY.json,saves/unlearn/tofu/forget01/Llama-2-7b-chat-hf/SatImp/lr2e-5_b32_mb8_ga4_a0.01_b16.0_b21.0_g0.1_e10/checkpoint-8/evals/TOFU_EVAL.json
forget01,SatImp,lr2e-5_b32_mb8_ga4_a0.01_b16.0_b21.0_g0.1_e10,2e-5,32,8,4,0.01,6.0,1.0,a4,10,checkpoint-10,10,0.0005039436209702519,0.6224841719065995,0.9167394265532494,0.3340331684652845,0.5125698941654233,0.6084069695367809,0.4649234020037491,0.5513002550844359,-0.0023981819816971117,saves/unlearn/tofu/forget01/Llama-2-7b-chat-hf/SatImp/lr2e-5_b32_mb8_ga4_a0.01_b16.0_b21.0_g0.1_e10/checkpoint-10/evals/TOFU_SUMMARY.json,saves/unlearn/tofu/forget01/Llama-2-7b-chat-hf/SatImp/lr2e-5_b32_mb8_ga4_a0.01_b16.0_b21.0_g0.1_e10/checkpoint-10/evals/TOFU_EVAL.json
forget01,SatImp,lr2e-5_b32_mb8_ga4_a0.1_b15.0_b21.0_g0.1_e10,2e-5,32,8,4,0.1,5.0,1.0,a4,10,checkpoint-2,2,0.003018184077228396,0.617616462538395,0.9929075688123703,0.8965071636554474,0.5207259291952202,0.6036507655958322,0.46473373482242325,0.5499919534459665,-0.32407271961828543,saves/unlearn/tofu/forget01/Llama-2-7b-chat-hf/SatImp/lr2e-5_b32_mb8_ga4_a0.1_b15.0_b21.0_g0.1_e10/checkpoint-2/evals/TOFU_SUMMARY.json,saves/unlearn/tofu/forget01/Llama-2-7b-chat-hf/SatImp/lr2e-5_b32_mb8_ga4_a0.1_b15.0_b21.0_g0.1_e10/checkpoint-2/evals/TOFU_EVAL.json
forget01,SatImp,lr2e-5_b32_mb8_ga4_a0.1_b15.0_b21.0_g0.1_e10,2e-5,32,8,4,0.1,5.0,1.0,a4,10,checkpoint-4,4,0.003018184077228396,0.620714622483101,0.9871144965291023,0.8206228169623095,0.5177666692260555,0.611373022863556,0.46728149648367096,0.5512401218969067,-0.28013585018537646,saves/unlearn/tofu/forget01/Llama-2-7b-chat-hf/SatImp/lr2e-5_b32_mb8_ga4_a0.1_b15.0_b21.0_g0.1_e10/checkpoint-4/evals/TOFU_SUMMARY.json,saves/unlearn/tofu/forget01/Llama-2-7b-chat-hf/SatImp/lr2e-5_b32_mb8_ga4_a0.1_b15.0_b21.0_g0.1_e10/checkpoint-4/evals/TOFU_EVAL.json
forget01,SatImp,lr2e-5_b32_mb8_ga4_a0.1_b15.0_b21.0_g0.1_e10,2e-5,32,8,4,0.1,5.0,1.0,a4,10,checkpoint-6,6,0.0012708143485281624,0.620311505456104,0.9881826356053353,0.8328125332743662,0.5168170292827401,0.6058443479354663,0.4672618851982715,0.5465860608831535,-0.28891526463521855,saves/unlearn/tofu/forget01/Llama-2-7b-chat-hf/SatImp/lr2e-5_b32_mb8_ga4_a0.1_b15.0_b21.0_g0.1_e10/checkpoint-6/evals/TOFU_SUMMARY.json,saves/unlearn/tofu/forget01/Llama-2-7b-chat-hf/SatImp/lr2e-5_b32_mb8_ga4_a0.1_b15.0_b21.0_g0.1_e10/checkpoint-6/evals/TOFU_EVAL.json
forget01,SatImp,lr2e-5_b32_mb8_ga4_a0.1_b15.0_b21.0_g0.1_e10,2e-5,32,8,4,0.1,5.0,1.0,a4,10,checkpoint-8,8,0.003018184077228396,0.6200916390992953,0.9887463644146919,0.8356311607253467,0.5178230160493617,0.6033408083960807,0.4667992992912856,0.5464876836496511,-0.28907893939349555,saves/unlearn/tofu/forget01/Llama-2-7b-chat-hf/SatImp/lr2e-5_b32_mb8_ga4_a0.1_b15.0_b21.0_g0.1_e10/checkpoint-8/evals/TOFU_SUMMARY.json,saves/unlearn/tofu/forget01/Llama-2-7b-chat-hf/SatImp/lr2e-5_b32_mb8_ga4_a0.1_b15.0_b21.0_g0.1_e10/checkpoint-8/evals/TOFU_EVAL.json
forget01,SatImp,lr2e-5_b32_mb8_ga4_a0.1_b15.0_b21.0_g0.1_e10,2e-5,32,8,4,0.1,5.0,1.0,a4,10,checkpoint-10,10,0.003018184077228396,0.6203514836686304,0.9886728331446648,0.8377144940586799,0.5179097876539721,0.6025762259151661,0.46653051177946053,0.5472674344292048,-0.2898239958558136,saves/unlearn/tofu/forget01/Llama-2-7b-chat-hf/SatImp/lr2e-5_b32_mb8_ga4_a0.1_b15.0_b21.0_g0.1_e10/checkpoint-10/evals/TOFU_SUMMARY.json,saves/unlearn/tofu/forget01/Llama-2-7b-chat-hf/SatImp/lr2e-5_b32_mb8_ga4_a0.1_b15.0_b21.0_g0.1_e10/checkpoint-10/evals/TOFU_EVAL.json
forget01,SatImp,lr2e-5_b32_mb8_ga4_a0.1_b16.0_b21.0_g0.1_e10,2e-5,32,8,4,0.1,6.0,1.0,a4,10,checkpoint-2,2,0.003018184077228396,0.6173603584895542,0.9934510469436646,0.897050641916317,0.520027744025159,0.6031713363076574,0.4650961489580589,0.549337986315789,-0.3248723018632082,saves/unlearn/tofu/forget01/Llama-2-7b-chat-hf/SatImp/lr2e-5_b32_mb8_ga4_a0.1_b16.0_b21.0_g0.1_e10/checkpoint-2/evals/TOFU_SUMMARY.json,saves/unlearn/tofu/forget01/Llama-2-7b-chat-hf/SatImp/lr2e-5_b32_mb8_ga4_a0.1_b16.0_b21.0_g0.1_e10/checkpoint-2/evals/TOFU_EVAL.json
forget01,SatImp,lr2e-5_b32_mb8_ga4_a0.1_b16.0_b21.0_g0.1_e10,2e-5,32,8,4,0.1,6.0,1.0,a4,10,checkpoint-4,4,0.003018184077228396,0.6215853952333165,0.988553273677826,0.8227061502956428,0.518987632483975,0.611710769632132,0.4673823395165435,0.5512167503362521,-0.2810261326761895,saves/unlearn/tofu/forget01/Llama-2-7b-chat-hf/SatImp/lr2e-5_b32_mb8_ga4_a0.1_b16.0_b21.0_g0.1_e10/checkpoint-4/evals/TOFU_SUMMARY.json,saves/unlearn/tofu/forget01/Llama-2-7b-chat-hf/SatImp/lr2e-5_b32_mb8_ga4_a0.1_b16.0_b21.0_g0.1_e10/checkpoint-4/evals/TOFU_EVAL.json
forget01,SatImp,lr2e-5_b32_mb8_ga4_a0.1_b16.0_b21.0_g0.1_e10,2e-5,32,8,4,0.1,6.0,1.0,a4,10,checkpoint-6,6,0.003018184077228396,0.6207226416831954,0.9886728316545487,0.8328125332743662,0.5179152036103158,0.6078820310620391,0.46729851341894935,0.547258937546698,-0.28700185670403366,saves/unlearn/tofu/forget01/Llama-2-7b-chat-hf/SatImp/lr2e-5_b32_mb8_ga4_a0.1_b16.0_b21.0_g0.1_e10/checkpoint-6/evals/TOFU_SUMMARY.json,saves/unlearn/tofu/forget01/Llama-2-7b-chat-hf/SatImp/lr2e-5_b32_mb8_ga4_a0.1_b16.0_b21.0_g0.1_e10/checkpoint-6/evals/TOFU_EVAL.json
forget01,SatImp,lr2e-5_b32_mb8_ga4_a0.1_b16.0_b21.0_g0.1_e10,2e-5,32,8,4,0.1,6.0,1.0,a4,10,checkpoint-8,8,0.003018184077228396,0.6195899305657061,0.9909093514084816,0.8455882685684838,0.5175155479206308,0.601717393684162,0.46649655419343716,0.5448074682238503,-0.29564069534554815,saves/unlearn/tofu/forget01/Llama-2-7b-chat-hf/SatImp/lr2e-5_b32_mb8_ga4_a0.1_b16.0_b21.0_g0.1_e10/checkpoint-8/evals/TOFU_SUMMARY.json,saves/unlearn/tofu/forget01/Llama-2-7b-chat-hf/SatImp/lr2e-5_b32_mb8_ga4_a0.1_b16.0_b21.0_g0.1_e10/checkpoint-8/evals/TOFU_EVAL.json
forget01,SatImp,lr2e-5_b32_mb8_ga4_a0.1_b16.0_b21.0_g0.1_e10,2e-5,32,8,4,0.1,6.0,1.0,a4,10,checkpoint-10,10,0.003018184077228396,0.6197391094769362,0.9909093514084816,0.8455882685684838,0.5170494617358363,0.6020621151567124,0.46658986309767103,0.5452160810787442,-0.29549151643431804,saves/unlearn/tofu/forget01/Llama-2-7b-chat-hf/SatImp/lr2e-5_b32_mb8_ga4_a0.1_b16.0_b21.0_g0.1_e10/checkpoint-10/evals/TOFU_SUMMARY.json,saves/unlearn/tofu/forget01/Llama-2-7b-chat-hf/SatImp/lr2e-5_b32_mb8_ga4_a0.1_b16.0_b21.0_g0.1_e10/checkpoint-10/evals/TOFU_EVAL.json
forget01,SatImp,lr2e-5_b32_mb8_ga4_a1.0_b15.0_b21.0_g0.1_e10,2e-5,32,8,4,1.0,5.0,1.0,a4,10,checkpoint-2,2,0.003018184077228396,0.6176962497047175,0.9954485625028611,0.9330623204895551,0.5215470661015165,0.6030033772598721,0.46495762203843055,0.5490033198564263,-0.34354100771426216,saves/unlearn/tofu/forget01/Llama-2-7b-chat-hf/SatImp/lr2e-5_b32_mb8_ga4_a1.0_b15.0_b21.0_g0.1_e10/checkpoint-2/evals/TOFU_SUMMARY.json,saves/unlearn/tofu/forget01/Llama-2-7b-chat-hf/SatImp/lr2e-5_b32_mb8_ga4_a1.0_b15.0_b21.0_g0.1_e10/checkpoint-2/evals/TOFU_EVAL.json
forget01,SatImp,lr2e-5_b32_mb8_ga4_a1.0_b15.0_b21.0_g0.1_e10,2e-5,32,8,4,1.0,5.0,1.0,a4,10,checkpoint-4,4,0.003018184077228396,0.6179163586004053,0.9928723439574242,0.8960396125045523,0.5148945063114557,0.6080464125428161,0.4679549349641225,0.5532347933983406,-0.32352143555335455,saves/unlearn/tofu/forget01/Llama-2-7b-chat-hf/SatImp/lr2e-5_b32_mb8_ga4_a1.0_b15.0_b21.0_g0.1_e10/checkpoint-4/evals/TOFU_SUMMARY.json,saves/unlearn/tofu/forget01/Llama-2-7b-chat-hf/SatImp/lr2e-5_b32_mb8_ga4_a1.0_b15.0_b21.0_g0.1_e10/checkpoint-4/evals/TOFU_EVAL.json
forget01,SatImp,lr2e-5_b32_mb8_ga4_a1.0_b15.0_b21.0_g0.1_e10,2e-5,32,8,4,1.0,5.0,1.0,a4,10,checkpoint-6,6,0.003018184077228396,0.6182906754005115,0.9955969363451004,0.9436987623664228,0.5143692721874353,0.6053747673344696,0.4684648152590131,0.5500756100563545,-0.34833898987802164,saves/unlearn/tofu/forget01/Llama-2-7b-chat-hf/SatImp/lr2e-5_b32_mb8_ga4_a1.0_b15.0_b21.0_g0.1_e10/checkpoint-6/evals/TOFU_SUMMARY.json,saves/unlearn/tofu/forget01/Llama-2-7b-chat-hf/SatImp/lr2e-5_b32_mb8_ga4_a1.0_b15.0_b21.0_g0.1_e10/checkpoint-6/evals/TOFU_EVAL.json
forget01,SatImp,lr2e-5_b32_mb8_ga4_a1.0_b15.0_b21.0_g0.1_e10,2e-5,32,8,4,1.0,5.0,1.0,a4,10,checkpoint-8,8,0.003018184077228396,0.6178705542825375,0.9960871309041976,0.9486007231507365,0.5154500368249031,0.6016813715113523,0.4684526140072234,0.5483819139989531,-0.3514551886677012,saves/unlearn/tofu/forget01/Llama-2-7b-chat-hf/SatImp/lr2e-5_b32_mb8_ga4_a1.0_b15.0_b21.0_g0.1_e10/checkpoint-8/evals/TOFU_SUMMARY.json,saves/unlearn/tofu/forget01/Llama-2-7b-chat-hf/SatImp/lr2e-5_b32_mb8_ga4_a1.0_b15.0_b21.0_g0.1_e10/checkpoint-8/evals/TOFU_EVAL.json
forget01,SatImp,lr2e-5_b32_mb8_ga4_a1.0_b15.0_b21.0_g0.1_e10,2e-5,32,8,4,1.0,5.0,1.0,a4,10,checkpoint-10,10,0.003018184077228396,0.618009058536904,0.9955969363451004,0.9436987623664228,0.516041150206414,0.6007492319235636,0.4683015145632816,0.5501885550874663,-0.34862060674162915,saves/unlearn/tofu/forget01/Llama-2-7b-chat-hf/SatImp/lr2e-5_b32_mb8_ga4_a1.0_b15.0_b21.0_g0.1_e10/checkpoint-10/evals/TOFU_SUMMARY.json,saves/unlearn/tofu/forget01/Llama-2-7b-chat-hf/SatImp/lr2e-5_b32_mb8_ga4_a1.0_b15.0_b21.0_g0.1_e10/checkpoint-10/evals/TOFU_EVAL.json
forget01,SatImp,lr2e-5_b32_mb8_ga4_a1.0_b16.0_b21.0_g0.1_e10,2e-5,32,8,4,1.0,6.0,1.0,a4,10,checkpoint-2,2,0.003018184077228396,0.617259603396646,0.9954485625028611,0.9330623204895551,0.5205790227733254,0.6027428595644926,0.4648617641640936,0.5487700071559407,-0.34397765402233366,saves/unlearn/tofu/forget01/Llama-2-7b-chat-hf/SatImp/lr2e-5_b32_mb8_ga4_a1.0_b16.0_b21.0_g0.1_e10/checkpoint-2/evals/TOFU_SUMMARY.json,saves/unlearn/tofu/forget01/Llama-2-7b-chat-hf/SatImp/lr2e-5_b32_mb8_ga4_a1.0_b16.0_b21.0_g0.1_e10/checkpoint-2/evals/TOFU_EVAL.json
forget01,SatImp,lr2e-5_b32_mb8_ga4_a1.0_b16.0_b21.0_g0.1_e10,2e-5,32,8,4,1.0,6.0,1.0,a4,10,checkpoint-4,4,0.003018184077228396,0.6185349663117651,0.9923821479082108,0.8798631419163169,0.5149244653406254,0.6094407377764273,0.46854772263741934,0.5529004263585559,-0.3145694945232703,saves/unlearn/tofu/forget01/Llama-2-7b-chat-hf/SatImp/lr2e-5_b32_mb8_ga4_a1.0_b16.0_b21.0_g0.1_e10/checkpoint-4/evals/TOFU_SUMMARY.json,saves/unlearn/tofu/forget01/Llama-2-7b-chat-hf/SatImp/lr2e-5_b32_mb8_ga4_a1.0_b16.0_b21.0_g0.1_e10/checkpoint-4/evals/TOFU_EVAL.json
forget01,SatImp,lr2e-5_b32_mb8_ga4_a1.0_b16.0_b21.0_g0.1_e10,2e-5,32,8,4,1.0,6.0,1.0,a4,10,checkpoint-6,6,0.003018184077228396,0.618836316804474,0.9955969363451004,0.9436987623664228,0.5150854738540838,0.6070461989251212,0.4684577880355191,0.5517645020583403,-0.3477933484740591,saves/unlearn/tofu/forget01/Llama-2-7b-chat-hf/SatImp/lr2e-5_b32_mb8_ga4_a1.0_b16.0_b21.0_g0.1_e10/checkpoint-6/evals/TOFU_SUMMARY.json,saves/unlearn/tofu/forget01/Llama-2-7b-chat-hf/SatImp/lr2e-5_b32_mb8_ga4_a1.0_b16.0_b21.0_g0.1_e10/checkpoint-6/evals/TOFU_EVAL.json
forget01,SatImp,lr2e-5_b32_mb8_ga4_a1.0_b16.0_b21.0_g0.1_e10,2e-5,32,8,4,1.0,6.0,1.0,a4,10,checkpoint-8,8,0.003018184077228396,0.6182915170898058,0.9960871309041976,0.9486007231507365,0.5157020083057944,0.6038189241080762,0.4683234453152593,0.54805188447316,-0.35103422586043287,saves/unlearn/tofu/forget01/Llama-2-7b-chat-hf/SatImp/lr2e-5_b32_mb8_ga4_a1.0_b16.0_b21.0_g0.1_e10/checkpoint-8/evals/TOFU_SUMMARY.json,saves/unlearn/tofu/forget01/Llama-2-7b-chat-hf/SatImp/lr2e-5_b32_mb8_ga4_a1.0_b16.0_b21.0_g0.1_e10/checkpoint-8/evals/TOFU_EVAL.json
forget01,SatImp,lr2e-5_b32_mb8_ga4_a1.0_b16.0_b21.0_g0.1_e10,2e-5,32,8,4,1.0,6.0,1.0,a4,10,checkpoint-10,10,0.003018184077228396,0.6176865515069616,0.9955969363451004,0.9436987623664228,0.5156474012375671,0.6010850057960702,0.46832248464593157,0.5487258847256349,-0.34894311377157156,saves/unlearn/tofu/forget01/Llama-2-7b-chat-hf/SatImp/lr2e-5_b32_mb8_ga4_a1.0_b16.0_b21.0_g0.1_e10/checkpoint-10/evals/TOFU_SUMMARY.json,saves/unlearn/tofu/forget01/Llama-2-7b-chat-hf/SatImp/lr2e-5_b32_mb8_ga4_a1.0_b16.0_b21.0_g0.1_e10/checkpoint-10/evals/TOFU_EVAL.json
forget01,SatImp,lr5e-5_b16_mb8_ga2_a0.01_b15.0_b21.0_g0.1_e10,5e-5,16,8,2,0.01,6,1.0,a2,10,checkpoint-3,3,0.003018184077228396,0.5515839768605847,0.8755943030118942,0.23744216758771458,0.5291373509801371,0.5735166872377455,0.46765119261380234,0.566977330094838,-0.0019160743619912879,saves/unlearn/tofu/forget01/Llama-2-7b-chat-hf/SatImp/lr5e-5_b16_mb8_ga2_a0.01_b15.0_b21.0_g0.1_e10/checkpoint-3/evals/TOFU_SUMMARY.json,saves/unlearn/tofu/forget01/Llama-2-7b-chat-hf/SatImp/lr5e-5_b16_mb8_ga2_a0.01_b15.0_b21.0_g0.1_e10/checkpoint-3/evals/TOFU_EVAL.json
forget01,SatImp,lr5e-5_b16_mb8_ga2_a0.01_b15.0_b21.0_g0.1_e10,5e-5,16,8,2,0.01,6,1.0,a2,10,checkpoint-6,6,0.054141077480362725,0.5867022658966929,0.7694771096110344,0.14364780573650196,0.6324801928310972,0.5632744941812757,0.43208123907839946,0.542326413847049,0.18428088570328743,saves/unlearn/tofu/forget01/Llama-2-7b-chat-hf/SatImp/lr5e-5_b16_mb8_ga2_a0.01_b15.0_b21.0_g0.1_e10/checkpoint-6/evals/TOFU_SUMMARY.json,saves/unlearn/tofu/forget01/Llama-2-7b-chat-hf/SatImp/lr5e-5_b16_mb8_ga2_a0.01_b15.0_b21.0_g0.1_e10/checkpoint-6/evals/TOFU_EVAL.json
forget01,SatImp,lr5e-5_b16_mb8_ga2_a0.01_b15.0_b21.0_g0.1_e10,5e-5,16,8,2,0.01,6,1.0,a2,10,checkpoint-9,9,0.054141077480362725,0.5844988177580708,0.4506319211795926,0.06705071427845717,0.5147800590793346,0.5788709586767675,0.4217175814963153,0.5569119949811454,0.37979857750940854,saves/unlearn/tofu/forget01/Llama-2-7b-chat-hf/SatImp/lr5e-5_b16_mb8_ga2_a0.01_b15.0_b21.0_g0.1_e10/checkpoint-9/evals/TOFU_SUMMARY.json,saves/unlearn/tofu/forget01/Llama-2-7b-chat-hf/SatImp/lr5e-5_b16_mb8_ga2_a0.01_b15.0_b21.0_g0.1_e10/checkpoint-9/evals/TOFU_EVAL.json
forget01,SatImp,lr5e-5_b16_mb8_ga2_a0.01_b15.0_b21.0_g0.1_e10,5e-5,16,8,2,0.01,6,1.0,a2,10,checkpoint-12,12,0.00018791118070078278,0.5835777833639122,0.36917388457804917,0.06777435221848167,0.34266837832922414,0.5771170317125115,0.4188035596397643,0.5561594367608633,0.36529157614634755,saves/unlearn/tofu/forget01/Llama-2-7b-chat-hf/SatImp/lr5e-5_b16_mb8_ga2_a0.01_b15.0_b21.0_g0.1_e10/checkpoint-12/evals/TOFU_SUMMARY.json,saves/unlearn/tofu/forget01/Llama-2-7b-chat-hf/SatImp/lr5e-5_b16_mb8_ga2_a0.01_b15.0_b21.0_g0.1_e10/checkpoint-12/evals/TOFU_EVAL.json
forget01,SatImp,lr5e-5_b16_mb8_ga2_a0.01_b15.0_b21.0_g0.1_e10,5e-5,16,8,2,0.01,6,1.0,a2,10,checkpoint-15,15,0.00018791118070078278,0.582908356551657,0.34127837857231497,0.06357726934492822,0.3531573424073724,0.567934273947432,0.4188552837293972,0.5513365665734373,0.38066844377373615,saves/unlearn/tofu/forget01/Llama-2-7b-chat-hf/SatImp/lr5e-5_b16_mb8_ga2_a0.01_b15.0_b21.0_g0.1_e10/checkpoint-15/evals/TOFU_SUMMARY.json,saves/unlearn/tofu/forget01/Llama-2-7b-chat-hf/SatImp/lr5e-5_b16_mb8_ga2_a0.01_b15.0_b21.0_g0.1_e10/checkpoint-15/evals/TOFU_EVAL.json
forget01,SatImp,lr5e-5_b16_mb8_ga2_a0.01_b15.0_b21.0_g0.1_e10,5e-5,16,8,2,0.01,6,1.0,a2,10,checkpoint-18,18,0.00018791118070078278,0.5824386843917538,0.2986370704136789,0.0384903196714418,0.3582257483970664,0.5654461900211732,0.4190798775424098,0.5485427556351663,0.4140629005298943,saves/unlearn/tofu/forget01/Llama-2-7b-chat-hf/SatImp/lr5e-5_b16_mb8_ga2_a0.01_b15.0_b21.0_g0.1_e10/checkpoint-18/evals/TOFU_SUMMARY.json,saves/unlearn/tofu/forget01/Llama-2-7b-chat-hf/SatImp/lr5e-5_b16_mb8_ga2_a0.01_b15.0_b21.0_g0.1_e10/checkpoint-18/evals/TOFU_EVAL.json
forget01,SatImp,lr5e-5_b16_mb8_ga2_a0.01_b15.0_b21.0_g0.1_e10,5e-5,16,8,2,0.01,6,1.0,a2,10,checkpoint-20,20,0.00018791118070078278,0.5819821545032543,0.28303891932591796,0.0384903196714418,0.35897112065709463,0.5646121682258626,0.4188933579430364,0.5486857812537349,0.42140544618527526,saves/unlearn/tofu/forget01/Llama-2-7b-chat-hf/SatImp/lr5e-5_b16_mb8_ga2_a0.01_b15.0_b21.0_g0.1_e10/checkpoint-20/evals/TOFU_SUMMARY.json,saves/unlearn/tofu/forget01/Llama-2-7b-chat-hf/SatImp/lr5e-5_b16_mb8_ga2_a0.01_b15.0_b21.0_g0.1_e10/checkpoint-20/evals/TOFU_EVAL.json
forget01,SatImp,lr5e-5_b16_mb8_ga2_a0.01_b16.0_b21.0_g0.1_e10,5e-5,16,8,2,0.01,6,1.0,a2,10,checkpoint-3,3,0.0012708143485281624,0.5557782050133153,0.8759753093123436,0.23429992960505105,0.5236640032134383,0.5802622575654229,0.4698504810241756,0.5690673378446669,0.0019113999031461631,saves/unlearn/tofu/forget01/Llama-2-7b-chat-hf/SatImp/lr5e-5_b16_mb8_ga2_a0.01_b16.0_b21.0_g0.1_e10/checkpoint-3/evals/TOFU_SUMMARY.json,saves/unlearn/tofu/forget01/Llama-2-7b-chat-hf/SatImp/lr5e-5_b16_mb8_ga2_a0.01_b16.0_b21.0_g0.1_e10/checkpoint-3/evals/TOFU_EVAL.json
forget01,SatImp,lr5e-5_b16_mb8_ga2_a0.01_b16.0_b21.0_g0.1_e10,5e-5,16,8,2,0.01,6,1.0,a2,10,checkpoint-6,6,0.09707484379785862,0.5804676595818453,0.8025551453232765,0.1595576751886736,0.622389788486293,0.5526133056978562,0.4323348159228416,0.5334025866356711,0.19648609312372883,saves/unlearn/tofu/forget01/Llama-2-7b-chat-hf/SatImp/lr5e-5_b16_mb8_ga2_a0.01_b16.0_b21.0_g0.1_e10/checkpoint-6/evals/TOFU_SUMMARY.json,saves/unlearn/tofu/forget01/Llama-2-7b-chat-hf/SatImp/lr5e-5_b16_mb8_ga2_a0.01_b16.0_b21.0_g0.1_e10/checkpoint-6/evals/TOFU_EVAL.json
forget01,SatImp,lr5e-5_b16_mb8_ga2_a0.01_b16.0_b21.0_g0.1_e10,5e-5,16,8,2,0.01,6,1.0,a2,10,checkpoint-9,9,0.02860307028023343,0.5766593513037941,0.6415160857141018,0.13686576222486696,0.5761416042111718,0.553696457348803,0.42143132555189994,0.5377275790780087,0.21607149761454317,saves/unlearn/tofu/forget01/Llama-2-7b-chat-hf/SatImp/lr5e-5_b16_mb8_ga2_a0.01_b16.0_b21.0_g0.1_e10/checkpoint-9/evals/TOFU_SUMMARY.json,saves/unlearn/tofu/forget01/Llama-2-7b-chat-hf/SatImp/lr5e-5_b16_mb8_ga2_a0.01_b16.0_b21.0_g0.1_e10/checkpoint-9/evals/TOFU_EVAL.json
forget01,SatImp,lr5e-5_b16_mb8_ga2_a0.01_b16.0_b21.0_g0.1_e10,5e-5,16,8,2,0.01,6,1.0,a2,10,checkpoint-12,12,0.09707484379785862,0.5767406578862627,0.42648195209912954,0.07085530429628248,0.5495927410915151,0.5567589660525316,0.41930647644354335,0.5415868199905344,0.4251468734864153,saves/unlearn/tofu/forget01/Llama-2-7b-chat-hf/SatImp/lr5e-5_b16_mb8_ga2_a0.01_b16.0_b21.0_g0.1_e10/checkpoint-12/evals/TOFU_SUMMARY.json,saves/unlearn/tofu/forget01/Llama-2-7b-chat-hf/SatImp/lr5e-5_b16_mb8_ga2_a0.01_b16.0_b21.0_g0.1_e10/checkpoint-12/evals/TOFU_EVAL.json
forget01,SatImp,lr5e-5_b16_mb8_ga2_a0.01_b16.0_b21.0_g0.1_e10,5e-5,16,8,2,0.01,6,1.0,a2,10,checkpoint-15,15,0.00018791118070078278,0.576022453021203,0.3845932203810662,0.07145904579288112,0.4507542866582046,0.5538351068030152,0.41883959094708983,0.5373756644845702,0.3481842311149302,saves/unlearn/tofu/forget01/Llama-2-7b-chat-hf/SatImp/lr5e-5_b16_mb8_ga2_a0.01_b16.0_b21.0_g0.1_e10/checkpoint-15/evals/TOFU_SUMMARY.json,saves/unlearn/tofu/forget01/Llama-2-7b-chat-hf/SatImp/lr5e-5_b16_mb8_ga2_a0.01_b16.0_b21.0_g0.1_e10/checkpoint-15/evals/TOFU_EVAL.json
forget01,SatImp,lr5e-5_b16_mb8_ga2_a0.01_b16.0_b21.0_g0.1_e10,5e-5,16,8,2,0.01,6,1.0,a2,10,checkpoint-18,18,0.00018791118070078278,0.5756288600306309,0.3815839381888509,0.07096884971444975,0.38791871512937887,0.5516395404410679,0.41820986870004717,0.5379821078944544,0.3495403772596814,saves/unlearn/tofu/forget01/Llama-2-7b-chat-hf/SatImp/lr5e-5_b16_mb8_ga2_a0.01_b16.0_b21.0_g0.1_e10/checkpoint-18/evals/TOFU_SUMMARY.json,saves/unlearn/tofu/forget01/Llama-2-7b-chat-hf/SatImp/lr5e-5_b16_mb8_ga2_a0.01_b16.0_b21.0_g0.1_e10/checkpoint-18/evals/TOFU_EVAL.json
forget01,SatImp,lr5e-5_b16_mb8_ga2_a0.01_b16.0_b21.0_g0.1_e10,5e-5,16,8,2,0.01,6,1.0,a2,10,checkpoint-20,20,0.00018791118070078278,0.5750946079886392,0.38252027053385973,0.07096884971444975,0.38620511481454717,0.5510986125977613,0.41832232919531376,0.5360110060533576,0.3485379590451853,saves/unlearn/tofu/forget01/Llama-2-7b-chat-hf/SatImp/lr5e-5_b16_mb8_ga2_a0.01_b16.0_b21.0_g0.1_e10/checkpoint-20/evals/TOFU_SUMMARY.json,saves/unlearn/tofu/forget01/Llama-2-7b-chat-hf/SatImp/lr5e-5_b16_mb8_ga2_a0.01_b16.0_b21.0_g0.1_e10/checkpoint-20/evals/TOFU_EVAL.json
forget01,SatImp,lr5e-5_b16_mb8_ga2_a0.1_b15.0_b21.0_g0.1_e10,5e-5,16,8,2,0.1,6,1.0,a2,10,checkpoint-3,3,0.0005039436209702519,0.56182600946101,0.9367682471871376,0.43999680936703534,0.4814963329587981,0.5938952600927258,0.4730648622219114,0.5675165808784783,-0.12605257519510615,saves/unlearn/tofu/forget01/Llama-2-7b-chat-hf/SatImp/lr5e-5_b16_mb8_ga2_a0.1_b15.0_b21.0_g0.1_e10/checkpoint-3/evals/TOFU_SUMMARY.json,saves/unlearn/tofu/forget01/Llama-2-7b-chat-hf/SatImp/lr5e-5_b16_mb8_ga2_a0.1_b15.0_b21.0_g0.1_e10/checkpoint-3/evals/TOFU_EVAL.json
forget01,SatImp,lr5e-5_b16_mb8_ga2_a0.1_b15.0_b21.0_g0.1_e10,5e-5,16,8,2,0.1,6,1.0,a2,10,checkpoint-6,6,0.006760732303569208,0.5975581556565296,0.9282929375767708,0.3549250016041824,0.5811725177822668,0.6015926582086581,0.4271877628052201,0.5601126589983382,-0.03729008163037778,saves/unlearn/tofu/forget01/Llama-2-7b-chat-hf/SatImp/lr5e-5_b16_mb8_ga2_a0.1_b15.0_b21.0_g0.1_e10/checkpoint-6/evals/TOFU_SUMMARY.json,saves/unlearn/tofu/forget01/Llama-2-7b-chat-hf/SatImp/lr5e-5_b16_mb8_ga2_a0.1_b15.0_b21.0_g0.1_e10/checkpoint-6/evals/TOFU_EVAL.json
forget01,SatImp,lr5e-5_b16_mb8_ga2_a0.1_b15.0_b21.0_g0.1_e10,5e-5,16,8,2,0.1,6,1.0,a2,10,checkpoint-9,9,0.01430154804770646,0.5973985268725628,0.9184299692511558,0.3141031071599449,0.5948054657675954,0.6266963528721422,0.41725925745062936,0.58325951173054,-0.004566463285281125,saves/unlearn/tofu/forget01/Llama-2-7b-chat-hf/SatImp/lr5e-5_b16_mb8_ga2_a0.1_b15.0_b21.0_g0.1_e10/checkpoint-9/evals/TOFU_SUMMARY.json,saves/unlearn/tofu/forget01/Llama-2-7b-chat-hf/SatImp/lr5e-5_b16_mb8_ga2_a0.1_b15.0_b21.0_g0.1_e10/checkpoint-9/evals/TOFU_EVAL.json
forget01,SatImp,lr5e-5_b16_mb8_ga2_a0.1_b15.0_b21.0_g0.1_e10,5e-5,16,8,2,0.1,6,1.0,a2,10,checkpoint-12,12,0.003018184077228396,0.5915102445847189,0.9133491516113281,0.280935674483358,0.5853475320251643,0.6061687322676645,0.41778802609012433,0.565030620748717,-0.002613984385395729,saves/unlearn/tofu/forget01/Llama-2-7b-chat-hf/SatImp/lr5e-5_b16_mb8_ga2_a0.1_b15.0_b21.0_g0.1_e10/checkpoint-12/evals/TOFU_SUMMARY.json,saves/unlearn/tofu/forget01/Llama-2-7b-chat-hf/SatImp/lr5e-5_b16_mb8_ga2_a0.1_b15.0_b21.0_g0.1_e10/checkpoint-12/evals/TOFU_EVAL.json
forget01,SatImp,lr5e-5_b16_mb8_ga2_a0.1_b15.0_b21.0_g0.1_e10,5e-5,16,8,2,0.1,6,1.0,a2,10,checkpoint-15,15,0.0012708143485281624,0.5853154374464221,0.9059221237897873,0.24157320208997235,0.5796717491571531,0.5789806642730904,0.4200903941884843,0.5473899866566059,0.012838588855070443,saves/unlearn/tofu/forget01/Llama-2-7b-chat-hf/SatImp/lr5e-5_b16_mb8_ga2_a0.1_b15.0_b21.0_g0.1_e10/checkpoint-15/evals/TOFU_SUMMARY.json,saves/unlearn/tofu/forget01/Llama-2-7b-chat-hf/SatImp/lr5e-5_b16_mb8_ga2_a0.1_b15.0_b21.0_g0.1_e10/checkpoint-15/evals/TOFU_EVAL.json
forget01,SatImp,lr5e-5_b16_mb8_ga2_a0.1_b15.0_b21.0_g0.1_e10,5e-5,16,8,2,0.1,6,1.0,a2,10,checkpoint-18,18,0.0012708143485281624,0.5852386597641877,0.9035577356815339,0.2294065354233057,0.5785447652680074,0.5741372990750161,0.42067603688232597,0.5456109078778731,0.020027338560296037,saves/unlearn/tofu/forget01/Llama-2-7b-chat-hf/SatImp/lr5e-5_b16_mb8_ga2_a0.1_b15.0_b21.0_g0.1_e10/checkpoint-18/evals/TOFU_SUMMARY.json,saves/unlearn/tofu/forget01/Llama-2-7b-chat-hf/SatImp/lr5e-5_b16_mb8_ga2_a0.1_b15.0_b21.0_g0.1_e10/checkpoint-18/evals/TOFU_EVAL.json
forget01,SatImp,lr5e-5_b16_mb8_ga2_a0.1_b15.0_b21.0_g0.1_e10,5e-5,16,8,2,0.1,6,1.0,a2,10,checkpoint-20,20,0.0012708143485281624,0.5849339695946488,0.9053975030779838,0.2294065354233057,0.5787795500427751,0.5734517173401747,0.4202466288125467,0.5444356301171048,0.018802764692532226,saves/unlearn/tofu/forget01/Llama-2-7b-chat-hf/SatImp/lr5e-5_b16_mb8_ga2_a0.1_b15.0_b21.0_g0.1_e10/checkpoint-20/evals/TOFU_SUMMARY.json,saves/unlearn/tofu/forget01/Llama-2-7b-chat-hf/SatImp/lr5e-5_b16_mb8_ga2_a0.1_b15.0_b21.0_g0.1_e10/checkpoint-20/evals/TOFU_EVAL.json
forget01,SatImp,lr5e-5_b16_mb8_ga2_a0.1_b16.0_b21.0_g0.1_e10,5e-5,16,8,2,0.1,6,1.0,a2,10,checkpoint-3,3,0.00018791118070078278,0.5618460423423152,0.9371064648032188,0.4407319568949461,0.48324151673279714,0.597480716771544,0.47253610664198903,0.5670971073378498,-0.12688525732606645,saves/unlearn/tofu/forget01/Llama-2-7b-chat-hf/SatImp/lr5e-5_b16_mb8_ga2_a0.1_b16.0_b21.0_g0.1_e10/checkpoint-3/evals/TOFU_SUMMARY.json,saves/unlearn/tofu/forget01/Llama-2-7b-chat-hf/SatImp/lr5e-5_b16_mb8_ga2_a0.1_b16.0_b21.0_g0.1_e10/checkpoint-3/evals/TOFU_EVAL.json
forget01,SatImp,lr5e-5_b16_mb8_ga2_a0.1_b16.0_b21.0_g0.1_e10,5e-5,16,8,2,0.1,6,1.0,a2,10,checkpoint-6,6,0.006760732303569208,0.5988935847705734,0.9337064936757088,0.38866922333659115,0.580299394809892,0.6005106261284073,0.4279640633454082,0.5630667402208249,-0.05553354143200734,saves/unlearn/tofu/forget01/Llama-2-7b-chat-hf/SatImp/lr5e-5_b16_mb8_ga2_a0.1_b16.0_b21.0_g0.1_e10/checkpoint-6/evals/TOFU_SUMMARY.json,saves/unlearn/tofu/forget01/Llama-2-7b-chat-hf/SatImp/lr5e-5_b16_mb8_ga2_a0.1_b16.0_b21.0_g0.1_e10/checkpoint-6/evals/TOFU_EVAL.json
forget01,SatImp,lr5e-5_b16_mb8_ga2_a0.1_b16.0_b21.0_g0.1_e10,5e-5,16,8,2,0.1,6,1.0,a2,10,checkpoint-9,9,0.01430154804770646,0.5990447160606976,0.9231641381978989,0.3385870629906463,0.5906174260577642,0.6316785202585268,0.4164180441828793,0.5901733086426914,-0.01752933648586849,saves/unlearn/tofu/forget01/Llama-2-7b-chat-hf/SatImp/lr5e-5_b16_mb8_ga2_a0.1_b16.0_b21.0_g0.1_e10/checkpoint-9/evals/TOFU_SUMMARY.json,saves/unlearn/tofu/forget01/Llama-2-7b-chat-hf/SatImp/lr5e-5_b16_mb8_ga2_a0.1_b16.0_b21.0_g0.1_e10/checkpoint-9/evals/TOFU_EVAL.json
forget01,SatImp,lr5e-5_b16_mb8_ga2_a0.1_b16.0_b21.0_g0.1_e10,5e-5,16,8,2,0.1,6,1.0,a2,10,checkpoint-12,12,0.003018184077228396,0.5947499748432821,0.9185492247343063,0.2996440888272362,0.5786645675808899,0.6130661300788391,0.4179456237224988,0.5716400693266689,-0.011328497860260772,saves/unlearn/tofu/forget01/Llama-2-7b-chat-hf/SatImp/lr5e-5_b16_mb8_ga2_a0.1_b16.0_b21.0_g0.1_e10/checkpoint-12/evals/TOFU_SUMMARY.json,saves/unlearn/tofu/forget01/Llama-2-7b-chat-hf/SatImp/lr5e-5_b16_mb8_ga2_a0.1_b16.0_b21.0_g0.1_e10/checkpoint-12/evals/TOFU_EVAL.json
forget01,SatImp,lr5e-5_b16_mb8_ga2_a0.1_b16.0_b21.0_g0.1_e10,5e-5,16,8,2,0.1,6,1.0,a2,10,checkpoint-15,15,0.003018184077228396,0.5904571818051695,0.9196977257728577,0.2884287794489215,0.5742463940267158,0.5918701189367049,0.419893037114541,0.5606153143314212,-0.010587886728491674,saves/unlearn/tofu/forget01/Llama-2-7b-chat-hf/SatImp/lr5e-5_b16_mb8_ga2_a0.1_b16.0_b21.0_g0.1_e10/checkpoint-15/evals/TOFU_SUMMARY.json,saves/unlearn/tofu/forget01/Llama-2-7b-chat-hf/SatImp/lr5e-5_b16_mb8_ga2_a0.1_b16.0_b21.0_g0.1_e10/checkpoint-15/evals/TOFU_EVAL.json
forget01,SatImp,lr5e-5_b16_mb8_ga2_a0.1_b16.0_b21.0_g0.1_e10,5e-5,16,8,2,0.1,6,1.0,a2,10,checkpoint-18,18,0.0012708143485281624,0.5902579670624469,0.9208310663700103,0.27574127944892146,0.5727037724185284,0.5880247646818412,0.41988944270005574,0.5585322106873718,-0.006757391498490806,saves/unlearn/tofu/forget01/Llama-2-7b-chat-hf/SatImp/lr5e-5_b16_mb8_ga2_a0.1_b16.0_b21.0_g0.1_e10/checkpoint-18/evals/TOFU_SUMMARY.json,saves/unlearn/tofu/forget01/Llama-2-7b-chat-hf/SatImp/lr5e-5_b16_mb8_ga2_a0.1_b16.0_b21.0_g0.1_e10/checkpoint-18/evals/TOFU_EVAL.json
forget01,SatImp,lr5e-5_b16_mb8_ga2_a0.1_b16.0_b21.0_g0.1_e10,5e-5,16,8,2,0.1,6,1.0,a2,10,checkpoint-20,20,0.003018184077228396,0.5903683457537419,0.922456470131874,0.2889920797690495,0.5734534310155275,0.5884308941014301,0.42013537947837404,0.5589552274805742,-0.012337745119491483,saves/unlearn/tofu/forget01/Llama-2-7b-chat-hf/SatImp/lr5e-5_b16_mb8_ga2_a0.1_b16.0_b21.0_g0.1_e10/checkpoint-20/evals/TOFU_SUMMARY.json,saves/unlearn/tofu/forget01/Llama-2-7b-chat-hf/SatImp/lr5e-5_b16_mb8_ga2_a0.1_b16.0_b21.0_g0.1_e10/checkpoint-20/evals/TOFU_EVAL.json
forget01,SatImp,lr5e-5_b16_mb8_ga2_a1.0_b15.0_b21.0_g0.1_e10,5e-5,16,8,2,1.0,6,1.0,a2,10,checkpoint-3,3,0.0012708143485281624,0.5620586969400332,0.9400948002934456,0.4311836369874779,0.48430715092701015,0.5907904302755803,0.4720318497108799,0.566220279629005,-0.12230970735190042,saves/unlearn/tofu/forget01/Llama-2-7b-chat-hf/SatImp/lr5e-5_b16_mb8_ga2_a1.0_b15.0_b21.0_g0.1_e10/checkpoint-3/evals/TOFU_SUMMARY.json,saves/unlearn/tofu/forget01/Llama-2-7b-chat-hf/SatImp/lr5e-5_b16_mb8_ga2_a1.0_b15.0_b21.0_g0.1_e10/checkpoint-3/evals/TOFU_EVAL.json
forget01,SatImp,lr5e-5_b16_mb8_ga2_a1.0_b15.0_b21.0_g0.1_e10,5e-5,16,8,2,1.0,6,1.0,a2,10,checkpoint-6,6,0.003018184077228396,0.5691737198995165,0.9337474510073662,0.3539164853169856,0.549690398472951,0.5551238853590307,0.44582090701853744,0.5344232710174799,-0.07164006418543101,saves/unlearn/tofu/forget01/Llama-2-7b-chat-hf/SatImp/lr5e-5_b16_mb8_ga2_a1.0_b15.0_b21.0_g0.1_e10/checkpoint-6/evals/TOFU_SUMMARY.json,saves/unlearn/tofu/forget01/Llama-2-7b-chat-hf/SatImp/lr5e-5_b16_mb8_ga2_a1.0_b15.0_b21.0_g0.1_e10/checkpoint-6/evals/TOFU_EVAL.json
forget01,SatImp,lr5e-5_b16_mb8_ga2_a1.0_b15.0_b21.0_g0.1_e10,5e-5,16,8,2,1.0,6,1.0,a2,10,checkpoint-9,9,0.006760732303569208,0.5671754645222793,0.9338092982769013,0.35936925582626866,0.5875605105772878,0.5547883530023624,0.42464655493343934,0.5235361470419626,-0.07265308022573647,saves/unlearn/tofu/forget01/Llama-2-7b-chat-hf/SatImp/lr5e-5_b16_mb8_ga2_a1.0_b15.0_b21.0_g0.1_e10/checkpoint-9/evals/TOFU_SUMMARY.json,saves/unlearn/tofu/forget01/Llama-2-7b-chat-hf/SatImp/lr5e-5_b16_mb8_ga2_a1.0_b15.0_b21.0_g0.1_e10/checkpoint-9/evals/TOFU_EVAL.json
forget01,SatImp,lr5e-5_b16_mb8_ga2_a1.0_b15.0_b21.0_g0.1_e10,5e-5,16,8,2,1.0,6,1.0,a2,10,checkpoint-12,12,0.006760732303569208,0.5666710326379758,0.9370141088962555,0.3779013550291855,0.5962365813451934,0.5686392365137056,0.41641070669522934,0.5299021579837461,-0.08402596702117546,saves/unlearn/tofu/forget01/Llama-2-7b-chat-hf/SatImp/lr5e-5_b16_mb8_ga2_a1.0_b15.0_b21.0_g0.1_e10/checkpoint-12/evals/TOFU_SUMMARY.json,saves/unlearn/tofu/forget01/Llama-2-7b-chat-hf/SatImp/lr5e-5_b16_mb8_ga2_a1.0_b15.0_b21.0_g0.1_e10/checkpoint-12/evals/TOFU_EVAL.json
forget01,SatImp,lr5e-5_b16_mb8_ga2_a1.0_b15.0_b21.0_g0.1_e10,5e-5,16,8,2,1.0,6,1.0,a2,10,checkpoint-15,15,0.006760732303569208,0.5663393215401931,0.9416927322745323,0.40387023835101,0.5945855906305392,0.5604160003945019,0.4162514145274242,0.5303445660079238,-0.09968143146900887,saves/unlearn/tofu/forget01/Llama-2-7b-chat-hf/SatImp/lr5e-5_b16_mb8_ga2_a1.0_b15.0_b21.0_g0.1_e10/checkpoint-15/evals/TOFU_SUMMARY.json,saves/unlearn/tofu/forget01/Llama-2-7b-chat-hf/SatImp/lr5e-5_b16_mb8_ga2_a1.0_b15.0_b21.0_g0.1_e10/checkpoint-15/evals/TOFU_EVAL.json
forget01,SatImp,lr5e-5_b16_mb8_ga2_a1.0_b15.0_b21.0_g0.1_e10,5e-5,16,8,2,1.0,6,1.0,a2,10,checkpoint-18,18,0.006760732303569208,0.5668153278610024,0.9445799291133881,0.41961778737061783,0.591996084629643,0.5572665524246099,0.4169700834158009,0.5271298272109332,-0.10852279807743132,saves/unlearn/tofu/forget01/Llama-2-7b-chat-hf/SatImp/lr5e-5_b16_mb8_ga2_a1.0_b15.0_b21.0_g0.1_e10/checkpoint-18/evals/TOFU_SUMMARY.json,saves/unlearn/tofu/forget01/Llama-2-7b-chat-hf/SatImp/lr5e-5_b16_mb8_ga2_a1.0_b15.0_b21.0_g0.1_e10/checkpoint-18/evals/TOFU_EVAL.json
forget01,SatImp,lr5e-5_b16_mb8_ga2_a1.0_b15.0_b21.0_g0.1_e10,5e-5,16,8,2,1.0,6,1.0,a2,10,checkpoint-20,20,0.006760732303569208,0.5665761159756987,0.9455977901816368,0.4235393559980688,0.5924225236152522,0.5585868955537064,0.4169117172567908,0.5278365170967401,-0.11123172481058491,saves/unlearn/tofu/forget01/Llama-2-7b-chat-hf/SatImp/lr5e-5_b16_mb8_ga2_a1.0_b15.0_b21.0_g0.1_e10/checkpoint-20/evals/TOFU_SUMMARY.json,saves/unlearn/tofu/forget01/Llama-2-7b-chat-hf/SatImp/lr5e-5_b16_mb8_ga2_a1.0_b15.0_b21.0_g0.1_e10/checkpoint-20/evals/TOFU_EVAL.json
forget01,SatImp,lr5e-5_b16_mb8_ga2_a1.0_b16.0_b21.0_g0.1_e10,5e-5,16,8,2,1.0,6,1.0,a2,10,checkpoint-3,3,0.0005039436209702519,0.5636537925157108,0.9407636597752571,0.43559153172432,0.4846103142492469,0.58997297871432,0.4726375963880515,0.5632757064305909,-0.12401985961310749,saves/unlearn/tofu/forget01/Llama-2-7b-chat-hf/SatImp/lr5e-5_b16_mb8_ga2_a1.0_b16.0_b21.0_g0.1_e10/checkpoint-3/evals/TOFU_SUMMARY.json,saves/unlearn/tofu/forget01/Llama-2-7b-chat-hf/SatImp/lr5e-5_b16_mb8_ga2_a1.0_b16.0_b21.0_g0.1_e10/checkpoint-3/evals/TOFU_EVAL.json
forget01,SatImp,lr5e-5_b16_mb8_ga2_a1.0_b16.0_b21.0_g0.1_e10,5e-5,16,8,2,1.0,6,1.0,a2,10,checkpoint-6,6,0.003018184077228396,0.5702733860843293,0.9342964872717857,0.36319519680157947,0.552557646839613,0.5557881365791273,0.44549649250221535,0.5343998062771216,-0.07545427187512485,saves/unlearn/tofu/forget01/Llama-2-7b-chat-hf/SatImp/lr5e-5_b16_mb8_ga2_a1.0_b16.0_b21.0_g0.1_e10/checkpoint-6/evals/TOFU_SUMMARY.json,saves/unlearn/tofu/forget01/Llama-2-7b-chat-hf/SatImp/lr5e-5_b16_mb8_ga2_a1.0_b16.0_b21.0_g0.1_e10/checkpoint-6/evals/TOFU_EVAL.json
forget01,SatImp,lr5e-5_b16_mb8_ga2_a1.0_b16.0_b21.0_g0.1_e10,5e-5,16,8,2,1.0,6,1.0,a2,10,checkpoint-9,9,0.006760732303569208,0.5677864512234725,0.9330634891986846,0.3736460150614643,0.5931075423392957,0.5574982600631216,0.42421480405763573,0.5231935468604081,-0.07880756860303276,saves/unlearn/tofu/forget01/Llama-2-7b-chat-hf/SatImp/lr5e-5_b16_mb8_ga2_a1.0_b16.0_b21.0_g0.1_e10/checkpoint-9/evals/TOFU_SUMMARY.json,saves/unlearn/tofu/forget01/Llama-2-7b-chat-hf/SatImp/lr5e-5_b16_mb8_ga2_a1.0_b16.0_b21.0_g0.1_e10/checkpoint-9/evals/TOFU_EVAL.json
forget01,SatImp,lr5e-5_b16_mb8_ga2_a1.0_b16.0_b21.0_g0.1_e10,5e-5,16,8,2,1.0,6,1.0,a2,10,checkpoint-12,12,0.006760732303569208,0.5690055556924185,0.9394894197583199,0.40450226523225463,0.5994611870570042,0.5760562594613711,0.4153224587313095,0.5326982501616583,-0.09622955449929954,saves/unlearn/tofu/forget01/Llama-2-7b-chat-hf/SatImp/lr5e-5_b16_mb8_ga2_a1.0_b16.0_b21.0_g0.1_e10/checkpoint-12/evals/TOFU_SUMMARY.json,saves/unlearn/tofu/forget01/Llama-2-7b-chat-hf/SatImp/lr5e-5_b16_mb8_ga2_a1.0_b16.0_b21.0_g0.1_e10/checkpoint-12/evals/TOFU_EVAL.json
forget01,SatImp,lr5e-5_b16_mb8_ga2_a1.0_b16.0_b21.0_g0.1_e10,5e-5,16,8,2,1.0,6,1.0,a2,10,checkpoint-15,15,0.006760732303569208,0.5684545651718618,0.9443862050771713,0.4317897084800637,0.5968178616421964,0.5687314293110185,0.41544177519834774,0.53074295543364,-0.11287265930318652,saves/unlearn/tofu/forget01/Llama-2-7b-chat-hf/SatImp/lr5e-5_b16_mb8_ga2_a1.0_b16.0_b21.0_g0.1_e10/checkpoint-15/evals/TOFU_SUMMARY.json,saves/unlearn/tofu/forget01/Llama-2-7b-chat-hf/SatImp/lr5e-5_b16_mb8_ga2_a1.0_b16.0_b21.0_g0.1_e10/checkpoint-15/evals/TOFU_EVAL.json
forget01,SatImp,lr5e-5_b16_mb8_ga2_a1.0_b16.0_b21.0_g0.1_e10,5e-5,16,8,2,1.0,6,1.0,a2,10,checkpoint-18,18,0.006760732303569208,0.5686349257285941,0.9487054005265236,0.4699824732097496,0.5950150462334612,0.5634455876289052,0.41612294105561476,0.5301089471836244,-0.13394827883597332,saves/unlearn/tofu/forget01/Llama-2-7b-chat-hf/SatImp/lr5e-5_b16_mb8_ga2_a1.0_b16.0_b21.0_g0.1_e10/checkpoint-18/evals/TOFU_SUMMARY.json,saves/unlearn/tofu/forget01/Llama-2-7b-chat-hf/SatImp/lr5e-5_b16_mb8_ga2_a1.0_b16.0_b21.0_g0.1_e10/checkpoint-18/evals/TOFU_EVAL.json
forget01,SatImp,lr5e-5_b16_mb8_ga2_a1.0_b16.0_b21.0_g0.1_e10,5e-5,16,8,2,1.0,6,1.0,a2,10,checkpoint-20,20,0.006760732303569208,0.5695933952607398,0.9487054005265236,0.4699824732097496,0.5956644754164458,0.5637615611479004,0.4161941689593515,0.5307097284428387,-0.1329898093038276,saves/unlearn/tofu/forget01/Llama-2-7b-chat-hf/SatImp/lr5e-5_b16_mb8_ga2_a1.0_b16.0_b21.0_g0.1_e10/checkpoint-20/evals/TOFU_SUMMARY.json,saves/unlearn/tofu/forget01/Llama-2-7b-chat-hf/SatImp/lr5e-5_b16_mb8_ga2_a1.0_b16.0_b21.0_g0.1_e10/checkpoint-20/evals/TOFU_EVAL.json
forget01,SatImp,lr5e-5_b32_mb8_ga4_a0.01_b15.0_b21.0_g0.1_e10,5e-5,32,8,4,0.01,5.0,1.0,a4,10,checkpoint-2,2,0.0012708143485281624,0.5435057081287029,0.873848108947277,0.21111354645249927,0.5049693933511572,0.5460326287916911,0.47505377417898775,0.5315956893936623,0.002295694777342913,saves/unlearn/tofu/forget01/Llama-2-7b-chat-hf/SatImp/lr5e-5_b32_mb8_ga4_a0.01_b15.0_b21.0_g0.1_e10/checkpoint-2/evals/TOFU_SUMMARY.json,saves/unlearn/tofu/forget01/Llama-2-7b-chat-hf/SatImp/lr5e-5_b32_mb8_ga4_a0.01_b15.0_b21.0_g0.1_e10/checkpoint-2/evals/TOFU_EVAL.json
forget01,SatImp,lr5e-5_b32_mb8_ga4_a0.01_b15.0_b21.0_g0.1_e10,5e-5,32,8,4,0.01,5.0,1.0,a4,10,checkpoint-4,4,0.01430154804770646,0.5820313577193257,0.8540055081248283,0.16009767455074736,0.566937951908035,0.5889041322425952,0.45291567007485056,0.5306748938725955,0.08928131442924428,saves/unlearn/tofu/forget01/Llama-2-7b-chat-hf/SatImp/lr5e-5_b32_mb8_ga4_a0.01_b15.0_b21.0_g0.1_e10/checkpoint-4/evals/TOFU_SUMMARY.json,saves/unlearn/tofu/forget01/Llama-2-7b-chat-hf/SatImp/lr5e-5_b32_mb8_ga4_a0.01_b15.0_b21.0_g0.1_e10/checkpoint-4/evals/TOFU_EVAL.json
forget01,SatImp,lr5e-5_b32_mb8_ga4_a0.01_b15.0_b21.0_g0.1_e10,5e-5,32,8,4,0.01,5.0,1.0,a4,10,checkpoint-6,6,0.02860307028023343,0.5773281245131776,0.8125568866729737,0.13172529691054172,0.5994074397547106,0.5795938586936541,0.43758228269766375,0.5123171373974392,0.1337901030016534,saves/unlearn/tofu/forget01/Llama-2-7b-chat-hf/SatImp/lr5e-5_b32_mb8_ga4_a0.01_b15.0_b21.0_g0.1_e10/checkpoint-6/evals/TOFU_SUMMARY.json,saves/unlearn/tofu/forget01/Llama-2-7b-chat-hf/SatImp/lr5e-5_b32_mb8_ga4_a0.01_b15.0_b21.0_g0.1_e10/checkpoint-6/evals/TOFU_EVAL.json
forget01,SatImp,lr5e-5_b32_mb8_ga4_a0.01_b15.0_b21.0_g0.1_e10,5e-5,32,8,4,0.01,5.0,1.0,a4,10,checkpoint-8,8,0.02860307028023343,0.5742148674246657,0.7882910311222077,0.124674652905848,0.6138068447508772,0.5666802743557848,0.4330950697835162,0.5052954789089471,0.14633509569087128,saves/unlearn/tofu/forget01/Llama-2-7b-chat-hf/SatImp/lr5e-5_b32_mb8_ga4_a0.01_b15.0_b21.0_g0.1_e10/checkpoint-8/evals/TOFU_SUMMARY.json,saves/unlearn/tofu/forget01/Llama-2-7b-chat-hf/SatImp/lr5e-5_b32_mb8_ga4_a0.01_b15.0_b21.0_g0.1_e10/checkpoint-8/evals/TOFU_EVAL.json
forget01,SatImp,lr5e-5_b32_mb8_ga4_a0.01_b15.0_b21.0_g0.1_e10,5e-5,32,8,4,0.01,5.0,1.0,a4,10,checkpoint-10,10,0.02860307028023343,0.5745553536637925,0.7817649394273758,0.12391707714827227,0.6167709230416275,0.5652481287882876,0.43302716174513733,0.5047813759680164,0.15031741565620194,saves/unlearn/tofu/forget01/Llama-2-7b-chat-hf/SatImp/lr5e-5_b32_mb8_ga4_a0.01_b15.0_b21.0_g0.1_e10/checkpoint-10/evals/TOFU_SUMMARY.json,saves/unlearn/tofu/forget01/Llama-2-7b-chat-hf/SatImp/lr5e-5_b32_mb8_ga4_a0.01_b15.0_b21.0_g0.1_e10/checkpoint-10/evals/TOFU_EVAL.json
forget01,SatImp,lr5e-5_b32_mb8_ga4_a0.01_b16.0_b21.0_g0.1_e10,5e-5,32,8,4,0.01,6.0,1.0,a4,10,checkpoint-2,2,0.0012708143485281624,0.5428468777081944,0.8767243921756744,0.21324120602696733,0.49622922269590386,0.5473257737504583,0.4764537693414597,0.5318623603972704,-0.0008651070445983289,saves/unlearn/tofu/forget01/Llama-2-7b-chat-hf/SatImp/lr5e-5_b32_mb8_ga4_a0.01_b16.0_b21.0_g0.1_e10/checkpoint-2/evals/TOFU_SUMMARY.json,saves/unlearn/tofu/forget01/Llama-2-7b-chat-hf/SatImp/lr5e-5_b32_mb8_ga4_a0.01_b16.0_b21.0_g0.1_e10/checkpoint-2/evals/TOFU_EVAL.json
forget01,SatImp,lr5e-5_b32_mb8_ga4_a0.01_b16.0_b21.0_g0.1_e10,5e-5,32,8,4,0.01,6.0,1.0,a4,10,checkpoint-4,4,0.006760732303569208,0.5848396954267212,0.8817329481244087,0.24126564005061643,0.5555225488771852,0.5933674041036374,0.4536331051032645,0.5318416146024714,0.030101133642777847,saves/unlearn/tofu/forget01/Llama-2-7b-chat-hf/SatImp/lr5e-5_b32_mb8_ga4_a0.01_b16.0_b21.0_g0.1_e10/checkpoint-4/evals/TOFU_SUMMARY.json,saves/unlearn/tofu/forget01/Llama-2-7b-chat-hf/SatImp/lr5e-5_b32_mb8_ga4_a0.01_b16.0_b21.0_g0.1_e10/checkpoint-4/evals/TOFU_EVAL.json
forget01,SatImp,lr5e-5_b32_mb8_ga4_a0.01_b16.0_b21.0_g0.1_e10,5e-5,32,8,4,0.01,6.0,1.0,a4,10,checkpoint-6,6,0.01430154804770646,0.5726473717408634,0.8426762476563454,0.14984766244951414,0.5824019016031423,0.5659714205938371,0.43793121670791707,0.5076753565796415,0.09068696473564011,saves/unlearn/tofu/forget01/Llama-2-7b-chat-hf/SatImp/lr5e-5_b32_mb8_ga4_a0.01_b16.0_b21.0_g0.1_e10/checkpoint-6/evals/TOFU_SUMMARY.json,saves/unlearn/tofu/forget01/Llama-2-7b-chat-hf/SatImp/lr5e-5_b32_mb8_ga4_a0.01_b16.0_b21.0_g0.1_e10/checkpoint-6/evals/TOFU_EVAL.json
forget01,SatImp,lr5e-5_b32_mb8_ga4_a0.01_b16.0_b21.0_g0.1_e10,5e-5,32,8,4,0.01,6.0,1.0,a4,10,checkpoint-8,8,0.02860307028023343,0.5677380823371015,0.818631112575531,0.14174326738207726,0.5905729294582358,0.552440669505784,0.43318681666297676,0.4971598450239981,0.11615396263853087,saves/unlearn/tofu/forget01/Llama-2-7b-chat-hf/SatImp/lr5e-5_b32_mb8_ga4_a0.01_b16.0_b21.0_g0.1_e10/checkpoint-8/evals/TOFU_SUMMARY.json,saves/unlearn/tofu/forget01/Llama-2-7b-chat-hf/SatImp/lr5e-5_b32_mb8_ga4_a0.01_b16.0_b21.0_g0.1_e10/checkpoint-8/evals/TOFU_EVAL.json
forget01,SatImp,lr5e-5_b32_mb8_ga4_a0.01_b16.0_b21.0_g0.1_e10,5e-5,32,8,4,0.01,6.0,1.0,a4,10,checkpoint-10,10,0.02860307028023343,0.5693555235638238,0.8148031964898109,0.12973668843470887,0.5918146276650773,0.5525242503297685,0.4331978744614109,0.4978383996347725,0.12568865138179736,saves/unlearn/tofu/forget01/Llama-2-7b-chat-hf/SatImp/lr5e-5_b32_mb8_ga4_a0.01_b16.0_b21.0_g0.1_e10/checkpoint-10/evals/TOFU_SUMMARY.json,saves/unlearn/tofu/forget01/Llama-2-7b-chat-hf/SatImp/lr5e-5_b32_mb8_ga4_a0.01_b16.0_b21.0_g0.1_e10/checkpoint-10/evals/TOFU_EVAL.json
forget01,SatImp,lr5e-5_b32_mb8_ga4_a0.1_b15.0_b21.0_g0.1_e10,5e-5,32,8,4,0.1,5.0,1.0,a4,10,checkpoint-2,2,0.00018791118070078278,0.5321659179355229,0.9141128703951835,0.3237449342555402,0.4857860127678114,0.5460586913383179,0.48207263071647577,0.5307387120370671,-0.0865750732091381,saves/unlearn/tofu/forget01/Llama-2-7b-chat-hf/SatImp/lr5e-5_b32_mb8_ga4_a0.1_b15.0_b21.0_g0.1_e10/checkpoint-2/evals/TOFU_SUMMARY.json,saves/unlearn/tofu/forget01/Llama-2-7b-chat-hf/SatImp/lr5e-5_b32_mb8_ga4_a0.1_b15.0_b21.0_g0.1_e10/checkpoint-2/evals/TOFU_EVAL.json
forget01,SatImp,lr5e-5_b32_mb8_ga4_a0.1_b15.0_b21.0_g0.1_e10,5e-5,32,8,4,0.1,5.0,1.0,a4,10,checkpoint-4,4,0.003018184077228396,0.5663299039108282,0.9279592856764793,0.3530495630572311,0.5294066413615556,0.605173180690945,0.4609521613516121,0.5021764604486377,-0.07115633637879865,saves/unlearn/tofu/forget01/Llama-2-7b-chat-hf/SatImp/lr5e-5_b32_mb8_ga4_a0.1_b15.0_b21.0_g0.1_e10/checkpoint-4/evals/TOFU_SUMMARY.json,saves/unlearn/tofu/forget01/Llama-2-7b-chat-hf/SatImp/lr5e-5_b32_mb8_ga4_a0.1_b15.0_b21.0_g0.1_e10/checkpoint-4/evals/TOFU_EVAL.json
forget01,SatImp,lr5e-5_b32_mb8_ga4_a0.1_b15.0_b21.0_g0.1_e10,5e-5,32,8,4,0.1,5.0,1.0,a4,10,checkpoint-6,6,0.006760732303569208,0.5529039388594529,0.9270217746496201,0.352344622355716,0.5513287410525531,0.5331216208564115,0.44361843278831814,0.48827817769953824,-0.08001852733964596,saves/unlearn/tofu/forget01/Llama-2-7b-chat-hf/SatImp/lr5e-5_b32_mb8_ga4_a0.1_b15.0_b21.0_g0.1_e10/checkpoint-6/evals/TOFU_SUMMARY.json,saves/unlearn/tofu/forget01/Llama-2-7b-chat-hf/SatImp/lr5e-5_b32_mb8_ga4_a0.1_b15.0_b21.0_g0.1_e10/checkpoint-6/evals/TOFU_EVAL.json
forget01,SatImp,lr5e-5_b32_mb8_ga4_a0.1_b15.0_b21.0_g0.1_e10,5e-5,32,8,4,0.1,5.0,1.0,a4,10,checkpoint-8,8,0.006760732303569208,0.5482410665932174,0.9256411135196686,0.3742786755753125,0.5599590721007166,0.5144713073584448,0.437672990914106,0.4880443140403469,-0.09495809565070398,saves/unlearn/tofu/forget01/Llama-2-7b-chat-hf/SatImp/lr5e-5_b32_mb8_ga4_a0.1_b15.0_b21.0_g0.1_e10/checkpoint-8/evals/TOFU_SUMMARY.json,saves/unlearn/tofu/forget01/Llama-2-7b-chat-hf/SatImp/lr5e-5_b32_mb8_ga4_a0.1_b15.0_b21.0_g0.1_e10/checkpoint-8/evals/TOFU_EVAL.json
forget01,SatImp,lr5e-5_b32_mb8_ga4_a0.1_b15.0_b21.0_g0.1_e10,5e-5,32,8,4,0.1,5.0,1.0,a4,10,checkpoint-10,10,0.006760732303569208,0.5508968910306958,0.9273947179317474,0.3799469656186026,0.560368383357899,0.5148558416179981,0.43790085504395565,0.4899905917944631,-0.09601321844090996,saves/unlearn/tofu/forget01/Llama-2-7b-chat-hf/SatImp/lr5e-5_b32_mb8_ga4_a0.1_b15.0_b21.0_g0.1_e10/checkpoint-10/evals/TOFU_SUMMARY.json,saves/unlearn/tofu/forget01/Llama-2-7b-chat-hf/SatImp/lr5e-5_b32_mb8_ga4_a0.1_b15.0_b21.0_g0.1_e10/checkpoint-10/evals/TOFU_EVAL.json
forget01,SatImp,lr5e-5_b32_mb8_ga4_a0.1_b16.0_b21.0_g0.1_e10,5e-5,32,8,4,0.1,6.0,1.0,a4,10,checkpoint-2,2,0.0005039436209702519,0.5323291010695689,0.9145200207829476,0.3237449342555402,0.4868920656207038,0.5455121033973351,0.48167155151096486,0.5306879441344706,-0.08629943282870473,saves/unlearn/tofu/forget01/Llama-2-7b-chat-hf/SatImp/lr5e-5_b32_mb8_ga4_a0.1_b16.0_b21.0_g0.1_e10/checkpoint-2/evals/TOFU_SUMMARY.json,saves/unlearn/tofu/forget01/Llama-2-7b-chat-hf/SatImp/lr5e-5_b32_mb8_ga4_a0.1_b16.0_b21.0_g0.1_e10/checkpoint-2/evals/TOFU_EVAL.json
forget01,SatImp,lr5e-5_b32_mb8_ga4_a0.1_b16.0_b21.0_g0.1_e10,5e-5,32,8,4,0.1,6.0,1.0,a4,10,checkpoint-4,4,0.0012708143485281624,0.5667350225396961,0.9303847402334213,0.36958395459162274,0.5299186205543736,0.5993024603536978,0.46215978845969813,0.5049142391420218,-0.08197851052429778,saves/unlearn/tofu/forget01/Llama-2-7b-chat-hf/SatImp/lr5e-5_b32_mb8_ga4_a0.1_b16.0_b21.0_g0.1_e10/checkpoint-4/evals/TOFU_SUMMARY.json,saves/unlearn/tofu/forget01/Llama-2-7b-chat-hf/SatImp/lr5e-5_b32_mb8_ga4_a0.1_b16.0_b21.0_g0.1_e10/checkpoint-4/evals/TOFU_EVAL.json
forget01,SatImp,lr5e-5_b32_mb8_ga4_a0.1_b16.0_b21.0_g0.1_e10,5e-5,32,8,4,0.1,6.0,1.0,a4,10,checkpoint-6,6,0.006760732303569208,0.5583693019930861,0.9348665714263916,0.4328235806056826,0.5494535361313543,0.5449451577015836,0.4442091719559103,0.4953786246117523,-0.1187150417193818,saves/unlearn/tofu/forget01/Llama-2-7b-chat-hf/SatImp/lr5e-5_b32_mb8_ga4_a0.1_b16.0_b21.0_g0.1_e10/checkpoint-6/evals/TOFU_SUMMARY.json,saves/unlearn/tofu/forget01/Llama-2-7b-chat-hf/SatImp/lr5e-5_b32_mb8_ga4_a0.1_b16.0_b21.0_g0.1_e10/checkpoint-6/evals/TOFU_EVAL.json
forget01,SatImp,lr5e-5_b32_mb8_ga4_a0.1_b16.0_b21.0_g0.1_e10,5e-5,32,8,4,0.1,6.0,1.0,a4,10,checkpoint-8,8,0.006760732303569208,0.5546240287705017,0.9322839841246605,0.3950427102994536,0.5582118450731972,0.529872720839981,0.4387246382304987,0.49042348550747156,-0.10227858613798618,saves/unlearn/tofu/forget01/Llama-2-7b-chat-hf/SatImp/lr5e-5_b32_mb8_ga4_a0.1_b16.0_b21.0_g0.1_e10/checkpoint-8/evals/TOFU_SUMMARY.json,saves/unlearn/tofu/forget01/Llama-2-7b-chat-hf/SatImp/lr5e-5_b32_mb8_ga4_a0.1_b16.0_b21.0_g0.1_e10/checkpoint-8/evals/TOFU_EVAL.json
forget01,SatImp,lr5e-5_b32_mb8_ga4_a0.1_b16.0_b21.0_g0.1_e10,5e-5,32,8,4,0.1,6.0,1.0,a4,10,checkpoint-10,10,0.006760732303569208,0.5550118172970456,0.9344832420349121,0.41657048807723135,0.5586055441679669,0.526815959197424,0.43844478974688017,0.49140431494888204,-0.11375431545545686,saves/unlearn/tofu/forget01/Llama-2-7b-chat-hf/SatImp/lr5e-5_b32_mb8_ga4_a0.1_b16.0_b21.0_g0.1_e10/checkpoint-10/evals/TOFU_SUMMARY.json,saves/unlearn/tofu/forget01/Llama-2-7b-chat-hf/SatImp/lr5e-5_b32_mb8_ga4_a0.1_b16.0_b21.0_g0.1_e10/checkpoint-10/evals/TOFU_EVAL.json
forget01,SatImp,lr5e-5_b32_mb8_ga4_a1.0_b15.0_b21.0_g0.1_e10,5e-5,32,8,4,1.0,5.0,1.0,a4,10,checkpoint-2,2,0.0005039436209702519,0.5348081712098198,0.9223875790834427,0.34214575059127517,0.4838779220663266,0.5511951760281163,0.48003570444517657,0.5325525608849114,-0.09695455000656883,saves/unlearn/tofu/forget01/Llama-2-7b-chat-hf/SatImp/lr5e-5_b32_mb8_ga4_a1.0_b15.0_b21.0_g0.1_e10/checkpoint-2/evals/TOFU_SUMMARY.json,saves/unlearn/tofu/forget01/Llama-2-7b-chat-hf/SatImp/lr5e-5_b32_mb8_ga4_a1.0_b15.0_b21.0_g0.1_e10/checkpoint-2/evals/TOFU_EVAL.json
forget01,SatImp,lr5e-5_b32_mb8_ga4_a1.0_b15.0_b21.0_g0.1_e10,5e-5,32,8,4,1.0,5.0,1.0,a4,10,checkpoint-4,4,0.0012708143485281624,0.5187373313123519,0.9228863433003426,0.3483765450672109,0.5176525678248686,0.5285065035909883,0.4699162557662993,0.46778341368331455,-0.11562329852289668,saves/unlearn/tofu/forget01/Llama-2-7b-chat-hf/SatImp/lr5e-5_b32_mb8_ga4_a1.0_b15.0_b21.0_g0.1_e10/checkpoint-4/evals/TOFU_SUMMARY.json,saves/unlearn/tofu/forget01/Llama-2-7b-chat-hf/SatImp/lr5e-5_b32_mb8_ga4_a1.0_b15.0_b21.0_g0.1_e10/checkpoint-4/evals/TOFU_EVAL.json
forget01,SatImp,lr5e-5_b32_mb8_ga4_a1.0_b15.0_b21.0_g0.1_e10,5e-5,32,8,4,1.0,5.0,1.0,a4,10,checkpoint-6,6,0.0012708143485281624,0.5444749647572952,0.9229780197143554,0.3191549690354119,0.5317305988420815,0.5987197976852469,0.4607514209021418,0.46604475953256863,-0.07532071526906034,saves/unlearn/tofu/forget01/Llama-2-7b-chat-hf/SatImp/lr5e-5_b32_mb8_ga4_a1.0_b15.0_b21.0_g0.1_e10/checkpoint-6/evals/TOFU_SUMMARY.json,saves/unlearn/tofu/forget01/Llama-2-7b-chat-hf/SatImp/lr5e-5_b32_mb8_ga4_a1.0_b15.0_b21.0_g0.1_e10/checkpoint-6/evals/TOFU_EVAL.json
forget01,SatImp,lr5e-5_b32_mb8_ga4_a1.0_b15.0_b21.0_g0.1_e10,5e-5,32,8,4,1.0,5.0,1.0,a4,10,checkpoint-8,8,0.006760732303569208,0.5482790606126643,0.93324616253376,0.33647276737514853,0.5408984725421133,0.5858880926782173,0.4553565544246188,0.4700438698453707,-0.07981967203822077,saves/unlearn/tofu/forget01/Llama-2-7b-chat-hf/SatImp/lr5e-5_b32_mb8_ga4_a1.0_b15.0_b21.0_g0.1_e10/checkpoint-8/evals/TOFU_SUMMARY.json,saves/unlearn/tofu/forget01/Llama-2-7b-chat-hf/SatImp/lr5e-5_b32_mb8_ga4_a1.0_b15.0_b21.0_g0.1_e10/checkpoint-8/evals/TOFU_EVAL.json
forget01,SatImp,lr5e-5_b32_mb8_ga4_a1.0_b15.0_b21.0_g0.1_e10,5e-5,32,8,4,1.0,5.0,1.0,a4,10,checkpoint-10,10,0.006760732303569208,0.5474427111076821,0.9337582901120186,0.35001765901601545,0.5420391329162346,0.5784994968764332,0.4545216703811704,0.46938494377238893,-0.08768453115276575,saves/unlearn/tofu/forget01/Llama-2-7b-chat-hf/SatImp/lr5e-5_b32_mb8_ga4_a1.0_b15.0_b21.0_g0.1_e10/checkpoint-10/evals/TOFU_SUMMARY.json,saves/unlearn/tofu/forget01/Llama-2-7b-chat-hf/SatImp/lr5e-5_b32_mb8_ga4_a1.0_b15.0_b21.0_g0.1_e10/checkpoint-10/evals/TOFU_EVAL.json
forget01,SatImp,lr5e-5_b32_mb8_ga4_a1.0_b16.0_b21.0_g0.1_e10,5e-5,32,8,4,1.0,6.0,1.0,a4,10,checkpoint-2,2,0.0005039436209702519,0.5360783381007869,0.922799514234066,0.3366616819638242,0.4838793385741017,0.5492930966052971,0.47977032763233424,0.5334882978065096,-0.09314831637718796,saves/unlearn/tofu/forget01/Llama-2-7b-chat-hf/SatImp/lr5e-5_b32_mb8_ga4_a1.0_b16.0_b21.0_g0.1_e10/checkpoint-2/evals/TOFU_SUMMARY.json,saves/unlearn/tofu/forget01/Llama-2-7b-chat-hf/SatImp/lr5e-5_b32_mb8_ga4_a1.0_b16.0_b21.0_g0.1_e10/checkpoint-2/evals/TOFU_EVAL.json
forget01,SatImp,lr5e-5_b32_mb8_ga4_a1.0_b16.0_b21.0_g0.1_e10,5e-5,32,8,4,1.0,6.0,1.0,a4,10,checkpoint-4,4,0.003018184077228396,0.5263220594386736,0.9222272723913193,0.345937520676967,0.5183695224989251,0.5431553537908563,0.4697714498832021,0.4705879671007378,-0.10474215301824111,saves/unlearn/tofu/forget01/Llama-2-7b-chat-hf/SatImp/lr5e-5_b32_mb8_ga4_a1.0_b16.0_b21.0_g0.1_e10/checkpoint-4/evals/TOFU_SUMMARY.json,saves/unlearn/tofu/forget01/Llama-2-7b-chat-hf/SatImp/lr5e-5_b32_mb8_ga4_a1.0_b16.0_b21.0_g0.1_e10/checkpoint-4/evals/TOFU_EVAL.json
forget01,SatImp,lr5e-5_b32_mb8_ga4_a1.0_b16.0_b21.0_g0.1_e10,5e-5,32,8,4,1.0,6.0,1.0,a4,10,checkpoint-6,6,0.003018184077228396,0.5484495884683891,0.926086787879467,0.3206497728995805,0.5318733242073241,0.6060493793006798,0.4619894538270954,0.46555202103217475,-0.07190050784390623,saves/unlearn/tofu/forget01/Llama-2-7b-chat-hf/SatImp/lr5e-5_b32_mb8_ga4_a1.0_b16.0_b21.0_g0.1_e10/checkpoint-6/evals/TOFU_SUMMARY.json,saves/unlearn/tofu/forget01/Llama-2-7b-chat-hf/SatImp/lr5e-5_b32_mb8_ga4_a1.0_b16.0_b21.0_g0.1_e10/checkpoint-6/evals/TOFU_EVAL.json
forget01,SatImp,lr5e-5_b32_mb8_ga4_a1.0_b16.0_b21.0_g0.1_e10,5e-5,32,8,4,1.0,6.0,1.0,a4,10,checkpoint-8,8,0.006760732303569208,0.542243420569533,0.9323853552341461,0.36251827176111345,0.5405893537535791,0.5665253808197913,0.4557583407827358,0.4589581017787765,-0.09844766062452756,saves/unlearn/tofu/forget01/Llama-2-7b-chat-hf/SatImp/lr5e-5_b32_mb8_ga4_a1.0_b16.0_b21.0_g0.1_e10/checkpoint-8/evals/TOFU_SUMMARY.json,saves/unlearn/tofu/forget01/Llama-2-7b-chat-hf/SatImp/lr5e-5_b32_mb8_ga4_a1.0_b16.0_b21.0_g0.1_e10/checkpoint-8/evals/TOFU_EVAL.json
forget01,SatImp,lr5e-5_b32_mb8_ga4_a1.0_b16.0_b21.0_g0.1_e10,5e-5,32,8,4,1.0,6.0,1.0,a4,10,checkpoint-10,10,0.01430154804770646,0.5398037502533521,0.9337886214256287,0.36251827176111345,0.5440146796042187,0.5502404536484427,0.4564141630745728,0.4562119915235723,-0.09404814829231248,saves/unlearn/tofu/forget01/Llama-2-7b-chat-hf/SatImp/lr5e-5_b32_mb8_ga4_a1.0_b16.0_b21.0_g0.1_e10/checkpoint-10/evals/TOFU_SUMMARY.json,saves/unlearn/tofu/forget01/Llama-2-7b-chat-hf/SatImp/lr5e-5_b32_mb8_ga4_a1.0_b16.0_b21.0_g0.1_e10/checkpoint-10/evals/TOFU_EVAL.json
forget01,SatImp,lr6e-5_b16_mb8_ga2_a0.01_b15.0_b21.0_g0.1_e10,6e-5,16,8,2,0.01,6,1.0,a2,10,checkpoint-3,3,0.006760732303569208,0.5353343398150627,0.8286327183246612,0.18543812370710627,0.5531887178732452,0.5816905822540483,0.4649305803536943,0.586197725375923,0.035059651102748196,saves/unlearn/tofu/forget01/Llama-2-7b-chat-hf/SatImp/lr6e-5_b16_mb8_ga2_a0.01_b15.0_b21.0_g0.1_e10/checkpoint-3/evals/TOFU_SUMMARY.json,saves/unlearn/tofu/forget01/Llama-2-7b-chat-hf/SatImp/lr6e-5_b16_mb8_ga2_a0.01_b15.0_b21.0_g0.1_e10/checkpoint-3/evals/TOFU_EVAL.json
forget01,SatImp,lr6e-5_b16_mb8_ga2_a0.01_b15.0_b21.0_g0.1_e10,6e-5,16,8,2,0.01,6,1.0,a2,10,checkpoint-6,6,0.9188052214121167,0.5730323957136105,0.7107691846787929,0.10904597867965302,0.6818962064387046,0.5958493453848359,0.4062547146571869,0.5434015704675792,1.0819300354465042,saves/unlearn/tofu/forget01/Llama-2-7b-chat-hf/SatImp/lr6e-5_b16_mb8_ga2_a0.01_b15.0_b21.0_g0.1_e10/checkpoint-6/evals/TOFU_SUMMARY.json,saves/unlearn/tofu/forget01/Llama-2-7b-chat-hf/SatImp/lr6e-5_b16_mb8_ga2_a0.01_b15.0_b21.0_g0.1_e10/checkpoint-6/evals/TOFU_EVAL.json
forget01,SatImp,lr6e-5_b16_mb8_ga2_a0.01_b15.0_b21.0_g0.1_e10,6e-5,16,8,2,0.01,6,1.0,a2,10,checkpoint-9,9,0.9188052214121167,0.5723285415641581,0.38148706844076513,0.04714650875526245,0.626137641988452,0.5903676665018914,0.40938867107504373,0.5495052856346694,1.2768169743782611,saves/unlearn/tofu/forget01/Llama-2-7b-chat-hf/SatImp/lr6e-5_b16_mb8_ga2_a0.01_b15.0_b21.0_g0.1_e10/checkpoint-9/evals/TOFU_SUMMARY.json,saves/unlearn/tofu/forget01/Llama-2-7b-chat-hf/SatImp/lr6e-5_b16_mb8_ga2_a0.01_b15.0_b21.0_g0.1_e10/checkpoint-9/evals/TOFU_EVAL.json
forget01,SatImp,lr6e-5_b16_mb8_ga2_a0.01_b15.0_b21.0_g0.1_e10,6e-5,16,8,2,0.01,6,1.0,a2,10,checkpoint-12,12,0.00018791118070078278,0.5714281224186836,0.1076005732640624,0.026435239990616165,0.4204570031064625,0.5907080318318569,0.4121490326499247,0.546359600262474,0.5045981269720451,saves/unlearn/tofu/forget01/Llama-2-7b-chat-hf/SatImp/lr6e-5_b16_mb8_ga2_a0.01_b15.0_b21.0_g0.1_e10/checkpoint-12/evals/TOFU_SUMMARY.json,saves/unlearn/tofu/forget01/Llama-2-7b-chat-hf/SatImp/lr6e-5_b16_mb8_ga2_a0.01_b15.0_b21.0_g0.1_e10/checkpoint-12/evals/TOFU_EVAL.json
forget01,SatImp,lr6e-5_b16_mb8_ga2_a0.01_b15.0_b21.0_g0.1_e10,6e-5,16,8,2,0.01,6,1.0,a2,10,checkpoint-15,15,0.00018791118070078278,0.5708050693177102,0.08021329054608942,0.024157807278400844,0.42731957977757895,0.5833849136761603,0.4147954962568171,0.5401818899693612,0.5188074315861659,saves/unlearn/tofu/forget01/Llama-2-7b-chat-hf/SatImp/lr6e-5_b16_mb8_ga2_a0.01_b15.0_b21.0_g0.1_e10/checkpoint-15/evals/TOFU_SUMMARY.json,saves/unlearn/tofu/forget01/Llama-2-7b-chat-hf/SatImp/lr6e-5_b16_mb8_ga2_a0.01_b15.0_b21.0_g0.1_e10/checkpoint-15/evals/TOFU_EVAL.json
forget01,SatImp,lr6e-5_b16_mb8_ga2_a0.01_b15.0_b21.0_g0.1_e10,6e-5,16,8,2,0.01,6,1.0,a2,10,checkpoint-18,18,0.00018791118070078278,0.5703789428963244,0.07637745905667544,0.024157807278400844,0.4274885328286066,0.5799690567810518,0.41598795442175335,0.5386421941287685,0.5202992209094871,saves/unlearn/tofu/forget01/Llama-2-7b-chat-hf/SatImp/lr6e-5_b16_mb8_ga2_a0.01_b15.0_b21.0_g0.1_e10/checkpoint-18/evals/TOFU_SUMMARY.json,saves/unlearn/tofu/forget01/Llama-2-7b-chat-hf/SatImp/lr6e-5_b16_mb8_ga2_a0.01_b15.0_b21.0_g0.1_e10/checkpoint-18/evals/TOFU_EVAL.json
forget01,SatImp,lr6e-5_b16_mb8_ga2_a0.01_b15.0_b21.0_g0.1_e10,6e-5,16,8,2,0.01,6,1.0,a2,10,checkpoint-20,20,0.00018791118070078278,0.5696365711204828,0.07691990546882152,0.024157807278400844,0.42799249718702637,0.5794742052219032,0.41602312120477203,0.5379250200931601,0.5192856259275725,saves/unlearn/tofu/forget01/Llama-2-7b-chat-hf/SatImp/lr6e-5_b16_mb8_ga2_a0.01_b15.0_b21.0_g0.1_e10/checkpoint-20/evals/TOFU_SUMMARY.json,saves/unlearn/tofu/forget01/Llama-2-7b-chat-hf/SatImp/lr6e-5_b16_mb8_ga2_a0.01_b15.0_b21.0_g0.1_e10/checkpoint-20/evals/TOFU_EVAL.json
forget01,SatImp,lr6e-5_b16_mb8_ga2_a0.01_b16.0_b21.0_g0.1_e10,6e-5,16,8,2,0.01,6,1.0,a2,10,checkpoint-3,3,0.006760732303569208,0.5417158789182743,0.8379295647144318,0.18948224135416508,0.5526140249056885,0.5893011466119009,0.4653642044585471,0.5827486187700084,0.0347707081875451,saves/unlearn/tofu/forget01/Llama-2-7b-chat-hf/SatImp/lr6e-5_b16_mb8_ga2_a0.01_b16.0_b21.0_g0.1_e10/checkpoint-3/evals/TOFU_SUMMARY.json,saves/unlearn/tofu/forget01/Llama-2-7b-chat-hf/SatImp/lr6e-5_b16_mb8_ga2_a0.01_b16.0_b21.0_g0.1_e10/checkpoint-3/evals/TOFU_EVAL.json
forget01,SatImp,lr6e-5_b16_mb8_ga2_a0.01_b16.0_b21.0_g0.1_e10,6e-5,16,8,2,0.01,6,1.0,a2,10,checkpoint-6,6,0.5786001416508443,0.5722785984725083,0.7524434745311737,0.13625647651515085,0.6916908046632978,0.5875218827032271,0.4084611237747001,0.5372841012969447,0.7065287646001902,saves/unlearn/tofu/forget01/Llama-2-7b-chat-hf/SatImp/lr6e-5_b16_mb8_ga2_a0.01_b16.0_b21.0_g0.1_e10/checkpoint-6/evals/TOFU_SUMMARY.json,saves/unlearn/tofu/forget01/Llama-2-7b-chat-hf/SatImp/lr6e-5_b16_mb8_ga2_a0.01_b16.0_b21.0_g0.1_e10/checkpoint-6/evals/TOFU_EVAL.json
forget01,SatImp,lr6e-5_b16_mb8_ga2_a0.01_b16.0_b21.0_g0.1_e10,6e-5,16,8,2,0.01,6,1.0,a2,10,checkpoint-9,9,0.404587405685253,0.5691479582341662,0.650885260105133,0.07765023788919244,0.7470617585955802,0.5859612869208639,0.4105398317788225,0.5416062425854983,0.6094676149222565,saves/unlearn/tofu/forget01/Llama-2-7b-chat-hf/SatImp/lr6e-5_b16_mb8_ga2_a0.01_b16.0_b21.0_g0.1_e10/checkpoint-9/evals/TOFU_SUMMARY.json,saves/unlearn/tofu/forget01/Llama-2-7b-chat-hf/SatImp/lr6e-5_b16_mb8_ga2_a0.01_b16.0_b21.0_g0.1_e10/checkpoint-9/evals/TOFU_EVAL.json
forget01,SatImp,lr6e-5_b16_mb8_ga2_a0.01_b16.0_b21.0_g0.1_e10,6e-5,16,8,2,0.01,6,1.0,a2,10,checkpoint-12,12,0.003018184077228396,0.5668846074248434,0.3220063226763159,0.0332073331185472,0.8125921718102702,0.5821781164469525,0.41312211363366985,0.5368953525932286,0.39229596360464025,saves/unlearn/tofu/forget01/Llama-2-7b-chat-hf/SatImp/lr6e-5_b16_mb8_ga2_a0.01_b16.0_b21.0_g0.1_e10/checkpoint-12/evals/TOFU_SUMMARY.json,saves/unlearn/tofu/forget01/Llama-2-7b-chat-hf/SatImp/lr6e-5_b16_mb8_ga2_a0.01_b16.0_b21.0_g0.1_e10/checkpoint-12/evals/TOFU_EVAL.json
forget01,SatImp,lr6e-5_b16_mb8_ga2_a0.01_b16.0_b21.0_g0.1_e10,6e-5,16,8,2,0.01,6,1.0,a2,10,checkpoint-15,15,0.006760732303569208,0.5633739671788036,0.26236151773482563,0.026445804116702564,0.82082050543862,0.5712455872284327,0.41548700607411854,0.5308692847443408,0.4257310385566087,saves/unlearn/tofu/forget01/Llama-2-7b-chat-hf/SatImp/lr6e-5_b16_mb8_ga2_a0.01_b16.0_b21.0_g0.1_e10/checkpoint-15/evals/TOFU_SUMMARY.json,saves/unlearn/tofu/forget01/Llama-2-7b-chat-hf/SatImp/lr6e-5_b16_mb8_ga2_a0.01_b16.0_b21.0_g0.1_e10/checkpoint-15/evals/TOFU_EVAL.json
forget01,SatImp,lr6e-5_b16_mb8_ga2_a0.01_b16.0_b21.0_g0.1_e10,6e-5,16,8,2,0.01,6,1.0,a2,10,checkpoint-18,18,0.006760732303569208,0.5619649465701518,0.2514019435737282,0.026445804116702564,0.822109147399393,0.5661414418072781,0.4167878945690876,0.5273946559120829,0.4298018050285056,saves/unlearn/tofu/forget01/Llama-2-7b-chat-hf/SatImp/lr6e-5_b16_mb8_ga2_a0.01_b16.0_b21.0_g0.1_e10/checkpoint-18/evals/TOFU_SUMMARY.json,saves/unlearn/tofu/forget01/Llama-2-7b-chat-hf/SatImp/lr6e-5_b16_mb8_ga2_a0.01_b16.0_b21.0_g0.1_e10/checkpoint-18/evals/TOFU_EVAL.json
forget01,SatImp,lr6e-5_b16_mb8_ga2_a0.01_b16.0_b21.0_g0.1_e10,6e-5,16,8,2,0.01,6,1.0,a2,10,checkpoint-20,20,0.006760732303569208,0.5621398334016385,0.2500262577086687,0.026445804116702564,0.8223450961852418,0.5665466269082731,0.41717018045840076,0.5273683797401388,0.4306645347925221,saves/unlearn/tofu/forget01/Llama-2-7b-chat-hf/SatImp/lr6e-5_b16_mb8_ga2_a0.01_b16.0_b21.0_g0.1_e10/checkpoint-20/evals/TOFU_SUMMARY.json,saves/unlearn/tofu/forget01/Llama-2-7b-chat-hf/SatImp/lr6e-5_b16_mb8_ga2_a0.01_b16.0_b21.0_g0.1_e10/checkpoint-20/evals/TOFU_EVAL.json
forget01,SatImp,lr6e-5_b16_mb8_ga2_a0.1_b15.0_b21.0_g0.1_e10,6e-5,16,8,2,0.1,6,1.0,a2,10,checkpoint-3,3,6.5768913245274e-05,0.5557567085316798,0.9212495788931847,0.3610888154184362,0.4876821005672888,0.6036487186538289,0.47183821248526897,0.573236991365442,-0.08534671971088537,saves/unlearn/tofu/forget01/Llama-2-7b-chat-hf/SatImp/lr6e-5_b16_mb8_ga2_a0.1_b15.0_b21.0_g0.1_e10/checkpoint-3/evals/TOFU_SUMMARY.json,saves/unlearn/tofu/forget01/Llama-2-7b-chat-hf/SatImp/lr6e-5_b16_mb8_ga2_a0.1_b15.0_b21.0_g0.1_e10/checkpoint-3/evals/TOFU_EVAL.json
forget01,SatImp,lr6e-5_b16_mb8_ga2_a0.1_b15.0_b21.0_g0.1_e10,6e-5,16,8,2,0.1,6,1.0,a2,10,checkpoint-6,6,0.02860307028023343,0.5850847229803967,0.9016206651926041,0.2712369717395271,0.6156538526184956,0.6558327919650658,0.40811050184583325,0.6063891393468553,0.027258974794564572,saves/unlearn/tofu/forget01/Llama-2-7b-chat-hf/SatImp/lr6e-5_b16_mb8_ga2_a0.1_b15.0_b21.0_g0.1_e10/checkpoint-6/evals/TOFU_SUMMARY.json,saves/unlearn/tofu/forget01/Llama-2-7b-chat-hf/SatImp/lr6e-5_b16_mb8_ga2_a0.1_b15.0_b21.0_g0.1_e10/checkpoint-6/evals/TOFU_EVAL.json
forget01,SatImp,lr6e-5_b16_mb8_ga2_a0.1_b15.0_b21.0_g0.1_e10,6e-5,16,8,2,0.1,6,1.0,a2,10,checkpoint-9,9,0.01430154804770646,0.5692363870881783,0.8863635718822479,0.21941657059812095,0.6085368810535806,0.5790733655302012,0.4168877227608088,0.535146326502797,0.030647863895700275,saves/unlearn/tofu/forget01/Llama-2-7b-chat-hf/SatImp/lr6e-5_b16_mb8_ga2_a0.1_b15.0_b21.0_g0.1_e10/checkpoint-9/evals/TOFU_SUMMARY.json,saves/unlearn/tofu/forget01/Llama-2-7b-chat-hf/SatImp/lr6e-5_b16_mb8_ga2_a0.1_b15.0_b21.0_g0.1_e10/checkpoint-9/evals/TOFU_EVAL.json
forget01,SatImp,lr6e-5_b16_mb8_ga2_a0.1_b15.0_b21.0_g0.1_e10,6e-5,16,8,2,0.1,6,1.0,a2,10,checkpoint-12,12,0.01430154804770646,0.5620264721399707,0.8764270097017288,0.21437280113628665,0.6009547080638336,0.570676840730007,0.4179434057806713,0.5306296226669839,0.030928114768669412,saves/unlearn/tofu/forget01/Llama-2-7b-chat-hf/SatImp/lr6e-5_b16_mb8_ga2_a0.1_b15.0_b21.0_g0.1_e10/checkpoint-12/evals/TOFU_SUMMARY.json,saves/unlearn/tofu/forget01/Llama-2-7b-chat-hf/SatImp/lr6e-5_b16_mb8_ga2_a0.1_b15.0_b21.0_g0.1_e10/checkpoint-12/evals/TOFU_EVAL.json
forget01,SatImp,lr6e-5_b16_mb8_ga2_a0.1_b15.0_b21.0_g0.1_e10,6e-5,16,8,2,0.1,6,1.0,a2,10,checkpoint-15,15,0.01430154804770646,0.5576598842784535,0.870899286866188,0.18603613174630845,0.5961712569047078,0.5524146242799051,0.4196827670117612,0.524180258964267,0.043493723019911695,saves/unlearn/tofu/forget01/Llama-2-7b-chat-hf/SatImp/lr6e-5_b16_mb8_ga2_a0.1_b15.0_b21.0_g0.1_e10/checkpoint-15/evals/TOFU_SUMMARY.json,saves/unlearn/tofu/forget01/Llama-2-7b-chat-hf/SatImp/lr6e-5_b16_mb8_ga2_a0.1_b15.0_b21.0_g0.1_e10/checkpoint-15/evals/TOFU_EVAL.json
forget01,SatImp,lr6e-5_b16_mb8_ga2_a0.1_b15.0_b21.0_g0.1_e10,6e-5,16,8,2,0.1,6,1.0,a2,10,checkpoint-18,18,0.006760732303569208,0.5581745492657265,0.8678209915757179,0.18323705369789528,0.5962673653851087,0.5475335296146085,0.41988549395413616,0.5237481973230821,0.03940625893248914,saves/unlearn/tofu/forget01/Llama-2-7b-chat-hf/SatImp/lr6e-5_b16_mb8_ga2_a0.1_b15.0_b21.0_g0.1_e10/checkpoint-18/evals/TOFU_SUMMARY.json,saves/unlearn/tofu/forget01/Llama-2-7b-chat-hf/SatImp/lr6e-5_b16_mb8_ga2_a0.1_b15.0_b21.0_g0.1_e10/checkpoint-18/evals/TOFU_EVAL.json
forget01,SatImp,lr6e-5_b16_mb8_ga2_a0.1_b15.0_b21.0_g0.1_e10,6e-5,16,8,2,0.1,6,1.0,a2,10,checkpoint-20,20,0.01430154804770646,0.5574481565399514,0.8673301264643669,0.1861782301684835,0.5956931556527802,0.5468087328362963,0.41961375412399027,0.5221407033706114,0.04499552627123263,saves/unlearn/tofu/forget01/Llama-2-7b-chat-hf/SatImp/lr6e-5_b16_mb8_ga2_a0.1_b15.0_b21.0_g0.1_e10/checkpoint-20/evals/TOFU_SUMMARY.json,saves/unlearn/tofu/forget01/Llama-2-7b-chat-hf/SatImp/lr6e-5_b16_mb8_ga2_a0.1_b15.0_b21.0_g0.1_e10/checkpoint-20/evals/TOFU_EVAL.json
forget01,SatImp,lr6e-5_b16_mb8_ga2_a0.1_b16.0_b21.0_g0.1_e10,6e-5,16,8,2,0.1,6,1.0,a2,10,checkpoint-3,3,6.5768913245274e-05,0.5560798121064033,0.9213694363832474,0.3506663130841691,0.49082724046774456,0.6060157876076457,0.47055191725648543,0.5767468858862931,-0.07987229371405966,saves/unlearn/tofu/forget01/Llama-2-7b-chat-hf/SatImp/lr6e-5_b16_mb8_ga2_a0.1_b16.0_b21.0_g0.1_e10/checkpoint-3/evals/TOFU_SUMMARY.json,saves/unlearn/tofu/forget01/Llama-2-7b-chat-hf/SatImp/lr6e-5_b16_mb8_ga2_a0.1_b16.0_b21.0_g0.1_e10/checkpoint-3/evals/TOFU_EVAL.json
forget01,SatImp,lr6e-5_b16_mb8_ga2_a0.1_b16.0_b21.0_g0.1_e10,6e-5,16,8,2,0.1,6,1.0,a2,10,checkpoint-6,6,0.02860307028023343,0.585701293833284,0.9045294433832168,0.26355912386278396,0.6117830565607233,0.6459925705537701,0.40803616176134705,0.5998520572174192,0.03026008049051701,saves/unlearn/tofu/forget01/Llama-2-7b-chat-hf/SatImp/lr6e-5_b16_mb8_ga2_a0.1_b16.0_b21.0_g0.1_e10/checkpoint-6/evals/TOFU_SUMMARY.json,saves/unlearn/tofu/forget01/Llama-2-7b-chat-hf/SatImp/lr6e-5_b16_mb8_ga2_a0.1_b16.0_b21.0_g0.1_e10/checkpoint-6/evals/TOFU_EVAL.json
forget01,SatImp,lr6e-5_b16_mb8_ga2_a0.1_b16.0_b21.0_g0.1_e10,6e-5,16,8,2,0.1,6,1.0,a2,10,checkpoint-9,9,0.01430154804770646,0.5720847631552964,0.8952432349324226,0.23251917392015153,0.6124800013038179,0.5895450640989295,0.41163735663866957,0.5469457081878685,0.0225051067767158,saves/unlearn/tofu/forget01/Llama-2-7b-chat-hf/SatImp/lr6e-5_b16_mb8_ga2_a0.1_b16.0_b21.0_g0.1_e10/checkpoint-9/evals/TOFU_SUMMARY.json,saves/unlearn/tofu/forget01/Llama-2-7b-chat-hf/SatImp/lr6e-5_b16_mb8_ga2_a0.1_b16.0_b21.0_g0.1_e10/checkpoint-9/evals/TOFU_EVAL.json
forget01,SatImp,lr6e-5_b16_mb8_ga2_a0.1_b16.0_b21.0_g0.1_e10,6e-5,16,8,2,0.1,6,1.0,a2,10,checkpoint-12,12,0.006760732303569208,0.5654227009387977,0.8924607887864113,0.22423847647604278,0.6001263718518568,0.5763770943765565,0.4142608981007719,0.5392537583367771,0.013833800611139813,saves/unlearn/tofu/forget01/Llama-2-7b-chat-hf/SatImp/lr6e-5_b16_mb8_ga2_a0.1_b16.0_b21.0_g0.1_e10/checkpoint-12/evals/TOFU_SUMMARY.json,saves/unlearn/tofu/forget01/Llama-2-7b-chat-hf/SatImp/lr6e-5_b16_mb8_ga2_a0.1_b16.0_b21.0_g0.1_e10/checkpoint-12/evals/TOFU_EVAL.json
forget01,SatImp,lr6e-5_b16_mb8_ga2_a0.1_b16.0_b21.0_g0.1_e10,6e-5,16,8,2,0.1,6,1.0,a2,10,checkpoint-15,15,0.003018184077228396,0.5624864618309986,0.8910792216658592,0.2106914809734778,0.5962729262305948,0.5579980860204699,0.4173362093118456,0.5320758209457945,0.014619294588558526,saves/unlearn/tofu/forget01/Llama-2-7b-chat-hf/SatImp/lr6e-5_b16_mb8_ga2_a0.1_b16.0_b21.0_g0.1_e10/checkpoint-15/evals/TOFU_SUMMARY.json,saves/unlearn/tofu/forget01/Llama-2-7b-chat-hf/SatImp/lr6e-5_b16_mb8_ga2_a0.1_b16.0_b21.0_g0.1_e10/checkpoint-15/evals/TOFU_EVAL.json
forget01,SatImp,lr6e-5_b16_mb8_ga2_a0.1_b16.0_b21.0_g0.1_e10,6e-5,16,8,2,0.1,6,1.0,a2,10,checkpoint-18,18,0.006760732303569208,0.5631397991498243,0.8900998428463935,0.22669263838088521,0.595918340876827,0.5570346618613702,0.4180950936628279,0.5316942500199203,0.0115042908397541,saves/unlearn/tofu/forget01/Llama-2-7b-chat-hf/SatImp/lr6e-5_b16_mb8_ga2_a0.1_b16.0_b21.0_g0.1_e10/checkpoint-18/evals/TOFU_SUMMARY.json,saves/unlearn/tofu/forget01/Llama-2-7b-chat-hf/SatImp/lr6e-5_b16_mb8_ga2_a0.1_b16.0_b21.0_g0.1_e10/checkpoint-18/evals/TOFU_EVAL.json
forget01,SatImp,lr6e-5_b16_mb8_ga2_a0.1_b16.0_b21.0_g0.1_e10,6e-5,16,8,2,0.1,6,1.0,a2,10,checkpoint-20,20,0.006760732303569208,0.5628264475517498,0.889865493774414,0.22669263838088521,0.5971460998331886,0.5564784051458159,0.41820646734257794,0.5309262105637862,0.01130811377766941,saves/unlearn/tofu/forget01/Llama-2-7b-chat-hf/SatImp/lr6e-5_b16_mb8_ga2_a0.1_b16.0_b21.0_g0.1_e10/checkpoint-20/evals/TOFU_SUMMARY.json,saves/unlearn/tofu/forget01/Llama-2-7b-chat-hf/SatImp/lr6e-5_b16_mb8_ga2_a0.1_b16.0_b21.0_g0.1_e10/checkpoint-20/evals/TOFU_EVAL.json
forget01,SatImp,lr6e-5_b16_mb8_ga2_a1.0_b15.0_b21.0_g0.1_e10,6e-5,16,8,2,1.0,6,1.0,a2,10,checkpoint-3,3,0.0005039436209702519,0.5421813561675974,0.9186681613326073,0.3354096662388019,0.4818121734158224,0.5822655191419112,0.47093257113501474,0.5732015937279805,-0.0843536139971369,saves/unlearn/tofu/forget01/Llama-2-7b-chat-hf/SatImp/lr6e-5_b16_mb8_ga2_a1.0_b15.0_b21.0_g0.1_e10/checkpoint-3/evals/TOFU_SUMMARY.json,saves/unlearn/tofu/forget01/Llama-2-7b-chat-hf/SatImp/lr6e-5_b16_mb8_ga2_a1.0_b15.0_b21.0_g0.1_e10/checkpoint-3/evals/TOFU_EVAL.json
forget01,SatImp,lr6e-5_b16_mb8_ga2_a1.0_b15.0_b21.0_g0.1_e10,6e-5,16,8,2,1.0,6,1.0,a2,10,checkpoint-6,6,0.02860307028023343,0.5655560444170205,0.9106944933533668,0.3005403695194634,0.5901090484515212,0.5926278468436581,0.42507765332410935,0.541016265228129,-0.0114583167391612,saves/unlearn/tofu/forget01/Llama-2-7b-chat-hf/SatImp/lr6e-5_b16_mb8_ga2_a1.0_b15.0_b21.0_g0.1_e10/checkpoint-6/evals/TOFU_SUMMARY.json,saves/unlearn/tofu/forget01/Llama-2-7b-chat-hf/SatImp/lr6e-5_b16_mb8_ga2_a1.0_b15.0_b21.0_g0.1_e10/checkpoint-6/evals/TOFU_EVAL.json
forget01,SatImp,lr6e-5_b16_mb8_ga2_a1.0_b15.0_b21.0_g0.1_e10,6e-5,16,8,2,1.0,6,1.0,a2,10,checkpoint-9,9,0.02860307028023343,0.5587430495832426,0.9117935374379158,0.27291918918861724,0.6236859138857792,0.6040233893335963,0.4008476564976236,0.542800891113545,-0.0050102434497904524,saves/unlearn/tofu/forget01/Llama-2-7b-chat-hf/SatImp/lr6e-5_b16_mb8_ga2_a1.0_b15.0_b21.0_g0.1_e10/checkpoint-9/evals/TOFU_SUMMARY.json,saves/unlearn/tofu/forget01/Llama-2-7b-chat-hf/SatImp/lr6e-5_b16_mb8_ga2_a1.0_b15.0_b21.0_g0.1_e10/checkpoint-9/evals/TOFU_EVAL.json
forget01,SatImp,lr6e-5_b16_mb8_ga2_a1.0_b15.0_b21.0_g0.1_e10,6e-5,16,8,2,1.0,6,1.0,a2,10,checkpoint-12,12,0.02860307028023343,0.5592447494091187,0.906852163374424,0.27682231926724576,0.622273494876301,0.6012981721094374,0.4001508395995488,0.5437473571629443,-0.0039894216314826925,saves/unlearn/tofu/forget01/Llama-2-7b-chat-hf/SatImp/lr6e-5_b16_mb8_ga2_a1.0_b15.0_b21.0_g0.1_e10/checkpoint-12/evals/TOFU_SUMMARY.json,saves/unlearn/tofu/forget01/Llama-2-7b-chat-hf/SatImp/lr6e-5_b16_mb8_ga2_a1.0_b15.0_b21.0_g0.1_e10/checkpoint-12/evals/TOFU_EVAL.json
forget01,SatImp,lr6e-5_b16_mb8_ga2_a1.0_b15.0_b21.0_g0.1_e10,6e-5,16,8,2,1.0,6,1.0,a2,10,checkpoint-15,15,0.01430154804770646,0.5563382527692288,0.9144948482513428,0.30849291334119594,0.6147630064355744,0.580814339572193,0.4042764509012332,0.5326497141496408,-0.04085407997933413,saves/unlearn/tofu/forget01/Llama-2-7b-chat-hf/SatImp/lr6e-5_b16_mb8_ga2_a1.0_b15.0_b21.0_g0.1_e10/checkpoint-15/evals/TOFU_SUMMARY.json,saves/unlearn/tofu/forget01/Llama-2-7b-chat-hf/SatImp/lr6e-5_b16_mb8_ga2_a1.0_b15.0_b21.0_g0.1_e10/checkpoint-15/evals/TOFU_EVAL.json
forget01,SatImp,lr6e-5_b16_mb8_ga2_a1.0_b15.0_b21.0_g0.1_e10,6e-5,16,8,2,1.0,6,1.0,a2,10,checkpoint-18,18,0.01430154804770646,0.557839290089904,0.9189944967627526,0.31090662443660955,0.612333197123011,0.5758610582902448,0.4053689170517187,0.5294434326731092,-0.042809722462070654,saves/unlearn/tofu/forget01/Llama-2-7b-chat-hf/SatImp/lr6e-5_b16_mb8_ga2_a1.0_b15.0_b21.0_g0.1_e10/checkpoint-18/evals/TOFU_SUMMARY.json,saves/unlearn/tofu/forget01/Llama-2-7b-chat-hf/SatImp/lr6e-5_b16_mb8_ga2_a1.0_b15.0_b21.0_g0.1_e10/checkpoint-18/evals/TOFU_EVAL.json
forget01,SatImp,lr6e-5_b16_mb8_ga2_a1.0_b15.0_b21.0_g0.1_e10,6e-5,16,8,2,1.0,6,1.0,a2,10,checkpoint-20,20,0.01430154804770646,0.5581956539484558,0.9197515651583672,0.3262661015607926,0.6114164896993882,0.5766654016118509,0.4057596495449958,0.5288185412112826,-0.05051163136341763,saves/unlearn/tofu/forget01/Llama-2-7b-chat-hf/SatImp/lr6e-5_b16_mb8_ga2_a1.0_b15.0_b21.0_g0.1_e10/checkpoint-20/evals/TOFU_SUMMARY.json,saves/unlearn/tofu/forget01/Llama-2-7b-chat-hf/SatImp/lr6e-5_b16_mb8_ga2_a1.0_b15.0_b21.0_g0.1_e10/checkpoint-20/evals/TOFU_EVAL.json
forget01,SatImp,lr6e-5_b16_mb8_ga2_a1.0_b16.0_b21.0_g0.1_e10,6e-5,16,8,2,1.0,6,1.0,a2,10,checkpoint-3,3,0.0005039436209702519,0.542116126311946,0.915852527320385,0.321821658501858,0.4810536033429463,0.5798648285747527,0.47083999791347525,0.5703700108110271,-0.07621702297820529,saves/unlearn/tofu/forget01/Llama-2-7b-chat-hf/SatImp/lr6e-5_b16_mb8_ga2_a1.0_b16.0_b21.0_g0.1_e10/checkpoint-3/evals/TOFU_SUMMARY.json,saves/unlearn/tofu/forget01/Llama-2-7b-chat-hf/SatImp/lr6e-5_b16_mb8_ga2_a1.0_b16.0_b21.0_g0.1_e10/checkpoint-3/evals/TOFU_EVAL.json
forget01,SatImp,lr6e-5_b16_mb8_ga2_a1.0_b16.0_b21.0_g0.1_e10,6e-5,16,8,2,1.0,6,1.0,a2,10,checkpoint-6,6,0.02860307028023343,0.5668433704997772,0.9100560620427132,0.28843499619401025,0.5891416516103135,0.5963952166726676,0.42647417841743535,0.5461326733553661,-0.0037990883383510754,saves/unlearn/tofu/forget01/Llama-2-7b-chat-hf/SatImp/lr6e-5_b16_mb8_ga2_a1.0_b16.0_b21.0_g0.1_e10/checkpoint-6/evals/TOFU_SUMMARY.json,saves/unlearn/tofu/forget01/Llama-2-7b-chat-hf/SatImp/lr6e-5_b16_mb8_ga2_a1.0_b16.0_b21.0_g0.1_e10/checkpoint-6/evals/TOFU_EVAL.json
forget01,SatImp,lr6e-5_b16_mb8_ga2_a1.0_b16.0_b21.0_g0.1_e10,6e-5,16,8,2,1.0,6,1.0,a2,10,checkpoint-9,9,0.02860307028023343,0.5574187770279259,0.9074002847075462,0.2675714474496453,0.6239577714931877,0.6070430271750082,0.40119110067671676,0.5425737405238094,-0.0014640187704364205,saves/unlearn/tofu/forget01/Llama-2-7b-chat-hf/SatImp/lr6e-5_b16_mb8_ga2_a1.0_b16.0_b21.0_g0.1_e10/checkpoint-9/evals/TOFU_SUMMARY.json,saves/unlearn/tofu/forget01/Llama-2-7b-chat-hf/SatImp/lr6e-5_b16_mb8_ga2_a1.0_b16.0_b21.0_g0.1_e10/checkpoint-9/evals/TOFU_EVAL.json
forget01,SatImp,lr6e-5_b16_mb8_ga2_a1.0_b16.0_b21.0_g0.1_e10,6e-5,16,8,2,1.0,6,1.0,a2,10,checkpoint-12,12,0.01430154804770646,0.5583770942291374,0.9097389817237854,0.2937021182735692,0.6232374898559934,0.6001867259323723,0.39995554675671763,0.5411103505143219,-0.02904190772183346,saves/unlearn/tofu/forget01/Llama-2-7b-chat-hf/SatImp/lr6e-5_b16_mb8_ga2_a1.0_b16.0_b21.0_g0.1_e10/checkpoint-12/evals/TOFU_SUMMARY.json,saves/unlearn/tofu/forget01/Llama-2-7b-chat-hf/SatImp/lr6e-5_b16_mb8_ga2_a1.0_b16.0_b21.0_g0.1_e10/checkpoint-12/evals/TOFU_EVAL.json
forget01,SatImp,lr6e-5_b16_mb8_ga2_a1.0_b16.0_b21.0_g0.1_e10,6e-5,16,8,2,1.0,6,1.0,a2,10,checkpoint-15,15,0.01430154804770646,0.5555605935037593,0.9174326851963996,0.31474381505056004,0.614557970831397,0.5784972907586529,0.4039989306321242,0.5290039524063688,-0.04622610857201409,saves/unlearn/tofu/forget01/Llama-2-7b-chat-hf/SatImp/lr6e-5_b16_mb8_ga2_a1.0_b16.0_b21.0_g0.1_e10/checkpoint-15/evals/TOFU_SUMMARY.json,saves/unlearn/tofu/forget01/Llama-2-7b-chat-hf/SatImp/lr6e-5_b16_mb8_ga2_a1.0_b16.0_b21.0_g0.1_e10/checkpoint-15/evals/TOFU_EVAL.json
forget01,SatImp,lr6e-5_b16_mb8_ga2_a1.0_b16.0_b21.0_g0.1_e10,6e-5,16,8,2,1.0,6,1.0,a2,10,checkpoint-18,18,0.01430154804770646,0.5579278759045717,0.9189074069261551,0.30593254054075614,0.6129698978855482,0.575240859327045,0.40500773794790956,0.5282958915427483,-0.040190549781177476,saves/unlearn/tofu/forget01/Llama-2-7b-chat-hf/SatImp/lr6e-5_b16_mb8_ga2_a1.0_b16.0_b21.0_g0.1_e10/checkpoint-18/evals/TOFU_SUMMARY.json,saves/unlearn/tofu/forget01/Llama-2-7b-chat-hf/SatImp/lr6e-5_b16_mb8_ga2_a1.0_b16.0_b21.0_g0.1_e10/checkpoint-18/evals/TOFU_EVAL.json
forget01,SatImp,lr6e-5_b16_mb8_ga2_a1.0_b16.0_b21.0_g0.1_e10,6e-5,16,8,2,1.0,6,1.0,a2,10,checkpoint-20,20,0.01430154804770646,0.5570563308395218,0.9194148749113082,0.3201909214887638,0.6110456386213468,0.5746558133309718,0.40546241184171067,0.5268966000544408,-0.04844501931280781,saves/unlearn/tofu/forget01/Llama-2-7b-chat-hf/SatImp/lr6e-5_b16_mb8_ga2_a1.0_b16.0_b21.0_g0.1_e10/checkpoint-20/evals/TOFU_SUMMARY.json,saves/unlearn/tofu/forget01/Llama-2-7b-chat-hf/SatImp/lr6e-5_b16_mb8_ga2_a1.0_b16.0_b21.0_g0.1_e10/checkpoint-20/evals/TOFU_EVAL.json
forget01,SatImp,lr6e-5_b32_mb8_ga4_a0.01_b15.0_b21.0_g0.1_e10,6e-5,32,8,4,0.01,5.0,1.0,a4,10,checkpoint-2,2,0.003018184077228396,0.5169810905825668,0.8405687049031257,0.17960182654317297,0.5041196672585901,0.5217066783340291,0.4742233977311385,0.5257057772549292,0.009914008936645874,saves/unlearn/tofu/forget01/Llama-2-7b-chat-hf/SatImp/lr6e-5_b32_mb8_ga4_a0.01_b15.0_b21.0_g0.1_e10/checkpoint-2/evals/TOFU_SUMMARY.json,saves/unlearn/tofu/forget01/Llama-2-7b-chat-hf/SatImp/lr6e-5_b32_mb8_ga4_a0.01_b15.0_b21.0_g0.1_e10/checkpoint-2/evals/TOFU_EVAL.json
forget01,SatImp,lr6e-5_b32_mb8_ga4_a0.01_b15.0_b21.0_g0.1_e10,6e-5,32,8,4,0.01,5.0,1.0,a4,10,checkpoint-4,4,0.054141077480362725,0.5558667194413575,0.8413947761058808,0.1517299800721393,0.6055810859073182,0.5776586210060534,0.4321777568477433,0.5265314371827856,0.1134454188327101,saves/unlearn/tofu/forget01/Llama-2-7b-chat-hf/SatImp/lr6e-5_b32_mb8_ga4_a0.01_b15.0_b21.0_g0.1_e10/checkpoint-4/evals/TOFU_SUMMARY.json,saves/unlearn/tofu/forget01/Llama-2-7b-chat-hf/SatImp/lr6e-5_b32_mb8_ga4_a0.01_b15.0_b21.0_g0.1_e10/checkpoint-4/evals/TOFU_EVAL.json
forget01,SatImp,lr6e-5_b32_mb8_ga4_a0.01_b15.0_b21.0_g0.1_e10,6e-5,32,8,4,0.01,5.0,1.0,a4,10,checkpoint-6,6,0.054141077480362725,0.5704721774681148,0.7690687716007233,0.11730228427082268,0.6574599173259367,0.6083441961382579,0.41678203848870427,0.565134740908153,0.18142772701270454,saves/unlearn/tofu/forget01/Llama-2-7b-chat-hf/SatImp/lr6e-5_b32_mb8_ga4_a0.01_b15.0_b21.0_g0.1_e10/checkpoint-6/evals/TOFU_SUMMARY.json,saves/unlearn/tofu/forget01/Llama-2-7b-chat-hf/SatImp/lr6e-5_b32_mb8_ga4_a0.01_b15.0_b21.0_g0.1_e10/checkpoint-6/evals/TOFU_EVAL.json
forget01,SatImp,lr6e-5_b32_mb8_ga4_a0.01_b15.0_b21.0_g0.1_e10,6e-5,32,8,4,0.01,5.0,1.0,a4,10,checkpoint-8,8,0.054141077480362725,0.577852584144143,0.735329607129097,0.08910612626216467,0.6718951204812293,0.6274679362820047,0.41234292166517256,0.5811843140960471,0.2197757949288748,saves/unlearn/tofu/forget01/Llama-2-7b-chat-hf/SatImp/lr6e-5_b32_mb8_ga4_a0.01_b15.0_b21.0_g0.1_e10/checkpoint-8/evals/TOFU_SUMMARY.json,saves/unlearn/tofu/forget01/Llama-2-7b-chat-hf/SatImp/lr6e-5_b32_mb8_ga4_a0.01_b15.0_b21.0_g0.1_e10/checkpoint-8/evals/TOFU_EVAL.json
forget01,SatImp,lr6e-5_b32_mb8_ga4_a0.01_b15.0_b21.0_g0.1_e10,6e-5,32,8,4,0.01,5.0,1.0,a4,10,checkpoint-10,10,0.054141077480362725,0.580562664160381,0.726312230527401,0.08910612626216467,0.6729897748195508,0.6349011576420884,0.41251270842906235,0.5859231619150023,0.22699456324596087,saves/unlearn/tofu/forget01/Llama-2-7b-chat-hf/SatImp/lr6e-5_b32_mb8_ga4_a0.01_b15.0_b21.0_g0.1_e10/checkpoint-10/evals/TOFU_SUMMARY.json,saves/unlearn/tofu/forget01/Llama-2-7b-chat-hf/SatImp/lr6e-5_b32_mb8_ga4_a0.01_b15.0_b21.0_g0.1_e10/checkpoint-10/evals/TOFU_EVAL.json
forget01,SatImp,lr6e-5_b32_mb8_ga4_a0.01_b16.0_b21.0_g0.1_e10,6e-5,32,8,4,0.01,6.0,1.0,a4,10,checkpoint-2,2,0.0012708143485281624,0.5125632637692102,0.846616630256176,0.19081241360406548,0.4968136295854828,0.5220062502330711,0.47635307300858243,0.5240436000912504,-0.004880443812382312,saves/unlearn/tofu/forget01/Llama-2-7b-chat-hf/SatImp/lr6e-5_b32_mb8_ga4_a0.01_b16.0_b21.0_g0.1_e10/checkpoint-2/evals/TOFU_SUMMARY.json,saves/unlearn/tofu/forget01/Llama-2-7b-chat-hf/SatImp/lr6e-5_b32_mb8_ga4_a0.01_b16.0_b21.0_g0.1_e10/checkpoint-2/evals/TOFU_EVAL.json
forget01,SatImp,lr6e-5_b32_mb8_ga4_a0.01_b16.0_b21.0_g0.1_e10,6e-5,32,8,4,0.01,6.0,1.0,a4,10,checkpoint-4,4,0.02860307028023343,0.5598088488825748,0.862145385146141,0.16080264963363994,0.5899067451153304,0.5845011637129751,0.43301238299600386,0.528629898196409,0.07693790177291773,saves/unlearn/tofu/forget01/Llama-2-7b-chat-hf/SatImp/lr6e-5_b32_mb8_ga4_a0.01_b16.0_b21.0_g0.1_e10/checkpoint-4/evals/TOFU_SUMMARY.json,saves/unlearn/tofu/forget01/Llama-2-7b-chat-hf/SatImp/lr6e-5_b32_mb8_ga4_a0.01_b16.0_b21.0_g0.1_e10/checkpoint-4/evals/TOFU_EVAL.json
forget01,SatImp,lr6e-5_b32_mb8_ga4_a0.01_b16.0_b21.0_g0.1_e10,6e-5,32,8,4,0.01,6.0,1.0,a4,10,checkpoint-6,6,0.054141077480362725,0.5730606669958981,0.7975218951702118,0.13075601587341973,0.6385693299011406,0.6122553695214963,0.4160388336273999,0.5631592402844325,0.163062788954445,saves/unlearn/tofu/forget01/Llama-2-7b-chat-hf/SatImp/lr6e-5_b32_mb8_ga4_a0.01_b16.0_b21.0_g0.1_e10/checkpoint-6/evals/TOFU_SUMMARY.json,saves/unlearn/tofu/forget01/Llama-2-7b-chat-hf/SatImp/lr6e-5_b32_mb8_ga4_a0.01_b16.0_b21.0_g0.1_e10/checkpoint-6/evals/TOFU_EVAL.json
forget01,SatImp,lr6e-5_b32_mb8_ga4_a0.01_b16.0_b21.0_g0.1_e10,6e-5,32,8,4,0.01,6.0,1.0,a4,10,checkpoint-8,8,0.054141077480362725,0.5813462254406728,0.7793633863329887,0.12696249355234132,0.6544516715411736,0.6373319500250184,0.41248808933832676,0.583944376878135,0.18232436297837046,saves/unlearn/tofu/forget01/Llama-2-7b-chat-hf/SatImp/lr6e-5_b32_mb8_ga4_a0.01_b16.0_b21.0_g0.1_e10/checkpoint-8/evals/TOFU_SUMMARY.json,saves/unlearn/tofu/forget01/Llama-2-7b-chat-hf/SatImp/lr6e-5_b32_mb8_ga4_a0.01_b16.0_b21.0_g0.1_e10/checkpoint-8/evals/TOFU_EVAL.json
forget01,SatImp,lr6e-5_b32_mb8_ga4_a0.01_b16.0_b21.0_g0.1_e10,6e-5,32,8,4,0.01,6.0,1.0,a4,10,checkpoint-10,10,0.054141077480362725,0.5835254722403435,0.7759547591209411,0.10352499355234132,0.6578273694812009,0.6429416201186346,0.41369699577872554,0.5874583417048564,0.1979266733840649,saves/unlearn/tofu/forget01/Llama-2-7b-chat-hf/SatImp/lr6e-5_b32_mb8_ga4_a0.01_b16.0_b21.0_g0.1_e10/checkpoint-10/evals/TOFU_SUMMARY.json,saves/unlearn/tofu/forget01/Llama-2-7b-chat-hf/SatImp/lr6e-5_b32_mb8_ga4_a0.01_b16.0_b21.0_g0.1_e10/checkpoint-10/evals/TOFU_EVAL.json
forget01,SatImp,lr6e-5_b32_mb8_ga4_a0.1_b15.0_b21.0_g0.1_e10,6e-5,32,8,4,0.1,5.0,1.0,a4,10,checkpoint-2,2,0.0005039436209702519,0.5039947937098306,0.875349335372448,0.23656203838453532,0.4795925466244312,0.5266865523309998,0.4827007552757566,0.5252079657055946,-0.05145694954769078,saves/unlearn/tofu/forget01/Llama-2-7b-chat-hf/SatImp/lr6e-5_b32_mb8_ga4_a0.1_b15.0_b21.0_g0.1_e10/checkpoint-2/evals/TOFU_SUMMARY.json,saves/unlearn/tofu/forget01/Llama-2-7b-chat-hf/SatImp/lr6e-5_b32_mb8_ga4_a0.1_b15.0_b21.0_g0.1_e10/checkpoint-2/evals/TOFU_EVAL.json
forget01,SatImp,lr6e-5_b32_mb8_ga4_a0.1_b15.0_b21.0_g0.1_e10,6e-5,32,8,4,0.1,5.0,1.0,a4,10,checkpoint-4,4,0.003018184077228396,0.5748137186183956,0.9061737269163131,0.283996268799058,0.534624364667373,0.6450528817291041,0.4538802024687598,0.5411974923846969,-0.017253095162061555,saves/unlearn/tofu/forget01/Llama-2-7b-chat-hf/SatImp/lr6e-5_b32_mb8_ga4_a0.1_b15.0_b21.0_g0.1_e10/checkpoint-4/evals/TOFU_SUMMARY.json,saves/unlearn/tofu/forget01/Llama-2-7b-chat-hf/SatImp/lr6e-5_b32_mb8_ga4_a0.1_b15.0_b21.0_g0.1_e10/checkpoint-4/evals/TOFU_EVAL.json
forget01,SatImp,lr6e-5_b32_mb8_ga4_a0.1_b15.0_b21.0_g0.1_e10,6e-5,32,8,4,0.1,5.0,1.0,a4,10,checkpoint-6,6,0.01430154804770646,0.5634127978698771,0.9015328705310821,0.2426352400037311,0.5687929333486847,0.6019149673477779,0.43176078540797813,0.536946436253008,0.005630290650176922,saves/unlearn/tofu/forget01/Llama-2-7b-chat-hf/SatImp/lr6e-5_b32_mb8_ga4_a0.1_b15.0_b21.0_g0.1_e10/checkpoint-6/evals/TOFU_SUMMARY.json,saves/unlearn/tofu/forget01/Llama-2-7b-chat-hf/SatImp/lr6e-5_b32_mb8_ga4_a0.1_b15.0_b21.0_g0.1_e10/checkpoint-6/evals/TOFU_EVAL.json
forget01,SatImp,lr6e-5_b32_mb8_ga4_a0.1_b15.0_b21.0_g0.1_e10,6e-5,32,8,4,0.1,5.0,1.0,a4,10,checkpoint-8,8,0.01430154804770646,0.5658463358961541,0.896546271443367,0.2339832426194115,0.5819156750789076,0.5927115985133897,0.42504883757049966,0.5450524220108323,0.01488312691247129,saves/unlearn/tofu/forget01/Llama-2-7b-chat-hf/SatImp/lr6e-5_b32_mb8_ga4_a0.1_b15.0_b21.0_g0.1_e10/checkpoint-8/evals/TOFU_SUMMARY.json,saves/unlearn/tofu/forget01/Llama-2-7b-chat-hf/SatImp/lr6e-5_b32_mb8_ga4_a0.1_b15.0_b21.0_g0.1_e10/checkpoint-8/evals/TOFU_EVAL.json
forget01,SatImp,lr6e-5_b32_mb8_ga4_a0.1_b15.0_b21.0_g0.1_e10,6e-5,32,8,4,0.1,5.0,1.0,a4,10,checkpoint-10,10,0.01430154804770646,0.5678728362957077,0.8971914291381836,0.2358125109120944,0.5822228645946992,0.5954416428057784,0.42452866566309333,0.5456605193542936,0.015672414318275166,saves/unlearn/tofu/forget01/Llama-2-7b-chat-hf/SatImp/lr6e-5_b32_mb8_ga4_a0.1_b15.0_b21.0_g0.1_e10/checkpoint-10/evals/TOFU_SUMMARY.json,saves/unlearn/tofu/forget01/Llama-2-7b-chat-hf/SatImp/lr6e-5_b32_mb8_ga4_a0.1_b15.0_b21.0_g0.1_e10/checkpoint-10/evals/TOFU_EVAL.json
forget01,SatImp,lr6e-5_b32_mb8_ga4_a0.1_b16.0_b21.0_g0.1_e10,6e-5,32,8,4,0.1,6.0,1.0,a4,10,checkpoint-2,2,0.0005039436209702519,0.5028117976504939,0.8778693452477455,0.23836802393665094,0.4758751551463777,0.5238316002488648,0.4824594332966086,0.5280994357954609,-0.05480294332073406,saves/unlearn/tofu/forget01/Llama-2-7b-chat-hf/SatImp/lr6e-5_b32_mb8_ga4_a0.1_b16.0_b21.0_g0.1_e10/checkpoint-2/evals/TOFU_SUMMARY.json,saves/unlearn/tofu/forget01/Llama-2-7b-chat-hf/SatImp/lr6e-5_b32_mb8_ga4_a0.1_b16.0_b21.0_g0.1_e10/checkpoint-2/evals/TOFU_EVAL.json
forget01,SatImp,lr6e-5_b32_mb8_ga4_a0.1_b16.0_b21.0_g0.1_e10,6e-5,32,8,4,0.1,6.0,1.0,a4,10,checkpoint-4,4,0.0012708143485281624,0.5688819904141363,0.9121861711144448,0.30017930451334374,0.5321368163817433,0.6260319136279664,0.45457067236865856,0.5367568545462543,-0.03602993305122976,saves/unlearn/tofu/forget01/Llama-2-7b-chat-hf/SatImp/lr6e-5_b32_mb8_ga4_a0.1_b16.0_b21.0_g0.1_e10/checkpoint-4/evals/TOFU_SUMMARY.json,saves/unlearn/tofu/forget01/Llama-2-7b-chat-hf/SatImp/lr6e-5_b32_mb8_ga4_a0.1_b16.0_b21.0_g0.1_e10/checkpoint-4/evals/TOFU_EVAL.json
forget01,SatImp,lr6e-5_b32_mb8_ga4_a0.1_b16.0_b21.0_g0.1_e10,6e-5,32,8,4,0.1,6.0,1.0,a4,10,checkpoint-6,6,0.01430154804770646,0.559936929947626,0.9066480085253715,0.23972278796327068,0.5679424661179309,0.6011810610717977,0.4346517389750112,0.5397841011356626,0.0010530797510113488,saves/unlearn/tofu/forget01/Llama-2-7b-chat-hf/SatImp/lr6e-5_b32_mb8_ga4_a0.1_b16.0_b21.0_g0.1_e10/checkpoint-6/evals/TOFU_SUMMARY.json,saves/unlearn/tofu/forget01/Llama-2-7b-chat-hf/SatImp/lr6e-5_b32_mb8_ga4_a0.1_b16.0_b21.0_g0.1_e10/checkpoint-6/evals/TOFU_EVAL.json
forget01,SatImp,lr6e-5_b32_mb8_ga4_a0.1_b16.0_b21.0_g0.1_e10,6e-5,32,8,4,0.1,6.0,1.0,a4,10,checkpoint-8,8,0.01430154804770646,0.5620237129643473,0.9010488033294678,0.23557898730026255,0.5790603787844337,0.584291346711844,0.42703944853839004,0.5445076809848998,0.00801136569718855,saves/unlearn/tofu/forget01/Llama-2-7b-chat-hf/SatImp/lr6e-5_b32_mb8_ga4_a0.1_b16.0_b21.0_g0.1_e10/checkpoint-8/evals/TOFU_SUMMARY.json,saves/unlearn/tofu/forget01/Llama-2-7b-chat-hf/SatImp/lr6e-5_b32_mb8_ga4_a0.1_b16.0_b21.0_g0.1_e10/checkpoint-8/evals/TOFU_EVAL.json
forget01,SatImp,lr6e-5_b32_mb8_ga4_a0.1_b16.0_b21.0_g0.1_e10,6e-5,32,8,4,0.1,6.0,1.0,a4,10,checkpoint-10,10,0.01430154804770646,0.5630597184393366,0.903967709839344,0.24722707673842495,0.5799584860743929,0.5796527007130765,0.4265497611780665,0.5435584344103556,0.0017638731981585026,saves/unlearn/tofu/forget01/Llama-2-7b-chat-hf/SatImp/lr6e-5_b32_mb8_ga4_a0.1_b16.0_b21.0_g0.1_e10/checkpoint-10/evals/TOFU_SUMMARY.json,saves/unlearn/tofu/forget01/Llama-2-7b-chat-hf/SatImp/lr6e-5_b32_mb8_ga4_a0.1_b16.0_b21.0_g0.1_e10/checkpoint-10/evals/TOFU_EVAL.json
forget01,SatImp,lr6e-5_b32_mb8_ga4_a1.0_b15.0_b21.0_g0.1_e10,6e-5,32,8,4,1.0,5.0,1.0,a4,10,checkpoint-2,2,0.0012708143485281624,0.5077983895416961,0.8902253270149231,0.2440047621487194,0.47831338423120295,0.5349685909781882,0.4794183218880454,0.5301258805294653,-0.05804584069159699,saves/unlearn/tofu/forget01/Llama-2-7b-chat-hf/SatImp/lr6e-5_b32_mb8_ga4_a1.0_b15.0_b21.0_g0.1_e10/checkpoint-2/evals/TOFU_SUMMARY.json,saves/unlearn/tofu/forget01/Llama-2-7b-chat-hf/SatImp/lr6e-5_b32_mb8_ga4_a1.0_b15.0_b21.0_g0.1_e10/checkpoint-2/evals/TOFU_EVAL.json
forget01,SatImp,lr6e-5_b32_mb8_ga4_a1.0_b15.0_b21.0_g0.1_e10,6e-5,32,8,4,1.0,5.0,1.0,a4,10,checkpoint-4,4,0.003018184077228396,0.5444720637120991,0.9043406829237938,0.26921380522163385,0.5165214054975031,0.6263267688109465,0.4615310305199649,0.4987786198034043,-0.03928699628338628,saves/unlearn/tofu/forget01/Llama-2-7b-chat-hf/SatImp/lr6e-5_b32_mb8_ga4_a1.0_b15.0_b21.0_g0.1_e10/checkpoint-4/evals/TOFU_SUMMARY.json,saves/unlearn/tofu/forget01/Llama-2-7b-chat-hf/SatImp/lr6e-5_b32_mb8_ga4_a1.0_b15.0_b21.0_g0.1_e10/checkpoint-4/evals/TOFU_EVAL.json
forget01,SatImp,lr6e-5_b32_mb8_ga4_a1.0_b15.0_b21.0_g0.1_e10,6e-5,32,8,4,1.0,5.0,1.0,a4,10,checkpoint-6,6,0.003018184077228396,0.5159165179558105,0.9093080028891564,0.23782921702818305,0.5526525933740427,0.5048412092736495,0.44355497173430025,0.4520178698149985,-0.054633907925630776,saves/unlearn/tofu/forget01/Llama-2-7b-chat-hf/SatImp/lr6e-5_b32_mb8_ga4_a1.0_b15.0_b21.0_g0.1_e10/checkpoint-6/evals/TOFU_SUMMARY.json,saves/unlearn/tofu/forget01/Llama-2-7b-chat-hf/SatImp/lr6e-5_b32_mb8_ga4_a1.0_b15.0_b21.0_g0.1_e10/checkpoint-6/evals/TOFU_EVAL.json
forget01,SatImp,lr6e-5_b32_mb8_ga4_a1.0_b15.0_b21.0_g0.1_e10,6e-5,32,8,4,1.0,5.0,1.0,a4,10,checkpoint-8,8,0.006760732303569208,0.5084505518874971,0.9133139982819557,0.24422201171915886,0.5661249510216998,0.45338221698473286,0.43672807163216887,0.45139980782842754,-0.06355672080949096,saves/unlearn/tofu/forget01/Llama-2-7b-chat-hf/SatImp/lr6e-5_b32_mb8_ga4_a1.0_b15.0_b21.0_g0.1_e10/checkpoint-8/evals/TOFU_SUMMARY.json,saves/unlearn/tofu/forget01/Llama-2-7b-chat-hf/SatImp/lr6e-5_b32_mb8_ga4_a1.0_b15.0_b21.0_g0.1_e10/checkpoint-8/evals/TOFU_EVAL.json
forget01,SatImp,lr6e-5_b32_mb8_ga4_a1.0_b15.0_b21.0_g0.1_e10,6e-5,32,8,4,1.0,5.0,1.0,a4,10,checkpoint-10,10,0.003018184077228396,0.5121532523552916,0.9173063978552818,0.2737534754674488,0.5676867412976111,0.45766566247956847,0.435033024292456,0.45666877145512436,-0.08035850022884525,saves/unlearn/tofu/forget01/Llama-2-7b-chat-hf/SatImp/lr6e-5_b32_mb8_ga4_a1.0_b15.0_b21.0_g0.1_e10/checkpoint-10/evals/TOFU_SUMMARY.json,saves/unlearn/tofu/forget01/Llama-2-7b-chat-hf/SatImp/lr6e-5_b32_mb8_ga4_a1.0_b15.0_b21.0_g0.1_e10/checkpoint-10/evals/TOFU_EVAL.json
forget01,SatImp,lr6e-5_b32_mb8_ga4_a1.0_b16.0_b21.0_g0.1_e10,6e-5,32,8,4,1.0,6.0,1.0,a4,10,checkpoint-2,2,0.0012708143485281624,0.507729160542997,0.8916876316070557,0.24278524995359746,0.47856883867593325,0.5321590777708715,0.48072211418857563,0.5336347354091658,-0.05823646588880141,saves/unlearn/tofu/forget01/Llama-2-7b-chat-hf/SatImp/lr6e-5_b32_mb8_ga4_a1.0_b16.0_b21.0_g0.1_e10/checkpoint-2/evals/TOFU_SUMMARY.json,saves/unlearn/tofu/forget01/Llama-2-7b-chat-hf/SatImp/lr6e-5_b32_mb8_ga4_a1.0_b16.0_b21.0_g0.1_e10/checkpoint-2/evals/TOFU_EVAL.json
forget01,SatImp,lr6e-5_b32_mb8_ga4_a1.0_b16.0_b21.0_g0.1_e10,6e-5,32,8,4,1.0,6.0,1.0,a4,10,checkpoint-4,4,0.003018184077228396,0.5448243026784675,0.9027114659547806,0.26921380522163385,0.5182478907248752,0.6200326530191282,0.46274295840486507,0.5006477916333343,-0.0381201488325113,saves/unlearn/tofu/forget01/Llama-2-7b-chat-hf/SatImp/lr6e-5_b32_mb8_ga4_a1.0_b16.0_b21.0_g0.1_e10/checkpoint-4/evals/TOFU_SUMMARY.json,saves/unlearn/tofu/forget01/Llama-2-7b-chat-hf/SatImp/lr6e-5_b32_mb8_ga4_a1.0_b16.0_b21.0_g0.1_e10/checkpoint-4/evals/TOFU_EVAL.json
forget01,SatImp,lr6e-5_b32_mb8_ga4_a1.0_b16.0_b21.0_g0.1_e10,6e-5,32,8,4,1.0,6.0,1.0,a4,10,checkpoint-6,6,0.006760732303569208,0.5157780734521848,0.9119471698999405,0.26931069850966455,0.552691719379575,0.49897351131200973,0.4444057311030612,0.4518767761823958,-0.06809012844904846,saves/unlearn/tofu/forget01/Llama-2-7b-chat-hf/SatImp/lr6e-5_b32_mb8_ga4_a1.0_b16.0_b21.0_g0.1_e10/checkpoint-6/evals/TOFU_SUMMARY.json,saves/unlearn/tofu/forget01/Llama-2-7b-chat-hf/SatImp/lr6e-5_b32_mb8_ga4_a1.0_b16.0_b21.0_g0.1_e10/checkpoint-6/evals/TOFU_EVAL.json
forget01,SatImp,lr6e-5_b32_mb8_ga4_a1.0_b16.0_b21.0_g0.1_e10,6e-5,32,8,4,1.0,6.0,1.0,a4,10,checkpoint-8,8,0.006760732303569208,0.5085011903712651,0.9152890622615815,0.27439847030749015,0.5644606531016152,0.4541113173624987,0.4359859798401151,0.4499722189304157,-0.07958184360970152,saves/unlearn/tofu/forget01/Llama-2-7b-chat-hf/SatImp/lr6e-5_b32_mb8_ga4_a1.0_b16.0_b21.0_g0.1_e10/checkpoint-8/evals/TOFU_SUMMARY.json,saves/unlearn/tofu/forget01/Llama-2-7b-chat-hf/SatImp/lr6e-5_b32_mb8_ga4_a1.0_b16.0_b21.0_g0.1_e10/checkpoint-8/evals/TOFU_EVAL.json
forget01,SatImp,lr6e-5_b32_mb8_ga4_a1.0_b16.0_b21.0_g0.1_e10,6e-5,32,8,4,1.0,6.0,1.0,a4,10,checkpoint-10,10,0.006760732303569208,0.5133740759736016,0.9185399517416954,0.2773396467780784,0.567153273354452,0.4589978184518111,0.43568242849927713,0.4577951885434352,-0.07780499098271607,saves/unlearn/tofu/forget01/Llama-2-7b-chat-hf/SatImp/lr6e-5_b32_mb8_ga4_a1.0_b16.0_b21.0_g0.1_e10/checkpoint-10/evals/TOFU_SUMMARY.json,saves/unlearn/tofu/forget01/Llama-2-7b-chat-hf/SatImp/lr6e-5_b32_mb8_ga4_a1.0_b16.0_b21.0_g0.1_e10/checkpoint-10/evals/TOFU_EVAL.json
