run,checkpoint,step,exact_memorization,extraction_strength,forget_Q_A_Prob,forget_Q_A_ROUGE,forget_quality,forget_truth_ratio,model_utility,privleak,checkpoint_path,summary_path
lr2e-5_b16_mb8_ga2_a1.0_beta3.5_delta0_gamma0.125_e10,checkpoint-13,13,0.9887543913722038,0.8638818647193273,0.9498321042954921,0.878362803968001,2.5656301025789152e-14,0.5033166016997042,0.6224902659233336,-99.94989978419147,saves/unlearn/tofu/forget05/Llama-2-7b-chat-hf/SimNPO/lr2e-5_b16_mb8_ga2_a1.0_beta3.5_delta0_gamma0.125_e10/checkpoint-13,saves/unlearn/tofu/forget05/Llama-2-7b-chat-hf/SimNPO/lr2e-5_b16_mb8_ga2_a1.0_beta3.5_delta0_gamma0.125_e10/checkpoint-13/evals/TOFU_SUMMARY.json
lr2e-5_b16_mb8_ga2_a1.0_beta3.5_delta0_gamma0.125_e10,checkpoint-26,26,0.9746179735660553,0.7009763369385871,0.8870268020033837,0.8071007668634022,1.108718722900174e-14,0.5151142923197682,0.6211716218495918,-99.71866809006958,saves/unlearn/tofu/forget05/Llama-2-7b-chat-hf/SimNPO/lr2e-5_b16_mb8_ga2_a1.0_beta3.5_delta0_gamma0.125_e10/checkpoint-26,saves/unlearn/tofu/forget05/Llama-2-7b-chat-hf/SimNPO/lr2e-5_b16_mb8_ga2_a1.0_beta3.5_delta0_gamma0.125_e10/checkpoint-26/evals/TOFU_SUMMARY.json
lr2e-5_b16_mb8_ga2_a1.0_beta3.5_delta0_gamma0.125_e10,checkpoint-39,39,0.9586560538411141,0.5742663054634505,0.7851838950812816,0.7076600093861647,3.0799540915748314e-12,0.5233667812765495,0.6210812484532983,-98.82457220613155,saves/unlearn/tofu/forget05/Llama-2-7b-chat-hf/SimNPO/lr2e-5_b16_mb8_ga2_a1.0_beta3.5_delta0_gamma0.125_e10/checkpoint-39,saves/unlearn/tofu/forget05/Llama-2-7b-chat-hf/SimNPO/lr2e-5_b16_mb8_ga2_a1.0_beta3.5_delta0_gamma0.125_e10/checkpoint-39/evals/TOFU_SUMMARY.json
lr2e-5_b16_mb8_ga2_a1.0_beta3.5_delta0_gamma0.125_e10,checkpoint-52,52,0.9488579514622688,0.49693643119939823,0.7126007787138223,0.6749933844871265,2.8873674273022313e-11,0.527551495550095,0.6136829070787375,-97.75705255160211,saves/unlearn/tofu/forget05/Llama-2-7b-chat-hf/SimNPO/lr2e-5_b16_mb8_ga2_a1.0_beta3.5_delta0_gamma0.125_e10/checkpoint-52,saves/unlearn/tofu/forget05/Llama-2-7b-chat-hf/SimNPO/lr2e-5_b16_mb8_ga2_a1.0_beta3.5_delta0_gamma0.125_e10/checkpoint-52/evals/TOFU_SUMMARY.json
lr2e-5_b16_mb8_ga2_a1.0_beta3.5_delta0_gamma0.125_e10,checkpoint-65,65,0.9410312855243683,0.43916574784269147,0.6570096322149038,0.641517006565572,1.3850840057169374e-11,0.5301503297522245,0.6126196217525982,-96.84754122138929,saves/unlearn/tofu/forget05/Llama-2-7b-chat-hf/SimNPO/lr2e-5_b16_mb8_ga2_a1.0_beta3.5_delta0_gamma0.125_e10/checkpoint-65,saves/unlearn/tofu/forget05/Llama-2-7b-chat-hf/SimNPO/lr2e-5_b16_mb8_ga2_a1.0_beta3.5_delta0_gamma0.125_e10/checkpoint-65/evals/TOFU_SUMMARY.json
lr2e-5_b16_mb8_ga2_a1.0_beta3.5_delta0_gamma0.125_e10,checkpoint-78,78,0.9320918881893158,0.38587308144140026,0.5885554374754429,0.6198479789541219,2.44374577116149e-10,0.5306031194499818,0.6086288130859511,-95.59503621156233,saves/unlearn/tofu/forget05/Llama-2-7b-chat-hf/SimNPO/lr2e-5_b16_mb8_ga2_a1.0_beta3.5_delta0_gamma0.125_e10/checkpoint-78,saves/unlearn/tofu/forget05/Llama-2-7b-chat-hf/SimNPO/lr2e-5_b16_mb8_ga2_a1.0_beta3.5_delta0_gamma0.125_e10/checkpoint-78/evals/TOFU_SUMMARY.json
lr2e-5_b16_mb8_ga2_a1.0_beta3.5_delta0_gamma0.125_e10,checkpoint-91,91,0.9279705372452736,0.36940047555581446,0.5554404414445162,0.6099581245376531,4.869254633582969e-10,0.5325925064979488,0.6078939505767045,-94.68552488134954,saves/unlearn/tofu/forget05/Llama-2-7b-chat-hf/SimNPO/lr2e-5_b16_mb8_ga2_a1.0_beta3.5_delta0_gamma0.125_e10/checkpoint-91,saves/unlearn/tofu/forget05/Llama-2-7b-chat-hf/SimNPO/lr2e-5_b16_mb8_ga2_a1.0_beta3.5_delta0_gamma0.125_e10/checkpoint-91/evals/TOFU_SUMMARY.json
lr2e-5_b16_mb8_ga2_a1.0_beta3.5_delta0_gamma0.125_e10,checkpoint-104,104,0.926406717300415,0.3619147164672327,0.5416261681169271,0.6063954266534008,2.44374577116149e-10,0.5318610582334344,0.6081524894403347,-94.34638506330408,saves/unlearn/tofu/forget05/Llama-2-7b-chat-hf/SimNPO/lr2e-5_b16_mb8_ga2_a1.0_beta3.5_delta0_gamma0.125_e10/checkpoint-104,saves/unlearn/tofu/forget05/Llama-2-7b-chat-hf/SimNPO/lr2e-5_b16_mb8_ga2_a1.0_beta3.5_delta0_gamma0.125_e10/checkpoint-104/evals/TOFU_SUMMARY.json
lr2e-5_b16_mb8_ga2_a1.0_beta3.5_delta0_gamma0.125_e10,checkpoint-117,117,0.9253093680739403,0.3595582852460957,0.5388041590899229,0.6080446442068397,4.869254633582969e-10,0.5318875244035989,0.6078478549997779,-94.28857713977362,saves/unlearn/tofu/forget05/Llama-2-7b-chat-hf/SimNPO/lr2e-5_b16_mb8_ga2_a1.0_beta3.5_delta0_gamma0.125_e10/checkpoint-117,saves/unlearn/tofu/forget05/Llama-2-7b-chat-hf/SimNPO/lr2e-5_b16_mb8_ga2_a1.0_beta3.5_delta0_gamma0.125_e10/checkpoint-117/evals/TOFU_SUMMARY.json
lr2e-5_b16_mb8_ga2_a1.0_beta3.5_delta0_gamma0.125_e10,checkpoint-120,120,0.925603152513504,0.35928050746831786,0.5382025220990181,0.607640927839161,2.44374577116149e-10,0.5316738763092276,0.6072795863814464,-94.29628486291102,saves/unlearn/tofu/forget05/Llama-2-7b-chat-hf/SimNPO/lr2e-5_b16_mb8_ga2_a1.0_beta3.5_delta0_gamma0.125_e10/checkpoint-120,saves/unlearn/tofu/forget05/Llama-2-7b-chat-hf/SimNPO/lr2e-5_b16_mb8_ga2_a1.0_beta3.5_delta0_gamma0.125_e10/checkpoint-120/evals/TOFU_SUMMARY.json
lr2e-5_b16_mb8_ga2_a1.0_beta3.5_delta0_gamma0.25_e10,checkpoint-13,13,0.9843823555111885,0.8297414589116633,0.9286418198049069,0.843406814903966,1.108718722900174e-14,0.5048755545083313,0.625335705407766,-99.84199166026791,saves/unlearn/tofu/forget05/Llama-2-7b-chat-hf/SimNPO/lr2e-5_b16_mb8_ga2_a1.0_beta3.5_delta0_gamma0.25_e10/checkpoint-13,saves/unlearn/tofu/forget05/Llama-2-7b-chat-hf/SimNPO/lr2e-5_b16_mb8_ga2_a1.0_beta3.5_delta0_gamma0.25_e10/checkpoint-13/evals/TOFU_SUMMARY.json
lr2e-5_b16_mb8_ga2_a1.0_beta3.5_delta0_gamma0.25_e10,checkpoint-26,26,0.9537176391482354,0.5446079694899788,0.7727016130834818,0.6870920898154447,1.4275699621532978e-12,0.518796634508319,0.6162803381349437,-98.33513178690686,saves/unlearn/tofu/forget05/Llama-2-7b-chat-hf/SimNPO/lr2e-5_b16_mb8_ga2_a1.0_beta3.5_delta0_gamma0.25_e10/checkpoint-26,saves/unlearn/tofu/forget05/Llama-2-7b-chat-hf/SimNPO/lr2e-5_b16_mb8_ga2_a1.0_beta3.5_delta0_gamma0.25_e10/checkpoint-26/evals/TOFU_SUMMARY.json
lr2e-5_b16_mb8_ga2_a1.0_beta3.5_delta0_gamma0.25_e10,checkpoint-39,39,0.9184374299645424,0.3523129089279361,0.5651711858436466,0.5679920730097234,6.865581733487208e-09,0.5396737301343216,0.6188683261060778,-92.98211806798487,saves/unlearn/tofu/forget05/Llama-2-7b-chat-hf/SimNPO/lr2e-5_b16_mb8_ga2_a1.0_beta3.5_delta0_gamma0.25_e10/checkpoint-39,saves/unlearn/tofu/forget05/Llama-2-7b-chat-hf/SimNPO/lr2e-5_b16_mb8_ga2_a1.0_beta3.5_delta0_gamma0.25_e10/checkpoint-39/evals/TOFU_SUMMARY.json
lr2e-5_b16_mb8_ga2_a1.0_beta3.5_delta0_gamma0.25_e10,checkpoint-52,52,0.9030571636557579,0.286631028399604,0.46404285717755556,0.5394786102821613,1.2940880677508261e-08,0.5502155951683004,0.6174549246946895,-88.253429923192,saves/unlearn/tofu/forget05/Llama-2-7b-chat-hf/SimNPO/lr2e-5_b16_mb8_ga2_a1.0_beta3.5_delta0_gamma0.25_e10/checkpoint-52,saves/unlearn/tofu/forget05/Llama-2-7b-chat-hf/SimNPO/lr2e-5_b16_mb8_ga2_a1.0_beta3.5_delta0_gamma0.25_e10/checkpoint-52/evals/TOFU_SUMMARY.json
lr2e-5_b16_mb8_ga2_a1.0_beta3.5_delta0_gamma0.25_e10,checkpoint-65,65,0.8938737761974335,0.25524551633724557,0.3870295483991504,0.5309610773954723,4.448673570292354e-08,0.5513824642559658,0.6174068680556555,-83.4206875160443,saves/unlearn/tofu/forget05/Llama-2-7b-chat-hf/SimNPO/lr2e-5_b16_mb8_ga2_a1.0_beta3.5_delta0_gamma0.25_e10/checkpoint-65,saves/unlearn/tofu/forget05/Llama-2-7b-chat-hf/SimNPO/lr2e-5_b16_mb8_ga2_a1.0_beta3.5_delta0_gamma0.25_e10/checkpoint-65/evals/TOFU_SUMMARY.json
lr2e-5_b16_mb8_ga2_a1.0_beta3.5_delta0_gamma0.25_e10,checkpoint-78,78,0.8845536664128304,0.23511347405187347,0.3374640547856689,0.5091575799215713,4.448673570292354e-08,0.5546294333006194,0.6137603887390819,-80.15261290578812,saves/unlearn/tofu/forget05/Llama-2-7b-chat-hf/SimNPO/lr2e-5_b16_mb8_ga2_a1.0_beta3.5_delta0_gamma0.25_e10/checkpoint-78,saves/unlearn/tofu/forget05/Llama-2-7b-chat-hf/SimNPO/lr2e-5_b16_mb8_ga2_a1.0_beta3.5_delta0_gamma0.25_e10/checkpoint-78/evals/TOFU_SUMMARY.json
lr2e-5_b16_mb8_ga2_a1.0_beta3.5_delta0_gamma0.25_e10,checkpoint-91,91,0.8816853109002113,0.22665446222829835,0.32169538974761963,0.509769188518987,4.448673570292354e-08,0.5551284508287024,0.612749986682176,-79.00416215831599,saves/unlearn/tofu/forget05/Llama-2-7b-chat-hf/SimNPO/lr2e-5_b16_mb8_ga2_a1.0_beta3.5_delta0_gamma0.25_e10/checkpoint-91,saves/unlearn/tofu/forget05/Llama-2-7b-chat-hf/SimNPO/lr2e-5_b16_mb8_ga2_a1.0_beta3.5_delta0_gamma0.25_e10/checkpoint-91/evals/TOFU_SUMMARY.json
lr2e-5_b16_mb8_ga2_a1.0_beta3.5_delta0_gamma0.25_e10,checkpoint-104,104,0.8799031677842141,0.22087365267753978,0.313887358084321,0.5023963020483628,2.4125498977354686e-08,0.5552781462269011,0.6137516689675476,-78.33359024536249,saves/unlearn/tofu/forget05/Llama-2-7b-chat-hf/SimNPO/lr2e-5_b16_mb8_ga2_a1.0_beta3.5_delta0_gamma0.25_e10/checkpoint-104,saves/unlearn/tofu/forget05/Llama-2-7b-chat-hf/SimNPO/lr2e-5_b16_mb8_ga2_a1.0_beta3.5_delta0_gamma0.25_e10/checkpoint-104/evals/TOFU_SUMMARY.json
lr2e-5_b16_mb8_ga2_a1.0_beta3.5_delta0_gamma0.25_e10,checkpoint-117,117,0.8798562824726105,0.22087365267753978,0.3120271227136254,0.5035777901625633,4.448673570292354e-08,0.5560609679854926,0.6132362503657408,-78.18328964418323,saves/unlearn/tofu/forget05/Llama-2-7b-chat-hf/SimNPO/lr2e-5_b16_mb8_ga2_a1.0_beta3.5_delta0_gamma0.25_e10/checkpoint-117,saves/unlearn/tofu/forget05/Llama-2-7b-chat-hf/SimNPO/lr2e-5_b16_mb8_ga2_a1.0_beta3.5_delta0_gamma0.25_e10/checkpoint-117/evals/TOFU_SUMMARY.json
lr2e-5_b16_mb8_ga2_a1.0_beta3.5_delta0_gamma0.25_e10,checkpoint-120,120,0.88037606716156,0.22125826806215518,0.31198958348482847,0.49902808253423186,2.4125498977354686e-08,0.5564776393997167,0.6130898618678557,-78.17558192104585,saves/unlearn/tofu/forget05/Llama-2-7b-chat-hf/SimNPO/lr2e-5_b16_mb8_ga2_a1.0_beta3.5_delta0_gamma0.25_e10/checkpoint-120,saves/unlearn/tofu/forget05/Llama-2-7b-chat-hf/SimNPO/lr2e-5_b16_mb8_ga2_a1.0_beta3.5_delta0_gamma0.25_e10/checkpoint-120/evals/TOFU_SUMMARY.json
lr2e-5_b16_mb8_ga2_a1.0_beta3.5_delta1_gamma0.125_e10,checkpoint-13,13,0.9840715861320496,0.8199295949387765,0.9274497643113137,0.838181911809596,2.5656301025789152e-14,0.5052287461171991,0.6262547079785099,-99.83813779869922,saves/unlearn/tofu/forget05/Llama-2-7b-chat-hf/SimNPO/lr2e-5_b16_mb8_ga2_a1.0_beta3.5_delta1_gamma0.125_e10/checkpoint-13,saves/unlearn/tofu/forget05/Llama-2-7b-chat-hf/SimNPO/lr2e-5_b16_mb8_ga2_a1.0_beta3.5_delta1_gamma0.125_e10/checkpoint-13/evals/TOFU_SUMMARY.json
lr2e-5_b16_mb8_ga2_a1.0_beta3.5_delta1_gamma0.125_e10,checkpoint-26,26,0.9443335786461831,0.4964021972521209,0.7160824543610215,0.6548431055129066,3.0799540915748314e-12,0.5209390703648205,0.6146651779823094,-96.21936178569149,saves/unlearn/tofu/forget05/Llama-2-7b-chat-hf/SimNPO/lr2e-5_b16_mb8_ga2_a1.0_beta3.5_delta1_gamma0.125_e10/checkpoint-26,saves/unlearn/tofu/forget05/Llama-2-7b-chat-hf/SimNPO/lr2e-5_b16_mb8_ga2_a1.0_beta3.5_delta1_gamma0.125_e10/checkpoint-26/evals/TOFU_SUMMARY.json
lr2e-5_b16_mb8_ga2_a1.0_beta3.5_delta1_gamma0.125_e10,checkpoint-39,39,0.8900429046154023,0.2900421886841207,0.41999222211539744,0.5027086037124097,1.4639479233432268e-07,0.5410197259992809,0.6133015451480435,-79.30861722224316,saves/unlearn/tofu/forget05/Llama-2-7b-chat-hf/SimNPO/lr2e-5_b16_mb8_ga2_a1.0_beta3.5_delta1_gamma0.125_e10/checkpoint-39,saves/unlearn/tofu/forget05/Llama-2-7b-chat-hf/SimNPO/lr2e-5_b16_mb8_ga2_a1.0_beta3.5_delta1_gamma0.125_e10/checkpoint-39/evals/TOFU_SUMMARY.json
lr2e-5_b16_mb8_ga2_a1.0_beta3.5_delta1_gamma0.125_e10,checkpoint-52,52,0.8693738806247712,0.21844296683500442,0.2901467098807916,0.4982946428986612,4.6128382074998843e-07,0.5546737755449302,0.6170197976622344,-61.973947886238015,saves/unlearn/tofu/forget05/Llama-2-7b-chat-hf/SimNPO/lr2e-5_b16_mb8_ga2_a1.0_beta3.5_delta1_gamma0.125_e10/checkpoint-52,saves/unlearn/tofu/forget05/Llama-2-7b-chat-hf/SimNPO/lr2e-5_b16_mb8_ga2_a1.0_beta3.5_delta1_gamma0.125_e10/checkpoint-52/evals/TOFU_SUMMARY.json
lr2e-5_b16_mb8_ga2_a1.0_beta3.5_delta1_gamma0.125_e10,checkpoint-65,65,0.8487443155050278,0.18032332142188554,0.19452610324136912,0.44797124229176793,1.3921047931216453e-06,0.5586585002109404,0.6168075687970441,-41.17851086154178,saves/unlearn/tofu/forget05/Llama-2-7b-chat-hf/SimNPO/lr2e-5_b16_mb8_ga2_a1.0_beta3.5_delta1_gamma0.125_e10/checkpoint-65,saves/unlearn/tofu/forget05/Llama-2-7b-chat-hf/SimNPO/lr2e-5_b16_mb8_ga2_a1.0_beta3.5_delta1_gamma0.125_e10/checkpoint-65/evals/TOFU_SUMMARY.json
lr2e-5_b16_mb8_ga2_a1.0_beta3.5_delta1_gamma0.125_e10,checkpoint-78,78,0.8389854469895363,0.16901609435029386,0.15306140795350076,0.4315475237317895,4.6128382074998843e-07,0.5642339610781403,0.6151414773198542,-30.191151529182815,saves/unlearn/tofu/forget05/Llama-2-7b-chat-hf/SimNPO/lr2e-5_b16_mb8_ga2_a1.0_beta3.5_delta1_gamma0.125_e10/checkpoint-78,saves/unlearn/tofu/forget05/Llama-2-7b-chat-hf/SimNPO/lr2e-5_b16_mb8_ga2_a1.0_beta3.5_delta1_gamma0.125_e10/checkpoint-78/evals/TOFU_SUMMARY.json
lr2e-5_b16_mb8_ga2_a1.0_beta3.5_delta1_gamma0.125_e10,checkpoint-91,91,0.836598109304905,0.16108920278604913,0.13881607160903514,0.42243714144629463,4.024806511439489e-06,0.5650603386430142,0.6174746167025883,-25.42392476870295,saves/unlearn/tofu/forget05/Llama-2-7b-chat-hf/SimNPO/lr2e-5_b16_mb8_ga2_a1.0_beta3.5_delta1_gamma0.125_e10/checkpoint-91,saves/unlearn/tofu/forget05/Llama-2-7b-chat-hf/SimNPO/lr2e-5_b16_mb8_ga2_a1.0_beta3.5_delta1_gamma0.125_e10/checkpoint-91/evals/TOFU_SUMMARY.json
lr2e-5_b16_mb8_ga2_a1.0_beta3.5_delta1_gamma0.125_e10,checkpoint-104,104,0.8350155603885651,0.1616129636792953,0.13035275102593005,0.42295940594066195,2.3797467071606504e-06,0.5643032975421788,0.6177770026742369,-23.169415751014423,saves/unlearn/tofu/forget05/Llama-2-7b-chat-hf/SimNPO/lr2e-5_b16_mb8_ga2_a1.0_beta3.5_delta1_gamma0.125_e10/checkpoint-104,saves/unlearn/tofu/forget05/Llama-2-7b-chat-hf/SimNPO/lr2e-5_b16_mb8_ga2_a1.0_beta3.5_delta1_gamma0.125_e10/checkpoint-104/evals/TOFU_SUMMARY.json
lr2e-5_b16_mb8_ga2_a1.0_beta3.5_delta1_gamma0.125_e10,checkpoint-117,117,0.8346886160969734,0.16105917269568878,0.1284875994408503,0.4205663333902403,1.1150402145378719e-05,0.5652763018423328,0.61820157280265,-22.43718205296175,saves/unlearn/tofu/forget05/Llama-2-7b-chat-hf/SimNPO/lr2e-5_b16_mb8_ga2_a1.0_beta3.5_delta1_gamma0.125_e10/checkpoint-117,saves/unlearn/tofu/forget05/Llama-2-7b-chat-hf/SimNPO/lr2e-5_b16_mb8_ga2_a1.0_beta3.5_delta1_gamma0.125_e10/checkpoint-117/evals/TOFU_SUMMARY.json
lr2e-5_b16_mb8_ga2_a1.0_beta3.5_delta1_gamma0.125_e10,checkpoint-120,120,0.8337565666437149,0.1620817136792953,0.12852834192104637,0.4214484035222777,4.024806511439489e-06,0.5646656067501631,0.6175412072127199,-22.502697699629607,saves/unlearn/tofu/forget05/Llama-2-7b-chat-hf/SimNPO/lr2e-5_b16_mb8_ga2_a1.0_beta3.5_delta1_gamma0.125_e10/checkpoint-120,saves/unlearn/tofu/forget05/Llama-2-7b-chat-hf/SimNPO/lr2e-5_b16_mb8_ga2_a1.0_beta3.5_delta1_gamma0.125_e10/checkpoint-120/evals/TOFU_SUMMARY.json
lr2e-5_b16_mb8_ga2_a1.0_beta3.5_delta1_gamma0.25_e10,checkpoint-13,13,0.9782879975438118,0.7600136866988767,0.8995347367227078,0.7994712822080752,1.3261055712130201e-13,0.5085247687507335,0.6278529593925918,-99.71866809006956,saves/unlearn/tofu/forget05/Llama-2-7b-chat-hf/SimNPO/lr2e-5_b16_mb8_ga2_a1.0_beta3.5_delta1_gamma0.25_e10/checkpoint-13,saves/unlearn/tofu/forget05/Llama-2-7b-chat-hf/SimNPO/lr2e-5_b16_mb8_ga2_a1.0_beta3.5_delta1_gamma0.25_e10/checkpoint-13/evals/TOFU_SUMMARY.json
lr2e-5_b16_mb8_ga2_a1.0_beta3.5_delta1_gamma0.25_e10,checkpoint-26,26,0.8790985652804375,0.27086774746013986,0.43196715220808984,0.46448161859029624,3.602472544567432e-09,0.5345353348632039,0.5963683739844928,-85.86788961216774,saves/unlearn/tofu/forget05/Llama-2-7b-chat-hf/SimNPO/lr2e-5_b16_mb8_ga2_a1.0_beta3.5_delta1_gamma0.25_e10/checkpoint-26,saves/unlearn/tofu/forget05/Llama-2-7b-chat-hf/SimNPO/lr2e-5_b16_mb8_ga2_a1.0_beta3.5_delta1_gamma0.25_e10/checkpoint-26/evals/TOFU_SUMMARY.json
lr2e-5_b16_mb8_ga2_a1.0_beta3.5_delta1_gamma0.25_e10,checkpoint-39,39,0.8451132968068122,0.19532690422447616,0.23101691741496325,0.42517948515151943,1.4639479233432268e-07,0.559550537769208,0.6186788819892363,-59.0141822014777,saves/unlearn/tofu/forget05/Llama-2-7b-chat-hf/SimNPO/lr2e-5_b16_mb8_ga2_a1.0_beta3.5_delta1_gamma0.25_e10/checkpoint-39,saves/unlearn/tofu/forget05/Llama-2-7b-chat-hf/SimNPO/lr2e-5_b16_mb8_ga2_a1.0_beta3.5_delta1_gamma0.25_e10/checkpoint-39/evals/TOFU_SUMMARY.json
lr2e-5_b16_mb8_ga2_a1.0_beta3.5_delta1_gamma0.25_e10,checkpoint-52,52,0.8211475974321365,0.1518368697901638,0.13212429975159468,0.38642646089119753,1.1150402145378719e-05,0.5809726113700868,0.6301033842107367,-25.859411125965874,saves/unlearn/tofu/forget05/Llama-2-7b-chat-hf/SimNPO/lr2e-5_b16_mb8_ga2_a1.0_beta3.5_delta1_gamma0.25_e10/checkpoint-52,saves/unlearn/tofu/forget05/Llama-2-7b-chat-hf/SimNPO/lr2e-5_b16_mb8_ga2_a1.0_beta3.5_delta1_gamma0.25_e10/checkpoint-52/evals/TOFU_SUMMARY.json
lr2e-5_b16_mb8_ga2_a1.0_beta3.5_delta1_gamma0.25_e10,checkpoint-65,65,0.8100669223070145,0.1426564505634094,0.09699471962405369,0.370327490167421,6.734842895808746e-06,0.5768480907987167,0.6303174978867827,-1.3295822412009437,saves/unlearn/tofu/forget05/Llama-2-7b-chat-hf/SimNPO/lr2e-5_b16_mb8_ga2_a1.0_beta3.5_delta1_gamma0.25_e10/checkpoint-65,saves/unlearn/tofu/forget05/Llama-2-7b-chat-hf/SimNPO/lr2e-5_b16_mb8_ga2_a1.0_beta3.5_delta1_gamma0.25_e10/checkpoint-65/evals/TOFU_SUMMARY.json
lr2e-5_b16_mb8_ga2_a1.0_beta3.5_delta1_gamma0.25_e10,checkpoint-78,78,0.8070088770985603,0.13540585864755714,0.08634059067582711,0.3667496075884737,6.734842895808746e-06,0.5763431608547702,0.631635474061048,7.056420532286646,saves/unlearn/tofu/forget05/Llama-2-7b-chat-hf/SimNPO/lr2e-5_b16_mb8_ga2_a1.0_beta3.5_delta1_gamma0.25_e10/checkpoint-78,saves/unlearn/tofu/forget05/Llama-2-7b-chat-hf/SimNPO/lr2e-5_b16_mb8_ga2_a1.0_beta3.5_delta1_gamma0.25_e10/checkpoint-78/evals/TOFU_SUMMARY.json
lr2e-5_b16_mb8_ga2_a1.0_beta3.5_delta1_gamma0.25_e10,checkpoint-91,91,0.8072728630900383,0.1351086003502988,0.08418711677426473,0.3679430451904554,1.8266119303942767e-05,0.5777273158084454,0.6325871929926924,9.646215506451936,saves/unlearn/tofu/forget05/Llama-2-7b-chat-hf/SimNPO/lr2e-5_b16_mb8_ga2_a1.0_beta3.5_delta1_gamma0.25_e10/checkpoint-91,saves/unlearn/tofu/forget05/Llama-2-7b-chat-hf/SimNPO/lr2e-5_b16_mb8_ga2_a1.0_beta3.5_delta1_gamma0.25_e10/checkpoint-91/evals/TOFU_SUMMARY.json
lr2e-5_b16_mb8_ga2_a1.0_beta3.5_delta1_gamma0.25_e10,checkpoint-104,104,0.8060030061006546,0.13384333783503632,0.08144258460728451,0.3677523654853522,4.7487878961137165e-05,0.5759552461049178,0.6328520639064211,11.345768458247898,saves/unlearn/tofu/forget05/Llama-2-7b-chat-hf/SimNPO/lr2e-5_b16_mb8_ga2_a1.0_beta3.5_delta1_gamma0.25_e10/checkpoint-104,saves/unlearn/tofu/forget05/Llama-2-7b-chat-hf/SimNPO/lr2e-5_b16_mb8_ga2_a1.0_beta3.5_delta1_gamma0.25_e10/checkpoint-104/evals/TOFU_SUMMARY.json
lr2e-5_b16_mb8_ga2_a1.0_beta3.5_delta1_gamma0.25_e10,checkpoint-117,117,0.8057420971989632,0.1337540521207506,0.08127047914778814,0.36670207269932675,2.9607827368482373e-05,0.5756720999270736,0.6321865890933805,11.542315398251517,saves/unlearn/tofu/forget05/Llama-2-7b-chat-hf/SimNPO/lr2e-5_b16_mb8_ga2_a1.0_beta3.5_delta1_gamma0.25_e10/checkpoint-117,saves/unlearn/tofu/forget05/Llama-2-7b-chat-hf/SimNPO/lr2e-5_b16_mb8_ga2_a1.0_beta3.5_delta1_gamma0.25_e10/checkpoint-117/evals/TOFU_SUMMARY.json
lr2e-5_b16_mb8_ga2_a1.0_beta3.5_delta1_gamma0.25_e10,checkpoint-120,120,0.8061612614989281,0.1331056329170035,0.08120559389237314,0.36807281751734694,4.7487878961137165e-05,0.5761595596920998,0.6315470534456465,11.746570061392532,saves/unlearn/tofu/forget05/Llama-2-7b-chat-hf/SimNPO/lr2e-5_b16_mb8_ga2_a1.0_beta3.5_delta1_gamma0.25_e10/checkpoint-120,saves/unlearn/tofu/forget05/Llama-2-7b-chat-hf/SimNPO/lr2e-5_b16_mb8_ga2_a1.0_beta3.5_delta1_gamma0.25_e10/checkpoint-120/evals/TOFU_SUMMARY.json
lr2e-5_b16_mb8_ga2_a1.0_beta4.5_delta0_gamma0.125_e10,checkpoint-13,13,0.9891597858071327,0.8695133283018278,0.9504037654399872,0.8799727641004017,2.5656301025789152e-14,0.5031815357214388,0.6222537958965622,-99.94604592262276,saves/unlearn/tofu/forget05/Llama-2-7b-chat-hf/SimNPO/lr2e-5_b16_mb8_ga2_a1.0_beta4.5_delta0_gamma0.125_e10/checkpoint-13,saves/unlearn/tofu/forget05/Llama-2-7b-chat-hf/SimNPO/lr2e-5_b16_mb8_ga2_a1.0_beta4.5_delta0_gamma0.125_e10/checkpoint-13/evals/TOFU_SUMMARY.json
lr2e-5_b16_mb8_ga2_a1.0_beta4.5_delta0_gamma0.125_e10,checkpoint-26,26,0.9753485929965973,0.7056314242818165,0.8899564731121063,0.8143744110684946,1.108718722900174e-14,0.5149608302970655,0.6205258602155419,-99.76106056732525,saves/unlearn/tofu/forget05/Llama-2-7b-chat-hf/SimNPO/lr2e-5_b16_mb8_ga2_a1.0_beta4.5_delta0_gamma0.125_e10/checkpoint-26,saves/unlearn/tofu/forget05/Llama-2-7b-chat-hf/SimNPO/lr2e-5_b16_mb8_ga2_a1.0_beta4.5_delta0_gamma0.125_e10/checkpoint-26/evals/TOFU_SUMMARY.json
lr2e-5_b16_mb8_ga2_a1.0_beta4.5_delta0_gamma0.125_e10,checkpoint-39,39,0.9598381468653678,0.5811985188003026,0.7970739534497261,0.7145303139134129,6.540866008411473e-13,0.5218677811383785,0.6205211856485923,-99.06736548495955,saves/unlearn/tofu/forget05/Llama-2-7b-chat-hf/SimNPO/lr2e-5_b16_mb8_ga2_a1.0_beta4.5_delta0_gamma0.125_e10/checkpoint-39,saves/unlearn/tofu/forget05/Llama-2-7b-chat-hf/SimNPO/lr2e-5_b16_mb8_ga2_a1.0_beta4.5_delta0_gamma0.125_e10/checkpoint-39/evals/TOFU_SUMMARY.json
lr2e-5_b16_mb8_ga2_a1.0_beta4.5_delta0_gamma0.125_e10,checkpoint-52,52,0.9515571066737175,0.5202912309989888,0.7347496766597033,0.6868810017833773,1.4275699621532978e-12,0.5266409360188564,0.6139004585632118,-98.39293971043735,saves/unlearn/tofu/forget05/Llama-2-7b-chat-hf/SimNPO/lr2e-5_b16_mb8_ga2_a1.0_beta4.5_delta0_gamma0.125_e10/checkpoint-52,saves/unlearn/tofu/forget05/Llama-2-7b-chat-hf/SimNPO/lr2e-5_b16_mb8_ga2_a1.0_beta4.5_delta0_gamma0.125_e10/checkpoint-52/evals/TOFU_SUMMARY.json
lr2e-5_b16_mb8_ga2_a1.0_beta4.5_delta0_gamma0.125_e10,checkpoint-65,65,0.9454684227705001,0.46306681814638145,0.6924923466891051,0.6563796418205715,1.3850840057169374e-11,0.526859021797297,0.6128910927638308,-97.95359949160573,saves/unlearn/tofu/forget05/Llama-2-7b-chat-hf/SimNPO/lr2e-5_b16_mb8_ga2_a1.0_beta4.5_delta0_gamma0.125_e10/checkpoint-65,saves/unlearn/tofu/forget05/Llama-2-7b-chat-hf/SimNPO/lr2e-5_b16_mb8_ga2_a1.0_beta4.5_delta0_gamma0.125_e10/checkpoint-65/evals/TOFU_SUMMARY.json
lr2e-5_b16_mb8_ga2_a1.0_beta4.5_delta0_gamma0.125_e10,checkpoint-78,78,0.9398135671019554,0.41545258770952537,0.639867455586791,0.6399134214855566,1.2127544312107394e-10,0.5283226677567133,0.6099071893453653,-97.31771233277048,saves/unlearn/tofu/forget05/Llama-2-7b-chat-hf/SimNPO/lr2e-5_b16_mb8_ga2_a1.0_beta4.5_delta0_gamma0.125_e10/checkpoint-78,saves/unlearn/tofu/forget05/Llama-2-7b-chat-hf/SimNPO/lr2e-5_b16_mb8_ga2_a1.0_beta4.5_delta0_gamma0.125_e10/checkpoint-78/evals/TOFU_SUMMARY.json
lr2e-5_b16_mb8_ga2_a1.0_beta4.5_delta0_gamma0.125_e10,checkpoint-91,91,0.9354451417922973,0.3901072505844423,0.6122649163007736,0.6324421049144532,1.2127544312107394e-10,0.5292398441970417,0.6092616019399696,-96.89378756021368,saves/unlearn/tofu/forget05/Llama-2-7b-chat-hf/SimNPO/lr2e-5_b16_mb8_ga2_a1.0_beta4.5_delta0_gamma0.125_e10/checkpoint-91,saves/unlearn/tofu/forget05/Llama-2-7b-chat-hf/SimNPO/lr2e-5_b16_mb8_ga2_a1.0_beta4.5_delta0_gamma0.125_e10/checkpoint-91/evals/TOFU_SUMMARY.json
lr2e-5_b16_mb8_ga2_a1.0_beta4.5_delta0_gamma0.125_e10,checkpoint-104,104,0.9341450411081315,0.3876207886216083,0.5981313990801573,0.6271732891048638,1.2127544312107394e-10,0.5293404857056933,0.6092643894211514,-96.70494834334747,saves/unlearn/tofu/forget05/Llama-2-7b-chat-hf/SimNPO/lr2e-5_b16_mb8_ga2_a1.0_beta4.5_delta0_gamma0.125_e10/checkpoint-104,saves/unlearn/tofu/forget05/Llama-2-7b-chat-hf/SimNPO/lr2e-5_b16_mb8_ga2_a1.0_beta4.5_delta0_gamma0.125_e10/checkpoint-104/evals/TOFU_SUMMARY.json
lr2e-5_b16_mb8_ga2_a1.0_beta4.5_delta0_gamma0.125_e10,checkpoint-117,117,0.933564418554306,0.38808953862160833,0.5953131128847599,0.6299565421706029,1.2127544312107394e-10,0.5293560634200568,0.6090042207545914,-96.72036378962225,saves/unlearn/tofu/forget05/Llama-2-7b-chat-hf/SimNPO/lr2e-5_b16_mb8_ga2_a1.0_beta4.5_delta0_gamma0.125_e10/checkpoint-117,saves/unlearn/tofu/forget05/Llama-2-7b-chat-hf/SimNPO/lr2e-5_b16_mb8_ga2_a1.0_beta4.5_delta0_gamma0.125_e10/checkpoint-117/evals/TOFU_SUMMARY.json
lr2e-5_b16_mb8_ga2_a1.0_beta4.5_delta0_gamma0.125_e10,checkpoint-120,120,0.9329384675621987,0.38406754788086755,0.5953764913976193,0.6280644453978002,2.44374577116149e-10,0.5291532391509043,0.6089785360400732,-96.647140419817,saves/unlearn/tofu/forget05/Llama-2-7b-chat-hf/SimNPO/lr2e-5_b16_mb8_ga2_a1.0_beta4.5_delta0_gamma0.125_e10/checkpoint-120,saves/unlearn/tofu/forget05/Llama-2-7b-chat-hf/SimNPO/lr2e-5_b16_mb8_ga2_a1.0_beta4.5_delta0_gamma0.125_e10/checkpoint-120/evals/TOFU_SUMMARY.json
lr2e-5_b16_mb8_ga2_a1.0_beta4.5_delta0_gamma0.25_e10,checkpoint-13,13,0.9843781688809394,0.8201683182955207,0.9288463206589221,0.8394894979462222,2.5656301025789152e-14,0.5047300717278808,0.6252449465494413,-99.8651148296801,saves/unlearn/tofu/forget05/Llama-2-7b-chat-hf/SimNPO/lr2e-5_b16_mb8_ga2_a1.0_beta4.5_delta0_gamma0.25_e10/checkpoint-13,saves/unlearn/tofu/forget05/Llama-2-7b-chat-hf/SimNPO/lr2e-5_b16_mb8_ga2_a1.0_beta4.5_delta0_gamma0.25_e10/checkpoint-13/evals/TOFU_SUMMARY.json
lr2e-5_b16_mb8_ga2_a1.0_beta4.5_delta0_gamma0.25_e10,checkpoint-26,26,0.9558645695447922,0.5630983334298313,0.7835061247646808,0.6927644830899411,6.540866008411473e-13,0.5181319239163023,0.6157107914924386,-98.67812546652102,saves/unlearn/tofu/forget05/Llama-2-7b-chat-hf/SimNPO/lr2e-5_b16_mb8_ga2_a1.0_beta4.5_delta0_gamma0.25_e10/checkpoint-26,saves/unlearn/tofu/forget05/Llama-2-7b-chat-hf/SimNPO/lr2e-5_b16_mb8_ga2_a1.0_beta4.5_delta0_gamma0.25_e10/checkpoint-26/evals/TOFU_SUMMARY.json
lr2e-5_b16_mb8_ga2_a1.0_beta4.5_delta0_gamma0.25_e10,checkpoint-39,39,0.9251600652933121,0.37574817151426915,0.6027747977524995,0.5813238338564692,1.8694649189611297e-09,0.5393320649142229,0.6188440845849189,-95.17496530057423,saves/unlearn/tofu/forget05/Llama-2-7b-chat-hf/SimNPO/lr2e-5_b16_mb8_ga2_a1.0_beta4.5_delta0_gamma0.25_e10/checkpoint-39,saves/unlearn/tofu/forget05/Llama-2-7b-chat-hf/SimNPO/lr2e-5_b16_mb8_ga2_a1.0_beta4.5_delta0_gamma0.25_e10/checkpoint-39/evals/TOFU_SUMMARY.json
lr2e-5_b16_mb8_ga2_a1.0_beta4.5_delta0_gamma0.25_e10,checkpoint-52,52,0.9106939515471458,0.3139837634324056,0.5107454403489828,0.5612618233521409,1.8694649189611297e-09,0.5489873187405344,0.6159282159798196,-91.93772158286764,saves/unlearn/tofu/forget05/Llama-2-7b-chat-hf/SimNPO/lr2e-5_b16_mb8_ga2_a1.0_beta4.5_delta0_gamma0.25_e10/checkpoint-52,saves/unlearn/tofu/forget05/Llama-2-7b-chat-hf/SimNPO/lr2e-5_b16_mb8_ga2_a1.0_beta4.5_delta0_gamma0.25_e10/checkpoint-52/evals/TOFU_SUMMARY.json
lr2e-5_b16_mb8_ga2_a1.0_beta4.5_delta0_gamma0.25_e10,checkpoint-65,65,0.9028467842936516,0.2850669671316339,0.4475288757681847,0.5447237050965148,2.4125498977354686e-08,0.5514501615766914,0.6147261512672775,-89.2284569000727,saves/unlearn/tofu/forget05/Llama-2-7b-chat-hf/SimNPO/lr2e-5_b16_mb8_ga2_a1.0_beta4.5_delta0_gamma0.25_e10/checkpoint-65,saves/unlearn/tofu/forget05/Llama-2-7b-chat-hf/SimNPO/lr2e-5_b16_mb8_ga2_a1.0_beta4.5_delta0_gamma0.25_e10/checkpoint-65/evals/TOFU_SUMMARY.json
lr2e-5_b16_mb8_ga2_a1.0_beta4.5_delta0_gamma0.25_e10,checkpoint-78,78,0.8994148945808411,0.2693784745125458,0.4102360981330275,0.5443924373692497,2.4125498977354686e-08,0.5529203540658088,0.6113410939238986,-87.62525048749417,saves/unlearn/tofu/forget05/Llama-2-7b-chat-hf/SimNPO/lr2e-5_b16_mb8_ga2_a1.0_beta4.5_delta0_gamma0.25_e10/checkpoint-78,saves/unlearn/tofu/forget05/Llama-2-7b-chat-hf/SimNPO/lr2e-5_b16_mb8_ga2_a1.0_beta4.5_delta0_gamma0.25_e10/checkpoint-78/evals/TOFU_SUMMARY.json
lr2e-5_b16_mb8_ga2_a1.0_beta4.5_delta0_gamma0.25_e10,checkpoint-91,91,0.8956849083304406,0.2613463272832741,0.3968044435977936,0.5364053202068612,8.114129962716335e-08,0.5540813232182756,0.6116909412861494,-86.92770154355976,saves/unlearn/tofu/forget05/Llama-2-7b-chat-hf/SimNPO/lr2e-5_b16_mb8_ga2_a1.0_beta4.5_delta0_gamma0.25_e10/checkpoint-91,saves/unlearn/tofu/forget05/Llama-2-7b-chat-hf/SimNPO/lr2e-5_b16_mb8_ga2_a1.0_beta4.5_delta0_gamma0.25_e10/checkpoint-91/evals/TOFU_SUMMARY.json
lr2e-5_b16_mb8_ga2_a1.0_beta4.5_delta0_gamma0.25_e10,checkpoint-104,104,0.8951972678303719,0.2518481425483873,0.39022411182522776,0.532617366941679,4.448673570292354e-08,0.5542348884947615,0.6125991811466642,-86.52304607884645,saves/unlearn/tofu/forget05/Llama-2-7b-chat-hf/SimNPO/lr2e-5_b16_mb8_ga2_a1.0_beta4.5_delta0_gamma0.25_e10/checkpoint-104,saves/unlearn/tofu/forget05/Llama-2-7b-chat-hf/SimNPO/lr2e-5_b16_mb8_ga2_a1.0_beta4.5_delta0_gamma0.25_e10/checkpoint-104/evals/TOFU_SUMMARY.json
lr2e-5_b16_mb8_ga2_a1.0_beta4.5_delta0_gamma0.25_e10,checkpoint-117,117,0.8948716405034065,0.251577872278117,0.3884103450924158,0.5318552455783939,4.448673570292354e-08,0.5545771193708974,0.6121594032751608,-86.51148449414036,saves/unlearn/tofu/forget05/Llama-2-7b-chat-hf/SimNPO/lr2e-5_b16_mb8_ga2_a1.0_beta4.5_delta0_gamma0.25_e10/checkpoint-117,saves/unlearn/tofu/forget05/Llama-2-7b-chat-hf/SimNPO/lr2e-5_b16_mb8_ga2_a1.0_beta4.5_delta0_gamma0.25_e10/checkpoint-117/evals/TOFU_SUMMARY.json
lr2e-5_b16_mb8_ga2_a1.0_beta4.5_delta0_gamma0.25_e10,checkpoint-120,120,0.8954633519053459,0.2540630104691715,0.3882110936939716,0.5306988067889014,4.448673570292354e-08,0.554497435862646,0.6131471905339668,-86.39586864707942,saves/unlearn/tofu/forget05/Llama-2-7b-chat-hf/SimNPO/lr2e-5_b16_mb8_ga2_a1.0_beta4.5_delta0_gamma0.25_e10/checkpoint-120,saves/unlearn/tofu/forget05/Llama-2-7b-chat-hf/SimNPO/lr2e-5_b16_mb8_ga2_a1.0_beta4.5_delta0_gamma0.25_e10/checkpoint-120/evals/TOFU_SUMMARY.json
lr2e-5_b16_mb8_ga2_a1.0_beta4.5_delta1_gamma0.125_e10,checkpoint-13,13,0.9836591970920563,0.8143028667557101,0.9267505842447281,0.8430096265491058,2.5656301025789152e-14,0.5044826512804421,0.6255339659210217,-99.82657621399312,saves/unlearn/tofu/forget05/Llama-2-7b-chat-hf/SimNPO/lr2e-5_b16_mb8_ga2_a1.0_beta4.5_delta1_gamma0.125_e10/checkpoint-13,saves/unlearn/tofu/forget05/Llama-2-7b-chat-hf/SimNPO/lr2e-5_b16_mb8_ga2_a1.0_beta4.5_delta1_gamma0.125_e10/checkpoint-13/evals/TOFU_SUMMARY.json
lr2e-5_b16_mb8_ga2_a1.0_beta4.5_delta1_gamma0.125_e10,checkpoint-26,26,0.9417867708206177,0.4781418940461565,0.705699361525476,0.644632236930737,6.5689645859369454e-12,0.523265393401247,0.6124555337127848,-95.79543701313467,saves/unlearn/tofu/forget05/Llama-2-7b-chat-hf/SimNPO/lr2e-5_b16_mb8_ga2_a1.0_beta4.5_delta1_gamma0.125_e10/checkpoint-26,saves/unlearn/tofu/forget05/Llama-2-7b-chat-hf/SimNPO/lr2e-5_b16_mb8_ga2_a1.0_beta4.5_delta1_gamma0.125_e10/checkpoint-26/evals/TOFU_SUMMARY.json
lr2e-5_b16_mb8_ga2_a1.0_beta4.5_delta1_gamma0.125_e10,checkpoint-39,39,0.8868455219268799,0.28558433502267627,0.41684211358428,0.5039297229994639,1.4639479233432268e-07,0.5441913525681589,0.6139200079343405,-79.95221210421577,saves/unlearn/tofu/forget05/Llama-2-7b-chat-hf/SimNPO/lr2e-5_b16_mb8_ga2_a1.0_beta4.5_delta1_gamma0.125_e10/checkpoint-39,saves/unlearn/tofu/forget05/Llama-2-7b-chat-hf/SimNPO/lr2e-5_b16_mb8_ga2_a1.0_beta4.5_delta1_gamma0.125_e10/checkpoint-39/evals/TOFU_SUMMARY.json
lr2e-5_b16_mb8_ga2_a1.0_beta4.5_delta1_gamma0.125_e10,checkpoint-52,52,0.8720369535684586,0.22278302345384227,0.28969046416692434,0.5005440336279956,4.6128382074998843e-07,0.5575380423580178,0.6192423507662516,-63.33821488155723,saves/unlearn/tofu/forget05/Llama-2-7b-chat-hf/SimNPO/lr2e-5_b16_mb8_ga2_a1.0_beta4.5_delta1_gamma0.125_e10/checkpoint-52,saves/unlearn/tofu/forget05/Llama-2-7b-chat-hf/SimNPO/lr2e-5_b16_mb8_ga2_a1.0_beta4.5_delta1_gamma0.125_e10/checkpoint-52/evals/TOFU_SUMMARY.json
lr2e-5_b16_mb8_ga2_a1.0_beta4.5_delta1_gamma0.125_e10,checkpoint-65,65,0.8533535897731781,0.18514210827216943,0.20680303389206528,0.45549185922224855,4.024806511439489e-06,0.5608796779539296,0.6170135828090378,-46.4660089337959,saves/unlearn/tofu/forget05/Llama-2-7b-chat-hf/SimNPO/lr2e-5_b16_mb8_ga2_a1.0_beta4.5_delta1_gamma0.125_e10/checkpoint-65,saves/unlearn/tofu/forget05/Llama-2-7b-chat-hf/SimNPO/lr2e-5_b16_mb8_ga2_a1.0_beta4.5_delta1_gamma0.125_e10/checkpoint-65/evals/TOFU_SUMMARY.json
lr2e-5_b16_mb8_ga2_a1.0_beta4.5_delta1_gamma0.125_e10,checkpoint-78,78,0.84383052110672,0.1640994613402954,0.1643210593983531,0.4360345679008672,6.734842895808746e-06,0.5629635708249289,0.6156366906077861,-37.205179584213795,saves/unlearn/tofu/forget05/Llama-2-7b-chat-hf/SimNPO/lr2e-5_b16_mb8_ga2_a1.0_beta4.5_delta1_gamma0.125_e10/checkpoint-78,saves/unlearn/tofu/forget05/Llama-2-7b-chat-hf/SimNPO/lr2e-5_b16_mb8_ga2_a1.0_beta4.5_delta1_gamma0.125_e10/checkpoint-78/evals/TOFU_SUMMARY.json
lr2e-5_b16_mb8_ga2_a1.0_beta4.5_delta1_gamma0.125_e10,checkpoint-91,91,0.8437920302152634,0.1608642437899183,0.1493820292316377,0.4397161891564616,6.734842895808746e-06,0.5661464696045111,0.6169528442471891,-33.77138892650356,saves/unlearn/tofu/forget05/Llama-2-7b-chat-hf/SimNPO/lr2e-5_b16_mb8_ga2_a1.0_beta4.5_delta1_gamma0.125_e10/checkpoint-91,saves/unlearn/tofu/forget05/Llama-2-7b-chat-hf/SimNPO/lr2e-5_b16_mb8_ga2_a1.0_beta4.5_delta1_gamma0.125_e10/checkpoint-91/evals/TOFU_SUMMARY.json
lr2e-5_b16_mb8_ga2_a1.0_beta4.5_delta1_gamma0.125_e10,checkpoint-104,104,0.843191100358963,0.16340813874253535,0.1438249683845788,0.43021997944350326,1.1150402145378719e-05,0.5643568974493923,0.6179243887223471,-32.34546014608518,saves/unlearn/tofu/forget05/Llama-2-7b-chat-hf/SimNPO/lr2e-5_b16_mb8_ga2_a1.0_beta4.5_delta1_gamma0.125_e10/checkpoint-104,saves/unlearn/tofu/forget05/Llama-2-7b-chat-hf/SimNPO/lr2e-5_b16_mb8_ga2_a1.0_beta4.5_delta1_gamma0.125_e10/checkpoint-104/evals/TOFU_SUMMARY.json
lr2e-5_b16_mb8_ga2_a1.0_beta4.5_delta1_gamma0.125_e10,checkpoint-117,117,0.8429354819655418,0.16340813874253535,0.1425872691394761,0.43317024977913576,1.8266119303942767e-05,0.5658781425077362,0.6172398522950416,-31.96007398921534,saves/unlearn/tofu/forget05/Llama-2-7b-chat-hf/SimNPO/lr2e-5_b16_mb8_ga2_a1.0_beta4.5_delta1_gamma0.125_e10/checkpoint-117,saves/unlearn/tofu/forget05/Llama-2-7b-chat-hf/SimNPO/lr2e-5_b16_mb8_ga2_a1.0_beta4.5_delta1_gamma0.125_e10/checkpoint-117/evals/TOFU_SUMMARY.json
lr2e-5_b16_mb8_ga2_a1.0_beta4.5_delta1_gamma0.125_e10,checkpoint-120,120,0.8425668957829475,0.16340813874253535,0.14283817140385507,0.4332568957575001,1.8266119303942767e-05,0.5653327694779334,0.6181895329125032,-32.125790036669386,saves/unlearn/tofu/forget05/Llama-2-7b-chat-hf/SimNPO/lr2e-5_b16_mb8_ga2_a1.0_beta4.5_delta1_gamma0.125_e10/checkpoint-120,saves/unlearn/tofu/forget05/Llama-2-7b-chat-hf/SimNPO/lr2e-5_b16_mb8_ga2_a1.0_beta4.5_delta1_gamma0.125_e10/checkpoint-120/evals/TOFU_SUMMARY.json
lr2e-5_b16_mb8_ga2_a1.0_beta4.5_delta1_gamma0.25_e10,checkpoint-13,13,0.9780582848191262,0.7615715949527017,0.8992910715937614,0.7950823049903067,1.3261055712130201e-13,0.5098491523057409,0.6285509821197153,-99.70710650536347,saves/unlearn/tofu/forget05/Llama-2-7b-chat-hf/SimNPO/lr2e-5_b16_mb8_ga2_a1.0_beta4.5_delta1_gamma0.25_e10/checkpoint-13,saves/unlearn/tofu/forget05/Llama-2-7b-chat-hf/SimNPO/lr2e-5_b16_mb8_ga2_a1.0_beta4.5_delta1_gamma0.25_e10/checkpoint-13/evals/TOFU_SUMMARY.json
lr2e-5_b16_mb8_ga2_a1.0_beta4.5_delta1_gamma0.25_e10,checkpoint-26,26,0.8763493952155114,0.26819363259951295,0.42107171428389845,0.4556961400015689,1.2940880677508261e-08,0.5358023359868486,0.5968372599039496,-85.23971017646991,saves/unlearn/tofu/forget05/Llama-2-7b-chat-hf/SimNPO/lr2e-5_b16_mb8_ga2_a1.0_beta4.5_delta1_gamma0.25_e10/checkpoint-26,saves/unlearn/tofu/forget05/Llama-2-7b-chat-hf/SimNPO/lr2e-5_b16_mb8_ga2_a1.0_beta4.5_delta1_gamma0.25_e10/checkpoint-26/evals/TOFU_SUMMARY.json
lr2e-5_b16_mb8_ga2_a1.0_beta4.5_delta1_gamma0.25_e10,checkpoint-39,39,0.8459355953335762,0.19176192951339657,0.230831701438874,0.41944494775608354,2.6127403909667314e-07,0.5614750210587492,0.6185684528652138,-60.22814859561768,saves/unlearn/tofu/forget05/Llama-2-7b-chat-hf/SimNPO/lr2e-5_b16_mb8_ga2_a1.0_beta4.5_delta1_gamma0.25_e10/checkpoint-39,saves/unlearn/tofu/forget05/Llama-2-7b-chat-hf/SimNPO/lr2e-5_b16_mb8_ga2_a1.0_beta4.5_delta1_gamma0.25_e10/checkpoint-39/evals/TOFU_SUMMARY.json
lr2e-5_b16_mb8_ga2_a1.0_beta4.5_delta1_gamma0.25_e10,checkpoint-52,52,0.8240456509590149,0.15852530703543358,0.14237765790894627,0.3843711298088673,1.8266119303942767e-05,0.5794967157494582,0.6295870232520574,-31.60551872489509,saves/unlearn/tofu/forget05/Llama-2-7b-chat-hf/SimNPO/lr2e-5_b16_mb8_ga2_a1.0_beta4.5_delta1_gamma0.25_e10/checkpoint-52,saves/unlearn/tofu/forget05/Llama-2-7b-chat-hf/SimNPO/lr2e-5_b16_mb8_ga2_a1.0_beta4.5_delta1_gamma0.25_e10/checkpoint-52/evals/TOFU_SUMMARY.json
lr2e-5_b16_mb8_ga2_a1.0_beta4.5_delta1_gamma0.25_e10,checkpoint-65,65,0.8198420646786689,0.15043344053647306,0.11615755122620612,0.3825159208495624,4.7487878961137165e-05,0.582815734410073,0.6314475957667542,-14.964544471255662,saves/unlearn/tofu/forget05/Llama-2-7b-chat-hf/SimNPO/lr2e-5_b16_mb8_ga2_a1.0_beta4.5_delta1_gamma0.25_e10/checkpoint-65,saves/unlearn/tofu/forget05/Llama-2-7b-chat-hf/SimNPO/lr2e-5_b16_mb8_ga2_a1.0_beta4.5_delta1_gamma0.25_e10/checkpoint-65/evals/TOFU_SUMMARY.json
lr2e-5_b16_mb8_ga2_a1.0_beta4.5_delta1_gamma0.25_e10,checkpoint-78,78,0.8164308273792267,0.1443244001897278,0.1065756653668359,0.3916000297977936,1.1150402145378719e-05,0.5853482099591875,0.6314727939877445,-8.77524279192614,saves/unlearn/tofu/forget05/Llama-2-7b-chat-hf/SimNPO/lr2e-5_b16_mb8_ga2_a1.0_beta4.5_delta1_gamma0.25_e10/checkpoint-78,saves/unlearn/tofu/forget05/Llama-2-7b-chat-hf/SimNPO/lr2e-5_b16_mb8_ga2_a1.0_beta4.5_delta1_gamma0.25_e10/checkpoint-78/evals/TOFU_SUMMARY.json
lr2e-5_b16_mb8_ga2_a1.0_beta4.5_delta1_gamma0.25_e10,checkpoint-91,91,0.8157666429877282,0.14369148778563573,0.10448919903952629,0.3878154991227897,4.7487878961137165e-05,0.5875521927988536,0.6305172321464274,-7.118082317385848,saves/unlearn/tofu/forget05/Llama-2-7b-chat-hf/SimNPO/lr2e-5_b16_mb8_ga2_a1.0_beta4.5_delta1_gamma0.25_e10/checkpoint-91,saves/unlearn/tofu/forget05/Llama-2-7b-chat-hf/SimNPO/lr2e-5_b16_mb8_ga2_a1.0_beta4.5_delta1_gamma0.25_e10/checkpoint-91/evals/TOFU_SUMMARY.json
lr2e-5_b16_mb8_ga2_a1.0_beta4.5_delta1_gamma0.25_e10,checkpoint-104,104,0.8139118960499764,0.14337898778563574,0.10181636119261384,0.3899007528094035,7.536785951251345e-05,0.5853197588143674,0.6311116216981503,-5.522583627944739,saves/unlearn/tofu/forget05/Llama-2-7b-chat-hf/SimNPO/lr2e-5_b16_mb8_ga2_a1.0_beta4.5_delta1_gamma0.25_e10/checkpoint-104,saves/unlearn/tofu/forget05/Llama-2-7b-chat-hf/SimNPO/lr2e-5_b16_mb8_ga2_a1.0_beta4.5_delta1_gamma0.25_e10/checkpoint-104/evals/TOFU_SUMMARY.json
lr2e-5_b16_mb8_ga2_a1.0_beta4.5_delta1_gamma0.25_e10,checkpoint-117,117,0.814756726026535,0.14471254909683165,0.10127278711646795,0.3865520157847034,0.0001183661896190048,0.58527009217302,0.6310354308319767,-5.268228764410642,saves/unlearn/tofu/forget05/Llama-2-7b-chat-hf/SimNPO/lr2e-5_b16_mb8_ga2_a1.0_beta4.5_delta1_gamma0.25_e10/checkpoint-117,saves/unlearn/tofu/forget05/Llama-2-7b-chat-hf/SimNPO/lr2e-5_b16_mb8_ga2_a1.0_beta4.5_delta1_gamma0.25_e10/checkpoint-117/evals/TOFU_SUMMARY.json
lr2e-5_b16_mb8_ga2_a1.0_beta4.5_delta1_gamma0.25_e10,checkpoint-120,120,0.8142715644836426,0.14419511097404153,0.1012467272207141,0.3851347579966047,7.536785951251345e-05,0.5850688970071188,0.6317019919852596,-5.202713117742769,saves/unlearn/tofu/forget05/Llama-2-7b-chat-hf/SimNPO/lr2e-5_b16_mb8_ga2_a1.0_beta4.5_delta1_gamma0.25_e10/checkpoint-120,saves/unlearn/tofu/forget05/Llama-2-7b-chat-hf/SimNPO/lr2e-5_b16_mb8_ga2_a1.0_beta4.5_delta1_gamma0.25_e10/checkpoint-120/evals/TOFU_SUMMARY.json
lr2e-5_b32_mb8_ga4_a1.0_beta3.5_delta0_gamma0.125_e10,checkpoint-7,7,0.9898708599805832,0.8746865570571276,0.9592000120878219,0.8954461031566778,5.86730162802883e-14,0.5031035618126879,0.6226365239601017,-99.98073067674106,saves/unlearn/tofu/forget05/Llama-2-7b-chat-hf/SimNPO/lr2e-5_b32_mb8_ga4_a1.0_beta3.5_delta0_gamma0.125_e10/checkpoint-7,saves/unlearn/tofu/forget05/Llama-2-7b-chat-hf/SimNPO/lr2e-5_b32_mb8_ga4_a1.0_beta3.5_delta0_gamma0.125_e10/checkpoint-7/evals/TOFU_SUMMARY.json
lr2e-5_b32_mb8_ga4_a1.0_beta3.5_delta0_gamma0.125_e10,checkpoint-14,14,0.9765359193086625,0.7297764703914646,0.9059221312403679,0.8277201054250694,1.108718722900174e-14,0.5106142418395828,0.6199308199747413,-99.85740710654271,saves/unlearn/tofu/forget05/Llama-2-7b-chat-hf/SimNPO/lr2e-5_b32_mb8_ga4_a1.0_beta3.5_delta0_gamma0.125_e10/checkpoint-14,saves/unlearn/tofu/forget05/Llama-2-7b-chat-hf/SimNPO/lr2e-5_b32_mb8_ga4_a1.0_beta3.5_delta0_gamma0.125_e10/checkpoint-14/evals/TOFU_SUMMARY.json
lr2e-5_b32_mb8_ga4_a1.0_beta3.5_delta0_gamma0.125_e10,checkpoint-21,21,0.9707299971580505,0.6935298382356515,0.8537177388370037,0.7708174534271123,2.5656301025789152e-14,0.5167808410212335,0.6181726260676438,-99.52597501163467,saves/unlearn/tofu/forget05/Llama-2-7b-chat-hf/SimNPO/lr2e-5_b32_mb8_ga4_a1.0_beta3.5_delta0_gamma0.125_e10/checkpoint-21,saves/unlearn/tofu/forget05/Llama-2-7b-chat-hf/SimNPO/lr2e-5_b32_mb8_ga4_a1.0_beta3.5_delta0_gamma0.125_e10/checkpoint-21/evals/TOFU_SUMMARY.json
lr2e-5_b32_mb8_ga4_a1.0_beta3.5_delta0_gamma0.125_e10,checkpoint-28,28,0.9627451288700104,0.6096894398241757,0.7980967286229134,0.7399544815937062,1.3261055712130201e-13,0.5187616074053205,0.6144040122483808,-98.92862646848641,saves/unlearn/tofu/forget05/Llama-2-7b-chat-hf/SimNPO/lr2e-5_b32_mb8_ga4_a1.0_beta3.5_delta0_gamma0.125_e10/checkpoint-28,saves/unlearn/tofu/forget05/Llama-2-7b-chat-hf/SimNPO/lr2e-5_b32_mb8_ga4_a1.0_beta3.5_delta0_gamma0.125_e10/checkpoint-28/evals/TOFU_SUMMARY.json
lr2e-5_b32_mb8_ga4_a1.0_beta3.5_delta0_gamma0.125_e10,checkpoint-35,35,0.9571700000762939,0.544743369016902,0.7552522258460521,0.7250510366626436,6.540866008411473e-13,0.519129896766047,0.6125615117258291,-98.41220901828083,saves/unlearn/tofu/forget05/Llama-2-7b-chat-hf/SimNPO/lr2e-5_b32_mb8_ga4_a1.0_beta3.5_delta0_gamma0.125_e10/checkpoint-35,saves/unlearn/tofu/forget05/Llama-2-7b-chat-hf/SimNPO/lr2e-5_b32_mb8_ga4_a1.0_beta3.5_delta0_gamma0.125_e10/checkpoint-35/evals/TOFU_SUMMARY.json
lr2e-5_b32_mb8_ga4_a1.0_beta3.5_delta0_gamma0.125_e10,checkpoint-42,42,0.9528648760914803,0.5144975412477346,0.7231669509410859,0.7070309614524161,1.4275699621532978e-12,0.5190073050399004,0.6112160508116794,-98.0576537539606,saves/unlearn/tofu/forget05/Llama-2-7b-chat-hf/SimNPO/lr2e-5_b32_mb8_ga4_a1.0_beta3.5_delta0_gamma0.125_e10/checkpoint-42,saves/unlearn/tofu/forget05/Llama-2-7b-chat-hf/SimNPO/lr2e-5_b32_mb8_ga4_a1.0_beta3.5_delta0_gamma0.125_e10/checkpoint-42/evals/TOFU_SUMMARY.json
lr2e-5_b32_mb8_ga4_a1.0_beta3.5_delta0_gamma0.125_e10,checkpoint-49,49,0.9505322682857513,0.49946102888936617,0.7083870776742697,0.7038292466208367,6.540866008411473e-13,0.5198132698961824,0.6097772367464622,-97.8071527519952,saves/unlearn/tofu/forget05/Llama-2-7b-chat-hf/SimNPO/lr2e-5_b32_mb8_ga4_a1.0_beta3.5_delta0_gamma0.125_e10/checkpoint-49,saves/unlearn/tofu/forget05/Llama-2-7b-chat-hf/SimNPO/lr2e-5_b32_mb8_ga4_a1.0_beta3.5_delta0_gamma0.125_e10/checkpoint-49/evals/TOFU_SUMMARY.json
lr2e-5_b32_mb8_ga4_a1.0_beta3.5_delta0_gamma0.125_e10,checkpoint-56,56,0.9498528125882149,0.4958915844449217,0.7029218507558107,0.6988815255110492,6.540866008411473e-13,0.5194498036510713,0.6104391388738379,-97.75319869003341,saves/unlearn/tofu/forget05/Llama-2-7b-chat-hf/SimNPO/lr2e-5_b32_mb8_ga4_a1.0_beta3.5_delta0_gamma0.125_e10/checkpoint-56,saves/unlearn/tofu/forget05/Llama-2-7b-chat-hf/SimNPO/lr2e-5_b32_mb8_ga4_a1.0_beta3.5_delta0_gamma0.125_e10/checkpoint-56/evals/TOFU_SUMMARY.json
lr2e-5_b32_mb8_ga4_a1.0_beta3.5_delta0_gamma0.125_e10,checkpoint-60,60,0.9496222427487373,0.4940615190854446,0.7024669444561005,0.7041941840415069,6.540866008411473e-13,0.5196439892025362,0.6104982835723866,-97.74934482846473,saves/unlearn/tofu/forget05/Llama-2-7b-chat-hf/SimNPO/lr2e-5_b32_mb8_ga4_a1.0_beta3.5_delta0_gamma0.125_e10/checkpoint-60,saves/unlearn/tofu/forget05/Llama-2-7b-chat-hf/SimNPO/lr2e-5_b32_mb8_ga4_a1.0_beta3.5_delta0_gamma0.125_e10/checkpoint-60/evals/TOFU_SUMMARY.json
lr2e-5_b32_mb8_ga4_a1.0_beta3.5_delta0_gamma0.25_e10,checkpoint-7,7,0.9846930927038193,0.82710316910235,0.9392228515446186,0.8581805203312866,2.5656301025789152e-14,0.5045251528198489,0.6234961977262687,-99.91521503007318,saves/unlearn/tofu/forget05/Llama-2-7b-chat-hf/SimNPO/lr2e-5_b32_mb8_ga4_a1.0_beta3.5_delta0_gamma0.25_e10/checkpoint-7,saves/unlearn/tofu/forget05/Llama-2-7b-chat-hf/SimNPO/lr2e-5_b32_mb8_ga4_a1.0_beta3.5_delta0_gamma0.25_e10/checkpoint-7/evals/TOFU_SUMMARY.json
lr2e-5_b32_mb8_ga4_a1.0_beta3.5_delta0_gamma0.25_e10,checkpoint-14,14,0.960741955935955,0.5948318784511123,0.800557157471776,0.7368858512262603,5.86730162802883e-14,0.5134587504191709,0.6190952136554648,-98.9478957763299,saves/unlearn/tofu/forget05/Llama-2-7b-chat-hf/SimNPO/lr2e-5_b32_mb8_ga4_a1.0_beta3.5_delta0_gamma0.25_e10/checkpoint-14,saves/unlearn/tofu/forget05/Llama-2-7b-chat-hf/SimNPO/lr2e-5_b32_mb8_ga4_a1.0_beta3.5_delta0_gamma0.25_e10/checkpoint-14/evals/TOFU_SUMMARY.json
lr2e-5_b32_mb8_ga4_a1.0_beta3.5_delta0_gamma0.25_e10,checkpoint-21,21,0.9404139363765717,0.44566516914882365,0.6846755671873689,0.655756736555101,6.540866008411473e-13,0.5275035909189572,0.6195506603660184,-97.07877291551121,saves/unlearn/tofu/forget05/Llama-2-7b-chat-hf/SimNPO/lr2e-5_b32_mb8_ga4_a1.0_beta3.5_delta0_gamma0.25_e10/checkpoint-21,saves/unlearn/tofu/forget05/Llama-2-7b-chat-hf/SimNPO/lr2e-5_b32_mb8_ga4_a1.0_beta3.5_delta0_gamma0.25_e10/checkpoint-21/evals/TOFU_SUMMARY.json
lr2e-5_b32_mb8_ga4_a1.0_beta3.5_delta0_gamma0.25_e10,checkpoint-28,28,0.9270048081874848,0.3799601974069279,0.5842736633494496,0.6217702706005058,1.2127544312107394e-10,0.5327584738381032,0.6155177734189795,-94.69323260448694,saves/unlearn/tofu/forget05/Llama-2-7b-chat-hf/SimNPO/lr2e-5_b32_mb8_ga4_a1.0_beta3.5_delta0_gamma0.25_e10/checkpoint-28,saves/unlearn/tofu/forget05/Llama-2-7b-chat-hf/SimNPO/lr2e-5_b32_mb8_ga4_a1.0_beta3.5_delta0_gamma0.25_e10/checkpoint-28/evals/TOFU_SUMMARY.json
lr2e-5_b32_mb8_ga4_a1.0_beta3.5_delta0_gamma0.25_e10,checkpoint-35,35,0.9165308582782745,0.33259731333425335,0.5159135783463716,0.5713223470736755,9.594235055800515e-10,0.5363161207989728,0.6134527122923656,-92.6391243883707,saves/unlearn/tofu/forget05/Llama-2-7b-chat-hf/SimNPO/lr2e-5_b32_mb8_ga4_a1.0_beta3.5_delta0_gamma0.25_e10/checkpoint-35,saves/unlearn/tofu/forget05/Llama-2-7b-chat-hf/SimNPO/lr2e-5_b32_mb8_ga4_a1.0_beta3.5_delta0_gamma0.25_e10/checkpoint-35/evals/TOFU_SUMMARY.json
lr2e-5_b32_mb8_ga4_a1.0_beta3.5_delta0_gamma0.25_e10,checkpoint-42,42,0.9098696365952492,0.3071676181174867,0.4688521394878626,0.5550296732150024,3.602472544567432e-09,0.5376800272571483,0.6139681770737159,-90.97811005226175,saves/unlearn/tofu/forget05/Llama-2-7b-chat-hf/SimNPO/lr2e-5_b32_mb8_ga4_a1.0_beta3.5_delta0_gamma0.25_e10/checkpoint-42,saves/unlearn/tofu/forget05/Llama-2-7b-chat-hf/SimNPO/lr2e-5_b32_mb8_ga4_a1.0_beta3.5_delta0_gamma0.25_e10/checkpoint-42/evals/TOFU_SUMMARY.json
lr2e-5_b32_mb8_ga4_a1.0_beta3.5_delta0_gamma0.25_e10,checkpoint-49,49,0.9068124899268151,0.30127981098106554,0.4494429063796997,0.5580259505785324,3.602472544567432e-09,0.5378649087966223,0.6127462540247168,-90.17265298440377,saves/unlearn/tofu/forget05/Llama-2-7b-chat-hf/SimNPO/lr2e-5_b32_mb8_ga4_a1.0_beta3.5_delta0_gamma0.25_e10/checkpoint-49,saves/unlearn/tofu/forget05/Llama-2-7b-chat-hf/SimNPO/lr2e-5_b32_mb8_ga4_a1.0_beta3.5_delta0_gamma0.25_e10/checkpoint-49/evals/TOFU_SUMMARY.json
lr2e-5_b32_mb8_ga4_a1.0_beta3.5_delta0_gamma0.25_e10,checkpoint-56,56,0.9068362912535668,0.3015204244131121,0.44383780933916567,0.5561475794376035,1.2940880677508261e-08,0.5374144174888797,0.6126045699354739,-89.99922921381234,saves/unlearn/tofu/forget05/Llama-2-7b-chat-hf/SimNPO/lr2e-5_b32_mb8_ga4_a1.0_beta3.5_delta0_gamma0.25_e10/checkpoint-56,saves/unlearn/tofu/forget05/Llama-2-7b-chat-hf/SimNPO/lr2e-5_b32_mb8_ga4_a1.0_beta3.5_delta0_gamma0.25_e10/checkpoint-56/evals/TOFU_SUMMARY.json
lr2e-5_b32_mb8_ga4_a1.0_beta3.5_delta0_gamma0.25_e10,checkpoint-60,60,0.9066372174024582,0.30119784376795083,0.44337439894676206,0.5554044521703165,1.2940880677508261e-08,0.5382135390552163,0.6131638767959098,-90.01849852165581,saves/unlearn/tofu/forget05/Llama-2-7b-chat-hf/SimNPO/lr2e-5_b32_mb8_ga4_a1.0_beta3.5_delta0_gamma0.25_e10/checkpoint-60,saves/unlearn/tofu/forget05/Llama-2-7b-chat-hf/SimNPO/lr2e-5_b32_mb8_ga4_a1.0_beta3.5_delta0_gamma0.25_e10/checkpoint-60/evals/TOFU_SUMMARY.json
lr2e-5_b32_mb8_ga4_a1.0_beta3.5_delta1_gamma0.125_e10,checkpoint-7,7,0.9846554988622666,0.8176500672396739,0.9396577994525432,0.8582471730053082,1.108718722900174e-14,0.5044166599211328,0.6241174913838208,-99.91136116850448,saves/unlearn/tofu/forget05/Llama-2-7b-chat-hf/SimNPO/lr2e-5_b32_mb8_ga4_a1.0_beta3.5_delta1_gamma0.125_e10/checkpoint-7,saves/unlearn/tofu/forget05/Llama-2-7b-chat-hf/SimNPO/lr2e-5_b32_mb8_ga4_a1.0_beta3.5_delta1_gamma0.125_e10/checkpoint-7/evals/TOFU_SUMMARY.json
lr2e-5_b32_mb8_ga4_a1.0_beta3.5_delta1_gamma0.125_e10,checkpoint-14,14,0.9575320160388947,0.5842065257576574,0.7754697392880917,0.714280817310754,2.9623487356936016e-13,0.5132401422284479,0.6174190218648846,-98.08077692337278,saves/unlearn/tofu/forget05/Llama-2-7b-chat-hf/SimNPO/lr2e-5_b32_mb8_ga4_a1.0_beta3.5_delta1_gamma0.125_e10/checkpoint-14,saves/unlearn/tofu/forget05/Llama-2-7b-chat-hf/SimNPO/lr2e-5_b32_mb8_ga4_a1.0_beta3.5_delta1_gamma0.125_e10/checkpoint-14/evals/TOFU_SUMMARY.json
lr2e-5_b32_mb8_ga4_a1.0_beta3.5_delta1_gamma0.125_e10,checkpoint-21,21,0.9274925956130028,0.4137198395572564,0.5988931787014008,0.611779414787842,4.869254633582969e-10,0.5263581034380658,0.6160294561945786,-91.90689069031805,saves/unlearn/tofu/forget05/Llama-2-7b-chat-hf/SimNPO/lr2e-5_b32_mb8_ga4_a1.0_beta3.5_delta1_gamma0.125_e10/checkpoint-21,saves/unlearn/tofu/forget05/Llama-2-7b-chat-hf/SimNPO/lr2e-5_b32_mb8_ga4_a1.0_beta3.5_delta1_gamma0.125_e10/checkpoint-21/evals/TOFU_SUMMARY.json
lr2e-5_b32_mb8_ga4_a1.0_beta3.5_delta1_gamma0.125_e10,checkpoint-28,28,0.9022787880897521,0.321036604553298,0.45801360325887797,0.5426657153545641,6.865581733487208e-09,0.5354635602999342,0.6160926943136198,-84.27239092272661,saves/unlearn/tofu/forget05/Llama-2-7b-chat-hf/SimNPO/lr2e-5_b32_mb8_ga4_a1.0_beta3.5_delta1_gamma0.125_e10/checkpoint-28,saves/unlearn/tofu/forget05/Llama-2-7b-chat-hf/SimNPO/lr2e-5_b32_mb8_ga4_a1.0_beta3.5_delta1_gamma0.125_e10/checkpoint-28/evals/TOFU_SUMMARY.json
lr2e-5_b32_mb8_ga4_a1.0_beta3.5_delta1_gamma0.125_e10,checkpoint-35,35,0.8869416585564613,0.25792531680468067,0.36409514471888543,0.5300198690942618,8.114129962716335e-08,0.5397400119458811,0.6148594947223743,-76.31031292179586,saves/unlearn/tofu/forget05/Llama-2-7b-chat-hf/SimNPO/lr2e-5_b32_mb8_ga4_a1.0_beta3.5_delta1_gamma0.125_e10/checkpoint-35,saves/unlearn/tofu/forget05/Llama-2-7b-chat-hf/SimNPO/lr2e-5_b32_mb8_ga4_a1.0_beta3.5_delta1_gamma0.125_e10/checkpoint-35/evals/TOFU_SUMMARY.json
lr2e-5_b32_mb8_ga4_a1.0_beta3.5_delta1_gamma0.125_e10,checkpoint-42,42,0.8783517727255821,0.23982559716785892,0.30443813545629383,0.5067907950865052,4.6128382074998843e-07,0.5429685754868154,0.6126879396851576,-70.33682749031341,saves/unlearn/tofu/forget05/Llama-2-7b-chat-hf/SimNPO/lr2e-5_b32_mb8_ga4_a1.0_beta3.5_delta1_gamma0.125_e10/checkpoint-42,saves/unlearn/tofu/forget05/Llama-2-7b-chat-hf/SimNPO/lr2e-5_b32_mb8_ga4_a1.0_beta3.5_delta1_gamma0.125_e10/checkpoint-42/evals/TOFU_SUMMARY.json
lr2e-5_b32_mb8_ga4_a1.0_beta3.5_delta1_gamma0.125_e10,checkpoint-49,49,0.8744774517416954,0.2283084959242866,0.28050855699926613,0.504393601780656,1.4639479233432268e-07,0.5431626210281091,0.6134084836714953,-67.24988437378605,saves/unlearn/tofu/forget05/Llama-2-7b-chat-hf/SimNPO/lr2e-5_b32_mb8_ga4_a1.0_beta3.5_delta1_gamma0.125_e10/checkpoint-49,saves/unlearn/tofu/forget05/Llama-2-7b-chat-hf/SimNPO/lr2e-5_b32_mb8_ga4_a1.0_beta3.5_delta1_gamma0.125_e10/checkpoint-49/evals/TOFU_SUMMARY.json
lr2e-5_b32_mb8_ga4_a1.0_beta3.5_delta1_gamma0.125_e10,checkpoint-56,56,0.8740634444355965,0.22876257755693966,0.2730675445497036,0.497093617902417,1.4639479233432268e-07,0.5429552665585196,0.613390578801353,-66.51379681416465,saves/unlearn/tofu/forget05/Llama-2-7b-chat-hf/SimNPO/lr2e-5_b32_mb8_ga4_a1.0_beta3.5_delta1_gamma0.125_e10/checkpoint-56,saves/unlearn/tofu/forget05/Llama-2-7b-chat-hf/SimNPO/lr2e-5_b32_mb8_ga4_a1.0_beta3.5_delta1_gamma0.125_e10/checkpoint-56/evals/TOFU_SUMMARY.json
lr2e-5_b32_mb8_ga4_a1.0_beta3.5_delta1_gamma0.125_e10,checkpoint-60,60,0.8741275551915169,0.23038541900120965,0.2727585096657276,0.5035996112587547,2.6127403909667314e-07,0.5440622719449544,0.613927068610442,-66.50608909102728,saves/unlearn/tofu/forget05/Llama-2-7b-chat-hf/SimNPO/lr2e-5_b32_mb8_ga4_a1.0_beta3.5_delta1_gamma0.125_e10/checkpoint-60,saves/unlearn/tofu/forget05/Llama-2-7b-chat-hf/SimNPO/lr2e-5_b32_mb8_ga4_a1.0_beta3.5_delta1_gamma0.125_e10/checkpoint-60/evals/TOFU_SUMMARY.json
lr2e-5_b32_mb8_ga4_a1.0_beta3.5_delta1_gamma0.25_e10,checkpoint-7,7,0.9792685335874558,0.7812215011417828,0.9120647214353085,0.8304531021119341,1.3261055712130201e-13,0.5091496963083738,0.6281682384168739,-99.83043007556182,saves/unlearn/tofu/forget05/Llama-2-7b-chat-hf/SimNPO/lr2e-5_b32_mb8_ga4_a1.0_beta3.5_delta1_gamma0.25_e10/checkpoint-7,saves/unlearn/tofu/forget05/Llama-2-7b-chat-hf/SimNPO/lr2e-5_b32_mb8_ga4_a1.0_beta3.5_delta1_gamma0.25_e10/checkpoint-7/evals/TOFU_SUMMARY.json
lr2e-5_b32_mb8_ga4_a1.0_beta3.5_delta1_gamma0.25_e10,checkpoint-14,14,0.9062910029292106,0.3382943863480167,0.5357353149913251,0.5144438251583682,2.8873674273022313e-11,0.5202488379499595,0.6047387426584833,-91.983967921692,saves/unlearn/tofu/forget05/Llama-2-7b-chat-hf/SimNPO/lr2e-5_b32_mb8_ga4_a1.0_beta3.5_delta1_gamma0.25_e10/checkpoint-14,saves/unlearn/tofu/forget05/Llama-2-7b-chat-hf/SimNPO/lr2e-5_b32_mb8_ga4_a1.0_beta3.5_delta1_gamma0.25_e10/checkpoint-14/evals/TOFU_SUMMARY.json
lr2e-5_b32_mb8_ga4_a1.0_beta3.5_delta1_gamma0.25_e10,checkpoint-21,21,0.8630889132618904,0.22479044553163033,0.3248696714825928,0.44893575075551084,4.448673570292354e-08,0.5335786575670697,0.6076513651917534,-77.6206258551533,saves/unlearn/tofu/forget05/Llama-2-7b-chat-hf/SimNPO/lr2e-5_b32_mb8_ga4_a1.0_beta3.5_delta1_gamma0.25_e10/checkpoint-21,saves/unlearn/tofu/forget05/Llama-2-7b-chat-hf/SimNPO/lr2e-5_b32_mb8_ga4_a1.0_beta3.5_delta1_gamma0.25_e10/checkpoint-21/evals/TOFU_SUMMARY.json
lr2e-5_b32_mb8_ga4_a1.0_beta3.5_delta1_gamma0.25_e10,checkpoint-28,28,0.8528674060106277,0.1842144062725073,0.24010029925964774,0.43885027498320384,1.3921047931216453e-06,0.5462899454078902,0.619096831552449,-65.09557575688369,saves/unlearn/tofu/forget05/Llama-2-7b-chat-hf/SimNPO/lr2e-5_b32_mb8_ga4_a1.0_beta3.5_delta1_gamma0.25_e10/checkpoint-28,saves/unlearn/tofu/forget05/Llama-2-7b-chat-hf/SimNPO/lr2e-5_b32_mb8_ga4_a1.0_beta3.5_delta1_gamma0.25_e10/checkpoint-28/evals/TOFU_SUMMARY.json
lr2e-5_b32_mb8_ga4_a1.0_beta3.5_delta1_gamma0.25_e10,checkpoint-35,35,0.8426559329032898,0.16482802169200078,0.18620347814634441,0.4283403164773483,1.3921047931216453e-06,0.5500583399194617,0.6219978868673798,-53.079235385682246,saves/unlearn/tofu/forget05/Llama-2-7b-chat-hf/SimNPO/lr2e-5_b32_mb8_ga4_a1.0_beta3.5_delta1_gamma0.25_e10/checkpoint-35,saves/unlearn/tofu/forget05/Llama-2-7b-chat-hf/SimNPO/lr2e-5_b32_mb8_ga4_a1.0_beta3.5_delta1_gamma0.25_e10/checkpoint-35/evals/TOFU_SUMMARY.json
lr2e-5_b32_mb8_ga4_a1.0_beta3.5_delta1_gamma0.25_e10,checkpoint-42,42,0.8372083547711372,0.16295062881789577,0.1605828128941357,0.41818817834043076,1.3921047931216453e-06,0.5520526308003979,0.62339911503293,-45.06320332278969,saves/unlearn/tofu/forget05/Llama-2-7b-chat-hf/SimNPO/lr2e-5_b32_mb8_ga4_a1.0_beta3.5_delta1_gamma0.25_e10/checkpoint-42,saves/unlearn/tofu/forget05/Llama-2-7b-chat-hf/SimNPO/lr2e-5_b32_mb8_ga4_a1.0_beta3.5_delta1_gamma0.25_e10/checkpoint-42/evals/TOFU_SUMMARY.json
lr2e-5_b32_mb8_ga4_a1.0_beta3.5_delta1_gamma0.25_e10,checkpoint-49,49,0.837081847190857,0.16138812881789577,0.15196071846410633,0.4216447170089554,2.3797467071606504e-06,0.5519320806428302,0.6240940579860571,-42.057191299205,saves/unlearn/tofu/forget05/Llama-2-7b-chat-hf/SimNPO/lr2e-5_b32_mb8_ga4_a1.0_beta3.5_delta1_gamma0.25_e10/checkpoint-49,saves/unlearn/tofu/forget05/Llama-2-7b-chat-hf/SimNPO/lr2e-5_b32_mb8_ga4_a1.0_beta3.5_delta1_gamma0.25_e10/checkpoint-49/evals/TOFU_SUMMARY.json
lr2e-5_b32_mb8_ga4_a1.0_beta3.5_delta1_gamma0.25_e10,checkpoint-56,56,0.8364869007468223,0.15910687881789579,0.14930337082594633,0.4164002274709112,2.3797467071606504e-06,0.5518824545848483,0.6235104696651679,-41.05518729134343,saves/unlearn/tofu/forget05/Llama-2-7b-chat-hf/SimNPO/lr2e-5_b32_mb8_ga4_a1.0_beta3.5_delta1_gamma0.25_e10/checkpoint-56,saves/unlearn/tofu/forget05/Llama-2-7b-chat-hf/SimNPO/lr2e-5_b32_mb8_ga4_a1.0_beta3.5_delta1_gamma0.25_e10/checkpoint-56/evals/TOFU_SUMMARY.json
lr2e-5_b32_mb8_ga4_a1.0_beta3.5_delta1_gamma0.25_e10,checkpoint-60,60,0.8363955467939377,0.16145062881789576,0.14897328233346344,0.41819762352300116,2.3797467071606504e-06,0.5535657401475743,0.6232929345471795,-40.924155998007684,saves/unlearn/tofu/forget05/Llama-2-7b-chat-hf/SimNPO/lr2e-5_b32_mb8_ga4_a1.0_beta3.5_delta1_gamma0.25_e10/checkpoint-60,saves/unlearn/tofu/forget05/Llama-2-7b-chat-hf/SimNPO/lr2e-5_b32_mb8_ga4_a1.0_beta3.5_delta1_gamma0.25_e10/checkpoint-60/evals/TOFU_SUMMARY.json
lr2e-5_b32_mb8_ga4_a1.0_beta4.5_delta0_gamma0.125_e10,checkpoint-7,7,0.9895930823683738,0.8752600337596366,0.958617341518402,0.8800482028634967,2.5656301025789152e-14,0.5023695859475219,0.6213955868058929,-99.97687681517236,saves/unlearn/tofu/forget05/Llama-2-7b-chat-hf/SimNPO/lr2e-5_b32_mb8_ga4_a1.0_beta4.5_delta0_gamma0.125_e10/checkpoint-7,saves/unlearn/tofu/forget05/Llama-2-7b-chat-hf/SimNPO/lr2e-5_b32_mb8_ga4_a1.0_beta4.5_delta0_gamma0.125_e10/checkpoint-7/evals/TOFU_SUMMARY.json
lr2e-5_b32_mb8_ga4_a1.0_beta4.5_delta0_gamma0.125_e10,checkpoint-14,14,0.9772026944160461,0.7298693191522205,0.9100216908752918,0.8227193862411475,2.5656301025789152e-14,0.5110059208373589,0.6193554999505888,-99.9036534453671,saves/unlearn/tofu/forget05/Llama-2-7b-chat-hf/SimNPO/lr2e-5_b32_mb8_ga4_a1.0_beta4.5_delta0_gamma0.125_e10/checkpoint-14,saves/unlearn/tofu/forget05/Llama-2-7b-chat-hf/SimNPO/lr2e-5_b32_mb8_ga4_a1.0_beta4.5_delta0_gamma0.125_e10/checkpoint-14/evals/TOFU_SUMMARY.json
lr2e-5_b32_mb8_ga4_a1.0_beta4.5_delta0_gamma0.125_e10,checkpoint-21,21,0.9715820136666298,0.6932258929860541,0.8630820201337337,0.7693895803850956,2.5656301025789152e-14,0.5173026471855452,0.6179581691212032,-99.7148142285009,saves/unlearn/tofu/forget05/Llama-2-7b-chat-hf/SimNPO/lr2e-5_b32_mb8_ga4_a1.0_beta4.5_delta0_gamma0.125_e10/checkpoint-21,saves/unlearn/tofu/forget05/Llama-2-7b-chat-hf/SimNPO/lr2e-5_b32_mb8_ga4_a1.0_beta4.5_delta0_gamma0.125_e10/checkpoint-21/evals/TOFU_SUMMARY.json
lr2e-5_b32_mb8_ga4_a1.0_beta4.5_delta0_gamma0.125_e10,checkpoint-28,28,0.9647842669486999,0.6268746368072536,0.8126584812998772,0.7473785175295385,1.3261055712130201e-13,0.5184566784192781,0.613725317359022,-99.25620470182575,saves/unlearn/tofu/forget05/Llama-2-7b-chat-hf/SimNPO/lr2e-5_b32_mb8_ga4_a1.0_beta4.5_delta0_gamma0.125_e10/checkpoint-28,saves/unlearn/tofu/forget05/Llama-2-7b-chat-hf/SimNPO/lr2e-5_b32_mb8_ga4_a1.0_beta4.5_delta0_gamma0.125_e10/checkpoint-28/evals/TOFU_SUMMARY.json
lr2e-5_b32_mb8_ga4_a1.0_beta4.5_delta0_gamma0.125_e10,checkpoint-35,35,0.9589590093493462,0.5462496099774201,0.7786472991108895,0.7271112741996539,6.540866008411473e-13,0.5165443849260859,0.6120473057695163,-98.93633419162381,saves/unlearn/tofu/forget05/Llama-2-7b-chat-hf/SimNPO/lr2e-5_b32_mb8_ga4_a1.0_beta4.5_delta0_gamma0.125_e10/checkpoint-35,saves/unlearn/tofu/forget05/Llama-2-7b-chat-hf/SimNPO/lr2e-5_b32_mb8_ga4_a1.0_beta4.5_delta0_gamma0.125_e10/checkpoint-35/evals/TOFU_SUMMARY.json
lr2e-5_b32_mb8_ga4_a1.0_beta4.5_delta0_gamma0.125_e10,checkpoint-42,42,0.9556635409593582,0.5184058823854927,0.7524356742203235,0.7212287443881823,2.9623487356936016e-13,0.5167230338795432,0.6098649306939782,-98.73978725162019,saves/unlearn/tofu/forget05/Llama-2-7b-chat-hf/SimNPO/lr2e-5_b32_mb8_ga4_a1.0_beta4.5_delta0_gamma0.125_e10/checkpoint-42,saves/unlearn/tofu/forget05/Llama-2-7b-chat-hf/SimNPO/lr2e-5_b32_mb8_ga4_a1.0_beta4.5_delta0_gamma0.125_e10/checkpoint-42/evals/TOFU_SUMMARY.json
lr2e-5_b32_mb8_ga4_a1.0_beta4.5_delta0_gamma0.125_e10,checkpoint-49,49,0.9538826456665993,0.5086191939723639,0.7389295344054699,0.7136031637399516,6.540866008411473e-13,0.516973706994688,0.6099160414520363,-98.65500229710882,saves/unlearn/tofu/forget05/Llama-2-7b-chat-hf/SimNPO/lr2e-5_b32_mb8_ga4_a1.0_beta4.5_delta0_gamma0.125_e10/checkpoint-49,saves/unlearn/tofu/forget05/Llama-2-7b-chat-hf/SimNPO/lr2e-5_b32_mb8_ga4_a1.0_beta4.5_delta0_gamma0.125_e10/checkpoint-49/evals/TOFU_SUMMARY.json
lr2e-5_b32_mb8_ga4_a1.0_beta4.5_delta0_gamma0.125_e10,checkpoint-56,56,0.9535993844270706,0.5050497495279194,0.7343711040914058,0.7138328427099264,6.540866008411473e-13,0.5166448972745061,0.6104803794638921,-98.58563278887227,saves/unlearn/tofu/forget05/Llama-2-7b-chat-hf/SimNPO/lr2e-5_b32_mb8_ga4_a1.0_beta4.5_delta0_gamma0.125_e10/checkpoint-56,saves/unlearn/tofu/forget05/Llama-2-7b-chat-hf/SimNPO/lr2e-5_b32_mb8_ga4_a1.0_beta4.5_delta0_gamma0.125_e10/checkpoint-56/evals/TOFU_SUMMARY.json
lr2e-5_b32_mb8_ga4_a1.0_beta4.5_delta0_gamma0.125_e10,checkpoint-60,60,0.9531369400024414,0.5020727758437089,0.733999191224575,0.7075784092855331,6.540866008411473e-13,0.5169428698136165,0.6090312546383514,-98.58563278887226,saves/unlearn/tofu/forget05/Llama-2-7b-chat-hf/SimNPO/lr2e-5_b32_mb8_ga4_a1.0_beta4.5_delta0_gamma0.125_e10/checkpoint-60,saves/unlearn/tofu/forget05/Llama-2-7b-chat-hf/SimNPO/lr2e-5_b32_mb8_ga4_a1.0_beta4.5_delta0_gamma0.125_e10/checkpoint-60/evals/TOFU_SUMMARY.json
lr2e-5_b32_mb8_ga4_a1.0_beta4.5_delta0_gamma0.25_e10,checkpoint-7,7,0.9844520637392997,0.823500338694459,0.9396522739529609,0.8581163471959927,2.5656301025789152e-14,0.5047863094734548,0.6235213402793872,-99.92292275321057,saves/unlearn/tofu/forget05/Llama-2-7b-chat-hf/SimNPO/lr2e-5_b32_mb8_ga4_a1.0_beta4.5_delta0_gamma0.25_e10/checkpoint-7,saves/unlearn/tofu/forget05/Llama-2-7b-chat-hf/SimNPO/lr2e-5_b32_mb8_ga4_a1.0_beta4.5_delta0_gamma0.25_e10/checkpoint-7/evals/TOFU_SUMMARY.json
lr2e-5_b32_mb8_ga4_a1.0_beta4.5_delta0_gamma0.25_e10,checkpoint-14,14,0.9623873168230057,0.6116842914740367,0.8156194114685058,0.7377673938003434,5.86730162802883e-14,0.5144026339830395,0.6194670795591606,-99.14444271633351,saves/unlearn/tofu/forget05/Llama-2-7b-chat-hf/SimNPO/lr2e-5_b32_mb8_ga4_a1.0_beta4.5_delta0_gamma0.25_e10/checkpoint-14,saves/unlearn/tofu/forget05/Llama-2-7b-chat-hf/SimNPO/lr2e-5_b32_mb8_ga4_a1.0_beta4.5_delta0_gamma0.25_e10/checkpoint-14/evals/TOFU_SUMMARY.json
lr2e-5_b32_mb8_ga4_a1.0_beta4.5_delta0_gamma0.25_e10,checkpoint-21,21,0.9457594987750053,0.4685189494828312,0.7150120344758034,0.6779393320360179,3.0799540915748314e-12,0.5272432938158095,0.6204049750079051,-97.784029582583,saves/unlearn/tofu/forget05/Llama-2-7b-chat-hf/SimNPO/lr2e-5_b32_mb8_ga4_a1.0_beta4.5_delta0_gamma0.25_e10/checkpoint-21,saves/unlearn/tofu/forget05/Llama-2-7b-chat-hf/SimNPO/lr2e-5_b32_mb8_ga4_a1.0_beta4.5_delta0_gamma0.25_e10/checkpoint-21/evals/TOFU_SUMMARY.json
lr2e-5_b32_mb8_ga4_a1.0_beta4.5_delta0_gamma0.25_e10,checkpoint-28,28,0.9330875799059868,0.39113554802567263,0.6199217855557799,0.6286704771805833,6.5689645859369454e-12,0.5334532287079312,0.6163657866171106,-96.14613841588621,saves/unlearn/tofu/forget05/Llama-2-7b-chat-hf/SimNPO/lr2e-5_b32_mb8_ga4_a1.0_beta4.5_delta0_gamma0.25_e10/checkpoint-28,saves/unlearn/tofu/forget05/Llama-2-7b-chat-hf/SimNPO/lr2e-5_b32_mb8_ga4_a1.0_beta4.5_delta0_gamma0.25_e10/checkpoint-28/evals/TOFU_SUMMARY.json
lr2e-5_b32_mb8_ga4_a1.0_beta4.5_delta0_gamma0.25_e10,checkpoint-35,35,0.9270979243516922,0.3677739526769186,0.5654149106144906,0.5976887250457427,2.44374577116149e-10,0.5367350482917529,0.6155580256819554,-94.86665637507836,saves/unlearn/tofu/forget05/Llama-2-7b-chat-hf/SimNPO/lr2e-5_b32_mb8_ga4_a1.0_beta4.5_delta0_gamma0.25_e10/checkpoint-35,saves/unlearn/tofu/forget05/Llama-2-7b-chat-hf/SimNPO/lr2e-5_b32_mb8_ga4_a1.0_beta4.5_delta0_gamma0.25_e10/checkpoint-35/evals/TOFU_SUMMARY.json
lr2e-5_b32_mb8_ga4_a1.0_beta4.5_delta0_gamma0.25_e10,checkpoint-42,42,0.9209900936484336,0.34501020875793487,0.5307456357777118,0.5813456507674708,4.869254633582969e-10,0.5382017403999849,0.6151761925482462,-94.08817633820131,saves/unlearn/tofu/forget05/Llama-2-7b-chat-hf/SimNPO/lr2e-5_b32_mb8_ga4_a1.0_beta4.5_delta0_gamma0.25_e10/checkpoint-42,saves/unlearn/tofu/forget05/Llama-2-7b-chat-hf/SimNPO/lr2e-5_b32_mb8_ga4_a1.0_beta4.5_delta0_gamma0.25_e10/checkpoint-42/evals/TOFU_SUMMARY.json
lr2e-5_b32_mb8_ga4_a1.0_beta4.5_delta0_gamma0.25_e10,checkpoint-49,49,0.9181122341752053,0.3357273483011534,0.5147735731303692,0.5779752656739043,9.594235055800515e-10,0.5379420527523083,0.6136252095744557,-93.6295668115262,saves/unlearn/tofu/forget05/Llama-2-7b-chat-hf/SimNPO/lr2e-5_b32_mb8_ga4_a1.0_beta4.5_delta0_gamma0.25_e10/checkpoint-49,saves/unlearn/tofu/forget05/Llama-2-7b-chat-hf/SimNPO/lr2e-5_b32_mb8_ga4_a1.0_beta4.5_delta0_gamma0.25_e10/checkpoint-49/evals/TOFU_SUMMARY.json
lr2e-5_b32_mb8_ga4_a1.0_beta4.5_delta0_gamma0.25_e10,checkpoint-56,56,0.917661367058754,0.3303214816830024,0.5094957149401307,0.5816257079725562,4.869254633582969e-10,0.537678801308554,0.6135578733798589,-93.45999690250346,saves/unlearn/tofu/forget05/Llama-2-7b-chat-hf/SimNPO/lr2e-5_b32_mb8_ga4_a1.0_beta4.5_delta0_gamma0.25_e10/checkpoint-56,saves/unlearn/tofu/forget05/Llama-2-7b-chat-hf/SimNPO/lr2e-5_b32_mb8_ga4_a1.0_beta4.5_delta0_gamma0.25_e10/checkpoint-56/evals/TOFU_SUMMARY.json
lr2e-5_b32_mb8_ga4_a1.0_beta4.5_delta0_gamma0.25_e10,checkpoint-60,60,0.9170850476622582,0.33015256276408345,0.5087241737917065,0.5756397169598432,9.594235055800515e-10,0.537807997651808,0.6131241831216195,-93.44072759465998,saves/unlearn/tofu/forget05/Llama-2-7b-chat-hf/SimNPO/lr2e-5_b32_mb8_ga4_a1.0_beta4.5_delta0_gamma0.25_e10/checkpoint-60,saves/unlearn/tofu/forget05/Llama-2-7b-chat-hf/SimNPO/lr2e-5_b32_mb8_ga4_a1.0_beta4.5_delta0_gamma0.25_e10/checkpoint-60/evals/TOFU_SUMMARY.json
lr2e-5_b32_mb8_ga4_a1.0_beta4.5_delta1_gamma0.125_e10,checkpoint-7,7,0.9845685401558876,0.8156953350009676,0.9388597951829434,0.8581866376223146,5.86730162802883e-14,0.5041512491611326,0.6238331400514778,-99.91136116850448,saves/unlearn/tofu/forget05/Llama-2-7b-chat-hf/SimNPO/lr2e-5_b32_mb8_ga4_a1.0_beta4.5_delta1_gamma0.125_e10/checkpoint-7,saves/unlearn/tofu/forget05/Llama-2-7b-chat-hf/SimNPO/lr2e-5_b32_mb8_ga4_a1.0_beta4.5_delta1_gamma0.125_e10/checkpoint-7/evals/TOFU_SUMMARY.json
lr2e-5_b32_mb8_ga4_a1.0_beta4.5_delta1_gamma0.125_e10,checkpoint-14,14,0.9554255789518357,0.5688854417489696,0.7686655306071043,0.706622810404594,6.540866008411473e-13,0.5137420891217215,0.6175181911778208,-97.94974563003704,saves/unlearn/tofu/forget05/Llama-2-7b-chat-hf/SimNPO/lr2e-5_b32_mb8_ga4_a1.0_beta4.5_delta1_gamma0.125_e10/checkpoint-14,saves/unlearn/tofu/forget05/Llama-2-7b-chat-hf/SimNPO/lr2e-5_b32_mb8_ga4_a1.0_beta4.5_delta1_gamma0.125_e10/checkpoint-14/evals/TOFU_SUMMARY.json
lr2e-5_b32_mb8_ga4_a1.0_beta4.5_delta1_gamma0.125_e10,checkpoint-21,21,0.92451943308115,0.41364379244544514,0.5826497539132833,0.6059006122256266,4.869254633582969e-10,0.5257939324313439,0.6146200405410689,-91.45598888678033,saves/unlearn/tofu/forget05/Llama-2-7b-chat-hf/SimNPO/lr2e-5_b32_mb8_ga4_a1.0_beta4.5_delta1_gamma0.125_e10/checkpoint-21,saves/unlearn/tofu/forget05/Llama-2-7b-chat-hf/SimNPO/lr2e-5_b32_mb8_ga4_a1.0_beta4.5_delta1_gamma0.125_e10/checkpoint-21/evals/TOFU_SUMMARY.json
lr2e-5_b32_mb8_ga4_a1.0_beta4.5_delta1_gamma0.125_e10,checkpoint-28,28,0.8999347567558289,0.3071101738192424,0.4456211145594716,0.5398964406102269,3.602472544567432e-09,0.5369178064150527,0.6150955971900995,-83.80221981134542,saves/unlearn/tofu/forget05/Llama-2-7b-chat-hf/SimNPO/lr2e-5_b32_mb8_ga4_a1.0_beta4.5_delta1_gamma0.125_e10/checkpoint-28,saves/unlearn/tofu/forget05/Llama-2-7b-chat-hf/SimNPO/lr2e-5_b32_mb8_ga4_a1.0_beta4.5_delta1_gamma0.125_e10/checkpoint-28/evals/TOFU_SUMMARY.json
lr2e-5_b32_mb8_ga4_a1.0_beta4.5_delta1_gamma0.125_e10,checkpoint-35,35,0.8867695286870003,0.25919145989663667,0.360179787222296,0.5258556155547847,1.2940880677508261e-08,0.5407018546112181,0.6156730281498173,-76.88839215710061,saves/unlearn/tofu/forget05/Llama-2-7b-chat-hf/SimNPO/lr2e-5_b32_mb8_ga4_a1.0_beta4.5_delta1_gamma0.125_e10/checkpoint-35,saves/unlearn/tofu/forget05/Llama-2-7b-chat-hf/SimNPO/lr2e-5_b32_mb8_ga4_a1.0_beta4.5_delta1_gamma0.125_e10/checkpoint-35/evals/TOFU_SUMMARY.json
lr2e-5_b32_mb8_ga4_a1.0_beta4.5_delta1_gamma0.125_e10,checkpoint-42,42,0.8798694998025894,0.24380492966054612,0.3061031682230532,0.5100637284224954,1.4639479233432268e-07,0.5432081527500272,0.6153582495139309,-71.69338676249521,saves/unlearn/tofu/forget05/Llama-2-7b-chat-hf/SimNPO/lr2e-5_b32_mb8_ga4_a1.0_beta4.5_delta1_gamma0.125_e10/checkpoint-42,saves/unlearn/tofu/forget05/Llama-2-7b-chat-hf/SimNPO/lr2e-5_b32_mb8_ga4_a1.0_beta4.5_delta1_gamma0.125_e10/checkpoint-42/evals/TOFU_SUMMARY.json
lr2e-5_b32_mb8_ga4_a1.0_beta4.5_delta1_gamma0.125_e10,checkpoint-49,49,0.8753801807761192,0.23228174842450855,0.2837640372850001,0.5013253163074802,2.4125498977354686e-08,0.5445268185200315,0.6147555443495185,-69.35023892872665,saves/unlearn/tofu/forget05/Llama-2-7b-chat-hf/SimNPO/lr2e-5_b32_mb8_ga4_a1.0_beta4.5_delta1_gamma0.125_e10/checkpoint-49,saves/unlearn/tofu/forget05/Llama-2-7b-chat-hf/SimNPO/lr2e-5_b32_mb8_ga4_a1.0_beta4.5_delta1_gamma0.125_e10/checkpoint-49/evals/TOFU_SUMMARY.json
lr2e-5_b32_mb8_ga4_a1.0_beta4.5_delta1_gamma0.125_e10,checkpoint-56,56,0.8744016769528389,0.22341612084706916,0.2769995586574078,0.501632569680286,8.114129962716335e-08,0.5447067420008195,0.614254200797668,-68.62956681538009,saves/unlearn/tofu/forget05/Llama-2-7b-chat-hf/SimNPO/lr2e-5_b32_mb8_ga4_a1.0_beta4.5_delta1_gamma0.125_e10/checkpoint-56,saves/unlearn/tofu/forget05/Llama-2-7b-chat-hf/SimNPO/lr2e-5_b32_mb8_ga4_a1.0_beta4.5_delta1_gamma0.125_e10/checkpoint-56/evals/TOFU_SUMMARY.json
lr2e-5_b32_mb8_ga4_a1.0_beta4.5_delta1_gamma0.125_e10,checkpoint-60,60,0.8743401461839676,0.22614419102250774,0.27651288103312255,0.4994962165501431,2.6127403909667314e-07,0.5449255550548918,0.6150456581244669,-68.63342067694876,saves/unlearn/tofu/forget05/Llama-2-7b-chat-hf/SimNPO/lr2e-5_b32_mb8_ga4_a1.0_beta4.5_delta1_gamma0.125_e10/checkpoint-60,saves/unlearn/tofu/forget05/Llama-2-7b-chat-hf/SimNPO/lr2e-5_b32_mb8_ga4_a1.0_beta4.5_delta1_gamma0.125_e10/checkpoint-60/evals/TOFU_SUMMARY.json
lr2e-5_b32_mb8_ga4_a1.0_beta4.5_delta1_gamma0.25_e10,checkpoint-7,7,0.9797190642356872,0.7890979958143105,0.911714397072792,0.8316285577452419,1.3261055712130201e-13,0.5099858847919146,0.6280369016919332,-99.83043007556182,saves/unlearn/tofu/forget05/Llama-2-7b-chat-hf/SimNPO/lr2e-5_b32_mb8_ga4_a1.0_beta4.5_delta1_gamma0.25_e10/checkpoint-7,saves/unlearn/tofu/forget05/Llama-2-7b-chat-hf/SimNPO/lr2e-5_b32_mb8_ga4_a1.0_beta4.5_delta1_gamma0.25_e10/checkpoint-7/evals/TOFU_SUMMARY.json
lr2e-5_b32_mb8_ga4_a1.0_beta4.5_delta1_gamma0.25_e10,checkpoint-14,14,0.9039744761586189,0.3347144318539932,0.5310354445315898,0.5084920415313445,2.8873674273022313e-11,0.5223686743792995,0.6027348447471829,-91.88762138247453,saves/unlearn/tofu/forget05/Llama-2-7b-chat-hf/SimNPO/lr2e-5_b32_mb8_ga4_a1.0_beta4.5_delta1_gamma0.25_e10/checkpoint-14,saves/unlearn/tofu/forget05/Llama-2-7b-chat-hf/SimNPO/lr2e-5_b32_mb8_ga4_a1.0_beta4.5_delta1_gamma0.25_e10/checkpoint-14/evals/TOFU_SUMMARY.json
lr2e-5_b32_mb8_ga4_a1.0_beta4.5_delta1_gamma0.25_e10,checkpoint-21,21,0.862611649632454,0.22016871033669377,0.3194121637754142,0.437717107610476,1.4639479233432268e-07,0.5351462585474188,0.6082285759174831,-77.46647139240534,saves/unlearn/tofu/forget05/Llama-2-7b-chat-hf/SimNPO/lr2e-5_b32_mb8_ga4_a1.0_beta4.5_delta1_gamma0.25_e10/checkpoint-21,saves/unlearn/tofu/forget05/Llama-2-7b-chat-hf/SimNPO/lr2e-5_b32_mb8_ga4_a1.0_beta4.5_delta1_gamma0.25_e10/checkpoint-21/evals/TOFU_SUMMARY.json
lr2e-5_b32_mb8_ga4_a1.0_beta4.5_delta1_gamma0.25_e10,checkpoint-28,28,0.8516538494825363,0.18602575908725394,0.24326615229249002,0.44072190562999003,8.056669472003223e-07,0.5448267918458127,0.6205950298695475,-67.50038537575143,saves/unlearn/tofu/forget05/Llama-2-7b-chat-hf/SimNPO/lr2e-5_b32_mb8_ga4_a1.0_beta4.5_delta1_gamma0.25_e10/checkpoint-28,saves/unlearn/tofu/forget05/Llama-2-7b-chat-hf/SimNPO/lr2e-5_b32_mb8_ga4_a1.0_beta4.5_delta1_gamma0.25_e10/checkpoint-28/evals/TOFU_SUMMARY.json
lr2e-5_b32_mb8_ga4_a1.0_beta4.5_delta1_gamma0.25_e10,checkpoint-35,35,0.8453960663080216,0.17144087125329133,0.1928235345054418,0.4215199190422406,8.056669472003223e-07,0.5498886199366281,0.6228782796048976,-58.00447047047873,saves/unlearn/tofu/forget05/Llama-2-7b-chat-hf/SimNPO/lr2e-5_b32_mb8_ga4_a1.0_beta4.5_delta1_gamma0.25_e10/checkpoint-35,saves/unlearn/tofu/forget05/Llama-2-7b-chat-hf/SimNPO/lr2e-5_b32_mb8_ga4_a1.0_beta4.5_delta1_gamma0.25_e10/checkpoint-35/evals/TOFU_SUMMARY.json
lr2e-5_b32_mb8_ga4_a1.0_beta4.5_delta1_gamma0.25_e10,checkpoint-42,42,0.8393026602268219,0.16098213914933865,0.16951361881569027,0.4157259311961505,4.024806511439489e-06,0.553971639936019,0.6244352987115808,-51.560813927615115,saves/unlearn/tofu/forget05/Llama-2-7b-chat-hf/SimNPO/lr2e-5_b32_mb8_ga4_a1.0_beta4.5_delta1_gamma0.25_e10/checkpoint-42,saves/unlearn/tofu/forget05/Llama-2-7b-chat-hf/SimNPO/lr2e-5_b32_mb8_ga4_a1.0_beta4.5_delta1_gamma0.25_e10/checkpoint-42/evals/TOFU_SUMMARY.json
lr2e-5_b32_mb8_ga4_a1.0_beta4.5_delta1_gamma0.25_e10,checkpoint-49,49,0.8384840023517609,0.16170215057787382,0.1626966344192624,0.4217537897742488,4.024806511439489e-06,0.5546012214727499,0.6235939155459085,-49.17141975502213,saves/unlearn/tofu/forget05/Llama-2-7b-chat-hf/SimNPO/lr2e-5_b32_mb8_ga4_a1.0_beta4.5_delta1_gamma0.25_e10/checkpoint-49,saves/unlearn/tofu/forget05/Llama-2-7b-chat-hf/SimNPO/lr2e-5_b32_mb8_ga4_a1.0_beta4.5_delta1_gamma0.25_e10/checkpoint-49/evals/TOFU_SUMMARY.json
lr2e-5_b32_mb8_ga4_a1.0_beta4.5_delta1_gamma0.25_e10,checkpoint-56,56,0.8380429342389106,0.16290195414975764,0.16068047805689276,0.41389137822567934,2.3797467071606504e-06,0.5545825193886658,0.62428587011283,-48.39679357971375,saves/unlearn/tofu/forget05/Llama-2-7b-chat-hf/SimNPO/lr2e-5_b32_mb8_ga4_a1.0_beta4.5_delta1_gamma0.25_e10/checkpoint-56,saves/unlearn/tofu/forget05/Llama-2-7b-chat-hf/SimNPO/lr2e-5_b32_mb8_ga4_a1.0_beta4.5_delta1_gamma0.25_e10/checkpoint-56/evals/TOFU_SUMMARY.json
lr2e-5_b32_mb8_ga4_a1.0_beta4.5_delta1_gamma0.25_e10,checkpoint-60,60,0.8390863677859306,0.16331951669463216,0.16078425045125186,0.41633164519567567,4.024806511439489e-06,0.5556369598014027,0.6229697153347461,-48.454601503244234,saves/unlearn/tofu/forget05/Llama-2-7b-chat-hf/SimNPO/lr2e-5_b32_mb8_ga4_a1.0_beta4.5_delta1_gamma0.25_e10/checkpoint-60,saves/unlearn/tofu/forget05/Llama-2-7b-chat-hf/SimNPO/lr2e-5_b32_mb8_ga4_a1.0_beta4.5_delta1_gamma0.25_e10/checkpoint-60/evals/TOFU_SUMMARY.json
lr5e-5_b16_mb8_ga2_a1.0_beta3.5_delta0_gamma0.125_e10,checkpoint-13,13,0.9465119391679764,0.5288561603353585,0.8110222961381077,0.6211133417328201,6.540866008411473e-13,0.5371211410912804,0.5980190609468988,-97.93818404533093,saves/unlearn/tofu/forget05/Llama-2-7b-chat-hf/SimNPO/lr5e-5_b16_mb8_ga2_a1.0_beta3.5_delta0_gamma0.125_e10/checkpoint-13,saves/unlearn/tofu/forget05/Llama-2-7b-chat-hf/SimNPO/lr5e-5_b16_mb8_ga2_a1.0_beta3.5_delta0_gamma0.125_e10/checkpoint-13/evals/TOFU_SUMMARY.json
lr5e-5_b16_mb8_ga2_a1.0_beta3.5_delta0_gamma0.125_e10,checkpoint-26,26,0.8749808531999588,0.2608971845405788,0.5974834656529129,0.4555385646682673,2.4125498977354686e-08,0.5830362644688624,0.6019154322119145,-93.76830582799933,saves/unlearn/tofu/forget05/Llama-2-7b-chat-hf/SimNPO/lr5e-5_b16_mb8_ga2_a1.0_beta3.5_delta0_gamma0.125_e10/checkpoint-26,saves/unlearn/tofu/forget05/Llama-2-7b-chat-hf/SimNPO/lr5e-5_b16_mb8_ga2_a1.0_beta3.5_delta0_gamma0.125_e10/checkpoint-26/evals/TOFU_SUMMARY.json
lr5e-5_b16_mb8_ga2_a1.0_beta3.5_delta0_gamma0.125_e10,checkpoint-39,39,0.8399995934963226,0.16987577204485874,0.46983891546726225,0.4204973154061637,1.4639479233432268e-07,0.5898940343523265,0.5976748815369997,-88.29967626201639,saves/unlearn/tofu/forget05/Llama-2-7b-chat-hf/SimNPO/lr5e-5_b16_mb8_ga2_a1.0_beta3.5_delta0_gamma0.125_e10/checkpoint-39,saves/unlearn/tofu/forget05/Llama-2-7b-chat-hf/SimNPO/lr5e-5_b16_mb8_ga2_a1.0_beta3.5_delta0_gamma0.125_e10/checkpoint-39/evals/TOFU_SUMMARY.json
lr5e-5_b16_mb8_ga2_a1.0_beta3.5_delta0_gamma0.125_e10,checkpoint-52,52,0.8246873366832733,0.14397007924059707,0.41438369849696755,0.41270431583443495,1.3921047931216453e-06,0.6080494955966372,0.596815291425209,-80.37228301520392,saves/unlearn/tofu/forget05/Llama-2-7b-chat-hf/SimNPO/lr5e-5_b16_mb8_ga2_a1.0_beta3.5_delta0_gamma0.125_e10/checkpoint-52,saves/unlearn/tofu/forget05/Llama-2-7b-chat-hf/SimNPO/lr5e-5_b16_mb8_ga2_a1.0_beta3.5_delta0_gamma0.125_e10/checkpoint-52/evals/TOFU_SUMMARY.json
lr5e-5_b16_mb8_ga2_a1.0_beta3.5_delta0_gamma0.125_e10,checkpoint-65,65,0.8204662266373635,0.14121406534944567,0.3870144490990788,0.3971208550527507,8.056669472003223e-07,0.6012001978451488,0.6016648013473673,-79.10821642067086,saves/unlearn/tofu/forget05/Llama-2-7b-chat-hf/SimNPO/lr5e-5_b16_mb8_ga2_a1.0_beta3.5_delta0_gamma0.125_e10/checkpoint-65,saves/unlearn/tofu/forget05/Llama-2-7b-chat-hf/SimNPO/lr5e-5_b16_mb8_ga2_a1.0_beta3.5_delta0_gamma0.125_e10/checkpoint-65/evals/TOFU_SUMMARY.json
lr5e-5_b16_mb8_ga2_a1.0_beta3.5_delta0_gamma0.125_e10,checkpoint-78,78,0.8125017240643502,0.1360366792828512,0.3420073265489191,0.39987453764081693,2.3797467071606504e-06,0.603118827948486,0.6008083258622209,-74.97687681902622,saves/unlearn/tofu/forget05/Llama-2-7b-chat-hf/SimNPO/lr5e-5_b16_mb8_ga2_a1.0_beta3.5_delta0_gamma0.125_e10/checkpoint-78,saves/unlearn/tofu/forget05/Llama-2-7b-chat-hf/SimNPO/lr5e-5_b16_mb8_ga2_a1.0_beta3.5_delta0_gamma0.125_e10/checkpoint-78/evals/TOFU_SUMMARY.json
lr5e-5_b16_mb8_ga2_a1.0_beta3.5_delta0_gamma0.125_e10,checkpoint-91,91,0.8126978275179862,0.13872689068548316,0.3369891512952745,0.39813463344559935,4.024806511439489e-06,0.6076072625207868,0.6048748670883013,-73.44689377625299,saves/unlearn/tofu/forget05/Llama-2-7b-chat-hf/SimNPO/lr5e-5_b16_mb8_ga2_a1.0_beta3.5_delta0_gamma0.125_e10/checkpoint-91,saves/unlearn/tofu/forget05/Llama-2-7b-chat-hf/SimNPO/lr5e-5_b16_mb8_ga2_a1.0_beta3.5_delta0_gamma0.125_e10/checkpoint-91/evals/TOFU_SUMMARY.json
lr5e-5_b16_mb8_ga2_a1.0_beta3.5_delta0_gamma0.125_e10,checkpoint-104,104,0.8121538406610489,0.13723313225093525,0.332811970775947,0.40567075966468996,1.1150402145378719e-05,0.6062683811815032,0.6044470209574235,-72.5026976919219,saves/unlearn/tofu/forget05/Llama-2-7b-chat-hf/SimNPO/lr5e-5_b16_mb8_ga2_a1.0_beta3.5_delta0_gamma0.125_e10/checkpoint-104,saves/unlearn/tofu/forget05/Llama-2-7b-chat-hf/SimNPO/lr5e-5_b16_mb8_ga2_a1.0_beta3.5_delta0_gamma0.125_e10/checkpoint-104/evals/TOFU_SUMMARY.json
lr5e-5_b16_mb8_ga2_a1.0_beta3.5_delta0_gamma0.125_e10,checkpoint-117,117,0.8121532571315765,0.1360675917103947,0.3300946719944477,0.4067516776145069,1.1150402145378719e-05,0.6069189475436422,0.6042549582514052,-72.22521965897562,saves/unlearn/tofu/forget05/Llama-2-7b-chat-hf/SimNPO/lr5e-5_b16_mb8_ga2_a1.0_beta3.5_delta0_gamma0.125_e10/checkpoint-117,saves/unlearn/tofu/forget05/Llama-2-7b-chat-hf/SimNPO/lr5e-5_b16_mb8_ga2_a1.0_beta3.5_delta0_gamma0.125_e10/checkpoint-117/evals/TOFU_SUMMARY.json
lr5e-5_b16_mb8_ga2_a1.0_beta3.5_delta0_gamma0.125_e10,checkpoint-120,120,0.8120115318894386,0.13660813225093527,0.3299809551052749,0.41179108492155636,1.1150402145378719e-05,0.6060348264201736,0.604549751992173,-72.12116539662077,saves/unlearn/tofu/forget05/Llama-2-7b-chat-hf/SimNPO/lr5e-5_b16_mb8_ga2_a1.0_beta3.5_delta0_gamma0.125_e10/checkpoint-120,saves/unlearn/tofu/forget05/Llama-2-7b-chat-hf/SimNPO/lr5e-5_b16_mb8_ga2_a1.0_beta3.5_delta0_gamma0.125_e10/checkpoint-120/evals/TOFU_SUMMARY.json
lr5e-5_b16_mb8_ga2_a1.0_beta3.5_delta0_gamma0.25_e10,checkpoint-13,13,0.9231674745678902,0.43100130498125716,0.7187148236483335,0.5698983652840829,6.5689645859369454e-12,0.5402597445131211,0.5875131698001849,-95.51410511861967,saves/unlearn/tofu/forget05/Llama-2-7b-chat-hf/SimNPO/lr5e-5_b16_mb8_ga2_a1.0_beta3.5_delta0_gamma0.25_e10/checkpoint-13,saves/unlearn/tofu/forget05/Llama-2-7b-chat-hf/SimNPO/lr5e-5_b16_mb8_ga2_a1.0_beta3.5_delta0_gamma0.25_e10/checkpoint-13/evals/TOFU_SUMMARY.json
lr5e-5_b16_mb8_ga2_a1.0_beta3.5_delta0_gamma0.25_e10,checkpoint-26,26,0.8098613864183426,0.1585111378145964,0.37006440945900976,0.39313303019939666,1.1150402145378719e-05,0.614962930936198,0.5746388386580122,-65.29983042002469,saves/unlearn/tofu/forget05/Llama-2-7b-chat-hf/SimNPO/lr5e-5_b16_mb8_ga2_a1.0_beta3.5_delta0_gamma0.25_e10/checkpoint-26,saves/unlearn/tofu/forget05/Llama-2-7b-chat-hf/SimNPO/lr5e-5_b16_mb8_ga2_a1.0_beta3.5_delta0_gamma0.25_e10/checkpoint-26/evals/TOFU_SUMMARY.json
lr5e-5_b16_mb8_ga2_a1.0_beta3.5_delta0_gamma0.25_e10,checkpoint-39,39,0.7795779827237129,0.1244499672893181,0.26921207425650207,0.38155415035293927,0.0004306111484986726,0.6215993767848373,0.5781716414783096,-52.64760288998804,saves/unlearn/tofu/forget05/Llama-2-7b-chat-hf/SimNPO/lr5e-5_b16_mb8_ga2_a1.0_beta3.5_delta0_gamma0.25_e10/checkpoint-39,saves/unlearn/tofu/forget05/Llama-2-7b-chat-hf/SimNPO/lr5e-5_b16_mb8_ga2_a1.0_beta3.5_delta0_gamma0.25_e10/checkpoint-39/evals/TOFU_SUMMARY.json
lr5e-5_b16_mb8_ga2_a1.0_beta3.5_delta0_gamma0.25_e10,checkpoint-52,52,0.7745692789554596,0.11820728533664529,0.2576942758914083,0.3741635636352166,0.0002829222008740643,0.6314544170933556,0.5873406781810129,-44.56605518042763,saves/unlearn/tofu/forget05/Llama-2-7b-chat-hf/SimNPO/lr5e-5_b16_mb8_ga2_a1.0_beta3.5_delta0_gamma0.25_e10/checkpoint-52,saves/unlearn/tofu/forget05/Llama-2-7b-chat-hf/SimNPO/lr5e-5_b16_mb8_ga2_a1.0_beta3.5_delta0_gamma0.25_e10/checkpoint-52/evals/TOFU_SUMMARY.json
lr5e-5_b16_mb8_ga2_a1.0_beta3.5_delta0_gamma0.25_e10,checkpoint-65,65,0.7708058987557888,0.11539034139475099,0.23966009849216788,0.3723492748497387,4.7487878961137165e-05,0.6196812241185493,0.5991067461413264,-41.38661938625148,saves/unlearn/tofu/forget05/Llama-2-7b-chat-hf/SimNPO/lr5e-5_b16_mb8_ga2_a1.0_beta3.5_delta0_gamma0.25_e10/checkpoint-65,saves/unlearn/tofu/forget05/Llama-2-7b-chat-hf/SimNPO/lr5e-5_b16_mb8_ga2_a1.0_beta3.5_delta0_gamma0.25_e10/checkpoint-65/evals/TOFU_SUMMARY.json
lr5e-5_b16_mb8_ga2_a1.0_beta3.5_delta0_gamma0.25_e10,checkpoint-78,78,0.7642625606060028,0.11297401553977895,0.21430911449249834,0.36289285252373055,7.536785951251345e-05,0.6167950674321149,0.6043978949419685,-37.56358871010274,saves/unlearn/tofu/forget05/Llama-2-7b-chat-hf/SimNPO/lr5e-5_b16_mb8_ga2_a1.0_beta3.5_delta0_gamma0.25_e10/checkpoint-78,saves/unlearn/tofu/forget05/Llama-2-7b-chat-hf/SimNPO/lr5e-5_b16_mb8_ga2_a1.0_beta3.5_delta0_gamma0.25_e10/checkpoint-78/evals/TOFU_SUMMARY.json
lr5e-5_b16_mb8_ga2_a1.0_beta3.5_delta0_gamma0.25_e10,checkpoint-91,91,0.7683913673460484,0.11430612486465332,0.21644841666333378,0.3638563153864433,4.7487878961137165e-05,0.6215432055414322,0.6035482006385395,-36.70417758028301,saves/unlearn/tofu/forget05/Llama-2-7b-chat-hf/SimNPO/lr5e-5_b16_mb8_ga2_a1.0_beta3.5_delta0_gamma0.25_e10/checkpoint-91,saves/unlearn/tofu/forget05/Llama-2-7b-chat-hf/SimNPO/lr5e-5_b16_mb8_ga2_a1.0_beta3.5_delta0_gamma0.25_e10/checkpoint-91/evals/TOFU_SUMMARY.json
lr5e-5_b16_mb8_ga2_a1.0_beta3.5_delta0_gamma0.25_e10,checkpoint-104,104,0.7682303574681282,0.11330085060660662,0.212547976821661,0.36631224305327253,7.536785951251345e-05,0.6228293955894368,0.6020740496660494,-35.363033754375984,saves/unlearn/tofu/forget05/Llama-2-7b-chat-hf/SimNPO/lr5e-5_b16_mb8_ga2_a1.0_beta3.5_delta0_gamma0.25_e10/checkpoint-104,saves/unlearn/tofu/forget05/Llama-2-7b-chat-hf/SimNPO/lr5e-5_b16_mb8_ga2_a1.0_beta3.5_delta0_gamma0.25_e10/checkpoint-104/evals/TOFU_SUMMARY.json
lr5e-5_b16_mb8_ga2_a1.0_beta3.5_delta0_gamma0.25_e10,checkpoint-117,117,0.7679140481352806,0.11319089974369724,0.21086533470079302,0.3708523022175474,0.0001183661896190048,0.6233469337930708,0.6017340233750501,-35.016186213193116,saves/unlearn/tofu/forget05/Llama-2-7b-chat-hf/SimNPO/lr5e-5_b16_mb8_ga2_a1.0_beta3.5_delta0_gamma0.25_e10/checkpoint-117,saves/unlearn/tofu/forget05/Llama-2-7b-chat-hf/SimNPO/lr5e-5_b16_mb8_ga2_a1.0_beta3.5_delta0_gamma0.25_e10/checkpoint-117/evals/TOFU_SUMMARY.json
lr5e-5_b16_mb8_ga2_a1.0_beta3.5_delta0_gamma0.25_e10,checkpoint-120,120,0.7680008772015572,0.11273344710043746,0.2109035588800907,0.37189859976230255,0.0001183661896190048,0.6237896445738313,0.601845961530457,-35.02004007476182,saves/unlearn/tofu/forget05/Llama-2-7b-chat-hf/SimNPO/lr5e-5_b16_mb8_ga2_a1.0_beta3.5_delta0_gamma0.25_e10/checkpoint-120,saves/unlearn/tofu/forget05/Llama-2-7b-chat-hf/SimNPO/lr5e-5_b16_mb8_ga2_a1.0_beta3.5_delta0_gamma0.25_e10/checkpoint-120/evals/TOFU_SUMMARY.json
lr5e-5_b16_mb8_ga2_a1.0_beta3.5_delta1_gamma0.125_e10,checkpoint-13,13,0.9057244905829429,0.37238890576542233,0.6470809739315883,0.5373751406978694,6.5689645859369454e-12,0.5337116918974555,0.5876373785861678,-91.19392630010886,saves/unlearn/tofu/forget05/Llama-2-7b-chat-hf/SimNPO/lr5e-5_b16_mb8_ga2_a1.0_beta3.5_delta1_gamma0.125_e10/checkpoint-13,saves/unlearn/tofu/forget05/Llama-2-7b-chat-hf/SimNPO/lr5e-5_b16_mb8_ga2_a1.0_beta3.5_delta1_gamma0.125_e10/checkpoint-13/evals/TOFU_SUMMARY.json
lr5e-5_b16_mb8_ga2_a1.0_beta3.5_delta1_gamma0.125_e10,checkpoint-26,26,0.7174112339317799,0.10548479366707213,0.18194763760242494,0.3380150199574284,0.016258459276759563,0.6251237044904755,0.5837067176132348,-8.497764758979855,saves/unlearn/tofu/forget05/Llama-2-7b-chat-hf/SimNPO/lr5e-5_b16_mb8_ga2_a1.0_beta3.5_delta1_gamma0.125_e10/checkpoint-26,saves/unlearn/tofu/forget05/Llama-2-7b-chat-hf/SimNPO/lr5e-5_b16_mb8_ga2_a1.0_beta3.5_delta1_gamma0.125_e10/checkpoint-26/evals/TOFU_SUMMARY.json
lr5e-5_b16_mb8_ga2_a1.0_beta3.5_delta1_gamma0.125_e10,checkpoint-39,39,0.6543101799488068,0.07736197105722073,0.07378329285264044,0.2690016361217171,0.0878382826713132,0.6270982133732776,0.5936256580599377,34.98150145907483,saves/unlearn/tofu/forget05/Llama-2-7b-chat-hf/SimNPO/lr5e-5_b16_mb8_ga2_a1.0_beta3.5_delta1_gamma0.125_e10/checkpoint-39,saves/unlearn/tofu/forget05/Llama-2-7b-chat-hf/SimNPO/lr5e-5_b16_mb8_ga2_a1.0_beta3.5_delta1_gamma0.125_e10/checkpoint-39/evals/TOFU_SUMMARY.json
lr5e-5_b16_mb8_ga2_a1.0_beta3.5_delta1_gamma0.125_e10,checkpoint-52,52,0.6375566556677222,0.075916509006463,0.06608269544542374,0.2654434817656086,0.2704743832803917,0.6282191614847213,0.5851320952620791,41.35964235527059,saves/unlearn/tofu/forget05/Llama-2-7b-chat-hf/SimNPO/lr5e-5_b16_mb8_ga2_a1.0_beta3.5_delta1_gamma0.125_e10/checkpoint-52,saves/unlearn/tofu/forget05/Llama-2-7b-chat-hf/SimNPO/lr5e-5_b16_mb8_ga2_a1.0_beta3.5_delta1_gamma0.125_e10/checkpoint-52/evals/TOFU_SUMMARY.json
lr5e-5_b16_mb8_ga2_a1.0_beta3.5_delta1_gamma0.125_e10,checkpoint-65,65,0.6459935702756048,0.07759603870029907,0.06516373810386561,0.2642159619303023,0.11228360286766195,0.619877333104787,0.5949323560233565,43.941729606298466,saves/unlearn/tofu/forget05/Llama-2-7b-chat-hf/SimNPO/lr5e-5_b16_mb8_ga2_a1.0_beta3.5_delta1_gamma0.125_e10/checkpoint-65,saves/unlearn/tofu/forget05/Llama-2-7b-chat-hf/SimNPO/lr5e-5_b16_mb8_ga2_a1.0_beta3.5_delta1_gamma0.125_e10/checkpoint-65/evals/TOFU_SUMMARY.json
lr5e-5_b16_mb8_ga2_a1.0_beta3.5_delta1_gamma0.125_e10,checkpoint-78,78,0.6357702157646418,0.0772520949021866,0.05034714314335846,0.25787644310695285,0.17793352788293415,0.6156613534843224,0.6051380829115814,47.79559117499681,saves/unlearn/tofu/forget05/Llama-2-7b-chat-hf/SimNPO/lr5e-5_b16_mb8_ga2_a1.0_beta3.5_delta1_gamma0.125_e10/checkpoint-78,saves/unlearn/tofu/forget05/Llama-2-7b-chat-hf/SimNPO/lr5e-5_b16_mb8_ga2_a1.0_beta3.5_delta1_gamma0.125_e10/checkpoint-78/evals/TOFU_SUMMARY.json
lr5e-5_b16_mb8_ga2_a1.0_beta3.5_delta1_gamma0.125_e10,checkpoint-91,91,0.6384380228817463,0.08045587815205035,0.05282311916122826,0.2521168430105158,0.220541217580421,0.6222535935378436,0.607710337042297,47.88808385264558,saves/unlearn/tofu/forget05/Llama-2-7b-chat-hf/SimNPO/lr5e-5_b16_mb8_ga2_a1.0_beta3.5_delta1_gamma0.125_e10/checkpoint-91,saves/unlearn/tofu/forget05/Llama-2-7b-chat-hf/SimNPO/lr5e-5_b16_mb8_ga2_a1.0_beta3.5_delta1_gamma0.125_e10/checkpoint-91/evals/TOFU_SUMMARY.json
lr5e-5_b16_mb8_ga2_a1.0_beta3.5_delta1_gamma0.125_e10,checkpoint-104,104,0.6397052818536758,0.08156329936037895,0.0523068406138081,0.25400660480708576,0.2704743832803917,0.6230092798685536,0.6062566632780633,47.83412979068379,saves/unlearn/tofu/forget05/Llama-2-7b-chat-hf/SimNPO/lr5e-5_b16_mb8_ga2_a1.0_beta3.5_delta1_gamma0.125_e10/checkpoint-104,saves/unlearn/tofu/forget05/Llama-2-7b-chat-hf/SimNPO/lr5e-5_b16_mb8_ga2_a1.0_beta3.5_delta1_gamma0.125_e10/checkpoint-104/evals/TOFU_SUMMARY.json
lr5e-5_b16_mb8_ga2_a1.0_beta3.5_delta1_gamma0.125_e10,checkpoint-117,117,0.640324892103672,0.0812555342088638,0.05175065308341861,0.2557067795037247,0.220541217580421,0.6230561837047679,0.606676426590086,48.02296900755002,saves/unlearn/tofu/forget05/Llama-2-7b-chat-hf/SimNPO/lr5e-5_b16_mb8_ga2_a1.0_beta3.5_delta1_gamma0.125_e10/checkpoint-117,saves/unlearn/tofu/forget05/Llama-2-7b-chat-hf/SimNPO/lr5e-5_b16_mb8_ga2_a1.0_beta3.5_delta1_gamma0.125_e10/checkpoint-117/evals/TOFU_SUMMARY.json
lr5e-5_b16_mb8_ga2_a1.0_beta3.5_delta1_gamma0.125_e10,checkpoint-120,120,0.640697681158781,0.08177469641920247,0.0517567269574845,0.25714419852304377,0.2704743832803917,0.6229315562047101,0.6063302952030629,47.98057653029433,saves/unlearn/tofu/forget05/Llama-2-7b-chat-hf/SimNPO/lr5e-5_b16_mb8_ga2_a1.0_beta3.5_delta1_gamma0.125_e10/checkpoint-120,saves/unlearn/tofu/forget05/Llama-2-7b-chat-hf/SimNPO/lr5e-5_b16_mb8_ga2_a1.0_beta3.5_delta1_gamma0.125_e10/checkpoint-120/evals/TOFU_SUMMARY.json
lr5e-5_b16_mb8_ga2_a1.0_beta3.5_delta1_gamma0.25_e10,checkpoint-13,13,0.8421183690428734,0.2413310566826818,0.41797849343391136,0.41224517755776297,3.602472544567432e-09,0.5437742480970226,0.5546880558058874,-79.32017880694926,saves/unlearn/tofu/forget05/Llama-2-7b-chat-hf/SimNPO/lr5e-5_b16_mb8_ga2_a1.0_beta3.5_delta1_gamma0.25_e10/checkpoint-13,saves/unlearn/tofu/forget05/Llama-2-7b-chat-hf/SimNPO/lr5e-5_b16_mb8_ga2_a1.0_beta3.5_delta1_gamma0.25_e10/checkpoint-13/evals/TOFU_SUMMARY.json
lr5e-5_b16_mb8_ga2_a1.0_beta3.5_delta1_gamma0.25_e10,checkpoint-26,26,0.6493629491329194,0.08052866146243214,0.060783823726396805,0.2645652557413483,0.46628639073563594,0.6499872064179633,0.5795515583147007,42.78942499725766,saves/unlearn/tofu/forget05/Llama-2-7b-chat-hf/SimNPO/lr5e-5_b16_mb8_ga2_a1.0_beta3.5_delta1_gamma0.25_e10/checkpoint-26,saves/unlearn/tofu/forget05/Llama-2-7b-chat-hf/SimNPO/lr5e-5_b16_mb8_ga2_a1.0_beta3.5_delta1_gamma0.25_e10/checkpoint-26/evals/TOFU_SUMMARY.json
lr5e-5_b16_mb8_ga2_a1.0_beta3.5_delta1_gamma0.25_e10,checkpoint-39,39,0.6362736093997955,0.07463826180332651,0.032101326387928564,0.2608160290524315,0.8655265369450457,0.6359073716144377,0.5736089146500002,51.35270540290537,saves/unlearn/tofu/forget05/Llama-2-7b-chat-hf/SimNPO/lr5e-5_b16_mb8_ga2_a1.0_beta3.5_delta1_gamma0.25_e10/checkpoint-39,saves/unlearn/tofu/forget05/Llama-2-7b-chat-hf/SimNPO/lr5e-5_b16_mb8_ga2_a1.0_beta3.5_delta1_gamma0.25_e10/checkpoint-39/evals/TOFU_SUMMARY.json
lr5e-5_b16_mb8_ga2_a1.0_beta3.5_delta1_gamma0.25_e10,checkpoint-52,52,0.6539660139381885,0.07533051559237995,0.037890376535033285,0.273069800665072,0.9646522162314058,0.6436329715068552,0.5803213217535877,51.56852165075249,saves/unlearn/tofu/forget05/Llama-2-7b-chat-hf/SimNPO/lr5e-5_b16_mb8_ga2_a1.0_beta3.5_delta1_gamma0.25_e10/checkpoint-52,saves/unlearn/tofu/forget05/Llama-2-7b-chat-hf/SimNPO/lr5e-5_b16_mb8_ga2_a1.0_beta3.5_delta1_gamma0.25_e10/checkpoint-52/evals/TOFU_SUMMARY.json
lr5e-5_b16_mb8_ga2_a1.0_beta3.5_delta1_gamma0.25_e10,checkpoint-65,65,0.6487563624978065,0.07432675719170884,0.0366133213500143,0.2517247117567494,0.8655265369450457,0.6428851640711817,0.5914470555681323,51.92307691507273,saves/unlearn/tofu/forget05/Llama-2-7b-chat-hf/SimNPO/lr5e-5_b16_mb8_ga2_a1.0_beta3.5_delta1_gamma0.25_e10/checkpoint-65,saves/unlearn/tofu/forget05/Llama-2-7b-chat-hf/SimNPO/lr5e-5_b16_mb8_ga2_a1.0_beta3.5_delta1_gamma0.25_e10/checkpoint-65/evals/TOFU_SUMMARY.json
lr5e-5_b16_mb8_ga2_a1.0_beta3.5_delta1_gamma0.25_e10,checkpoint-78,78,0.6408950553834438,0.07351247676628145,0.030802760080896406,0.26220017626064535,0.9238374197330625,0.6421945995734268,0.5987347224972661,52.693849228812404,saves/unlearn/tofu/forget05/Llama-2-7b-chat-hf/SimNPO/lr5e-5_b16_mb8_ga2_a1.0_beta3.5_delta1_gamma0.25_e10/checkpoint-78,saves/unlearn/tofu/forget05/Llama-2-7b-chat-hf/SimNPO/lr5e-5_b16_mb8_ga2_a1.0_beta3.5_delta1_gamma0.25_e10/checkpoint-78/evals/TOFU_SUMMARY.json
lr5e-5_b16_mb8_ga2_a1.0_beta3.5_delta1_gamma0.25_e10,checkpoint-91,91,0.6462008009850979,0.07611312717670886,0.031006041770160662,0.2618051335281929,0.9646522162314058,0.6468922685990748,0.5950372966402238,53.04455063156396,saves/unlearn/tofu/forget05/Llama-2-7b-chat-hf/SimNPO/lr5e-5_b16_mb8_ga2_a1.0_beta3.5_delta1_gamma0.25_e10/checkpoint-91,saves/unlearn/tofu/forget05/Llama-2-7b-chat-hf/SimNPO/lr5e-5_b16_mb8_ga2_a1.0_beta3.5_delta1_gamma0.25_e10/checkpoint-91/evals/TOFU_SUMMARY.json
lr5e-5_b16_mb8_ga2_a1.0_beta3.5_delta1_gamma0.25_e10,checkpoint-104,104,0.647663907557726,0.07596240598302825,0.03062435951673251,0.26128557824122844,0.9646522162314058,0.6466007418015498,0.5944796311553742,53.106212416663126,saves/unlearn/tofu/forget05/Llama-2-7b-chat-hf/SimNPO/lr5e-5_b16_mb8_ga2_a1.0_beta3.5_delta1_gamma0.25_e10/checkpoint-104,saves/unlearn/tofu/forget05/Llama-2-7b-chat-hf/SimNPO/lr5e-5_b16_mb8_ga2_a1.0_beta3.5_delta1_gamma0.25_e10/checkpoint-104/evals/TOFU_SUMMARY.json
lr5e-5_b16_mb8_ga2_a1.0_beta3.5_delta1_gamma0.25_e10,checkpoint-117,117,0.6465165910124778,0.07591503017834667,0.03029496812818252,0.26063209384987623,0.9646522162314058,0.6466441870855851,0.5947020134477402,53.1755819248997,saves/unlearn/tofu/forget05/Llama-2-7b-chat-hf/SimNPO/lr5e-5_b16_mb8_ga2_a1.0_beta3.5_delta1_gamma0.25_e10/checkpoint-117,saves/unlearn/tofu/forget05/Llama-2-7b-chat-hf/SimNPO/lr5e-5_b16_mb8_ga2_a1.0_beta3.5_delta1_gamma0.25_e10/checkpoint-117/evals/TOFU_SUMMARY.json
lr5e-5_b16_mb8_ga2_a1.0_beta3.5_delta1_gamma0.25_e10,checkpoint-120,120,0.6464679878950119,0.07572234687040495,0.030274301781319082,0.25870114284873535,0.9646522162314058,0.6466007564153716,0.5952366388499826,53.17943578646839,saves/unlearn/tofu/forget05/Llama-2-7b-chat-hf/SimNPO/lr5e-5_b16_mb8_ga2_a1.0_beta3.5_delta1_gamma0.25_e10/checkpoint-120,saves/unlearn/tofu/forget05/Llama-2-7b-chat-hf/SimNPO/lr5e-5_b16_mb8_ga2_a1.0_beta3.5_delta1_gamma0.25_e10/checkpoint-120/evals/TOFU_SUMMARY.json
lr5e-5_b16_mb8_ga2_a1.0_beta4.5_delta0_gamma0.125_e10,checkpoint-13,13,0.9492296040058136,0.5403638213063284,0.8169716471433639,0.6280061712688508,2.9623487356936016e-13,0.5368304597460911,0.5954164447872348,-98.4969939727922,saves/unlearn/tofu/forget05/Llama-2-7b-chat-hf/SimNPO/lr5e-5_b16_mb8_ga2_a1.0_beta4.5_delta0_gamma0.125_e10/checkpoint-13,saves/unlearn/tofu/forget05/Llama-2-7b-chat-hf/SimNPO/lr5e-5_b16_mb8_ga2_a1.0_beta4.5_delta0_gamma0.125_e10/checkpoint-13/evals/TOFU_SUMMARY.json
lr5e-5_b16_mb8_ga2_a1.0_beta4.5_delta0_gamma0.125_e10,checkpoint-26,26,0.8800761222839355,0.2713603055802313,0.6117233637720346,0.46118296745595644,2.4125498977354686e-08,0.5796202888734624,0.5988910042116316,-94.64313240409385,saves/unlearn/tofu/forget05/Llama-2-7b-chat-hf/SimNPO/lr5e-5_b16_mb8_ga2_a1.0_beta4.5_delta0_gamma0.125_e10/checkpoint-26,saves/unlearn/tofu/forget05/Llama-2-7b-chat-hf/SimNPO/lr5e-5_b16_mb8_ga2_a1.0_beta4.5_delta0_gamma0.125_e10/checkpoint-26/evals/TOFU_SUMMARY.json
lr5e-5_b16_mb8_ga2_a1.0_beta4.5_delta0_gamma0.125_e10,checkpoint-39,39,0.8531516033411026,0.1852725687616004,0.5255567527934909,0.42674904367181016,6.865581733487208e-09,0.5843547847164665,0.6050207705838968,-91.92615999816152,saves/unlearn/tofu/forget05/Llama-2-7b-chat-hf/SimNPO/lr5e-5_b16_mb8_ga2_a1.0_beta4.5_delta0_gamma0.125_e10/checkpoint-39,saves/unlearn/tofu/forget05/Llama-2-7b-chat-hf/SimNPO/lr5e-5_b16_mb8_ga2_a1.0_beta4.5_delta0_gamma0.125_e10/checkpoint-39/evals/TOFU_SUMMARY.json
lr5e-5_b16_mb8_ga2_a1.0_beta4.5_delta0_gamma0.125_e10,checkpoint-52,52,0.8396651324629784,0.1603087856785332,0.4671698662638664,0.4166378434798875,4.6128382074998843e-07,0.5921270226885987,0.6028853457548954,-86.78896252708661,saves/unlearn/tofu/forget05/Llama-2-7b-chat-hf/SimNPO/lr5e-5_b16_mb8_ga2_a1.0_beta4.5_delta0_gamma0.125_e10/checkpoint-52,saves/unlearn/tofu/forget05/Llama-2-7b-chat-hf/SimNPO/lr5e-5_b16_mb8_ga2_a1.0_beta4.5_delta0_gamma0.125_e10/checkpoint-52/evals/TOFU_SUMMARY.json
lr5e-5_b16_mb8_ga2_a1.0_beta4.5_delta0_gamma0.125_e10,checkpoint-65,65,0.839481466114521,0.1605815045478961,0.4591731645539403,0.4150249093515579,2.4125498977354686e-08,0.5926564538280729,0.6137204910328152,-86.51533835570908,saves/unlearn/tofu/forget05/Llama-2-7b-chat-hf/SimNPO/lr5e-5_b16_mb8_ga2_a1.0_beta4.5_delta0_gamma0.125_e10/checkpoint-65,saves/unlearn/tofu/forget05/Llama-2-7b-chat-hf/SimNPO/lr5e-5_b16_mb8_ga2_a1.0_beta4.5_delta0_gamma0.125_e10/checkpoint-65/evals/TOFU_SUMMARY.json
lr5e-5_b16_mb8_ga2_a1.0_beta4.5_delta0_gamma0.125_e10,checkpoint-78,78,0.8307088434696197,0.15339666430921906,0.42584451135247947,0.4189156052518819,8.114129962716335e-08,0.5895340519419603,0.613158149029037,-85.42084167019873,saves/unlearn/tofu/forget05/Llama-2-7b-chat-hf/SimNPO/lr5e-5_b16_mb8_ga2_a1.0_beta4.5_delta0_gamma0.125_e10/checkpoint-78,saves/unlearn/tofu/forget05/Llama-2-7b-chat-hf/SimNPO/lr5e-5_b16_mb8_ga2_a1.0_beta4.5_delta0_gamma0.125_e10/checkpoint-78/evals/TOFU_SUMMARY.json
lr5e-5_b16_mb8_ga2_a1.0_beta4.5_delta0_gamma0.125_e10,checkpoint-91,91,0.8343269836902618,0.15392334249232653,0.42307668074965477,0.4118969280351395,1.2940880677508261e-08,0.5921822899269185,0.6162925417598717,-84.51518420155462,saves/unlearn/tofu/forget05/Llama-2-7b-chat-hf/SimNPO/lr5e-5_b16_mb8_ga2_a1.0_beta4.5_delta0_gamma0.125_e10/checkpoint-91,saves/unlearn/tofu/forget05/Llama-2-7b-chat-hf/SimNPO/lr5e-5_b16_mb8_ga2_a1.0_beta4.5_delta0_gamma0.125_e10/checkpoint-91/evals/TOFU_SUMMARY.json
lr5e-5_b16_mb8_ga2_a1.0_beta4.5_delta0_gamma0.125_e10,checkpoint-104,104,0.8345860633254051,0.1562801016491994,0.41643881604075433,0.4140372452609648,4.448673570292354e-08,0.5922010540468828,0.6136367934261906,-83.94095882781858,saves/unlearn/tofu/forget05/Llama-2-7b-chat-hf/SimNPO/lr5e-5_b16_mb8_ga2_a1.0_beta4.5_delta0_gamma0.125_e10/checkpoint-104,saves/unlearn/tofu/forget05/Llama-2-7b-chat-hf/SimNPO/lr5e-5_b16_mb8_ga2_a1.0_beta4.5_delta0_gamma0.125_e10/checkpoint-104/evals/TOFU_SUMMARY.json
lr5e-5_b16_mb8_ga2_a1.0_beta4.5_delta0_gamma0.125_e10,checkpoint-117,117,0.8348417764902115,0.15794145154303502,0.41320813514292243,0.4124335313261258,4.448673570292354e-08,0.5920293059410071,0.6150570027652547,-83.82919684232628,saves/unlearn/tofu/forget05/Llama-2-7b-chat-hf/SimNPO/lr5e-5_b16_mb8_ga2_a1.0_beta4.5_delta0_gamma0.125_e10/checkpoint-117,saves/unlearn/tofu/forget05/Llama-2-7b-chat-hf/SimNPO/lr5e-5_b16_mb8_ga2_a1.0_beta4.5_delta0_gamma0.125_e10/checkpoint-117/evals/TOFU_SUMMARY.json
lr5e-5_b16_mb8_ga2_a1.0_beta4.5_delta0_gamma0.125_e10,checkpoint-120,120,0.8350922733545303,0.15498364630024902,0.41318059138953683,0.4136775649301894,4.448673570292354e-08,0.5919860140713438,0.6139795420192955,-83.8484661501698,saves/unlearn/tofu/forget05/Llama-2-7b-chat-hf/SimNPO/lr5e-5_b16_mb8_ga2_a1.0_beta4.5_delta0_gamma0.125_e10/checkpoint-120,saves/unlearn/tofu/forget05/Llama-2-7b-chat-hf/SimNPO/lr5e-5_b16_mb8_ga2_a1.0_beta4.5_delta0_gamma0.125_e10/checkpoint-120/evals/TOFU_SUMMARY.json
lr5e-5_b16_mb8_ga2_a1.0_beta4.5_delta0_gamma0.25_e10,checkpoint-13,13,0.9247455343604087,0.4308879447722909,0.731253560744226,0.5694743114394352,2.8873674273022313e-11,0.5417221056056387,0.593523299934967,-96.69338675864137,saves/unlearn/tofu/forget05/Llama-2-7b-chat-hf/SimNPO/lr5e-5_b16_mb8_ga2_a1.0_beta4.5_delta0_gamma0.25_e10/checkpoint-13,saves/unlearn/tofu/forget05/Llama-2-7b-chat-hf/SimNPO/lr5e-5_b16_mb8_ga2_a1.0_beta4.5_delta0_gamma0.25_e10/checkpoint-13/evals/TOFU_SUMMARY.json
lr5e-5_b16_mb8_ga2_a1.0_beta4.5_delta0_gamma0.25_e10,checkpoint-26,26,0.8356497150659561,0.17032050639009977,0.4317198044992983,0.41890406058465773,4.6128382074998843e-07,0.595594638071683,0.588966578415887,-79.62078000930774,saves/unlearn/tofu/forget05/Llama-2-7b-chat-hf/SimNPO/lr5e-5_b16_mb8_ga2_a1.0_beta4.5_delta0_gamma0.25_e10/checkpoint-26,saves/unlearn/tofu/forget05/Llama-2-7b-chat-hf/SimNPO/lr5e-5_b16_mb8_ga2_a1.0_beta4.5_delta0_gamma0.25_e10/checkpoint-26/evals/TOFU_SUMMARY.json
lr5e-5_b16_mb8_ga2_a1.0_beta4.5_delta0_gamma0.25_e10,checkpoint-39,39,0.8138187262415886,0.13723604923933638,0.34553869711235163,0.40494087382736,2.3797467071606504e-06,0.6033100592738185,0.5800751251436497,-71.43903189896113,saves/unlearn/tofu/forget05/Llama-2-7b-chat-hf/SimNPO/lr5e-5_b16_mb8_ga2_a1.0_beta4.5_delta0_gamma0.25_e10/checkpoint-39,saves/unlearn/tofu/forget05/Llama-2-7b-chat-hf/SimNPO/lr5e-5_b16_mb8_ga2_a1.0_beta4.5_delta0_gamma0.25_e10/checkpoint-39/evals/TOFU_SUMMARY.json
lr5e-5_b16_mb8_ga2_a1.0_beta4.5_delta0_gamma0.25_e10,checkpoint-52,52,0.8105817535519599,0.12146423852884976,0.33376306387595833,0.38730714671439787,1.3921047931216453e-06,0.6114036729941104,0.5869511576488312,-67.43872359065226,saves/unlearn/tofu/forget05/Llama-2-7b-chat-hf/SimNPO/lr5e-5_b16_mb8_ga2_a1.0_beta4.5_delta0_gamma0.25_e10/checkpoint-52,saves/unlearn/tofu/forget05/Llama-2-7b-chat-hf/SimNPO/lr5e-5_b16_mb8_ga2_a1.0_beta4.5_delta0_gamma0.25_e10/checkpoint-52/evals/TOFU_SUMMARY.json
lr5e-5_b16_mb8_ga2_a1.0_beta4.5_delta0_gamma0.25_e10,checkpoint-65,65,0.8087896683812141,0.12714508260077126,0.325401377491653,0.3910780069067476,2.6127403909667314e-07,0.6051301130129599,0.59689657210581,-67.73547093144204,saves/unlearn/tofu/forget05/Llama-2-7b-chat-hf/SimNPO/lr5e-5_b16_mb8_ga2_a1.0_beta4.5_delta0_gamma0.25_e10/checkpoint-65,saves/unlearn/tofu/forget05/Llama-2-7b-chat-hf/SimNPO/lr5e-5_b16_mb8_ga2_a1.0_beta4.5_delta0_gamma0.25_e10/checkpoint-65/evals/TOFU_SUMMARY.json
lr5e-5_b16_mb8_ga2_a1.0_beta4.5_delta0_gamma0.25_e10,checkpoint-78,78,0.8060986226797104,0.11873870836166744,0.3004795098025352,0.3870940339773601,4.6128382074998843e-07,0.5979803586552592,0.6000505643923891,-65.62740865336406,saves/unlearn/tofu/forget05/Llama-2-7b-chat-hf/SimNPO/lr5e-5_b16_mb8_ga2_a1.0_beta4.5_delta0_gamma0.25_e10/checkpoint-78,saves/unlearn/tofu/forget05/Llama-2-7b-chat-hf/SimNPO/lr5e-5_b16_mb8_ga2_a1.0_beta4.5_delta0_gamma0.25_e10/checkpoint-78/evals/TOFU_SUMMARY.json
lr5e-5_b16_mb8_ga2_a1.0_beta4.5_delta0_gamma0.25_e10,checkpoint-91,91,0.8067243584990501,0.12970515905413774,0.3050112240668386,0.3904811666258699,8.056669472003223e-07,0.6011876294343944,0.6014679784986647,-64.47510404432325,saves/unlearn/tofu/forget05/Llama-2-7b-chat-hf/SimNPO/lr5e-5_b16_mb8_ga2_a1.0_beta4.5_delta0_gamma0.25_e10/checkpoint-91,saves/unlearn/tofu/forget05/Llama-2-7b-chat-hf/SimNPO/lr5e-5_b16_mb8_ga2_a1.0_beta4.5_delta0_gamma0.25_e10/checkpoint-91/evals/TOFU_SUMMARY.json
lr5e-5_b16_mb8_ga2_a1.0_beta4.5_delta0_gamma0.25_e10,checkpoint-104,104,0.8063492399454116,0.1308181354516284,0.3031922477390617,0.3939553602892981,1.3921047931216453e-06,0.6024477075285536,0.5977806803358674,-64.13981808784648,saves/unlearn/tofu/forget05/Llama-2-7b-chat-hf/SimNPO/lr5e-5_b16_mb8_ga2_a1.0_beta4.5_delta0_gamma0.25_e10/checkpoint-104,saves/unlearn/tofu/forget05/Llama-2-7b-chat-hf/SimNPO/lr5e-5_b16_mb8_ga2_a1.0_beta4.5_delta0_gamma0.25_e10/checkpoint-104/evals/TOFU_SUMMARY.json
lr5e-5_b16_mb8_ga2_a1.0_beta4.5_delta0_gamma0.25_e10,checkpoint-117,117,0.8067629307508468,0.12997481176415424,0.3009256213158369,0.39356865871877106,4.024806511439489e-06,0.6026996865439643,0.5969337406543183,-63.83921688548803,saves/unlearn/tofu/forget05/Llama-2-7b-chat-hf/SimNPO/lr5e-5_b16_mb8_ga2_a1.0_beta4.5_delta0_gamma0.25_e10/checkpoint-117,saves/unlearn/tofu/forget05/Llama-2-7b-chat-hf/SimNPO/lr5e-5_b16_mb8_ga2_a1.0_beta4.5_delta0_gamma0.25_e10/checkpoint-117/evals/TOFU_SUMMARY.json
lr5e-5_b16_mb8_ga2_a1.0_beta4.5_delta0_gamma0.25_e10,checkpoint-120,120,0.8063283357024192,0.1287590360144802,0.3009907913580537,0.398327656582253,2.3797467071606504e-06,0.6027855451419871,0.5967805584603464,-63.97024817882375,saves/unlearn/tofu/forget05/Llama-2-7b-chat-hf/SimNPO/lr5e-5_b16_mb8_ga2_a1.0_beta4.5_delta0_gamma0.25_e10/checkpoint-120,saves/unlearn/tofu/forget05/Llama-2-7b-chat-hf/SimNPO/lr5e-5_b16_mb8_ga2_a1.0_beta4.5_delta0_gamma0.25_e10/checkpoint-120/evals/TOFU_SUMMARY.json
lr5e-5_b16_mb8_ga2_a1.0_beta4.5_delta1_gamma0.125_e10,checkpoint-13,13,0.9058168637752533,0.37483363528222813,0.6439897451549769,0.5321319365973608,3.0799540915748314e-12,0.5345103928575166,0.5793073021482807,-91.13611837657837,saves/unlearn/tofu/forget05/Llama-2-7b-chat-hf/SimNPO/lr5e-5_b16_mb8_ga2_a1.0_beta4.5_delta1_gamma0.125_e10/checkpoint-13,saves/unlearn/tofu/forget05/Llama-2-7b-chat-hf/SimNPO/lr5e-5_b16_mb8_ga2_a1.0_beta4.5_delta1_gamma0.125_e10/checkpoint-13/evals/TOFU_SUMMARY.json
lr5e-5_b16_mb8_ga2_a1.0_beta4.5_delta1_gamma0.125_e10,checkpoint-26,26,0.6977792749553919,0.09820149212297104,0.17484727551578544,0.3271730312476188,0.03956202584899502,0.6454825836678681,0.5751466329598038,-7.580545705629631,saves/unlearn/tofu/forget05/Llama-2-7b-chat-hf/SimNPO/lr5e-5_b16_mb8_ga2_a1.0_beta4.5_delta1_gamma0.125_e10/checkpoint-26,saves/unlearn/tofu/forget05/Llama-2-7b-chat-hf/SimNPO/lr5e-5_b16_mb8_ga2_a1.0_beta4.5_delta1_gamma0.125_e10/checkpoint-26/evals/TOFU_SUMMARY.json
lr5e-5_b16_mb8_ga2_a1.0_beta4.5_delta1_gamma0.125_e10,checkpoint-39,39,0.6677553495764732,0.08840430587047607,0.09527642703134916,0.29869336685199693,0.46628639073563594,0.6647305614242405,0.583376043271208,26.930784642063998,saves/unlearn/tofu/forget05/Llama-2-7b-chat-hf/SimNPO/lr5e-5_b16_mb8_ga2_a1.0_beta4.5_delta1_gamma0.125_e10/checkpoint-39,saves/unlearn/tofu/forget05/Llama-2-7b-chat-hf/SimNPO/lr5e-5_b16_mb8_ga2_a1.0_beta4.5_delta1_gamma0.125_e10/checkpoint-39/evals/TOFU_SUMMARY.json
lr5e-5_b16_mb8_ga2_a1.0_beta4.5_delta1_gamma0.125_e10,checkpoint-52,52,0.673174110352993,0.08481043234756375,0.0803096512335469,0.3021978809990002,0.6284308022715471,0.6683520935404078,0.5747903943050149,35.2705410767272,saves/unlearn/tofu/forget05/Llama-2-7b-chat-hf/SimNPO/lr5e-5_b16_mb8_ga2_a1.0_beta4.5_delta1_gamma0.125_e10/checkpoint-52,saves/unlearn/tofu/forget05/Llama-2-7b-chat-hf/SimNPO/lr5e-5_b16_mb8_ga2_a1.0_beta4.5_delta1_gamma0.125_e10/checkpoint-52/evals/TOFU_SUMMARY.json
lr5e-5_b16_mb8_ga2_a1.0_beta4.5_delta1_gamma0.125_e10,checkpoint-65,65,0.6804479854181409,0.0850022593248611,0.08227329982677474,0.2965936037036871,0.17793352788293415,0.6647011104909641,0.5868199032392191,36.8853090740118,saves/unlearn/tofu/forget05/Llama-2-7b-chat-hf/SimNPO/lr5e-5_b16_mb8_ga2_a1.0_beta4.5_delta1_gamma0.125_e10/checkpoint-65,saves/unlearn/tofu/forget05/Llama-2-7b-chat-hf/SimNPO/lr5e-5_b16_mb8_ga2_a1.0_beta4.5_delta1_gamma0.125_e10/checkpoint-65/evals/TOFU_SUMMARY.json
lr5e-5_b16_mb8_ga2_a1.0_beta4.5_delta1_gamma0.125_e10,checkpoint-78,78,0.6715310825034976,0.0818623843702278,0.06541093771564192,0.29436311978933705,0.39352743357720954,0.6526255668817305,0.5947271391883432,40.180360715248895,saves/unlearn/tofu/forget05/Llama-2-7b-chat-hf/SimNPO/lr5e-5_b16_mb8_ga2_a1.0_beta4.5_delta1_gamma0.125_e10/checkpoint-78,saves/unlearn/tofu/forget05/Llama-2-7b-chat-hf/SimNPO/lr5e-5_b16_mb8_ga2_a1.0_beta4.5_delta1_gamma0.125_e10/checkpoint-78/evals/TOFU_SUMMARY.json
lr5e-5_b16_mb8_ga2_a1.0_beta4.5_delta1_gamma0.125_e10,checkpoint-91,91,0.6770185419544578,0.08430297774104911,0.06906447655579541,0.2935867576084798,0.2704743832803917,0.6550648676975916,0.5982591146227675,40.33451517799682,saves/unlearn/tofu/forget05/Llama-2-7b-chat-hf/SimNPO/lr5e-5_b16_mb8_ga2_a1.0_beta4.5_delta1_gamma0.125_e10/checkpoint-91,saves/unlearn/tofu/forget05/Llama-2-7b-chat-hf/SimNPO/lr5e-5_b16_mb8_ga2_a1.0_beta4.5_delta1_gamma0.125_e10/checkpoint-91/evals/TOFU_SUMMARY.json
lr5e-5_b16_mb8_ga2_a1.0_beta4.5_delta1_gamma0.125_e10,checkpoint-104,104,0.6785069610551,0.08394881107438244,0.06766466065048007,0.29223256831003647,0.220541217580421,0.6522750061093862,0.5955928790652312,40.403884686233404,saves/unlearn/tofu/forget05/Llama-2-7b-chat-hf/SimNPO/lr5e-5_b16_mb8_ga2_a1.0_beta4.5_delta1_gamma0.125_e10/checkpoint-104,saves/unlearn/tofu/forget05/Llama-2-7b-chat-hf/SimNPO/lr5e-5_b16_mb8_ga2_a1.0_beta4.5_delta1_gamma0.125_e10/checkpoint-104/evals/TOFU_SUMMARY.json
lr5e-5_b16_mb8_ga2_a1.0_beta4.5_delta1_gamma0.125_e10,checkpoint-117,117,0.6768501515313983,0.08429150580303156,0.067218621862703,0.3004210159023278,0.39352743357720954,0.6535869870885346,0.5965016124981509,40.54262370270653,saves/unlearn/tofu/forget05/Llama-2-7b-chat-hf/SimNPO/lr5e-5_b16_mb8_ga2_a1.0_beta4.5_delta1_gamma0.125_e10/checkpoint-117,saves/unlearn/tofu/forget05/Llama-2-7b-chat-hf/SimNPO/lr5e-5_b16_mb8_ga2_a1.0_beta4.5_delta1_gamma0.125_e10/checkpoint-117/evals/TOFU_SUMMARY.json
lr5e-5_b16_mb8_ga2_a1.0_beta4.5_delta1_gamma0.125_e10,checkpoint-120,120,0.6763658277317881,0.08411567474656526,0.06726002423878526,0.29575482477600834,0.220541217580421,0.6531330095802198,0.5959649764533086,40.52335439486305,saves/unlearn/tofu/forget05/Llama-2-7b-chat-hf/SimNPO/lr5e-5_b16_mb8_ga2_a1.0_beta4.5_delta1_gamma0.125_e10/checkpoint-120,saves/unlearn/tofu/forget05/Llama-2-7b-chat-hf/SimNPO/lr5e-5_b16_mb8_ga2_a1.0_beta4.5_delta1_gamma0.125_e10/checkpoint-120/evals/TOFU_SUMMARY.json
lr5e-5_b16_mb8_ga2_a1.0_beta4.5_delta1_gamma0.25_e10,checkpoint-13,13,0.8439059689640999,0.24763344455310612,0.4193104347330518,0.3920581188020752,1.8694649189611297e-09,0.5442547064817209,0.5617139291632438,-80.22583627559337,saves/unlearn/tofu/forget05/Llama-2-7b-chat-hf/SimNPO/lr5e-5_b16_mb8_ga2_a1.0_beta4.5_delta1_gamma0.25_e10/checkpoint-13,saves/unlearn/tofu/forget05/Llama-2-7b-chat-hf/SimNPO/lr5e-5_b16_mb8_ga2_a1.0_beta4.5_delta1_gamma0.25_e10/checkpoint-13/evals/TOFU_SUMMARY.json
lr5e-5_b16_mb8_ga2_a1.0_beta4.5_delta1_gamma0.25_e10,checkpoint-26,26,0.6501936112344265,0.07660748095921623,0.055975372183384026,0.2809845656567682,0.7933622419382523,0.6467761245103145,0.583008451721987,44.643132411801574,saves/unlearn/tofu/forget05/Llama-2-7b-chat-hf/SimNPO/lr5e-5_b16_mb8_ga2_a1.0_beta4.5_delta1_gamma0.25_e10/checkpoint-26,saves/unlearn/tofu/forget05/Llama-2-7b-chat-hf/SimNPO/lr5e-5_b16_mb8_ga2_a1.0_beta4.5_delta1_gamma0.25_e10/checkpoint-26/evals/TOFU_SUMMARY.json
lr5e-5_b16_mb8_ga2_a1.0_beta4.5_delta1_gamma0.25_e10,checkpoint-39,39,0.6486185956001281,0.07170333868072735,0.03901141126341827,0.2690168138222709,0.9238374197330625,0.6400598530565373,0.5721264480936055,49.69169106679639,saves/unlearn/tofu/forget05/Llama-2-7b-chat-hf/SimNPO/lr5e-5_b16_mb8_ga2_a1.0_beta4.5_delta1_gamma0.25_e10/checkpoint-39,saves/unlearn/tofu/forget05/Llama-2-7b-chat-hf/SimNPO/lr5e-5_b16_mb8_ga2_a1.0_beta4.5_delta1_gamma0.25_e10/checkpoint-39/evals/TOFU_SUMMARY.json
lr5e-5_b16_mb8_ga2_a1.0_beta4.5_delta1_gamma0.25_e10,checkpoint-52,52,0.6640320640802383,0.07558700189580315,0.0472121303610038,0.28442998032224176,0.7933622419382523,0.6397900880559446,0.5720787431318284,49.649298589540706,saves/unlearn/tofu/forget05/Llama-2-7b-chat-hf/SimNPO/lr5e-5_b16_mb8_ga2_a1.0_beta4.5_delta1_gamma0.25_e10/checkpoint-52,saves/unlearn/tofu/forget05/Llama-2-7b-chat-hf/SimNPO/lr5e-5_b16_mb8_ga2_a1.0_beta4.5_delta1_gamma0.25_e10/checkpoint-52/evals/TOFU_SUMMARY.json
lr5e-5_b16_mb8_ga2_a1.0_beta4.5_delta1_gamma0.25_e10,checkpoint-65,65,0.6669287377595902,0.07628911611839707,0.04710969011677662,0.2722014421934356,0.5452713464323318,0.6404474165976702,0.581593070038459,49.48743640365538,saves/unlearn/tofu/forget05/Llama-2-7b-chat-hf/SimNPO/lr5e-5_b16_mb8_ga2_a1.0_beta4.5_delta1_gamma0.25_e10/checkpoint-65,saves/unlearn/tofu/forget05/Llama-2-7b-chat-hf/SimNPO/lr5e-5_b16_mb8_ga2_a1.0_beta4.5_delta1_gamma0.25_e10/checkpoint-65/evals/TOFU_SUMMARY.json
lr5e-5_b16_mb8_ga2_a1.0_beta4.5_delta1_gamma0.25_e10,checkpoint-78,78,0.6656471940875054,0.07510106058169097,0.040399239226826464,0.2804101870999821,0.8655265369450457,0.6366906164313831,0.5886159753638515,50.11176197778451,saves/unlearn/tofu/forget05/Llama-2-7b-chat-hf/SimNPO/lr5e-5_b16_mb8_ga2_a1.0_beta4.5_delta1_gamma0.25_e10/checkpoint-78,saves/unlearn/tofu/forget05/Llama-2-7b-chat-hf/SimNPO/lr5e-5_b16_mb8_ga2_a1.0_beta4.5_delta1_gamma0.25_e10/checkpoint-78/evals/TOFU_SUMMARY.json
lr5e-5_b16_mb8_ga2_a1.0_beta4.5_delta1_gamma0.25_e10,checkpoint-91,91,0.6676576873660087,0.07842277313697683,0.04084366809001949,0.28310207874401,0.9238374197330625,0.6360720808974036,0.5888109676818677,50.870972706818094,saves/unlearn/tofu/forget05/Llama-2-7b-chat-hf/SimNPO/lr5e-5_b16_mb8_ga2_a1.0_beta4.5_delta1_gamma0.25_e10/checkpoint-91,saves/unlearn/tofu/forget05/Llama-2-7b-chat-hf/SimNPO/lr5e-5_b16_mb8_ga2_a1.0_beta4.5_delta1_gamma0.25_e10/checkpoint-91/evals/TOFU_SUMMARY.json
lr5e-5_b16_mb8_ga2_a1.0_beta4.5_delta1_gamma0.25_e10,checkpoint-104,104,0.6702897138893604,0.08009430342807107,0.04135771074797958,0.28953834462103023,0.9238374197330625,0.6355154028550365,0.5877866300556321,50.77077230603193,saves/unlearn/tofu/forget05/Llama-2-7b-chat-hf/SimNPO/lr5e-5_b16_mb8_ga2_a1.0_beta4.5_delta1_gamma0.25_e10/checkpoint-104,saves/unlearn/tofu/forget05/Llama-2-7b-chat-hf/SimNPO/lr5e-5_b16_mb8_ga2_a1.0_beta4.5_delta1_gamma0.25_e10/checkpoint-104/evals/TOFU_SUMMARY.json
lr5e-5_b16_mb8_ga2_a1.0_beta4.5_delta1_gamma0.25_e10,checkpoint-117,117,0.6691893316805363,0.07984873176945595,0.04090604691653425,0.2918149622493498,0.8655265369450457,0.6366128418096868,0.5883090040184652,50.878680429955494,saves/unlearn/tofu/forget05/Llama-2-7b-chat-hf/SimNPO/lr5e-5_b16_mb8_ga2_a1.0_beta4.5_delta1_gamma0.25_e10/checkpoint-117,saves/unlearn/tofu/forget05/Llama-2-7b-chat-hf/SimNPO/lr5e-5_b16_mb8_ga2_a1.0_beta4.5_delta1_gamma0.25_e10/checkpoint-117/evals/TOFU_SUMMARY.json
lr5e-5_b16_mb8_ga2_a1.0_beta4.5_delta1_gamma0.25_e10,checkpoint-120,120,0.6692860026657581,0.07984873176945595,0.04093456237031205,0.29169522513040486,0.8655265369450457,0.6360184143404882,0.5879567136155304,50.88253429152417,saves/unlearn/tofu/forget05/Llama-2-7b-chat-hf/SimNPO/lr5e-5_b16_mb8_ga2_a1.0_beta4.5_delta1_gamma0.25_e10/checkpoint-120,saves/unlearn/tofu/forget05/Llama-2-7b-chat-hf/SimNPO/lr5e-5_b16_mb8_ga2_a1.0_beta4.5_delta1_gamma0.25_e10/checkpoint-120/evals/TOFU_SUMMARY.json
lr5e-5_b32_mb8_ga4_a1.0_beta3.5_delta0_gamma0.125_e10,checkpoint-7,7,0.9464302727580071,0.553079321150295,0.7900043031573296,0.5992539865784714,6.540866008411473e-13,0.5128346100198758,0.5928070154625902,-99.29859717908145,saves/unlearn/tofu/forget05/Llama-2-7b-chat-hf/SimNPO/lr5e-5_b32_mb8_ga4_a1.0_beta3.5_delta0_gamma0.125_e10/checkpoint-7,saves/unlearn/tofu/forget05/Llama-2-7b-chat-hf/SimNPO/lr5e-5_b32_mb8_ga4_a1.0_beta3.5_delta0_gamma0.125_e10/checkpoint-7/evals/TOFU_SUMMARY.json
lr5e-5_b32_mb8_ga4_a1.0_beta3.5_delta0_gamma0.125_e10,checkpoint-14,14,0.9082722988724709,0.3599748505707453,0.6914896623790264,0.5407609508875585,4.869254633582969e-10,0.5635263597920589,0.5989523813578453,-98.18483118572762,saves/unlearn/tofu/forget05/Llama-2-7b-chat-hf/SimNPO/lr5e-5_b32_mb8_ga4_a1.0_beta3.5_delta0_gamma0.125_e10/checkpoint-14,saves/unlearn/tofu/forget05/Llama-2-7b-chat-hf/SimNPO/lr5e-5_b32_mb8_ga4_a1.0_beta3.5_delta0_gamma0.125_e10/checkpoint-14/evals/TOFU_SUMMARY.json
lr5e-5_b32_mb8_ga4_a1.0_beta3.5_delta0_gamma0.125_e10,checkpoint-21,21,0.8695821115374565,0.21831315596966522,0.5624832906574011,0.4653501577730171,6.865581733487208e-09,0.5706483551694543,0.598913312117014,-93.72591335074364,saves/unlearn/tofu/forget05/Llama-2-7b-chat-hf/SimNPO/lr5e-5_b32_mb8_ga4_a1.0_beta3.5_delta0_gamma0.125_e10/checkpoint-21,saves/unlearn/tofu/forget05/Llama-2-7b-chat-hf/SimNPO/lr5e-5_b32_mb8_ga4_a1.0_beta3.5_delta0_gamma0.125_e10/checkpoint-21/evals/TOFU_SUMMARY.json
lr5e-5_b32_mb8_ga4_a1.0_beta3.5_delta0_gamma0.125_e10,checkpoint-28,28,0.857016638815403,0.2066566879199233,0.505621839389205,0.4409218038897879,8.114129962716335e-08,0.5811831883048155,0.5973742813255075,-89.90673653616359,saves/unlearn/tofu/forget05/Llama-2-7b-chat-hf/SimNPO/lr5e-5_b32_mb8_ga4_a1.0_beta3.5_delta0_gamma0.125_e10/checkpoint-28,saves/unlearn/tofu/forget05/Llama-2-7b-chat-hf/SimNPO/lr5e-5_b32_mb8_ga4_a1.0_beta3.5_delta0_gamma0.125_e10/checkpoint-28/evals/TOFU_SUMMARY.json
lr5e-5_b32_mb8_ga4_a1.0_beta3.5_delta0_gamma0.125_e10,checkpoint-35,35,0.8507789850234986,0.19230718182730341,0.4527460839599371,0.44699348215046486,1.2940880677508261e-08,0.5814001628090825,0.5981370604788343,-86.25712963060627,saves/unlearn/tofu/forget05/Llama-2-7b-chat-hf/SimNPO/lr5e-5_b32_mb8_ga4_a1.0_beta3.5_delta0_gamma0.125_e10/checkpoint-35,saves/unlearn/tofu/forget05/Llama-2-7b-chat-hf/SimNPO/lr5e-5_b32_mb8_ga4_a1.0_beta3.5_delta0_gamma0.125_e10/checkpoint-35/evals/TOFU_SUMMARY.json
lr5e-5_b32_mb8_ga4_a1.0_beta3.5_delta0_gamma0.125_e10,checkpoint-42,42,0.8438374546170234,0.17886245175276436,0.4238886204361916,0.4371884471093868,8.114129962716335e-08,0.5815534613245575,0.6048065123422118,-85.08555571372196,saves/unlearn/tofu/forget05/Llama-2-7b-chat-hf/SimNPO/lr5e-5_b32_mb8_ga4_a1.0_beta3.5_delta0_gamma0.125_e10/checkpoint-42,saves/unlearn/tofu/forget05/Llama-2-7b-chat-hf/SimNPO/lr5e-5_b32_mb8_ga4_a1.0_beta3.5_delta0_gamma0.125_e10/checkpoint-42/evals/TOFU_SUMMARY.json
lr5e-5_b32_mb8_ga4_a1.0_beta3.5_delta0_gamma0.125_e10,checkpoint-49,49,0.8403290697932243,0.1723706408835031,0.4079692792147398,0.4272481295622844,8.114129962716335e-08,0.5841073093286339,0.6099984119971243,-84.25312161488314,saves/unlearn/tofu/forget05/Llama-2-7b-chat-hf/SimNPO/lr5e-5_b32_mb8_ga4_a1.0_beta3.5_delta0_gamma0.125_e10/checkpoint-49,saves/unlearn/tofu/forget05/Llama-2-7b-chat-hf/SimNPO/lr5e-5_b32_mb8_ga4_a1.0_beta3.5_delta0_gamma0.125_e10/checkpoint-49/evals/TOFU_SUMMARY.json
lr5e-5_b32_mb8_ga4_a1.0_beta3.5_delta0_gamma0.125_e10,checkpoint-56,56,0.839873763024807,0.16949796248663113,0.40225929833948615,0.4230028653308123,4.6128382074998843e-07,0.5841218295008401,0.6104353550118773,-83.82919684232634,saves/unlearn/tofu/forget05/Llama-2-7b-chat-hf/SimNPO/lr5e-5_b32_mb8_ga4_a1.0_beta3.5_delta0_gamma0.125_e10/checkpoint-56,saves/unlearn/tofu/forget05/Llama-2-7b-chat-hf/SimNPO/lr5e-5_b32_mb8_ga4_a1.0_beta3.5_delta0_gamma0.125_e10/checkpoint-56/evals/TOFU_SUMMARY.json
lr5e-5_b32_mb8_ga4_a1.0_beta3.5_delta0_gamma0.125_e10,checkpoint-60,60,0.8401298317313194,0.16829348069391403,0.40219012152403594,0.42459905792012237,4.6128382074998843e-07,0.5845490113155156,0.6096061005356549,-83.87929704271939,saves/unlearn/tofu/forget05/Llama-2-7b-chat-hf/SimNPO/lr5e-5_b32_mb8_ga4_a1.0_beta3.5_delta0_gamma0.125_e10/checkpoint-60,saves/unlearn/tofu/forget05/Llama-2-7b-chat-hf/SimNPO/lr5e-5_b32_mb8_ga4_a1.0_beta3.5_delta0_gamma0.125_e10/checkpoint-60/evals/TOFU_SUMMARY.json
lr5e-5_b32_mb8_ga4_a1.0_beta3.5_delta0_gamma0.25_e10,checkpoint-7,7,0.9198958072066307,0.4139735378847412,0.6930231386423111,0.5228092768119705,6.540866008411473e-13,0.5192138216506693,0.5928288028637907,-97.83412978297609,saves/unlearn/tofu/forget05/Llama-2-7b-chat-hf/SimNPO/lr5e-5_b32_mb8_ga4_a1.0_beta3.5_delta0_gamma0.25_e10/checkpoint-7,saves/unlearn/tofu/forget05/Llama-2-7b-chat-hf/SimNPO/lr5e-5_b32_mb8_ga4_a1.0_beta3.5_delta0_gamma0.25_e10/checkpoint-7/evals/TOFU_SUMMARY.json
lr5e-5_b32_mb8_ga4_a1.0_beta3.5_delta0_gamma0.25_e10,checkpoint-14,14,0.8566401383280754,0.22339973537706784,0.5282916767895222,0.4396368300978601,2.4125498977354686e-08,0.5921298712413657,0.5920314901570245,-89.6485278110608,saves/unlearn/tofu/forget05/Llama-2-7b-chat-hf/SimNPO/lr5e-5_b32_mb8_ga4_a1.0_beta3.5_delta0_gamma0.25_e10/checkpoint-14,saves/unlearn/tofu/forget05/Llama-2-7b-chat-hf/SimNPO/lr5e-5_b32_mb8_ga4_a1.0_beta3.5_delta0_gamma0.25_e10/checkpoint-14/evals/TOFU_SUMMARY.json
lr5e-5_b32_mb8_ga4_a1.0_beta3.5_delta0_gamma0.25_e10,checkpoint-21,21,0.8130791878700256,0.15421232472718407,0.3479935518652201,0.4029921262307478,2.9607827368482373e-05,0.6025993748206264,0.5870954154205067,-71.93618004132325,saves/unlearn/tofu/forget05/Llama-2-7b-chat-hf/SimNPO/lr5e-5_b32_mb8_ga4_a1.0_beta3.5_delta0_gamma0.25_e10/checkpoint-21,saves/unlearn/tofu/forget05/Llama-2-7b-chat-hf/SimNPO/lr5e-5_b32_mb8_ga4_a1.0_beta3.5_delta0_gamma0.25_e10/checkpoint-21/evals/TOFU_SUMMARY.json
lr5e-5_b32_mb8_ga4_a1.0_beta3.5_delta0_gamma0.25_e10,checkpoint-28,28,0.8083046168088913,0.14611829748449212,0.3121658008918166,0.3868672282514812,0.0001183661896190048,0.613819741302077,0.5889611789265581,-65.19577615766985,saves/unlearn/tofu/forget05/Llama-2-7b-chat-hf/SimNPO/lr5e-5_b32_mb8_ga4_a1.0_beta3.5_delta0_gamma0.25_e10/checkpoint-28,saves/unlearn/tofu/forget05/Llama-2-7b-chat-hf/SimNPO/lr5e-5_b32_mb8_ga4_a1.0_beta3.5_delta0_gamma0.25_e10/checkpoint-28/evals/TOFU_SUMMARY.json
lr5e-5_b32_mb8_ga4_a1.0_beta3.5_delta0_gamma0.25_e10,checkpoint-35,35,0.7973157772421837,0.13295965649648261,0.2800979397818446,0.38133539991668514,0.0001183661896190048,0.6208773045795618,0.5974556491044232,-58.74441189166881,saves/unlearn/tofu/forget05/Llama-2-7b-chat-hf/SimNPO/lr5e-5_b32_mb8_ga4_a1.0_beta3.5_delta0_gamma0.25_e10/checkpoint-35,saves/unlearn/tofu/forget05/Llama-2-7b-chat-hf/SimNPO/lr5e-5_b32_mb8_ga4_a1.0_beta3.5_delta0_gamma0.25_e10/checkpoint-35/evals/TOFU_SUMMARY.json
lr5e-5_b32_mb8_ga4_a1.0_beta3.5_delta0_gamma0.25_e10,checkpoint-42,42,0.7940373879671097,0.13419256138584706,0.2516954462043941,0.38727019201756535,0.0002829222008740643,0.6182284201087384,0.5968373488940801,-54.84815784571477,saves/unlearn/tofu/forget05/Llama-2-7b-chat-hf/SimNPO/lr5e-5_b32_mb8_ga4_a1.0_beta3.5_delta0_gamma0.25_e10/checkpoint-42,saves/unlearn/tofu/forget05/Llama-2-7b-chat-hf/SimNPO/lr5e-5_b32_mb8_ga4_a1.0_beta3.5_delta0_gamma0.25_e10/checkpoint-42/evals/TOFU_SUMMARY.json
lr5e-5_b32_mb8_ga4_a1.0_beta3.5_delta0_gamma0.25_e10,checkpoint-49,49,0.7928871405124664,0.13089268583840968,0.243746755477041,0.38614723136528034,0.0004306111484986726,0.6180473038758343,0.599569180608662,-53.1563126170562,saves/unlearn/tofu/forget05/Llama-2-7b-chat-hf/SimNPO/lr5e-5_b32_mb8_ga4_a1.0_beta3.5_delta0_gamma0.25_e10/checkpoint-49,saves/unlearn/tofu/forget05/Llama-2-7b-chat-hf/SimNPO/lr5e-5_b32_mb8_ga4_a1.0_beta3.5_delta0_gamma0.25_e10/checkpoint-49/evals/TOFU_SUMMARY.json
lr5e-5_b32_mb8_ga4_a1.0_beta3.5_delta0_gamma0.25_e10,checkpoint-56,56,0.7945124679803848,0.13270351069076713,0.24232890592887998,0.38011341175705304,0.0002829222008740643,0.6188973689906523,0.60113390254337,-52.955911815483915,saves/unlearn/tofu/forget05/Llama-2-7b-chat-hf/SimNPO/lr5e-5_b32_mb8_ga4_a1.0_beta3.5_delta0_gamma0.25_e10/checkpoint-56,saves/unlearn/tofu/forget05/Llama-2-7b-chat-hf/SimNPO/lr5e-5_b32_mb8_ga4_a1.0_beta3.5_delta0_gamma0.25_e10/checkpoint-56/evals/TOFU_SUMMARY.json
lr5e-5_b32_mb8_ga4_a1.0_beta3.5_delta0_gamma0.25_e10,checkpoint-60,60,0.7939055609703064,0.1301933062370695,0.24216437637805938,0.3788551729748738,0.0004306111484986726,0.61798212411029,0.6017921485059562,-52.81717279901079,saves/unlearn/tofu/forget05/Llama-2-7b-chat-hf/SimNPO/lr5e-5_b32_mb8_ga4_a1.0_beta3.5_delta0_gamma0.25_e10/checkpoint-60,saves/unlearn/tofu/forget05/Llama-2-7b-chat-hf/SimNPO/lr5e-5_b32_mb8_ga4_a1.0_beta3.5_delta0_gamma0.25_e10/checkpoint-60/evals/TOFU_SUMMARY.json
lr5e-5_b32_mb8_ga4_a1.0_beta3.5_delta1_gamma0.125_e10,checkpoint-7,7,0.917737777531147,0.40396386184407673,0.6822798777371645,0.5178514522885118,1.4275699621532978e-12,0.5178670031061919,0.5944187681657529,-97.46030521081235,saves/unlearn/tofu/forget05/Llama-2-7b-chat-hf/SimNPO/lr5e-5_b32_mb8_ga4_a1.0_beta3.5_delta1_gamma0.125_e10/checkpoint-7,saves/unlearn/tofu/forget05/Llama-2-7b-chat-hf/SimNPO/lr5e-5_b32_mb8_ga4_a1.0_beta3.5_delta1_gamma0.125_e10/checkpoint-7/evals/TOFU_SUMMARY.json
lr5e-5_b32_mb8_ga4_a1.0_beta3.5_delta1_gamma0.125_e10,checkpoint-14,14,0.8060724200308322,0.1754028946853186,0.3446287169773132,0.39408531399370544,1.1150402145378719e-05,0.604143154562714,0.595550929034672,-51.040542615840856,saves/unlearn/tofu/forget05/Llama-2-7b-chat-hf/SimNPO/lr5e-5_b32_mb8_ga4_a1.0_beta3.5_delta1_gamma0.125_e10/checkpoint-14,saves/unlearn/tofu/forget05/Llama-2-7b-chat-hf/SimNPO/lr5e-5_b32_mb8_ga4_a1.0_beta3.5_delta1_gamma0.125_e10/checkpoint-14/evals/TOFU_SUMMARY.json
lr5e-5_b32_mb8_ga4_a1.0_beta3.5_delta1_gamma0.125_e10,checkpoint-21,21,0.7336441433429718,0.1047248180058195,0.12851229886553484,0.32271057970815603,0.0297148244707607,0.6317358096133298,0.5932341283266765,5.418529365589869,saves/unlearn/tofu/forget05/Llama-2-7b-chat-hf/SimNPO/lr5e-5_b32_mb8_ga4_a1.0_beta3.5_delta1_gamma0.125_e10/checkpoint-21,saves/unlearn/tofu/forget05/Llama-2-7b-chat-hf/SimNPO/lr5e-5_b32_mb8_ga4_a1.0_beta3.5_delta1_gamma0.125_e10/checkpoint-21/evals/TOFU_SUMMARY.json
lr5e-5_b32_mb8_ga4_a1.0_beta3.5_delta1_gamma0.125_e10,checkpoint-28,28,0.7225787733495236,0.09831467148552374,0.10037709324205935,0.31279741058045907,0.06801920461119272,0.643605183680408,0.5943384222372113,26.0058578655764,saves/unlearn/tofu/forget05/Llama-2-7b-chat-hf/SimNPO/lr5e-5_b32_mb8_ga4_a1.0_beta3.5_delta1_gamma0.125_e10/checkpoint-28,saves/unlearn/tofu/forget05/Llama-2-7b-chat-hf/SimNPO/lr5e-5_b32_mb8_ga4_a1.0_beta3.5_delta1_gamma0.125_e10/checkpoint-28/evals/TOFU_SUMMARY.json
lr5e-5_b32_mb8_ga4_a1.0_beta3.5_delta1_gamma0.125_e10,checkpoint-35,35,0.7128386302292347,0.09481264475136411,0.0840223272412186,0.3056979347855159,0.06801920461119272,0.6435891452326509,0.5999053683173649,36.106829037134744,saves/unlearn/tofu/forget05/Llama-2-7b-chat-hf/SimNPO/lr5e-5_b32_mb8_ga4_a1.0_beta3.5_delta1_gamma0.125_e10/checkpoint-35,saves/unlearn/tofu/forget05/Llama-2-7b-chat-hf/SimNPO/lr5e-5_b32_mb8_ga4_a1.0_beta3.5_delta1_gamma0.125_e10/checkpoint-35/evals/TOFU_SUMMARY.json
lr5e-5_b32_mb8_ga4_a1.0_beta3.5_delta1_gamma0.125_e10,checkpoint-42,42,0.7043424780666828,0.08871663632586252,0.07285914658277762,0.3020506860858169,0.03956202584899502,0.6408719453248441,0.6052375766499587,39.45968860190231,saves/unlearn/tofu/forget05/Llama-2-7b-chat-hf/SimNPO/lr5e-5_b32_mb8_ga4_a1.0_beta3.5_delta1_gamma0.125_e10/checkpoint-42,saves/unlearn/tofu/forget05/Llama-2-7b-chat-hf/SimNPO/lr5e-5_b32_mb8_ga4_a1.0_beta3.5_delta1_gamma0.125_e10/checkpoint-42/evals/TOFU_SUMMARY.json
lr5e-5_b32_mb8_ga4_a1.0_beta3.5_delta1_gamma0.125_e10,checkpoint-49,49,0.704044862985611,0.08789691390687066,0.07060026102906704,0.30609705259675635,0.03956202584899502,0.641692073192354,0.6078015848941782,40.650531826630086,saves/unlearn/tofu/forget05/Llama-2-7b-chat-hf/SimNPO/lr5e-5_b32_mb8_ga4_a1.0_beta3.5_delta1_gamma0.125_e10/checkpoint-49,saves/unlearn/tofu/forget05/Llama-2-7b-chat-hf/SimNPO/lr5e-5_b32_mb8_ga4_a1.0_beta3.5_delta1_gamma0.125_e10/checkpoint-49/evals/TOFU_SUMMARY.json
lr5e-5_b32_mb8_ga4_a1.0_beta3.5_delta1_gamma0.125_e10,checkpoint-56,56,0.7057231837511062,0.08944850120845796,0.07054349604017261,0.30534421280165924,0.03956202584899502,0.641049368528364,0.6100449266055826,40.82010173565281,saves/unlearn/tofu/forget05/Llama-2-7b-chat-hf/SimNPO/lr5e-5_b32_mb8_ga4_a1.0_beta3.5_delta1_gamma0.125_e10/checkpoint-56,saves/unlearn/tofu/forget05/Llama-2-7b-chat-hf/SimNPO/lr5e-5_b32_mb8_ga4_a1.0_beta3.5_delta1_gamma0.125_e10/checkpoint-56/evals/TOFU_SUMMARY.json
lr5e-5_b32_mb8_ga4_a1.0_beta3.5_delta1_gamma0.125_e10,checkpoint-60,60,0.7050809919834137,0.08789691390687066,0.07063911776631357,0.3078860688940079,0.052139087188847716,0.640722305575189,0.6102093113385489,40.796978566240625,saves/unlearn/tofu/forget05/Llama-2-7b-chat-hf/SimNPO/lr5e-5_b32_mb8_ga4_a1.0_beta3.5_delta1_gamma0.125_e10/checkpoint-60,saves/unlearn/tofu/forget05/Llama-2-7b-chat-hf/SimNPO/lr5e-5_b32_mb8_ga4_a1.0_beta3.5_delta1_gamma0.125_e10/checkpoint-60/evals/TOFU_SUMMARY.json
lr5e-5_b32_mb8_ga4_a1.0_beta3.5_delta1_gamma0.25_e10,checkpoint-7,7,0.8844711133837699,0.29736718061449635,0.5578000828437507,0.4553297903063624,4.869254633582969e-10,0.5418337957801282,0.5984374869010175,-92.71620161974468,saves/unlearn/tofu/forget05/Llama-2-7b-chat-hf/SimNPO/lr5e-5_b32_mb8_ga4_a1.0_beta3.5_delta1_gamma0.25_e10/checkpoint-7,saves/unlearn/tofu/forget05/Llama-2-7b-chat-hf/SimNPO/lr5e-5_b32_mb8_ga4_a1.0_beta3.5_delta1_gamma0.25_e10/checkpoint-7/evals/TOFU_SUMMARY.json
lr5e-5_b32_mb8_ga4_a1.0_beta3.5_delta1_gamma0.25_e10,checkpoint-14,14,0.6935638669133186,0.08259891666828686,0.08651336496812291,0.2852186613608456,0.9877895282790693,0.6717674148786729,0.5929417721457232,28.64189917856606,saves/unlearn/tofu/forget05/Llama-2-7b-chat-hf/SimNPO/lr5e-5_b32_mb8_ga4_a1.0_beta3.5_delta1_gamma0.25_e10/checkpoint-14,saves/unlearn/tofu/forget05/Llama-2-7b-chat-hf/SimNPO/lr5e-5_b32_mb8_ga4_a1.0_beta3.5_delta1_gamma0.25_e10/checkpoint-14/evals/TOFU_SUMMARY.json
lr5e-5_b32_mb8_ga4_a1.0_beta3.5_delta1_gamma0.25_e10,checkpoint-21,21,0.6786951486766338,0.07660047973963924,0.051988722085006885,0.2748334126533992,0.39352743357720954,0.6788288369962998,0.5933577876729863,47.42562046440178,saves/unlearn/tofu/forget05/Llama-2-7b-chat-hf/SimNPO/lr5e-5_b32_mb8_ga4_a1.0_beta3.5_delta1_gamma0.25_e10/checkpoint-21,saves/unlearn/tofu/forget05/Llama-2-7b-chat-hf/SimNPO/lr5e-5_b32_mb8_ga4_a1.0_beta3.5_delta1_gamma0.25_e10/checkpoint-21/evals/TOFU_SUMMARY.json
lr5e-5_b32_mb8_ga4_a1.0_beta3.5_delta1_gamma0.25_e10,checkpoint-28,28,0.6759768424928189,0.07366407011619326,0.04533155655657538,0.2643436461398908,0.220541217580421,0.6729294133076286,0.5906791826230955,49.51055957306758,saves/unlearn/tofu/forget05/Llama-2-7b-chat-hf/SimNPO/lr5e-5_b32_mb8_ga4_a1.0_beta3.5_delta1_gamma0.25_e10/checkpoint-28,saves/unlearn/tofu/forget05/Llama-2-7b-chat-hf/SimNPO/lr5e-5_b32_mb8_ga4_a1.0_beta3.5_delta1_gamma0.25_e10/checkpoint-28/evals/TOFU_SUMMARY.json
lr5e-5_b32_mb8_ga4_a1.0_beta3.5_delta1_gamma0.25_e10,checkpoint-35,35,0.6674238774180412,0.06846476990509316,0.04135031408901341,0.27284542902847664,0.11228360286766195,0.6815503485609993,0.6003554537614096,50.369970702887315,saves/unlearn/tofu/forget05/Llama-2-7b-chat-hf/SimNPO/lr5e-5_b32_mb8_ga4_a1.0_beta3.5_delta1_gamma0.25_e10/checkpoint-35,saves/unlearn/tofu/forget05/Llama-2-7b-chat-hf/SimNPO/lr5e-5_b32_mb8_ga4_a1.0_beta3.5_delta1_gamma0.25_e10/checkpoint-35/evals/TOFU_SUMMARY.json
lr5e-5_b32_mb8_ga4_a1.0_beta3.5_delta1_gamma0.25_e10,checkpoint-42,42,0.6589220169186593,0.06450839653092245,0.036095712191036,0.2644492581518991,0.06801920461119272,0.6775965283742056,0.6077728355364782,50.878680429955494,saves/unlearn/tofu/forget05/Llama-2-7b-chat-hf/SimNPO/lr5e-5_b32_mb8_ga4_a1.0_beta3.5_delta1_gamma0.25_e10/checkpoint-42,saves/unlearn/tofu/forget05/Llama-2-7b-chat-hf/SimNPO/lr5e-5_b32_mb8_ga4_a1.0_beta3.5_delta1_gamma0.25_e10/checkpoint-42/evals/TOFU_SUMMARY.json
lr5e-5_b32_mb8_ga4_a1.0_beta3.5_delta1_gamma0.25_e10,checkpoint-49,49,0.6630933204293251,0.06888206598344809,0.036597525252254855,0.263537347486917,0.03956202584899502,0.6798328691853049,0.612045932449775,50.95190379976076,saves/unlearn/tofu/forget05/Llama-2-7b-chat-hf/SimNPO/lr5e-5_b32_mb8_ga4_a1.0_beta3.5_delta1_gamma0.25_e10/checkpoint-49,saves/unlearn/tofu/forget05/Llama-2-7b-chat-hf/SimNPO/lr5e-5_b32_mb8_ga4_a1.0_beta3.5_delta1_gamma0.25_e10/checkpoint-49/evals/TOFU_SUMMARY.json
lr5e-5_b32_mb8_ga4_a1.0_beta3.5_delta1_gamma0.25_e10,checkpoint-56,56,0.6648330837488174,0.06917175501781798,0.037019502008188286,0.26175852206449257,0.052139087188847716,0.6796073065487164,0.6125915984264013,50.921072907211176,saves/unlearn/tofu/forget05/Llama-2-7b-chat-hf/SimNPO/lr5e-5_b32_mb8_ga4_a1.0_beta3.5_delta1_gamma0.25_e10/checkpoint-56,saves/unlearn/tofu/forget05/Llama-2-7b-chat-hf/SimNPO/lr5e-5_b32_mb8_ga4_a1.0_beta3.5_delta1_gamma0.25_e10/checkpoint-56/evals/TOFU_SUMMARY.json
lr5e-5_b32_mb8_ga4_a1.0_beta3.5_delta1_gamma0.25_e10,checkpoint-60,60,0.6647456231713295,0.06941658647050453,0.03694831992132094,0.26033655318743215,0.0297148244707607,0.6791868173089438,0.6130251108329745,50.92492676877987,saves/unlearn/tofu/forget05/Llama-2-7b-chat-hf/SimNPO/lr5e-5_b32_mb8_ga4_a1.0_beta3.5_delta1_gamma0.25_e10/checkpoint-60,saves/unlearn/tofu/forget05/Llama-2-7b-chat-hf/SimNPO/lr5e-5_b32_mb8_ga4_a1.0_beta3.5_delta1_gamma0.25_e10/checkpoint-60/evals/TOFU_SUMMARY.json
lr5e-5_b32_mb8_ga4_a1.0_beta4.5_delta0_gamma0.125_e10,checkpoint-7,7,0.9454426565766334,0.543973610085795,0.7899633018672466,0.6111842750968641,6.540866008411473e-13,0.5124201592425836,0.5939587973381962,-99.34484351790583,saves/unlearn/tofu/forget05/Llama-2-7b-chat-hf/SimNPO/lr5e-5_b32_mb8_ga4_a1.0_beta4.5_delta0_gamma0.125_e10/checkpoint-7,saves/unlearn/tofu/forget05/Llama-2-7b-chat-hf/SimNPO/lr5e-5_b32_mb8_ga4_a1.0_beta4.5_delta0_gamma0.125_e10/checkpoint-7/evals/TOFU_SUMMARY.json
lr5e-5_b32_mb8_ga4_a1.0_beta4.5_delta0_gamma0.125_e10,checkpoint-14,14,0.9118921333551406,0.3787096626748786,0.7079689778387547,0.5238819768917802,1.2127544312107394e-10,0.5599468113911139,0.5988097147717063,-98.67812546652102,saves/unlearn/tofu/forget05/Llama-2-7b-chat-hf/SimNPO/lr5e-5_b32_mb8_ga4_a1.0_beta4.5_delta0_gamma0.125_e10/checkpoint-14,saves/unlearn/tofu/forget05/Llama-2-7b-chat-hf/SimNPO/lr5e-5_b32_mb8_ga4_a1.0_beta4.5_delta0_gamma0.125_e10/checkpoint-14/evals/TOFU_SUMMARY.json
lr5e-5_b32_mb8_ga4_a1.0_beta4.5_delta0_gamma0.125_e10,checkpoint-21,21,0.8773437157273293,0.23727173244964903,0.5985806948691607,0.46796908050274744,1.8694649189611297e-09,0.5674659274787384,0.5960063033643672,-95.47171264136402,saves/unlearn/tofu/forget05/Llama-2-7b-chat-hf/SimNPO/lr5e-5_b32_mb8_ga4_a1.0_beta4.5_delta0_gamma0.125_e10/checkpoint-21,saves/unlearn/tofu/forget05/Llama-2-7b-chat-hf/SimNPO/lr5e-5_b32_mb8_ga4_a1.0_beta4.5_delta0_gamma0.125_e10/checkpoint-21/evals/TOFU_SUMMARY.json
lr5e-5_b32_mb8_ga4_a1.0_beta4.5_delta0_gamma0.125_e10,checkpoint-28,28,0.871516110599041,0.23171955860397225,0.5609954190999269,0.4591800201465553,6.865581733487208e-09,0.576504866571712,0.5940344705868934,-94.45814704879635,saves/unlearn/tofu/forget05/Llama-2-7b-chat-hf/SimNPO/lr5e-5_b32_mb8_ga4_a1.0_beta4.5_delta0_gamma0.125_e10/checkpoint-28,saves/unlearn/tofu/forget05/Llama-2-7b-chat-hf/SimNPO/lr5e-5_b32_mb8_ga4_a1.0_beta4.5_delta0_gamma0.125_e10/checkpoint-28/evals/TOFU_SUMMARY.json
lr5e-5_b32_mb8_ga4_a1.0_beta4.5_delta0_gamma0.125_e10,checkpoint-35,35,0.8647409421205521,0.20811678402310463,0.5219705460965633,0.4718680177718932,6.865581733487208e-09,0.5764566998955555,0.5944207203436273,-93.57561274956443,saves/unlearn/tofu/forget05/Llama-2-7b-chat-hf/SimNPO/lr5e-5_b32_mb8_ga4_a1.0_beta4.5_delta0_gamma0.125_e10/checkpoint-35,saves/unlearn/tofu/forget05/Llama-2-7b-chat-hf/SimNPO/lr5e-5_b32_mb8_ga4_a1.0_beta4.5_delta0_gamma0.125_e10/checkpoint-35/evals/TOFU_SUMMARY.json
lr5e-5_b32_mb8_ga4_a1.0_beta4.5_delta0_gamma0.125_e10,checkpoint-42,42,0.8609327784180641,0.20292403104399198,0.49663108341395856,0.44760469170184264,4.448673570292354e-08,0.5739611981409597,0.6005152969904467,-92.71620161974468,saves/unlearn/tofu/forget05/Llama-2-7b-chat-hf/SimNPO/lr5e-5_b32_mb8_ga4_a1.0_beta4.5_delta0_gamma0.125_e10/checkpoint-42,saves/unlearn/tofu/forget05/Llama-2-7b-chat-hf/SimNPO/lr5e-5_b32_mb8_ga4_a1.0_beta4.5_delta0_gamma0.125_e10/checkpoint-42/evals/TOFU_SUMMARY.json
lr5e-5_b32_mb8_ga4_a1.0_beta4.5_delta0_gamma0.125_e10,checkpoint-49,49,0.8585722908377648,0.20005524523483964,0.4851227658987045,0.44440113940491516,2.4125498977354686e-08,0.5751208449821137,0.6055876107165503,-92.0340681220851,saves/unlearn/tofu/forget05/Llama-2-7b-chat-hf/SimNPO/lr5e-5_b32_mb8_ga4_a1.0_beta4.5_delta0_gamma0.125_e10/checkpoint-49,saves/unlearn/tofu/forget05/Llama-2-7b-chat-hf/SimNPO/lr5e-5_b32_mb8_ga4_a1.0_beta4.5_delta0_gamma0.125_e10/checkpoint-49/evals/TOFU_SUMMARY.json
lr5e-5_b32_mb8_ga4_a1.0_beta4.5_delta0_gamma0.125_e10,checkpoint-56,56,0.8573481461405754,0.1990483007903952,0.4800799208506942,0.44598543790518846,2.4125498977354686e-08,0.5757682334151281,0.6054219923012766,-91.48296591776122,saves/unlearn/tofu/forget05/Llama-2-7b-chat-hf/SimNPO/lr5e-5_b32_mb8_ga4_a1.0_beta4.5_delta0_gamma0.125_e10/checkpoint-56,saves/unlearn/tofu/forget05/Llama-2-7b-chat-hf/SimNPO/lr5e-5_b32_mb8_ga4_a1.0_beta4.5_delta0_gamma0.125_e10/checkpoint-56/evals/TOFU_SUMMARY.json
lr5e-5_b32_mb8_ga4_a1.0_beta4.5_delta0_gamma0.125_e10,checkpoint-60,60,0.8571482583880424,0.19490124735363587,0.4795553785562515,0.44146389329903263,2.4125498977354686e-08,0.5760400320807515,0.6052845675138234,-91.38661937854374,saves/unlearn/tofu/forget05/Llama-2-7b-chat-hf/SimNPO/lr5e-5_b32_mb8_ga4_a1.0_beta4.5_delta0_gamma0.125_e10/checkpoint-60,saves/unlearn/tofu/forget05/Llama-2-7b-chat-hf/SimNPO/lr5e-5_b32_mb8_ga4_a1.0_beta4.5_delta0_gamma0.125_e10/checkpoint-60/evals/TOFU_SUMMARY.json
lr5e-5_b32_mb8_ga4_a1.0_beta4.5_delta0_gamma0.25_e10,checkpoint-7,7,0.9221632626652717,0.42214879133660554,0.7010711095482111,0.5354865522473926,6.540866008411473e-13,0.5206993429905714,0.5913306839233671,-97.89964542964395,saves/unlearn/tofu/forget05/Llama-2-7b-chat-hf/SimNPO/lr5e-5_b32_mb8_ga4_a1.0_beta4.5_delta0_gamma0.25_e10/checkpoint-7,saves/unlearn/tofu/forget05/Llama-2-7b-chat-hf/SimNPO/lr5e-5_b32_mb8_ga4_a1.0_beta4.5_delta0_gamma0.25_e10/checkpoint-7/evals/TOFU_SUMMARY.json
lr5e-5_b32_mb8_ga4_a1.0_beta4.5_delta0_gamma0.25_e10,checkpoint-14,14,0.8702421933412552,0.2316256776717579,0.5673119926452637,0.45524961195090824,6.865581733487208e-09,0.5868168326167985,0.5960559090357971,-92.72390934288208,saves/unlearn/tofu/forget05/Llama-2-7b-chat-hf/SimNPO/lr5e-5_b32_mb8_ga4_a1.0_beta4.5_delta0_gamma0.25_e10/checkpoint-14,saves/unlearn/tofu/forget05/Llama-2-7b-chat-hf/SimNPO/lr5e-5_b32_mb8_ga4_a1.0_beta4.5_delta0_gamma0.25_e10/checkpoint-14/evals/TOFU_SUMMARY.json
lr5e-5_b32_mb8_ga4_a1.0_beta4.5_delta0_gamma0.25_e10,checkpoint-21,21,0.8334377345442772,0.17853879081041046,0.42133236780762673,0.41369717730553374,2.3797467071606504e-06,0.5928498670156113,0.592104412347889,-82.97749343564398,saves/unlearn/tofu/forget05/Llama-2-7b-chat-hf/SimNPO/lr5e-5_b32_mb8_ga4_a1.0_beta4.5_delta0_gamma0.25_e10/checkpoint-21,saves/unlearn/tofu/forget05/Llama-2-7b-chat-hf/SimNPO/lr5e-5_b32_mb8_ga4_a1.0_beta4.5_delta0_gamma0.25_e10/checkpoint-21/evals/TOFU_SUMMARY.json
lr5e-5_b32_mb8_ga4_a1.0_beta4.5_delta0_gamma0.25_e10,checkpoint-28,28,0.8295951166749,0.16858804021899246,0.38641070906072855,0.40496804252192165,1.1150402145378719e-05,0.6053709192475312,0.5936419294738412,-79.51672574695287,saves/unlearn/tofu/forget05/Llama-2-7b-chat-hf/SimNPO/lr5e-5_b32_mb8_ga4_a1.0_beta4.5_delta0_gamma0.25_e10/checkpoint-28,saves/unlearn/tofu/forget05/Llama-2-7b-chat-hf/SimNPO/lr5e-5_b32_mb8_ga4_a1.0_beta4.5_delta0_gamma0.25_e10/checkpoint-28/evals/TOFU_SUMMARY.json
lr5e-5_b32_mb8_ga4_a1.0_beta4.5_delta0_gamma0.25_e10,checkpoint-35,35,0.8213113820552826,0.15124168058703802,0.3554578884691,0.4076891805426399,4.024806511439489e-06,0.6096611976062094,0.5982297947554898,-76.02127330414348,saves/unlearn/tofu/forget05/Llama-2-7b-chat-hf/SimNPO/lr5e-5_b32_mb8_ga4_a1.0_beta4.5_delta0_gamma0.25_e10/checkpoint-35,saves/unlearn/tofu/forget05/Llama-2-7b-chat-hf/SimNPO/lr5e-5_b32_mb8_ga4_a1.0_beta4.5_delta0_gamma0.25_e10/checkpoint-35/evals/TOFU_SUMMARY.json
lr5e-5_b32_mb8_ga4_a1.0_beta4.5_delta0_gamma0.25_e10,checkpoint-42,42,0.8194244602322578,0.1490577601840421,0.33870369317010046,0.414248319620689,4.6128382074998843e-07,0.6091359066213959,0.5987177073310093,-74.51826729235113,saves/unlearn/tofu/forget05/Llama-2-7b-chat-hf/SimNPO/lr5e-5_b32_mb8_ga4_a1.0_beta4.5_delta0_gamma0.25_e10/checkpoint-42,saves/unlearn/tofu/forget05/Llama-2-7b-chat-hf/SimNPO/lr5e-5_b32_mb8_ga4_a1.0_beta4.5_delta0_gamma0.25_e10/checkpoint-42/evals/TOFU_SUMMARY.json
lr5e-5_b32_mb8_ga4_a1.0_beta4.5_delta0_gamma0.25_e10,checkpoint-49,49,0.8169055986404419,0.14597180385671296,0.3299846220947802,0.4100622010516364,6.734842895808746e-06,0.6068030573081342,0.6018719774467052,-73.92477261077156,saves/unlearn/tofu/forget05/Llama-2-7b-chat-hf/SimNPO/lr5e-5_b32_mb8_ga4_a1.0_beta4.5_delta0_gamma0.25_e10/checkpoint-49,saves/unlearn/tofu/forget05/Llama-2-7b-chat-hf/SimNPO/lr5e-5_b32_mb8_ga4_a1.0_beta4.5_delta0_gamma0.25_e10/checkpoint-49/evals/TOFU_SUMMARY.json
lr5e-5_b32_mb8_ga4_a1.0_beta4.5_delta0_gamma0.25_e10,checkpoint-56,56,0.8176040402054787,0.14655508969360034,0.3268520188331604,0.40710180399957435,6.734842895808746e-06,0.6062920856994648,0.6027132564349184,-73.60875596213833,saves/unlearn/tofu/forget05/Llama-2-7b-chat-hf/SimNPO/lr5e-5_b32_mb8_ga4_a1.0_beta4.5_delta0_gamma0.25_e10/checkpoint-56,saves/unlearn/tofu/forget05/Llama-2-7b-chat-hf/SimNPO/lr5e-5_b32_mb8_ga4_a1.0_beta4.5_delta0_gamma0.25_e10/checkpoint-56/evals/TOFU_SUMMARY.json
lr5e-5_b32_mb8_ga4_a1.0_beta4.5_delta0_gamma0.25_e10,checkpoint-60,60,0.8178615313768387,0.14744550065250445,0.32662651656195524,0.40460543211045574,1.1150402145378719e-05,0.6058730347056328,0.6031410406718452,-73.57792506958873,saves/unlearn/tofu/forget05/Llama-2-7b-chat-hf/SimNPO/lr5e-5_b32_mb8_ga4_a1.0_beta4.5_delta0_gamma0.25_e10/checkpoint-60,saves/unlearn/tofu/forget05/Llama-2-7b-chat-hf/SimNPO/lr5e-5_b32_mb8_ga4_a1.0_beta4.5_delta0_gamma0.25_e10/checkpoint-60/evals/TOFU_SUMMARY.json
lr5e-5_b32_mb8_ga4_a1.0_beta4.5_delta1_gamma0.125_e10,checkpoint-7,7,0.9162935665249825,0.4017962692491512,0.6742265355959535,0.50462121232656,6.540866008411473e-13,0.5182573686256646,0.5962540459929762,-97.14043470061038,saves/unlearn/tofu/forget05/Llama-2-7b-chat-hf/SimNPO/lr5e-5_b32_mb8_ga4_a1.0_beta4.5_delta1_gamma0.125_e10/checkpoint-7,saves/unlearn/tofu/forget05/Llama-2-7b-chat-hf/SimNPO/lr5e-5_b32_mb8_ga4_a1.0_beta4.5_delta1_gamma0.125_e10/checkpoint-7/evals/TOFU_SUMMARY.json
lr5e-5_b32_mb8_ga4_a1.0_beta4.5_delta1_gamma0.125_e10,checkpoint-14,14,0.8053375354409218,0.1660569261207421,0.33073297664523127,0.4009782152444489,6.734842895808746e-06,0.6103851963107997,0.5982376917242,-46.87451826007793,saves/unlearn/tofu/forget05/Llama-2-7b-chat-hf/SimNPO/lr5e-5_b32_mb8_ga4_a1.0_beta4.5_delta1_gamma0.125_e10/checkpoint-14,saves/unlearn/tofu/forget05/Llama-2-7b-chat-hf/SimNPO/lr5e-5_b32_mb8_ga4_a1.0_beta4.5_delta1_gamma0.125_e10/checkpoint-14/evals/TOFU_SUMMARY.json
lr5e-5_b32_mb8_ga4_a1.0_beta4.5_delta1_gamma0.125_e10,checkpoint-21,21,0.7409476464986802,0.10573179369286807,0.1292435770126758,0.33390989766477136,0.0220923622208589,0.6336361334938078,0.5914988090874306,4.971481423620842,saves/unlearn/tofu/forget05/Llama-2-7b-chat-hf/SimNPO/lr5e-5_b32_mb8_ga4_a1.0_beta4.5_delta1_gamma0.125_e10/checkpoint-21,saves/unlearn/tofu/forget05/Llama-2-7b-chat-hf/SimNPO/lr5e-5_b32_mb8_ga4_a1.0_beta4.5_delta1_gamma0.125_e10/checkpoint-21/evals/TOFU_SUMMARY.json
lr5e-5_b32_mb8_ga4_a1.0_beta4.5_delta1_gamma0.125_e10,checkpoint-28,28,0.7383045218884945,0.10415425221627932,0.10972983368454152,0.32134719255897115,0.0878382826713132,0.6435646675589688,0.5974158995876391,20.097888080761834,saves/unlearn/tofu/forget05/Llama-2-7b-chat-hf/SimNPO/lr5e-5_b32_mb8_ga4_a1.0_beta4.5_delta1_gamma0.125_e10/checkpoint-28,saves/unlearn/tofu/forget05/Llama-2-7b-chat-hf/SimNPO/lr5e-5_b32_mb8_ga4_a1.0_beta4.5_delta1_gamma0.125_e10/checkpoint-28/evals/TOFU_SUMMARY.json
lr5e-5_b32_mb8_ga4_a1.0_beta4.5_delta1_gamma0.125_e10,checkpoint-35,35,0.7319911336898803,0.09319049849991602,0.10133078297956671,0.3180189067306476,0.052139087188847716,0.6414135233062177,0.606040003266791,28.17558192875356,saves/unlearn/tofu/forget05/Llama-2-7b-chat-hf/SimNPO/lr5e-5_b32_mb8_ga4_a1.0_beta4.5_delta1_gamma0.125_e10/checkpoint-35,saves/unlearn/tofu/forget05/Llama-2-7b-chat-hf/SimNPO/lr5e-5_b32_mb8_ga4_a1.0_beta4.5_delta1_gamma0.125_e10/checkpoint-35/evals/TOFU_SUMMARY.json
lr5e-5_b32_mb8_ga4_a1.0_beta4.5_delta1_gamma0.125_e10,checkpoint-42,42,0.7280542843043805,0.0918205542212256,0.0900471047020983,0.3249790437002826,0.052139087188847716,0.6362862656162126,0.6084287213008137,30.97733928919726,saves/unlearn/tofu/forget05/Llama-2-7b-chat-hf/SimNPO/lr5e-5_b32_mb8_ga4_a1.0_beta4.5_delta1_gamma0.125_e10/checkpoint-42,saves/unlearn/tofu/forget05/Llama-2-7b-chat-hf/SimNPO/lr5e-5_b32_mb8_ga4_a1.0_beta4.5_delta1_gamma0.125_e10/checkpoint-42/evals/TOFU_SUMMARY.json
lr5e-5_b32_mb8_ga4_a1.0_beta4.5_delta1_gamma0.125_e10,checkpoint-49,49,0.7274197176098823,0.08438628854546286,0.0854008344727481,0.32043766531393153,0.0878382826713132,0.6400540007719144,0.6108635977203798,31.586249417051576,saves/unlearn/tofu/forget05/Llama-2-7b-chat-hf/SimNPO/lr5e-5_b32_mb8_ga4_a1.0_beta4.5_delta1_gamma0.125_e10/checkpoint-49,saves/unlearn/tofu/forget05/Llama-2-7b-chat-hf/SimNPO/lr5e-5_b32_mb8_ga4_a1.0_beta4.5_delta1_gamma0.125_e10/checkpoint-49/evals/TOFU_SUMMARY.json
lr5e-5_b32_mb8_ga4_a1.0_beta4.5_delta1_gamma0.125_e10,checkpoint-56,56,0.7287341111898422,0.09072899392052118,0.08432465996265819,0.31688718720669395,0.06801920461119272,0.6411407863862056,0.6121463402114725,31.674888233131636,saves/unlearn/tofu/forget05/Llama-2-7b-chat-hf/SimNPO/lr5e-5_b32_mb8_ga4_a1.0_beta4.5_delta1_gamma0.125_e10/checkpoint-56,saves/unlearn/tofu/forget05/Llama-2-7b-chat-hf/SimNPO/lr5e-5_b32_mb8_ga4_a1.0_beta4.5_delta1_gamma0.125_e10/checkpoint-56/evals/TOFU_SUMMARY.json
lr5e-5_b32_mb8_ga4_a1.0_beta4.5_delta1_gamma0.125_e10,checkpoint-60,60,0.7284420011937618,0.08796941050759585,0.084368452263152,0.3154289296012981,0.06801920461119272,0.640440821188366,0.6112387304608408,31.59781100175768,saves/unlearn/tofu/forget05/Llama-2-7b-chat-hf/SimNPO/lr5e-5_b32_mb8_ga4_a1.0_beta4.5_delta1_gamma0.125_e10/checkpoint-60,saves/unlearn/tofu/forget05/Llama-2-7b-chat-hf/SimNPO/lr5e-5_b32_mb8_ga4_a1.0_beta4.5_delta1_gamma0.125_e10/checkpoint-60/evals/TOFU_SUMMARY.json
lr5e-5_b32_mb8_ga4_a1.0_beta4.5_delta1_gamma0.25_e10,checkpoint-7,7,0.8834639474749565,0.291022065974576,0.5534854597784579,0.4533229577376519,4.869254633582969e-10,0.5424252132238246,0.5994188211338384,-92.48882378719149,saves/unlearn/tofu/forget05/Llama-2-7b-chat-hf/SimNPO/lr5e-5_b32_mb8_ga4_a1.0_beta4.5_delta1_gamma0.25_e10/checkpoint-7,saves/unlearn/tofu/forget05/Llama-2-7b-chat-hf/SimNPO/lr5e-5_b32_mb8_ga4_a1.0_beta4.5_delta1_gamma0.25_e10/checkpoint-7/evals/TOFU_SUMMARY.json
lr5e-5_b32_mb8_ga4_a1.0_beta4.5_delta1_gamma0.25_e10,checkpoint-14,14,0.700886266976595,0.0858328865449127,0.09835204871487804,0.2907985151863656,0.9646522162314058,0.6739618247883763,0.5971676469722682,25.470171107527328,saves/unlearn/tofu/forget05/Llama-2-7b-chat-hf/SimNPO/lr5e-5_b32_mb8_ga4_a1.0_beta4.5_delta1_gamma0.25_e10/checkpoint-14,saves/unlearn/tofu/forget05/Llama-2-7b-chat-hf/SimNPO/lr5e-5_b32_mb8_ga4_a1.0_beta4.5_delta1_gamma0.25_e10/checkpoint-14/evals/TOFU_SUMMARY.json
lr5e-5_b32_mb8_ga4_a1.0_beta4.5_delta1_gamma0.25_e10,checkpoint-21,21,0.6883310888707638,0.07783172677735062,0.05935455784474471,0.29411378456383974,0.220541217580421,0.6759731274402767,0.5945061869346173,44.226915362382144,saves/unlearn/tofu/forget05/Llama-2-7b-chat-hf/SimNPO/lr5e-5_b32_mb8_ga4_a1.0_beta4.5_delta1_gamma0.25_e10/checkpoint-21,saves/unlearn/tofu/forget05/Llama-2-7b-chat-hf/SimNPO/lr5e-5_b32_mb8_ga4_a1.0_beta4.5_delta1_gamma0.25_e10/checkpoint-21/evals/TOFU_SUMMARY.json
lr5e-5_b32_mb8_ga4_a1.0_beta4.5_delta1_gamma0.25_e10,checkpoint-28,28,0.686505126953125,0.07928264526058632,0.05672349291583487,0.2758545061209915,0.2704743832803917,0.6718025616134671,0.599355273512218,45.06320332278969,saves/unlearn/tofu/forget05/Llama-2-7b-chat-hf/SimNPO/lr5e-5_b32_mb8_ga4_a1.0_beta4.5_delta1_gamma0.25_e10/checkpoint-28,saves/unlearn/tofu/forget05/Llama-2-7b-chat-hf/SimNPO/lr5e-5_b32_mb8_ga4_a1.0_beta4.5_delta1_gamma0.25_e10/checkpoint-28/evals/TOFU_SUMMARY.json
lr5e-5_b32_mb8_ga4_a1.0_beta4.5_delta1_gamma0.25_e10,checkpoint-35,35,0.6791696783900261,0.07911308101426213,0.053558474477022174,0.26899745363888106,0.17793352788293415,0.6778381705866604,0.6041202201592071,46.412054871834115,saves/unlearn/tofu/forget05/Llama-2-7b-chat-hf/SimNPO/lr5e-5_b32_mb8_ga4_a1.0_beta4.5_delta1_gamma0.25_e10/checkpoint-35,saves/unlearn/tofu/forget05/Llama-2-7b-chat-hf/SimNPO/lr5e-5_b32_mb8_ga4_a1.0_beta4.5_delta1_gamma0.25_e10/checkpoint-35/evals/TOFU_SUMMARY.json
lr5e-5_b32_mb8_ga4_a1.0_beta4.5_delta1_gamma0.25_e10,checkpoint-42,42,0.6686108833551407,0.07352138960574744,0.04591829095462344,0.2669418215745314,0.03956202584899502,0.6765064842638934,0.6110407017322388,47.31385847890951,saves/unlearn/tofu/forget05/Llama-2-7b-chat-hf/SimNPO/lr5e-5_b32_mb8_ga4_a1.0_beta4.5_delta1_gamma0.25_e10/checkpoint-42,saves/unlearn/tofu/forget05/Llama-2-7b-chat-hf/SimNPO/lr5e-5_b32_mb8_ga4_a1.0_beta4.5_delta1_gamma0.25_e10/checkpoint-42/evals/TOFU_SUMMARY.json
lr5e-5_b32_mb8_ga4_a1.0_beta4.5_delta1_gamma0.25_e10,checkpoint-49,49,0.6733493211865426,0.07566268856766745,0.04714301938427752,0.26347446856442613,0.052139087188847716,0.67968047218388,0.6144273464750589,47.15199629302418,saves/unlearn/tofu/forget05/Llama-2-7b-chat-hf/SimNPO/lr5e-5_b32_mb8_ga4_a1.0_beta4.5_delta1_gamma0.25_e10/checkpoint-49,saves/unlearn/tofu/forget05/Llama-2-7b-chat-hf/SimNPO/lr5e-5_b32_mb8_ga4_a1.0_beta4.5_delta1_gamma0.25_e10/checkpoint-49/evals/TOFU_SUMMARY.json
lr5e-5_b32_mb8_ga4_a1.0_beta4.5_delta1_gamma0.25_e10,checkpoint-56,56,0.6765327383577824,0.07565437867585505,0.04746622022793872,0.2662571705742674,0.03956202584899502,0.6791270660089066,0.6140896895448388,47.09804223106241,saves/unlearn/tofu/forget05/Llama-2-7b-chat-hf/SimNPO/lr5e-5_b32_mb8_ga4_a1.0_beta4.5_delta1_gamma0.25_e10/checkpoint-56,saves/unlearn/tofu/forget05/Llama-2-7b-chat-hf/SimNPO/lr5e-5_b32_mb8_ga4_a1.0_beta4.5_delta1_gamma0.25_e10/checkpoint-56/evals/TOFU_SUMMARY.json
lr5e-5_b32_mb8_ga4_a1.0_beta4.5_delta1_gamma0.25_e10,checkpoint-60,60,0.6756689028441906,0.0743276646290323,0.04741620508682218,0.26153216857667055,0.03956202584899502,0.6796656382562614,0.6141577619072522,47.078772923218914,saves/unlearn/tofu/forget05/Llama-2-7b-chat-hf/SimNPO/lr5e-5_b32_mb8_ga4_a1.0_beta4.5_delta1_gamma0.25_e10/checkpoint-60,saves/unlearn/tofu/forget05/Llama-2-7b-chat-hf/SimNPO/lr5e-5_b32_mb8_ga4_a1.0_beta4.5_delta1_gamma0.25_e10/checkpoint-60/evals/TOFU_SUMMARY.json
lr6e-5_b16_mb8_ga2_a1.0_beta3.5_delta0_gamma0.125_e10,checkpoint-13,13,0.9244485491514206,0.4154192626748465,0.7497960045188665,0.5653896389345274,6.5689645859369454e-12,0.5613492600656155,0.5932260844953409,-97.39864342571316,saves/unlearn/tofu/forget05/Llama-2-7b-chat-hf/SimNPO/lr6e-5_b16_mb8_ga2_a1.0_beta3.5_delta0_gamma0.125_e10/checkpoint-13,saves/unlearn/tofu/forget05/Llama-2-7b-chat-hf/SimNPO/lr6e-5_b16_mb8_ga2_a1.0_beta3.5_delta0_gamma0.125_e10/checkpoint-13/evals/TOFU_SUMMARY.json
lr6e-5_b16_mb8_ga2_a1.0_beta3.5_delta0_gamma0.125_e10,checkpoint-26,26,0.8322389215230942,0.1684388110522997,0.5077558507025242,0.423480187885799,4.6128382074998843e-07,0.6120624561619354,0.5638992775806533,-87.92970555142135,saves/unlearn/tofu/forget05/Llama-2-7b-chat-hf/SimNPO/lr6e-5_b16_mb8_ga2_a1.0_beta3.5_delta0_gamma0.125_e10/checkpoint-26,saves/unlearn/tofu/forget05/Llama-2-7b-chat-hf/SimNPO/lr6e-5_b16_mb8_ga2_a1.0_beta3.5_delta0_gamma0.125_e10/checkpoint-26/evals/TOFU_SUMMARY.json
lr6e-5_b16_mb8_ga2_a1.0_beta3.5_delta0_gamma0.125_e10,checkpoint-39,39,0.8038488355278969,0.13160677411292845,0.4184237799420953,0.39116482904078836,4.024806511439489e-06,0.6135398797352185,0.5749483813069317,-80.80391551089811,saves/unlearn/tofu/forget05/Llama-2-7b-chat-hf/SimNPO/lr6e-5_b16_mb8_ga2_a1.0_beta3.5_delta0_gamma0.125_e10/checkpoint-39,saves/unlearn/tofu/forget05/Llama-2-7b-chat-hf/SimNPO/lr6e-5_b16_mb8_ga2_a1.0_beta3.5_delta0_gamma0.125_e10/checkpoint-39/evals/TOFU_SUMMARY.json
lr6e-5_b16_mb8_ga2_a1.0_beta3.5_delta0_gamma0.125_e10,checkpoint-52,52,0.7913759371638298,0.11564863424305387,0.3684681862965226,0.39800569151974274,0.0001183661896190048,0.6260753734123129,0.572188144289877,-72.57206720015846,saves/unlearn/tofu/forget05/Llama-2-7b-chat-hf/SimNPO/lr6e-5_b16_mb8_ga2_a1.0_beta3.5_delta0_gamma0.125_e10/checkpoint-52,saves/unlearn/tofu/forget05/Llama-2-7b-chat-hf/SimNPO/lr6e-5_b16_mb8_ga2_a1.0_beta3.5_delta0_gamma0.125_e10/checkpoint-52/evals/TOFU_SUMMARY.json
lr6e-5_b16_mb8_ga2_a1.0_beta3.5_delta0_gamma0.125_e10,checkpoint-65,65,0.786866238117218,0.11322347490840824,0.3564634643867612,0.3779223503708231,2.3797467071606504e-06,0.6219916256800658,0.5866923038840611,-70.63357483110318,saves/unlearn/tofu/forget05/Llama-2-7b-chat-hf/SimNPO/lr6e-5_b16_mb8_ga2_a1.0_beta3.5_delta0_gamma0.125_e10/checkpoint-65,saves/unlearn/tofu/forget05/Llama-2-7b-chat-hf/SimNPO/lr6e-5_b16_mb8_ga2_a1.0_beta3.5_delta0_gamma0.125_e10/checkpoint-65/evals/TOFU_SUMMARY.json
lr6e-5_b16_mb8_ga2_a1.0_beta3.5_delta0_gamma0.125_e10,checkpoint-78,78,0.7856680929660798,0.11013697675453789,0.3327245430648327,0.38160543129923374,2.9607827368482373e-05,0.6164148636707861,0.5849311791571586,-69.05734544950558,saves/unlearn/tofu/forget05/Llama-2-7b-chat-hf/SimNPO/lr6e-5_b16_mb8_ga2_a1.0_beta3.5_delta0_gamma0.125_e10/checkpoint-78,saves/unlearn/tofu/forget05/Llama-2-7b-chat-hf/SimNPO/lr6e-5_b16_mb8_ga2_a1.0_beta3.5_delta0_gamma0.125_e10/checkpoint-78/evals/TOFU_SUMMARY.json
lr6e-5_b16_mb8_ga2_a1.0_beta3.5_delta0_gamma0.125_e10,checkpoint-91,91,0.7887405756115914,0.1142967365414229,0.3309242392331362,0.38428539386358807,7.536785951251345e-05,0.6215263544013849,0.5845224929919298,-66.61014335338213,saves/unlearn/tofu/forget05/Llama-2-7b-chat-hf/SimNPO/lr6e-5_b16_mb8_ga2_a1.0_beta3.5_delta0_gamma0.125_e10/checkpoint-91,saves/unlearn/tofu/forget05/Llama-2-7b-chat-hf/SimNPO/lr6e-5_b16_mb8_ga2_a1.0_beta3.5_delta0_gamma0.125_e10/checkpoint-91/evals/TOFU_SUMMARY.json
lr6e-5_b16_mb8_ga2_a1.0_beta3.5_delta0_gamma0.125_e10,checkpoint-104,104,0.7870307698845863,0.11435309646969144,0.321781869456172,0.3881251064893337,4.7487878961137165e-05,0.6200615968016454,0.5824950898976688,-66.04362570278346,saves/unlearn/tofu/forget05/Llama-2-7b-chat-hf/SimNPO/lr6e-5_b16_mb8_ga2_a1.0_beta3.5_delta0_gamma0.125_e10/checkpoint-104,saves/unlearn/tofu/forget05/Llama-2-7b-chat-hf/SimNPO/lr6e-5_b16_mb8_ga2_a1.0_beta3.5_delta0_gamma0.125_e10/checkpoint-104/evals/TOFU_SUMMARY.json
lr6e-5_b16_mb8_ga2_a1.0_beta3.5_delta0_gamma0.125_e10,checkpoint-117,117,0.7871576225757599,0.1132844811788255,0.319552260749042,0.38562238773706914,4.7487878961137165e-05,0.619698400209291,0.5836166905736214,-65.80854014709287,saves/unlearn/tofu/forget05/Llama-2-7b-chat-hf/SimNPO/lr6e-5_b16_mb8_ga2_a1.0_beta3.5_delta0_gamma0.125_e10/checkpoint-117,saves/unlearn/tofu/forget05/Llama-2-7b-chat-hf/SimNPO/lr6e-5_b16_mb8_ga2_a1.0_beta3.5_delta0_gamma0.125_e10/checkpoint-117/evals/TOFU_SUMMARY.json
lr6e-5_b16_mb8_ga2_a1.0_beta3.5_delta0_gamma0.125_e10,checkpoint-120,120,0.7876727959513664,0.11387559561732542,0.31968649379909037,0.38765783802766435,4.7487878961137165e-05,0.6204379760662201,0.5839189858535345,-65.7738553929746,saves/unlearn/tofu/forget05/Llama-2-7b-chat-hf/SimNPO/lr6e-5_b16_mb8_ga2_a1.0_beta3.5_delta0_gamma0.125_e10/checkpoint-120,saves/unlearn/tofu/forget05/Llama-2-7b-chat-hf/SimNPO/lr6e-5_b16_mb8_ga2_a1.0_beta3.5_delta0_gamma0.125_e10/checkpoint-120/evals/TOFU_SUMMARY.json
lr6e-5_b16_mb8_ga2_a1.0_beta3.5_delta0_gamma0.25_e10,checkpoint-13,13,0.8979465731978417,0.32343591572948016,0.6593417124822736,0.5163895234196929,2.8873674273022313e-11,0.567132853283061,0.5972968400990396,-94.22306149310575,saves/unlearn/tofu/forget05/Llama-2-7b-chat-hf/SimNPO/lr6e-5_b16_mb8_ga2_a1.0_beta3.5_delta0_gamma0.25_e10/checkpoint-13,saves/unlearn/tofu/forget05/Llama-2-7b-chat-hf/SimNPO/lr6e-5_b16_mb8_ga2_a1.0_beta3.5_delta0_gamma0.25_e10/checkpoint-13/evals/TOFU_SUMMARY.json
lr6e-5_b16_mb8_ga2_a1.0_beta3.5_delta0_gamma0.25_e10,checkpoint-26,26,0.7921022555232048,0.13141874240867593,0.36088963378220795,0.3861144871970699,2.3797467071606504e-06,0.6185385510164282,0.5704863846345432,-66.90303683260322,saves/unlearn/tofu/forget05/Llama-2-7b-chat-hf/SimNPO/lr6e-5_b16_mb8_ga2_a1.0_beta3.5_delta0_gamma0.25_e10/checkpoint-26,saves/unlearn/tofu/forget05/Llama-2-7b-chat-hf/SimNPO/lr6e-5_b16_mb8_ga2_a1.0_beta3.5_delta0_gamma0.25_e10/checkpoint-26/evals/TOFU_SUMMARY.json
lr6e-5_b16_mb8_ga2_a1.0_beta3.5_delta0_gamma0.25_e10,checkpoint-39,39,0.7602022054791451,0.10102053796790628,0.27569963097572325,0.3501174418795122,0.00018395764501293307,0.6269066483487328,0.5777936882279212,-50.007707715429696,saves/unlearn/tofu/forget05/Llama-2-7b-chat-hf/SimNPO/lr6e-5_b16_mb8_ga2_a1.0_beta3.5_delta0_gamma0.25_e10/checkpoint-39,saves/unlearn/tofu/forget05/Llama-2-7b-chat-hf/SimNPO/lr6e-5_b16_mb8_ga2_a1.0_beta3.5_delta0_gamma0.25_e10/checkpoint-39/evals/TOFU_SUMMARY.json
lr6e-5_b16_mb8_ga2_a1.0_beta3.5_delta0_gamma0.25_e10,checkpoint-52,52,0.7557329761981965,0.09417916365211924,0.25215822368860247,0.3558258678017649,0.0009668691315127085,0.6373052250692696,0.5673276066485264,-40.95498689055728,saves/unlearn/tofu/forget05/Llama-2-7b-chat-hf/SimNPO/lr6e-5_b16_mb8_ga2_a1.0_beta3.5_delta0_gamma0.25_e10/checkpoint-52,saves/unlearn/tofu/forget05/Llama-2-7b-chat-hf/SimNPO/lr6e-5_b16_mb8_ga2_a1.0_beta3.5_delta0_gamma0.25_e10/checkpoint-52/evals/TOFU_SUMMARY.json
lr6e-5_b16_mb8_ga2_a1.0_beta3.5_delta0_gamma0.25_e10,checkpoint-65,65,0.7510761997103691,0.09995398863558883,0.24807096036151052,0.33909142130631664,0.0001183661896190048,0.6313722411974326,0.5800636647522033,-41.03591798349993,saves/unlearn/tofu/forget05/Llama-2-7b-chat-hf/SimNPO/lr6e-5_b16_mb8_ga2_a1.0_beta3.5_delta0_gamma0.25_e10/checkpoint-65,saves/unlearn/tofu/forget05/Llama-2-7b-chat-hf/SimNPO/lr6e-5_b16_mb8_ga2_a1.0_beta3.5_delta0_gamma0.25_e10/checkpoint-65/evals/TOFU_SUMMARY.json
lr6e-5_b16_mb8_ga2_a1.0_beta3.5_delta0_gamma0.25_e10,checkpoint-78,78,0.74700809776783,0.09604080431455814,0.22756543638184668,0.3546340828870522,0.0009668691315127085,0.6361600562574078,0.5824196437594122,-32.37243717706607,saves/unlearn/tofu/forget05/Llama-2-7b-chat-hf/SimNPO/lr6e-5_b16_mb8_ga2_a1.0_beta3.5_delta0_gamma0.25_e10/checkpoint-78,saves/unlearn/tofu/forget05/Llama-2-7b-chat-hf/SimNPO/lr6e-5_b16_mb8_ga2_a1.0_beta3.5_delta0_gamma0.25_e10/checkpoint-78/evals/TOFU_SUMMARY.json
lr6e-5_b16_mb8_ga2_a1.0_beta3.5_delta0_gamma0.25_e10,checkpoint-91,91,0.7436577798426152,0.09867769392356913,0.21536120790056884,0.33966255203982876,0.0030098470801667434,0.6385044687294588,0.5824079815198503,-28.42993679228767,saves/unlearn/tofu/forget05/Llama-2-7b-chat-hf/SimNPO/lr6e-5_b16_mb8_ga2_a1.0_beta3.5_delta0_gamma0.25_e10/checkpoint-91,saves/unlearn/tofu/forget05/Llama-2-7b-chat-hf/SimNPO/lr6e-5_b16_mb8_ga2_a1.0_beta3.5_delta0_gamma0.25_e10/checkpoint-91/evals/TOFU_SUMMARY.json
lr6e-5_b16_mb8_ga2_a1.0_beta3.5_delta0_gamma0.25_e10,checkpoint-104,104,0.742591485530138,0.09735449589161153,0.2081629170384258,0.3322185245542274,0.0030098470801667434,0.6385953094576334,0.5816412903042759,-27.254509013834678,saves/unlearn/tofu/forget05/Llama-2-7b-chat-hf/SimNPO/lr6e-5_b16_mb8_ga2_a1.0_beta3.5_delta0_gamma0.25_e10/checkpoint-104,saves/unlearn/tofu/forget05/Llama-2-7b-chat-hf/SimNPO/lr6e-5_b16_mb8_ga2_a1.0_beta3.5_delta0_gamma0.25_e10/checkpoint-104/evals/TOFU_SUMMARY.json
lr6e-5_b16_mb8_ga2_a1.0_beta3.5_delta0_gamma0.25_e10,checkpoint-117,117,0.7413750727474689,0.09728203212349557,0.2070868156198412,0.33815263461364,0.004304993380033157,0.6395767185800623,0.5828840039443869,-26.830584241277855,saves/unlearn/tofu/forget05/Llama-2-7b-chat-hf/SimNPO/lr6e-5_b16_mb8_ga2_a1.0_beta3.5_delta0_gamma0.25_e10/checkpoint-117,saves/unlearn/tofu/forget05/Llama-2-7b-chat-hf/SimNPO/lr6e-5_b16_mb8_ga2_a1.0_beta3.5_delta0_gamma0.25_e10/checkpoint-117/evals/TOFU_SUMMARY.json
lr6e-5_b16_mb8_ga2_a1.0_beta3.5_delta0_gamma0.25_e10,checkpoint-120,120,0.7429223515093326,0.09691166175312521,0.2074300696607679,0.34211206060122207,0.0030098470801667434,0.6384965883419739,0.5822179797724041,-26.915369195789225,saves/unlearn/tofu/forget05/Llama-2-7b-chat-hf/SimNPO/lr6e-5_b16_mb8_ga2_a1.0_beta3.5_delta0_gamma0.25_e10/checkpoint-120,saves/unlearn/tofu/forget05/Llama-2-7b-chat-hf/SimNPO/lr6e-5_b16_mb8_ga2_a1.0_beta3.5_delta0_gamma0.25_e10/checkpoint-120/evals/TOFU_SUMMARY.json
lr6e-5_b16_mb8_ga2_a1.0_beta3.5_delta1_gamma0.125_e10,checkpoint-13,13,0.8782620453834533,0.2827890844960239,0.5970880658458918,0.4780988606364896,2.44374577116149e-10,0.5702006845204185,0.5950667469715699,-88.31894556985988,saves/unlearn/tofu/forget05/Llama-2-7b-chat-hf/SimNPO/lr6e-5_b16_mb8_ga2_a1.0_beta3.5_delta1_gamma0.125_e10/checkpoint-13,saves/unlearn/tofu/forget05/Llama-2-7b-chat-hf/SimNPO/lr6e-5_b16_mb8_ga2_a1.0_beta3.5_delta1_gamma0.125_e10/checkpoint-13/evals/TOFU_SUMMARY.json
lr6e-5_b16_mb8_ga2_a1.0_beta3.5_delta1_gamma0.125_e10,checkpoint-26,26,0.6605031761527062,0.08060638552230052,0.14113103056766704,0.30050931629380345,0.008539483949831865,0.6318568676802999,0.5584973932398882,10.644365652744808,saves/unlearn/tofu/forget05/Llama-2-7b-chat-hf/SimNPO/lr6e-5_b16_mb8_ga2_a1.0_beta3.5_delta1_gamma0.125_e10/checkpoint-26,saves/unlearn/tofu/forget05/Llama-2-7b-chat-hf/SimNPO/lr6e-5_b16_mb8_ga2_a1.0_beta3.5_delta1_gamma0.125_e10/checkpoint-26/evals/TOFU_SUMMARY.json
lr6e-5_b16_mb8_ga2_a1.0_beta3.5_delta1_gamma0.125_e10,checkpoint-39,39,0.6026677238196134,0.06040503262522009,0.06582099584080595,0.2524160127396003,0.39352743357720954,0.6411784787641227,0.5566543137097972,39.72945891171119,saves/unlearn/tofu/forget05/Llama-2-7b-chat-hf/SimNPO/lr6e-5_b16_mb8_ga2_a1.0_beta3.5_delta1_gamma0.125_e10/checkpoint-39,saves/unlearn/tofu/forget05/Llama-2-7b-chat-hf/SimNPO/lr6e-5_b16_mb8_ga2_a1.0_beta3.5_delta1_gamma0.125_e10/checkpoint-39/evals/TOFU_SUMMARY.json
lr6e-5_b16_mb8_ga2_a1.0_beta3.5_delta1_gamma0.125_e10,checkpoint-52,52,0.6194498281925916,0.06638074973238353,0.0682868199277766,0.2504664940179982,0.6284308022715471,0.6490648150646804,0.5639953815118453,44.07276089963421,saves/unlearn/tofu/forget05/Llama-2-7b-chat-hf/SimNPO/lr6e-5_b16_mb8_ga2_a1.0_beta3.5_delta1_gamma0.125_e10/checkpoint-52,saves/unlearn/tofu/forget05/Llama-2-7b-chat-hf/SimNPO/lr6e-5_b16_mb8_ga2_a1.0_beta3.5_delta1_gamma0.125_e10/checkpoint-52/evals/TOFU_SUMMARY.json
lr6e-5_b16_mb8_ga2_a1.0_beta3.5_delta1_gamma0.125_e10,checkpoint-65,65,0.6260885934531689,0.07059603675212127,0.06613674618335949,0.24896087985834126,0.17793352788293415,0.6489732848624999,0.5688935661572972,45.14798827730106,saves/unlearn/tofu/forget05/Llama-2-7b-chat-hf/SimNPO/lr6e-5_b16_mb8_ga2_a1.0_beta3.5_delta1_gamma0.125_e10/checkpoint-65,saves/unlearn/tofu/forget05/Llama-2-7b-chat-hf/SimNPO/lr6e-5_b16_mb8_ga2_a1.0_beta3.5_delta1_gamma0.125_e10/checkpoint-65/evals/TOFU_SUMMARY.json
lr6e-5_b16_mb8_ga2_a1.0_beta3.5_delta1_gamma0.125_e10,checkpoint-78,78,0.6209389474242926,0.067873407836071,0.058468582609706346,0.24497507943829547,0.46628639073563594,0.6420415145340631,0.5773788822662057,48.111607823630074,saves/unlearn/tofu/forget05/Llama-2-7b-chat-hf/SimNPO/lr6e-5_b16_mb8_ga2_a1.0_beta3.5_delta1_gamma0.125_e10/checkpoint-78,saves/unlearn/tofu/forget05/Llama-2-7b-chat-hf/SimNPO/lr6e-5_b16_mb8_ga2_a1.0_beta3.5_delta1_gamma0.125_e10/checkpoint-78/evals/TOFU_SUMMARY.json
lr6e-5_b16_mb8_ga2_a1.0_beta3.5_delta1_gamma0.125_e10,checkpoint-91,91,0.6230886483192444,0.06828723276688706,0.05806631475808672,0.2547243995659076,0.7125821300149116,0.6448994224402333,0.5772409831836176,49.6878372052277,saves/unlearn/tofu/forget05/Llama-2-7b-chat-hf/SimNPO/lr6e-5_b16_mb8_ga2_a1.0_beta3.5_delta1_gamma0.125_e10/checkpoint-91,saves/unlearn/tofu/forget05/Llama-2-7b-chat-hf/SimNPO/lr6e-5_b16_mb8_ga2_a1.0_beta3.5_delta1_gamma0.125_e10/checkpoint-91/evals/TOFU_SUMMARY.json
lr6e-5_b16_mb8_ga2_a1.0_beta3.5_delta1_gamma0.125_e10,checkpoint-104,104,0.6254389684647321,0.06859366028958697,0.05658533200290776,0.25789666126292543,0.7933622419382523,0.6451303736095197,0.5737970442743975,49.818868498563454,saves/unlearn/tofu/forget05/Llama-2-7b-chat-hf/SimNPO/lr6e-5_b16_mb8_ga2_a1.0_beta3.5_delta1_gamma0.125_e10/checkpoint-104,saves/unlearn/tofu/forget05/Llama-2-7b-chat-hf/SimNPO/lr6e-5_b16_mb8_ga2_a1.0_beta3.5_delta1_gamma0.125_e10/checkpoint-104/evals/TOFU_SUMMARY.json
lr6e-5_b16_mb8_ga2_a1.0_beta3.5_delta1_gamma0.125_e10,checkpoint-117,117,0.6260492163151503,0.06930221945851199,0.05620056972108898,0.26354453199990496,0.9238374197330625,0.6452193434691011,0.5742200823566671,49.984584546017466,saves/unlearn/tofu/forget05/Llama-2-7b-chat-hf/SimNPO/lr6e-5_b16_mb8_ga2_a1.0_beta3.5_delta1_gamma0.125_e10/checkpoint-117,saves/unlearn/tofu/forget05/Llama-2-7b-chat-hf/SimNPO/lr6e-5_b16_mb8_ga2_a1.0_beta3.5_delta1_gamma0.125_e10/checkpoint-117/evals/TOFU_SUMMARY.json
lr6e-5_b16_mb8_ga2_a1.0_beta3.5_delta1_gamma0.125_e10,checkpoint-120,120,0.6258414006978273,0.06922527404620071,0.05620510532607398,0.2632515576782693,0.8655265369450457,0.6461136759128985,0.5746557015203924,49.984584546017466,saves/unlearn/tofu/forget05/Llama-2-7b-chat-hf/SimNPO/lr6e-5_b16_mb8_ga2_a1.0_beta3.5_delta1_gamma0.125_e10/checkpoint-120,saves/unlearn/tofu/forget05/Llama-2-7b-chat-hf/SimNPO/lr6e-5_b16_mb8_ga2_a1.0_beta3.5_delta1_gamma0.125_e10/checkpoint-120/evals/TOFU_SUMMARY.json
lr6e-5_b16_mb8_ga2_a1.0_beta3.5_delta1_gamma0.25_e10,checkpoint-13,13,0.8186322739720344,0.21037645994979015,0.4045937929581851,0.3898798212574694,1.2940880677508261e-08,0.5788744915653049,0.5902813651073457,-68.92246029460112,saves/unlearn/tofu/forget05/Llama-2-7b-chat-hf/SimNPO/lr6e-5_b16_mb8_ga2_a1.0_beta3.5_delta1_gamma0.25_e10/checkpoint-13,saves/unlearn/tofu/forget05/Llama-2-7b-chat-hf/SimNPO/lr6e-5_b16_mb8_ga2_a1.0_beta3.5_delta1_gamma0.25_e10/checkpoint-13/evals/TOFU_SUMMARY.json
lr6e-5_b16_mb8_ga2_a1.0_beta3.5_delta1_gamma0.25_e10,checkpoint-26,26,0.5844873870164156,0.060808780045177716,0.0451413727353993,0.2441036140639546,0.11228360286766195,0.6673340078750559,0.5734345930607933,50.75150299818845,saves/unlearn/tofu/forget05/Llama-2-7b-chat-hf/SimNPO/lr6e-5_b16_mb8_ga2_a1.0_beta3.5_delta1_gamma0.25_e10/checkpoint-26,saves/unlearn/tofu/forget05/Llama-2-7b-chat-hf/SimNPO/lr6e-5_b16_mb8_ga2_a1.0_beta3.5_delta1_gamma0.25_e10/checkpoint-26/evals/TOFU_SUMMARY.json
lr6e-5_b16_mb8_ga2_a1.0_beta3.5_delta1_gamma0.25_e10,checkpoint-39,39,0.5876159603893757,0.05620941732498199,0.03298785894073717,0.23678112356048048,0.03956202584899502,0.6391099409963859,0.5851556517400447,51.14459687819567,saves/unlearn/tofu/forget05/Llama-2-7b-chat-hf/SimNPO/lr6e-5_b16_mb8_ga2_a1.0_beta3.5_delta1_gamma0.25_e10/checkpoint-39,saves/unlearn/tofu/forget05/Llama-2-7b-chat-hf/SimNPO/lr6e-5_b16_mb8_ga2_a1.0_beta3.5_delta1_gamma0.25_e10/checkpoint-39/evals/TOFU_SUMMARY.json
lr6e-5_b16_mb8_ga2_a1.0_beta3.5_delta1_gamma0.25_e10,checkpoint-52,52,0.5737958789616823,0.055826533300292504,0.03245372647016211,0.23838719384370705,0.052139087188847716,0.6579362537306639,0.578362527904717,53.23724370999887,saves/unlearn/tofu/forget05/Llama-2-7b-chat-hf/SimNPO/lr6e-5_b16_mb8_ga2_a1.0_beta3.5_delta1_gamma0.25_e10/checkpoint-52,saves/unlearn/tofu/forget05/Llama-2-7b-chat-hf/SimNPO/lr6e-5_b16_mb8_ga2_a1.0_beta3.5_delta1_gamma0.25_e10/checkpoint-52/evals/TOFU_SUMMARY.json
lr6e-5_b16_mb8_ga2_a1.0_beta3.5_delta1_gamma0.25_e10,checkpoint-65,65,0.5798370142281055,0.05822820545282321,0.029676842353765095,0.22940546333774112,0.0297148244707607,0.6510257780947455,0.5932875096731962,53.54169877392605,saves/unlearn/tofu/forget05/Llama-2-7b-chat-hf/SimNPO/lr6e-5_b16_mb8_ga2_a1.0_beta3.5_delta1_gamma0.25_e10/checkpoint-65,saves/unlearn/tofu/forget05/Llama-2-7b-chat-hf/SimNPO/lr6e-5_b16_mb8_ga2_a1.0_beta3.5_delta1_gamma0.25_e10/checkpoint-65/evals/TOFU_SUMMARY.json
lr6e-5_b16_mb8_ga2_a1.0_beta3.5_delta1_gamma0.25_e10,checkpoint-78,78,0.5724699108302593,0.053611341042656545,0.02733152714671178,0.22498413292056227,0.03956202584899502,0.6416195978442906,0.5950957523277933,53.684291651967875,saves/unlearn/tofu/forget05/Llama-2-7b-chat-hf/SimNPO/lr6e-5_b16_mb8_ga2_a1.0_beta3.5_delta1_gamma0.25_e10/checkpoint-78,saves/unlearn/tofu/forget05/Llama-2-7b-chat-hf/SimNPO/lr6e-5_b16_mb8_ga2_a1.0_beta3.5_delta1_gamma0.25_e10/checkpoint-78/evals/TOFU_SUMMARY.json
lr6e-5_b16_mb8_ga2_a1.0_beta3.5_delta1_gamma0.25_e10,checkpoint-91,91,0.5742718467861414,0.05700166237590145,0.027398622812143003,0.22975827177759015,0.0220923622208589,0.6415922246253765,0.596361591480426,53.69970709824267,saves/unlearn/tofu/forget05/Llama-2-7b-chat-hf/SimNPO/lr6e-5_b16_mb8_ga2_a1.0_beta3.5_delta1_gamma0.25_e10/checkpoint-91,saves/unlearn/tofu/forget05/Llama-2-7b-chat-hf/SimNPO/lr6e-5_b16_mb8_ga2_a1.0_beta3.5_delta1_gamma0.25_e10/checkpoint-91/evals/TOFU_SUMMARY.json
lr6e-5_b16_mb8_ga2_a1.0_beta3.5_delta1_gamma0.25_e10,checkpoint-104,104,0.5768851441890002,0.05780775751601868,0.026695582106776784,0.23015007158999568,0.0297148244707607,0.6421386862844599,0.5959308286585785,53.66116848255569,saves/unlearn/tofu/forget05/Llama-2-7b-chat-hf/SimNPO/lr6e-5_b16_mb8_ga2_a1.0_beta3.5_delta1_gamma0.25_e10/checkpoint-104,saves/unlearn/tofu/forget05/Llama-2-7b-chat-hf/SimNPO/lr6e-5_b16_mb8_ga2_a1.0_beta3.5_delta1_gamma0.25_e10/checkpoint-104/evals/TOFU_SUMMARY.json
lr6e-5_b16_mb8_ga2_a1.0_beta3.5_delta1_gamma0.25_e10,checkpoint-117,117,0.5762901414185763,0.055671516011356136,0.026672863538422006,0.2316663338756241,0.0297148244707607,0.6425562675267283,0.5951007628394795,53.684291651967875,saves/unlearn/tofu/forget05/Llama-2-7b-chat-hf/SimNPO/lr6e-5_b16_mb8_ga2_a1.0_beta3.5_delta1_gamma0.25_e10/checkpoint-117,saves/unlearn/tofu/forget05/Llama-2-7b-chat-hf/SimNPO/lr6e-5_b16_mb8_ga2_a1.0_beta3.5_delta1_gamma0.25_e10/checkpoint-117/evals/TOFU_SUMMARY.json
lr6e-5_b16_mb8_ga2_a1.0_beta3.5_delta1_gamma0.25_e10,checkpoint-120,120,0.5765851669758558,0.056950614658875826,0.026667991389892905,0.23386756683751705,0.03956202584899502,0.6418181697415285,0.5957185666956487,53.672730067261774,saves/unlearn/tofu/forget05/Llama-2-7b-chat-hf/SimNPO/lr6e-5_b16_mb8_ga2_a1.0_beta3.5_delta1_gamma0.25_e10/checkpoint-120,saves/unlearn/tofu/forget05/Llama-2-7b-chat-hf/SimNPO/lr6e-5_b16_mb8_ga2_a1.0_beta3.5_delta1_gamma0.25_e10/checkpoint-120/evals/TOFU_SUMMARY.json
lr6e-5_b16_mb8_ga2_a1.0_beta4.5_delta0_gamma0.125_e10,checkpoint-13,13,0.9251827904582024,0.41202577097439425,0.7534662522375584,0.556608871307682,6.5689645859369454e-12,0.5593897494538682,0.5954216073861164,-97.72622165905253,saves/unlearn/tofu/forget05/Llama-2-7b-chat-hf/SimNPO/lr6e-5_b16_mb8_ga2_a1.0_beta4.5_delta0_gamma0.125_e10/checkpoint-13,saves/unlearn/tofu/forget05/Llama-2-7b-chat-hf/SimNPO/lr6e-5_b16_mb8_ga2_a1.0_beta4.5_delta0_gamma0.125_e10/checkpoint-13/evals/TOFU_SUMMARY.json
lr6e-5_b16_mb8_ga2_a1.0_beta4.5_delta0_gamma0.125_e10,checkpoint-26,26,0.8444878458976746,0.185318136664606,0.5463744619488716,0.4247193614357079,2.4125498977354686e-08,0.5976592187122527,0.5658412573721849,-91.35193462442545,saves/unlearn/tofu/forget05/Llama-2-7b-chat-hf/SimNPO/lr6e-5_b16_mb8_ga2_a1.0_beta4.5_delta0_gamma0.125_e10/checkpoint-26,saves/unlearn/tofu/forget05/Llama-2-7b-chat-hf/SimNPO/lr6e-5_b16_mb8_ga2_a1.0_beta4.5_delta0_gamma0.125_e10/checkpoint-26/evals/TOFU_SUMMARY.json
lr6e-5_b16_mb8_ga2_a1.0_beta4.5_delta0_gamma0.125_e10,checkpoint-39,39,0.818012333214283,0.1484727690879674,0.4748160271719098,0.41149298294499614,8.056669472003223e-07,0.6049472929753145,0.5750814834337138,-87.82565128906651,saves/unlearn/tofu/forget05/Llama-2-7b-chat-hf/SimNPO/lr6e-5_b16_mb8_ga2_a1.0_beta4.5_delta0_gamma0.125_e10/checkpoint-39,saves/unlearn/tofu/forget05/Llama-2-7b-chat-hf/SimNPO/lr6e-5_b16_mb8_ga2_a1.0_beta4.5_delta0_gamma0.125_e10/checkpoint-39/evals/TOFU_SUMMARY.json
lr6e-5_b16_mb8_ga2_a1.0_beta4.5_delta0_gamma0.125_e10,checkpoint-52,52,0.8114690986275673,0.13455614589938375,0.4333971330523491,0.41087851156321714,8.056669472003223e-07,0.6123750731441722,0.5749766542135628,-82.4841991548506,saves/unlearn/tofu/forget05/Llama-2-7b-chat-hf/SimNPO/lr6e-5_b16_mb8_ga2_a1.0_beta4.5_delta0_gamma0.125_e10/checkpoint-52,saves/unlearn/tofu/forget05/Llama-2-7b-chat-hf/SimNPO/lr6e-5_b16_mb8_ga2_a1.0_beta4.5_delta0_gamma0.125_e10/checkpoint-52/evals/TOFU_SUMMARY.json
lr6e-5_b16_mb8_ga2_a1.0_beta4.5_delta0_gamma0.125_e10,checkpoint-65,65,0.8101337867975235,0.12775183249928335,0.4311022812873125,0.3952926663296551,1.4639479233432268e-07,0.6128841125667744,0.5821331570307046,-82.82333897289604,saves/unlearn/tofu/forget05/Llama-2-7b-chat-hf/SimNPO/lr6e-5_b16_mb8_ga2_a1.0_beta4.5_delta0_gamma0.125_e10/checkpoint-65,saves/unlearn/tofu/forget05/Llama-2-7b-chat-hf/SimNPO/lr6e-5_b16_mb8_ga2_a1.0_beta4.5_delta0_gamma0.125_e10/checkpoint-65/evals/TOFU_SUMMARY.json
lr6e-5_b16_mb8_ga2_a1.0_beta4.5_delta0_gamma0.125_e10,checkpoint-78,78,0.8100101211667061,0.12270578198599484,0.4163253682479262,0.40251113477831674,2.6127403909667314e-07,0.6067086850797956,0.5859468029995787,-82.6653306485794,saves/unlearn/tofu/forget05/Llama-2-7b-chat-hf/SimNPO/lr6e-5_b16_mb8_ga2_a1.0_beta4.5_delta0_gamma0.125_e10/checkpoint-78,saves/unlearn/tofu/forget05/Llama-2-7b-chat-hf/SimNPO/lr6e-5_b16_mb8_ga2_a1.0_beta4.5_delta0_gamma0.125_e10/checkpoint-78/evals/TOFU_SUMMARY.json
lr6e-5_b16_mb8_ga2_a1.0_beta4.5_delta0_gamma0.125_e10,checkpoint-91,91,0.8137490394711494,0.12640954640272944,0.4166582529991865,0.4080217435704639,1.4639479233432268e-07,0.6076796758481674,0.5839673739087972,-81.61708030189348,saves/unlearn/tofu/forget05/Llama-2-7b-chat-hf/SimNPO/lr6e-5_b16_mb8_ga2_a1.0_beta4.5_delta0_gamma0.125_e10/checkpoint-91,saves/unlearn/tofu/forget05/Llama-2-7b-chat-hf/SimNPO/lr6e-5_b16_mb8_ga2_a1.0_beta4.5_delta0_gamma0.125_e10/checkpoint-91/evals/TOFU_SUMMARY.json
lr6e-5_b16_mb8_ga2_a1.0_beta4.5_delta0_gamma0.125_e10,checkpoint-104,104,0.8151708495616913,0.1279151461700446,0.40934717588126657,0.4154270845172548,4.448673570292354e-08,0.6046915438486032,0.5795541580622445,-81.22784028345494,saves/unlearn/tofu/forget05/Llama-2-7b-chat-hf/SimNPO/lr6e-5_b16_mb8_ga2_a1.0_beta4.5_delta0_gamma0.125_e10/checkpoint-104,saves/unlearn/tofu/forget05/Llama-2-7b-chat-hf/SimNPO/lr6e-5_b16_mb8_ga2_a1.0_beta4.5_delta0_gamma0.125_e10/checkpoint-104/evals/TOFU_SUMMARY.json
lr6e-5_b16_mb8_ga2_a1.0_beta4.5_delta0_gamma0.125_e10,checkpoint-117,117,0.8135670578479767,0.12726297225700112,0.4071058181673288,0.41581193267362354,4.448673570292354e-08,0.6047651698717774,0.580744120350802,-81.09295512855049,saves/unlearn/tofu/forget05/Llama-2-7b-chat-hf/SimNPO/lr6e-5_b16_mb8_ga2_a1.0_beta4.5_delta0_gamma0.125_e10/checkpoint-117,saves/unlearn/tofu/forget05/Llama-2-7b-chat-hf/SimNPO/lr6e-5_b16_mb8_ga2_a1.0_beta4.5_delta0_gamma0.125_e10/checkpoint-117/evals/TOFU_SUMMARY.json
lr6e-5_b16_mb8_ga2_a1.0_beta4.5_delta0_gamma0.125_e10,checkpoint-120,120,0.8135604310035706,0.12641276521766365,0.4072049245610833,0.41553463521860495,4.448673570292354e-08,0.6042500506840685,0.5803768452814335,-81.11607829796266,saves/unlearn/tofu/forget05/Llama-2-7b-chat-hf/SimNPO/lr6e-5_b16_mb8_ga2_a1.0_beta4.5_delta0_gamma0.125_e10/checkpoint-120,saves/unlearn/tofu/forget05/Llama-2-7b-chat-hf/SimNPO/lr6e-5_b16_mb8_ga2_a1.0_beta4.5_delta0_gamma0.125_e10/checkpoint-120/evals/TOFU_SUMMARY.json
lr6e-5_b16_mb8_ga2_a1.0_beta4.5_delta0_gamma0.25_e10,checkpoint-13,13,0.8998846927285195,0.32116581343718165,0.6703109330311418,0.5204741828653513,1.2127544312107394e-10,0.5703700334272906,0.5960589370850831,-94.95529519115841,saves/unlearn/tofu/forget05/Llama-2-7b-chat-hf/SimNPO/lr6e-5_b16_mb8_ga2_a1.0_beta4.5_delta0_gamma0.25_e10/checkpoint-13,saves/unlearn/tofu/forget05/Llama-2-7b-chat-hf/SimNPO/lr6e-5_b16_mb8_ga2_a1.0_beta4.5_delta0_gamma0.25_e10/checkpoint-13/evals/TOFU_SUMMARY.json
lr6e-5_b16_mb8_ga2_a1.0_beta4.5_delta0_gamma0.25_e10,checkpoint-26,26,0.8048014932870865,0.1455762086917409,0.41041072621941566,0.38273632793036677,4.6128382074998843e-07,0.6210734560031492,0.566147511021342,-75.99815013473129,saves/unlearn/tofu/forget05/Llama-2-7b-chat-hf/SimNPO/lr6e-5_b16_mb8_ga2_a1.0_beta4.5_delta0_gamma0.25_e10/checkpoint-26,saves/unlearn/tofu/forget05/Llama-2-7b-chat-hf/SimNPO/lr6e-5_b16_mb8_ga2_a1.0_beta4.5_delta0_gamma0.25_e10/checkpoint-26/evals/TOFU_SUMMARY.json
lr6e-5_b16_mb8_ga2_a1.0_beta4.5_delta0_gamma0.25_e10,checkpoint-39,39,0.7832509276270866,0.11764974520060666,0.3413297185301781,0.38128397563909694,1.1150402145378719e-05,0.622179765472742,0.5720924979328248,-68.02065668752574,saves/unlearn/tofu/forget05/Llama-2-7b-chat-hf/SimNPO/lr6e-5_b16_mb8_ga2_a1.0_beta4.5_delta0_gamma0.25_e10/checkpoint-39,saves/unlearn/tofu/forget05/Llama-2-7b-chat-hf/SimNPO/lr6e-5_b16_mb8_ga2_a1.0_beta4.5_delta0_gamma0.25_e10/checkpoint-39/evals/TOFU_SUMMARY.json
lr6e-5_b16_mb8_ga2_a1.0_beta4.5_delta0_gamma0.25_e10,checkpoint-52,52,0.7746851578354835,0.10009378852179522,0.3220747178047895,0.39371042362434816,2.9607827368482373e-05,0.6236461639128149,0.5702350701405187,-62.729304753702884,saves/unlearn/tofu/forget05/Llama-2-7b-chat-hf/SimNPO/lr6e-5_b16_mb8_ga2_a1.0_beta4.5_delta0_gamma0.25_e10/checkpoint-52,saves/unlearn/tofu/forget05/Llama-2-7b-chat-hf/SimNPO/lr6e-5_b16_mb8_ga2_a1.0_beta4.5_delta0_gamma0.25_e10/checkpoint-52/evals/TOFU_SUMMARY.json
lr6e-5_b16_mb8_ga2_a1.0_beta4.5_delta0_gamma0.25_e10,checkpoint-65,65,0.7803954195976257,0.10616348744779923,0.32734368186444046,0.3770113013884634,1.3921047931216453e-06,0.6130029814383804,0.581046385081822,-65.72760905415021,saves/unlearn/tofu/forget05/Llama-2-7b-chat-hf/SimNPO/lr6e-5_b16_mb8_ga2_a1.0_beta4.5_delta0_gamma0.25_e10/checkpoint-65,saves/unlearn/tofu/forget05/Llama-2-7b-chat-hf/SimNPO/lr6e-5_b16_mb8_ga2_a1.0_beta4.5_delta0_gamma0.25_e10/checkpoint-65/evals/TOFU_SUMMARY.json
lr6e-5_b16_mb8_ga2_a1.0_beta4.5_delta0_gamma0.25_e10,checkpoint-78,78,0.7810056239366532,0.10628594474757337,0.3122868665121496,0.38182041723509724,6.734842895808746e-06,0.618599951013964,0.5863597436210696,-62.32850315055827,saves/unlearn/tofu/forget05/Llama-2-7b-chat-hf/SimNPO/lr6e-5_b16_mb8_ga2_a1.0_beta4.5_delta0_gamma0.25_e10/checkpoint-78,saves/unlearn/tofu/forget05/Llama-2-7b-chat-hf/SimNPO/lr6e-5_b16_mb8_ga2_a1.0_beta4.5_delta0_gamma0.25_e10/checkpoint-78/evals/TOFU_SUMMARY.json
lr6e-5_b16_mb8_ga2_a1.0_beta4.5_delta0_gamma0.25_e10,checkpoint-91,91,0.7823779711127281,0.10631093150693002,0.30782854272052645,0.38599908977006403,1.8266119303942767e-05,0.6200358588947734,0.5885171161621202,-60.44011098189609,saves/unlearn/tofu/forget05/Llama-2-7b-chat-hf/SimNPO/lr6e-5_b16_mb8_ga2_a1.0_beta4.5_delta0_gamma0.25_e10/checkpoint-91,saves/unlearn/tofu/forget05/Llama-2-7b-chat-hf/SimNPO/lr6e-5_b16_mb8_ga2_a1.0_beta4.5_delta0_gamma0.25_e10/checkpoint-91/evals/TOFU_SUMMARY.json
lr6e-5_b16_mb8_ga2_a1.0_beta4.5_delta0_gamma0.25_e10,checkpoint-104,104,0.782539618909359,0.1081494723154208,0.29929401507601144,0.38362693745518,1.1150402145378719e-05,0.6184760385336299,0.5863356358366967,-59.603823021488544,saves/unlearn/tofu/forget05/Llama-2-7b-chat-hf/SimNPO/lr6e-5_b16_mb8_ga2_a1.0_beta4.5_delta0_gamma0.25_e10/checkpoint-104,saves/unlearn/tofu/forget05/Llama-2-7b-chat-hf/SimNPO/lr6e-5_b16_mb8_ga2_a1.0_beta4.5_delta0_gamma0.25_e10/checkpoint-104/evals/TOFU_SUMMARY.json
lr6e-5_b16_mb8_ga2_a1.0_beta4.5_delta0_gamma0.25_e10,checkpoint-117,117,0.7828127205371856,0.1086276525420442,0.2977978371270001,0.3858872512445764,2.9607827368482373e-05,0.6185070300184577,0.5866516912838006,-59.256975480305684,saves/unlearn/tofu/forget05/Llama-2-7b-chat-hf/SimNPO/lr6e-5_b16_mb8_ga2_a1.0_beta4.5_delta0_gamma0.25_e10/checkpoint-117,saves/unlearn/tofu/forget05/Llama-2-7b-chat-hf/SimNPO/lr6e-5_b16_mb8_ga2_a1.0_beta4.5_delta0_gamma0.25_e10/checkpoint-117/evals/TOFU_SUMMARY.json
lr6e-5_b16_mb8_ga2_a1.0_beta4.5_delta0_gamma0.25_e10,checkpoint-120,120,0.7833104571700096,0.10882804374399223,0.29777581423521043,0.3854752153182901,1.8266119303942767e-05,0.618301275258029,0.5864806894687268,-59.28780637285528,saves/unlearn/tofu/forget05/Llama-2-7b-chat-hf/SimNPO/lr6e-5_b16_mb8_ga2_a1.0_beta4.5_delta0_gamma0.25_e10/checkpoint-120,saves/unlearn/tofu/forget05/Llama-2-7b-chat-hf/SimNPO/lr6e-5_b16_mb8_ga2_a1.0_beta4.5_delta0_gamma0.25_e10/checkpoint-120/evals/TOFU_SUMMARY.json
lr6e-5_b16_mb8_ga2_a1.0_beta4.5_delta1_gamma0.125_e10,checkpoint-13,13,0.8793431466817856,0.291672153102821,0.5801482064742595,0.48060767976531643,5.951062636424447e-11,0.5682255549325835,0.5912689111291966,-88.20718358436764,saves/unlearn/tofu/forget05/Llama-2-7b-chat-hf/SimNPO/lr6e-5_b16_mb8_ga2_a1.0_beta4.5_delta1_gamma0.125_e10/checkpoint-13,saves/unlearn/tofu/forget05/Llama-2-7b-chat-hf/SimNPO/lr6e-5_b16_mb8_ga2_a1.0_beta4.5_delta1_gamma0.125_e10/checkpoint-13/evals/TOFU_SUMMARY.json
lr6e-5_b16_mb8_ga2_a1.0_beta4.5_delta1_gamma0.125_e10,checkpoint-26,26,0.6631465036422014,0.08509263970855098,0.1400615400074821,0.2974914481813181,0.17793352788293415,0.6450696008732527,0.5691927587663137,10.467088020584688,saves/unlearn/tofu/forget05/Llama-2-7b-chat-hf/SimNPO/lr6e-5_b16_mb8_ga2_a1.0_beta4.5_delta1_gamma0.125_e10/checkpoint-26,saves/unlearn/tofu/forget05/Llama-2-7b-chat-hf/SimNPO/lr6e-5_b16_mb8_ga2_a1.0_beta4.5_delta1_gamma0.125_e10/checkpoint-26/evals/TOFU_SUMMARY.json
lr6e-5_b16_mb8_ga2_a1.0_beta4.5_delta1_gamma0.125_e10,checkpoint-39,39,0.6158718442171812,0.06561533010836508,0.0840910184679143,0.2495100042906556,0.6284308022715471,0.6476434845756764,0.5655627891221573,34.5845537174989,saves/unlearn/tofu/forget05/Llama-2-7b-chat-hf/SimNPO/lr6e-5_b16_mb8_ga2_a1.0_beta4.5_delta1_gamma0.125_e10/checkpoint-39,saves/unlearn/tofu/forget05/Llama-2-7b-chat-hf/SimNPO/lr6e-5_b16_mb8_ga2_a1.0_beta4.5_delta1_gamma0.125_e10/checkpoint-39/evals/TOFU_SUMMARY.json
lr6e-5_b16_mb8_ga2_a1.0_beta4.5_delta1_gamma0.125_e10,checkpoint-52,52,0.6148949114233255,0.06353898207045088,0.07373314379922484,0.25656498170677094,0.6284308022715471,0.6426930128089208,0.5633260433055697,40.59657776466832,saves/unlearn/tofu/forget05/Llama-2-7b-chat-hf/SimNPO/lr6e-5_b16_mb8_ga2_a1.0_beta4.5_delta1_gamma0.125_e10/checkpoint-52,saves/unlearn/tofu/forget05/Llama-2-7b-chat-hf/SimNPO/lr6e-5_b16_mb8_ga2_a1.0_beta4.5_delta1_gamma0.125_e10/checkpoint-52/evals/TOFU_SUMMARY.json
lr6e-5_b16_mb8_ga2_a1.0_beta4.5_delta1_gamma0.125_e10,checkpoint-65,65,0.6290507926046849,0.0686669651077097,0.07780035979023082,0.25399548608721295,0.17793352788293415,0.6459286887164535,0.5770466735066793,40.73917064271015,saves/unlearn/tofu/forget05/Llama-2-7b-chat-hf/SimNPO/lr6e-5_b16_mb8_ga2_a1.0_beta4.5_delta1_gamma0.125_e10/checkpoint-65,saves/unlearn/tofu/forget05/Llama-2-7b-chat-hf/SimNPO/lr6e-5_b16_mb8_ga2_a1.0_beta4.5_delta1_gamma0.125_e10/checkpoint-65/evals/TOFU_SUMMARY.json
lr6e-5_b16_mb8_ga2_a1.0_beta4.5_delta1_gamma0.125_e10,checkpoint-78,78,0.6233173738420009,0.06518696726626388,0.06930556770117931,0.2513203156945027,0.39352743357720954,0.6403540155785712,0.584222530182063,43.61415137295912,saves/unlearn/tofu/forget05/Llama-2-7b-chat-hf/SimNPO/lr6e-5_b16_mb8_ga2_a1.0_beta4.5_delta1_gamma0.125_e10/checkpoint-78,saves/unlearn/tofu/forget05/Llama-2-7b-chat-hf/SimNPO/lr6e-5_b16_mb8_ga2_a1.0_beta4.5_delta1_gamma0.125_e10/checkpoint-78/evals/TOFU_SUMMARY.json
lr6e-5_b16_mb8_ga2_a1.0_beta4.5_delta1_gamma0.125_e10,checkpoint-91,91,0.6225568477064372,0.06415784753807331,0.06701575541388806,0.25757421124794044,0.46628639073563594,0.6376468117356562,0.5804597672995563,45.13257283102625,saves/unlearn/tofu/forget05/Llama-2-7b-chat-hf/SimNPO/lr6e-5_b16_mb8_ga2_a1.0_beta4.5_delta1_gamma0.125_e10/checkpoint-91,saves/unlearn/tofu/forget05/Llama-2-7b-chat-hf/SimNPO/lr6e-5_b16_mb8_ga2_a1.0_beta4.5_delta1_gamma0.125_e10/checkpoint-91/evals/TOFU_SUMMARY.json
lr6e-5_b16_mb8_ga2_a1.0_beta4.5_delta1_gamma0.125_e10,checkpoint-104,104,0.6230669743567705,0.06580033545011517,0.06457169053446421,0.26911876751206154,0.39352743357720954,0.6340820867425739,0.5795406246804966,45.255896401224604,saves/unlearn/tofu/forget05/Llama-2-7b-chat-hf/SimNPO/lr6e-5_b16_mb8_ga2_a1.0_beta4.5_delta1_gamma0.125_e10/checkpoint-104,saves/unlearn/tofu/forget05/Llama-2-7b-chat-hf/SimNPO/lr6e-5_b16_mb8_ga2_a1.0_beta4.5_delta1_gamma0.125_e10/checkpoint-104/evals/TOFU_SUMMARY.json
lr6e-5_b16_mb8_ga2_a1.0_beta4.5_delta1_gamma0.125_e10,checkpoint-117,117,0.6234728414565325,0.06560364807951476,0.06405459473852361,0.26964725913882626,0.32811544409418575,0.6337470476622749,0.5797906667014358,45.41775858710993,saves/unlearn/tofu/forget05/Llama-2-7b-chat-hf/SimNPO/lr6e-5_b16_mb8_ga2_a1.0_beta4.5_delta1_gamma0.125_e10/checkpoint-117,saves/unlearn/tofu/forget05/Llama-2-7b-chat-hf/SimNPO/lr6e-5_b16_mb8_ga2_a1.0_beta4.5_delta1_gamma0.125_e10/checkpoint-117/evals/TOFU_SUMMARY.json
lr6e-5_b16_mb8_ga2_a1.0_beta4.5_delta1_gamma0.125_e10,checkpoint-120,120,0.6233193486183882,0.06684205506260259,0.06404337657911129,0.2724527228784636,0.46628639073563594,0.6344697050985387,0.5805284661677539,45.444735618090824,saves/unlearn/tofu/forget05/Llama-2-7b-chat-hf/SimNPO/lr6e-5_b16_mb8_ga2_a1.0_beta4.5_delta1_gamma0.125_e10/checkpoint-120,saves/unlearn/tofu/forget05/Llama-2-7b-chat-hf/SimNPO/lr6e-5_b16_mb8_ga2_a1.0_beta4.5_delta1_gamma0.125_e10/checkpoint-120/evals/TOFU_SUMMARY.json
lr6e-5_b16_mb8_ga2_a1.0_beta4.5_delta1_gamma0.25_e10,checkpoint-13,13,0.818506524860859,0.20806706735452052,0.3929837746825069,0.38854604701977735,8.114129962716335e-08,0.5802827382131984,0.5878472054501784,-67.28842298947303,saves/unlearn/tofu/forget05/Llama-2-7b-chat-hf/SimNPO/lr6e-5_b16_mb8_ga2_a1.0_beta4.5_delta1_gamma0.25_e10/checkpoint-13,saves/unlearn/tofu/forget05/Llama-2-7b-chat-hf/SimNPO/lr6e-5_b16_mb8_ga2_a1.0_beta4.5_delta1_gamma0.25_e10/checkpoint-13/evals/TOFU_SUMMARY.json
lr6e-5_b16_mb8_ga2_a1.0_beta4.5_delta1_gamma0.25_e10,checkpoint-26,26,0.605084283053875,0.06999241416337794,0.055617233470286465,0.26228035634358093,0.39352743357720954,0.6552163181316462,0.5728627003575627,48.527824873049504,saves/unlearn/tofu/forget05/Llama-2-7b-chat-hf/SimNPO/lr6e-5_b16_mb8_ga2_a1.0_beta4.5_delta1_gamma0.25_e10/checkpoint-26,saves/unlearn/tofu/forget05/Llama-2-7b-chat-hf/SimNPO/lr6e-5_b16_mb8_ga2_a1.0_beta4.5_delta1_gamma0.25_e10/checkpoint-26/evals/TOFU_SUMMARY.json
lr6e-5_b16_mb8_ga2_a1.0_beta4.5_delta1_gamma0.25_e10,checkpoint-39,39,0.6032434935867786,0.06725091544859657,0.04284935764153488,0.24518429720772353,0.11228360286766195,0.6333225178736627,0.5761641288499492,49.1868352012969,saves/unlearn/tofu/forget05/Llama-2-7b-chat-hf/SimNPO/lr6e-5_b16_mb8_ga2_a1.0_beta4.5_delta1_gamma0.25_e10/checkpoint-39,saves/unlearn/tofu/forget05/Llama-2-7b-chat-hf/SimNPO/lr6e-5_b16_mb8_ga2_a1.0_beta4.5_delta1_gamma0.25_e10/checkpoint-39/evals/TOFU_SUMMARY.json
lr6e-5_b16_mb8_ga2_a1.0_beta4.5_delta1_gamma0.25_e10,checkpoint-52,52,0.6228333164751529,0.06718246529761944,0.052007150769659345,0.27560803864036904,0.2704743832803917,0.6535144620026281,0.5698583022703946,50.18498534758977,saves/unlearn/tofu/forget05/Llama-2-7b-chat-hf/SimNPO/lr6e-5_b16_mb8_ga2_a1.0_beta4.5_delta1_gamma0.25_e10/checkpoint-52,saves/unlearn/tofu/forget05/Llama-2-7b-chat-hf/SimNPO/lr6e-5_b16_mb8_ga2_a1.0_beta4.5_delta1_gamma0.25_e10/checkpoint-52/evals/TOFU_SUMMARY.json
lr6e-5_b16_mb8_ga2_a1.0_beta4.5_delta1_gamma0.25_e10,checkpoint-65,65,0.6184875002503395,0.06322681939837184,0.045173674419384045,0.26516418343403075,0.06801920461119272,0.6497053102376691,0.5813027786917601,51.77663017546219,saves/unlearn/tofu/forget05/Llama-2-7b-chat-hf/SimNPO/lr6e-5_b16_mb8_ga2_a1.0_beta4.5_delta1_gamma0.25_e10/checkpoint-65,saves/unlearn/tofu/forget05/Llama-2-7b-chat-hf/SimNPO/lr6e-5_b16_mb8_ga2_a1.0_beta4.5_delta1_gamma0.25_e10/checkpoint-65/evals/TOFU_SUMMARY.json
lr6e-5_b16_mb8_ga2_a1.0_beta4.5_delta1_gamma0.25_e10,checkpoint-78,78,0.6177567639946937,0.07011153004621164,0.04328475535950929,0.26208424870922825,0.11228360286766195,0.6379393198709388,0.5870646406266716,51.74194542134391,saves/unlearn/tofu/forget05/Llama-2-7b-chat-hf/SimNPO/lr6e-5_b16_mb8_ga2_a1.0_beta4.5_delta1_gamma0.25_e10/checkpoint-78,saves/unlearn/tofu/forget05/Llama-2-7b-chat-hf/SimNPO/lr6e-5_b16_mb8_ga2_a1.0_beta4.5_delta1_gamma0.25_e10/checkpoint-78/evals/TOFU_SUMMARY.json
lr6e-5_b16_mb8_ga2_a1.0_beta4.5_delta1_gamma0.25_e10,checkpoint-91,91,0.6176830658316612,0.07064385023925279,0.042746444040058125,0.2610488477197039,0.11228360286766195,0.6370506821967258,0.5925737247565054,52.034838900564985,saves/unlearn/tofu/forget05/Llama-2-7b-chat-hf/SimNPO/lr6e-5_b16_mb8_ga2_a1.0_beta4.5_delta1_gamma0.25_e10/checkpoint-91,saves/unlearn/tofu/forget05/Llama-2-7b-chat-hf/SimNPO/lr6e-5_b16_mb8_ga2_a1.0_beta4.5_delta1_gamma0.25_e10/checkpoint-91/evals/TOFU_SUMMARY.json
lr6e-5_b16_mb8_ga2_a1.0_beta4.5_delta1_gamma0.25_e10,checkpoint-104,104,0.6204372751712799,0.07110963818357893,0.04191605280427211,0.2607350760754545,0.11228360286766195,0.635174089829236,0.5893308291650223,51.9770309770345,saves/unlearn/tofu/forget05/Llama-2-7b-chat-hf/SimNPO/lr6e-5_b16_mb8_ga2_a1.0_beta4.5_delta1_gamma0.25_e10/checkpoint-104,saves/unlearn/tofu/forget05/Llama-2-7b-chat-hf/SimNPO/lr6e-5_b16_mb8_ga2_a1.0_beta4.5_delta1_gamma0.25_e10/checkpoint-104/evals/TOFU_SUMMARY.json
lr6e-5_b16_mb8_ga2_a1.0_beta4.5_delta1_gamma0.25_e10,checkpoint-117,117,0.6211981549859047,0.0717655151054405,0.041814361365486545,0.26308322067250844,0.11228360286766195,0.6357037734977296,0.5894163098316489,52.07337751625197,saves/unlearn/tofu/forget05/Llama-2-7b-chat-hf/SimNPO/lr6e-5_b16_mb8_ga2_a1.0_beta4.5_delta1_gamma0.25_e10/checkpoint-117,saves/unlearn/tofu/forget05/Llama-2-7b-chat-hf/SimNPO/lr6e-5_b16_mb8_ga2_a1.0_beta4.5_delta1_gamma0.25_e10/checkpoint-117/evals/TOFU_SUMMARY.json
lr6e-5_b16_mb8_ga2_a1.0_beta4.5_delta1_gamma0.25_e10,checkpoint-120,120,0.6204978631436825,0.07197388019045033,0.04184472595890838,0.2622599007950264,0.11228360286766195,0.636375176336477,0.5898765058392652,52.06181593154587,saves/unlearn/tofu/forget05/Llama-2-7b-chat-hf/SimNPO/lr6e-5_b16_mb8_ga2_a1.0_beta4.5_delta1_gamma0.25_e10/checkpoint-120,saves/unlearn/tofu/forget05/Llama-2-7b-chat-hf/SimNPO/lr6e-5_b16_mb8_ga2_a1.0_beta4.5_delta1_gamma0.25_e10/checkpoint-120/evals/TOFU_SUMMARY.json
lr6e-5_b32_mb8_ga4_a1.0_beta3.5_delta0_gamma0.125_e10,checkpoint-7,7,0.9277189767360687,0.43996408073335885,0.7529916815459728,0.5223935878564754,3.0799540915748314e-12,0.5347505000380042,0.5742566040801261,-98.2811777249451,saves/unlearn/tofu/forget05/Llama-2-7b-chat-hf/SimNPO/lr6e-5_b32_mb8_ga4_a1.0_beta3.5_delta0_gamma0.125_e10/checkpoint-7,saves/unlearn/tofu/forget05/Llama-2-7b-chat-hf/SimNPO/lr6e-5_b32_mb8_ga4_a1.0_beta3.5_delta0_gamma0.125_e10/checkpoint-7/evals/TOFU_SUMMARY.json
lr6e-5_b32_mb8_ga4_a1.0_beta3.5_delta0_gamma0.125_e10,checkpoint-14,14,0.8643467611074448,0.23556509317380375,0.5859927923232316,0.43436991151005133,2.44374577116149e-10,0.5729873223949313,0.5702567815957208,-95.41390471783353,saves/unlearn/tofu/forget05/Llama-2-7b-chat-hf/SimNPO/lr6e-5_b32_mb8_ga4_a1.0_beta3.5_delta0_gamma0.125_e10/checkpoint-14,saves/unlearn/tofu/forget05/Llama-2-7b-chat-hf/SimNPO/lr6e-5_b32_mb8_ga4_a1.0_beta3.5_delta0_gamma0.125_e10/checkpoint-14/evals/TOFU_SUMMARY.json
lr6e-5_b32_mb8_ga4_a1.0_beta3.5_delta0_gamma0.125_e10,checkpoint-21,21,0.834626882970333,0.1472105086827598,0.4987333608418703,0.42782696728129005,6.865581733487208e-09,0.5881036842149835,0.5733824265800405,-90.52720824872401,saves/unlearn/tofu/forget05/Llama-2-7b-chat-hf/SimNPO/lr6e-5_b32_mb8_ga4_a1.0_beta3.5_delta0_gamma0.125_e10/checkpoint-21,saves/unlearn/tofu/forget05/Llama-2-7b-chat-hf/SimNPO/lr6e-5_b32_mb8_ga4_a1.0_beta3.5_delta0_gamma0.125_e10/checkpoint-21/evals/TOFU_SUMMARY.json
lr6e-5_b32_mb8_ga4_a1.0_beta3.5_delta0_gamma0.125_e10,checkpoint-28,28,0.8235889020562172,0.1490206751361303,0.4558397840708494,0.3981041014805831,1.3921047931216453e-06,0.607277678656581,0.5782220447481137,-86.89301678944149,saves/unlearn/tofu/forget05/Llama-2-7b-chat-hf/SimNPO/lr6e-5_b32_mb8_ga4_a1.0_beta3.5_delta0_gamma0.125_e10/checkpoint-28,saves/unlearn/tofu/forget05/Llama-2-7b-chat-hf/SimNPO/lr6e-5_b32_mb8_ga4_a1.0_beta3.5_delta0_gamma0.125_e10/checkpoint-28/evals/TOFU_SUMMARY.json
lr6e-5_b32_mb8_ga4_a1.0_beta3.5_delta0_gamma0.125_e10,checkpoint-35,35,0.8154218319058418,0.13782784430127148,0.4249066726863384,0.40912112243494775,2.3797467071606504e-06,0.608100066190637,0.580927435877325,-84.74256203410782,saves/unlearn/tofu/forget05/Llama-2-7b-chat-hf/SimNPO/lr6e-5_b32_mb8_ga4_a1.0_beta3.5_delta0_gamma0.125_e10/checkpoint-35,saves/unlearn/tofu/forget05/Llama-2-7b-chat-hf/SimNPO/lr6e-5_b32_mb8_ga4_a1.0_beta3.5_delta0_gamma0.125_e10/checkpoint-35/evals/TOFU_SUMMARY.json
lr6e-5_b32_mb8_ga4_a1.0_beta3.5_delta0_gamma0.125_e10,checkpoint-42,42,0.8114214807748794,0.13986244286579064,0.39846827149391173,0.39703553483489173,1.3921047931216453e-06,0.6059820150293781,0.5885089310778825,-82.80406966505257,saves/unlearn/tofu/forget05/Llama-2-7b-chat-hf/SimNPO/lr6e-5_b32_mb8_ga4_a1.0_beta3.5_delta0_gamma0.125_e10/checkpoint-42,saves/unlearn/tofu/forget05/Llama-2-7b-chat-hf/SimNPO/lr6e-5_b32_mb8_ga4_a1.0_beta3.5_delta0_gamma0.125_e10/checkpoint-42/evals/TOFU_SUMMARY.json
lr6e-5_b32_mb8_ga4_a1.0_beta3.5_delta0_gamma0.125_e10,checkpoint-49,49,0.8108768317103386,0.1360524482526062,0.3857946882769465,0.4019856154547504,6.734842895808746e-06,0.6066161638662109,0.5902897075029272,-81.11607829796267,saves/unlearn/tofu/forget05/Llama-2-7b-chat-hf/SimNPO/lr6e-5_b32_mb8_ga4_a1.0_beta3.5_delta0_gamma0.125_e10/checkpoint-49,saves/unlearn/tofu/forget05/Llama-2-7b-chat-hf/SimNPO/lr6e-5_b32_mb8_ga4_a1.0_beta3.5_delta0_gamma0.125_e10/checkpoint-49/evals/TOFU_SUMMARY.json
lr6e-5_b32_mb8_ga4_a1.0_beta3.5_delta0_gamma0.125_e10,checkpoint-56,56,0.8088971430063248,0.1348431575433155,0.38111637853085994,0.4036407105423088,6.734842895808746e-06,0.6073537690011487,0.5919549675118815,-80.44165252344047,saves/unlearn/tofu/forget05/Llama-2-7b-chat-hf/SimNPO/lr6e-5_b32_mb8_ga4_a1.0_beta3.5_delta0_gamma0.125_e10/checkpoint-56,saves/unlearn/tofu/forget05/Llama-2-7b-chat-hf/SimNPO/lr6e-5_b32_mb8_ga4_a1.0_beta3.5_delta0_gamma0.125_e10/checkpoint-56/evals/TOFU_SUMMARY.json
lr6e-5_b32_mb8_ga4_a1.0_beta3.5_delta0_gamma0.125_e10,checkpoint-60,60,0.8089182433485985,0.1348431575433155,0.38048883380368353,0.3993622910094551,4.024806511439489e-06,0.6080341491042373,0.592123574037186,-80.42238321559698,saves/unlearn/tofu/forget05/Llama-2-7b-chat-hf/SimNPO/lr6e-5_b32_mb8_ga4_a1.0_beta3.5_delta0_gamma0.125_e10/checkpoint-60,saves/unlearn/tofu/forget05/Llama-2-7b-chat-hf/SimNPO/lr6e-5_b32_mb8_ga4_a1.0_beta3.5_delta0_gamma0.125_e10/checkpoint-60/evals/TOFU_SUMMARY.json
lr6e-5_b32_mb8_ga4_a1.0_beta3.5_delta0_gamma0.25_e10,checkpoint-7,7,0.8994959929585457,0.3338765860773325,0.6515024686232209,0.4540770974184836,1.3850840057169374e-11,0.5445457790057893,0.5783925817214313,-96.13843069274883,saves/unlearn/tofu/forget05/Llama-2-7b-chat-hf/SimNPO/lr6e-5_b32_mb8_ga4_a1.0_beta3.5_delta0_gamma0.25_e10/checkpoint-7,saves/unlearn/tofu/forget05/Llama-2-7b-chat-hf/SimNPO/lr6e-5_b32_mb8_ga4_a1.0_beta3.5_delta0_gamma0.25_e10/checkpoint-7/evals/TOFU_SUMMARY.json
lr6e-5_b32_mb8_ga4_a1.0_beta3.5_delta0_gamma0.25_e10,checkpoint-14,14,0.815365574657917,0.15179371735621522,0.4223046170733869,0.4079099102197904,4.024806511439489e-06,0.6061752986190903,0.5735776566008909,-80.92723908109647,saves/unlearn/tofu/forget05/Llama-2-7b-chat-hf/SimNPO/lr6e-5_b32_mb8_ga4_a1.0_beta3.5_delta0_gamma0.25_e10/checkpoint-14,saves/unlearn/tofu/forget05/Llama-2-7b-chat-hf/SimNPO/lr6e-5_b32_mb8_ga4_a1.0_beta3.5_delta0_gamma0.25_e10/checkpoint-14/evals/TOFU_SUMMARY.json
lr6e-5_b32_mb8_ga4_a1.0_beta3.5_delta0_gamma0.25_e10,checkpoint-21,21,0.7839141774177552,0.11931943671829405,0.3443179600685835,0.3962116222561543,4.7487878961137165e-05,0.6201002995420825,0.5782474622849014,-66.70263603103088,saves/unlearn/tofu/forget05/Llama-2-7b-chat-hf/SimNPO/lr6e-5_b32_mb8_ga4_a1.0_beta3.5_delta0_gamma0.25_e10/checkpoint-21,saves/unlearn/tofu/forget05/Llama-2-7b-chat-hf/SimNPO/lr6e-5_b32_mb8_ga4_a1.0_beta3.5_delta0_gamma0.25_e10/checkpoint-21/evals/TOFU_SUMMARY.json
lr6e-5_b32_mb8_ga4_a1.0_beta3.5_delta0_gamma0.25_e10,checkpoint-28,28,0.7697450491786003,0.1087643120994528,0.302991913612932,0.35726741597460077,0.0009668691315127085,0.6401813871201424,0.575967540395709,-57.73470016066984,saves/unlearn/tofu/forget05/Llama-2-7b-chat-hf/SimNPO/lr6e-5_b32_mb8_ga4_a1.0_beta3.5_delta0_gamma0.25_e10/checkpoint-28,saves/unlearn/tofu/forget05/Llama-2-7b-chat-hf/SimNPO/lr6e-5_b32_mb8_ga4_a1.0_beta3.5_delta0_gamma0.25_e10/checkpoint-28/evals/TOFU_SUMMARY.json
lr6e-5_b32_mb8_ga4_a1.0_beta3.5_delta0_gamma0.25_e10,checkpoint-35,35,0.7644113400578498,0.09616467085210247,0.2823227040655911,0.35747916626201975,0.000648608042418048,0.6443310402994953,0.5810605837737812,-52.96747340019,saves/unlearn/tofu/forget05/Llama-2-7b-chat-hf/SimNPO/lr6e-5_b32_mb8_ga4_a1.0_beta3.5_delta0_gamma0.25_e10/checkpoint-35,saves/unlearn/tofu/forget05/Llama-2-7b-chat-hf/SimNPO/lr6e-5_b32_mb8_ga4_a1.0_beta3.5_delta0_gamma0.25_e10/checkpoint-35/evals/TOFU_SUMMARY.json
lr6e-5_b32_mb8_ga4_a1.0_beta3.5_delta0_gamma0.25_e10,checkpoint-42,42,0.7602029079198838,0.10315424109324703,0.2551572103239596,0.35434809334441364,0.000648608042418048,0.6435505976292824,0.5863629865750131,-48.32742407147721,saves/unlearn/tofu/forget05/Llama-2-7b-chat-hf/SimNPO/lr6e-5_b32_mb8_ga4_a1.0_beta3.5_delta0_gamma0.25_e10/checkpoint-42,saves/unlearn/tofu/forget05/Llama-2-7b-chat-hf/SimNPO/lr6e-5_b32_mb8_ga4_a1.0_beta3.5_delta0_gamma0.25_e10/checkpoint-42/evals/TOFU_SUMMARY.json
lr6e-5_b32_mb8_ga4_a1.0_beta3.5_delta0_gamma0.25_e10,checkpoint-49,49,0.7594470837712288,0.1010655289334083,0.24286347424611449,0.35725656853855836,0.0014264303851701861,0.6455015421372042,0.5883191957518026,-44.70864805846948,saves/unlearn/tofu/forget05/Llama-2-7b-chat-hf/SimNPO/lr6e-5_b32_mb8_ga4_a1.0_beta3.5_delta0_gamma0.25_e10/checkpoint-49,saves/unlearn/tofu/forget05/Llama-2-7b-chat-hf/SimNPO/lr6e-5_b32_mb8_ga4_a1.0_beta3.5_delta0_gamma0.25_e10/checkpoint-49/evals/TOFU_SUMMARY.json
lr6e-5_b32_mb8_ga4_a1.0_beta3.5_delta0_gamma0.25_e10,checkpoint-56,56,0.7585067471861839,0.09952496724445518,0.24053581463173032,0.34875373036082735,0.0020827633834865906,0.6453740324537637,0.5889509293802166,-44.138276546302116,saves/unlearn/tofu/forget05/Llama-2-7b-chat-hf/SimNPO/lr6e-5_b32_mb8_ga4_a1.0_beta3.5_delta0_gamma0.25_e10/checkpoint-56,saves/unlearn/tofu/forget05/Llama-2-7b-chat-hf/SimNPO/lr6e-5_b32_mb8_ga4_a1.0_beta3.5_delta0_gamma0.25_e10/checkpoint-56/evals/TOFU_SUMMARY.json
lr6e-5_b32_mb8_ga4_a1.0_beta3.5_delta0_gamma0.25_e10,checkpoint-60,60,0.7591675326228142,0.10104462553103792,0.2403588441386819,0.3479004570691563,0.0020827633834865906,0.6452611952663873,0.588336691930881,-44.15369199257691,saves/unlearn/tofu/forget05/Llama-2-7b-chat-hf/SimNPO/lr6e-5_b32_mb8_ga4_a1.0_beta3.5_delta0_gamma0.25_e10/checkpoint-60,saves/unlearn/tofu/forget05/Llama-2-7b-chat-hf/SimNPO/lr6e-5_b32_mb8_ga4_a1.0_beta3.5_delta0_gamma0.25_e10/checkpoint-60/evals/TOFU_SUMMARY.json
lr6e-5_b32_mb8_ga4_a1.0_beta3.5_delta1_gamma0.125_e10,checkpoint-7,7,0.8944657284021378,0.33153648922867546,0.6332104318961501,0.4686827123167687,2.8873674273022313e-11,0.5432147524678466,0.5842298086517409,-94.71635577389914,saves/unlearn/tofu/forget05/Llama-2-7b-chat-hf/SimNPO/lr6e-5_b32_mb8_ga4_a1.0_beta3.5_delta1_gamma0.125_e10/checkpoint-7,saves/unlearn/tofu/forget05/Llama-2-7b-chat-hf/SimNPO/lr6e-5_b32_mb8_ga4_a1.0_beta3.5_delta1_gamma0.125_e10/checkpoint-7/evals/TOFU_SUMMARY.json
lr6e-5_b32_mb8_ga4_a1.0_beta3.5_delta1_gamma0.125_e10,checkpoint-14,14,0.7575582274794579,0.11261827671456938,0.24658112334320323,0.3562599798169323,0.0014264303851701861,0.6359243470568122,0.576936997342449,-27.570525662467936,saves/unlearn/tofu/forget05/Llama-2-7b-chat-hf/SimNPO/lr6e-5_b32_mb8_ga4_a1.0_beta3.5_delta1_gamma0.125_e10/checkpoint-14,saves/unlearn/tofu/forget05/Llama-2-7b-chat-hf/SimNPO/lr6e-5_b32_mb8_ga4_a1.0_beta3.5_delta1_gamma0.125_e10/checkpoint-14/evals/TOFU_SUMMARY.json
lr6e-5_b32_mb8_ga4_a1.0_beta3.5_delta1_gamma0.125_e10,checkpoint-21,21,0.7041461837291717,0.08455849385120928,0.1310273492889246,0.31939896072134744,0.220541217580421,0.6544115137063161,0.5811236703872346,13.149375672398728,saves/unlearn/tofu/forget05/Llama-2-7b-chat-hf/SimNPO/lr6e-5_b32_mb8_ga4_a1.0_beta3.5_delta1_gamma0.125_e10/checkpoint-21,saves/unlearn/tofu/forget05/Llama-2-7b-chat-hf/SimNPO/lr6e-5_b32_mb8_ga4_a1.0_beta3.5_delta1_gamma0.125_e10/checkpoint-21/evals/TOFU_SUMMARY.json
lr6e-5_b32_mb8_ga4_a1.0_beta3.5_delta1_gamma0.125_e10,checkpoint-28,28,0.6955232368409634,0.0798924470494991,0.09445452056359499,0.30262452282188473,0.7125821300149116,0.6746364768228207,0.5821977448444966,33.775242788072255,saves/unlearn/tofu/forget05/Llama-2-7b-chat-hf/SimNPO/lr6e-5_b32_mb8_ga4_a1.0_beta3.5_delta1_gamma0.125_e10/checkpoint-28,saves/unlearn/tofu/forget05/Llama-2-7b-chat-hf/SimNPO/lr6e-5_b32_mb8_ga4_a1.0_beta3.5_delta1_gamma0.125_e10/checkpoint-28/evals/TOFU_SUMMARY.json
lr6e-5_b32_mb8_ga4_a1.0_beta3.5_delta1_gamma0.125_e10,checkpoint-35,35,0.6992966803908348,0.08208829227075842,0.08862122085585725,0.3088947520603601,0.9646522162314058,0.6771615379420516,0.5845752531711291,38.25342993089973,saves/unlearn/tofu/forget05/Llama-2-7b-chat-hf/SimNPO/lr6e-5_b32_mb8_ga4_a1.0_beta3.5_delta1_gamma0.125_e10/checkpoint-35,saves/unlearn/tofu/forget05/Llama-2-7b-chat-hf/SimNPO/lr6e-5_b32_mb8_ga4_a1.0_beta3.5_delta1_gamma0.125_e10/checkpoint-35/evals/TOFU_SUMMARY.json
lr6e-5_b32_mb8_ga4_a1.0_beta3.5_delta1_gamma0.125_e10,checkpoint-42,42,0.692540020942688,0.07677218796733748,0.07426575502264314,0.2956681712403282,0.9646522162314058,0.6690229567604093,0.5926478848980055,42.07260674547978,saves/unlearn/tofu/forget05/Llama-2-7b-chat-hf/SimNPO/lr6e-5_b32_mb8_ga4_a1.0_beta3.5_delta1_gamma0.125_e10/checkpoint-42,saves/unlearn/tofu/forget05/Llama-2-7b-chat-hf/SimNPO/lr6e-5_b32_mb8_ga4_a1.0_beta3.5_delta1_gamma0.125_e10/checkpoint-42/evals/TOFU_SUMMARY.json
lr6e-5_b32_mb8_ga4_a1.0_beta3.5_delta1_gamma0.125_e10,checkpoint-49,49,0.6906452307105064,0.07755447600996361,0.07024781389511191,0.29793677589471146,0.8655265369450457,0.6670340188101775,0.596091597148815,43.660397711783496,saves/unlearn/tofu/forget05/Llama-2-7b-chat-hf/SimNPO/lr6e-5_b32_mb8_ga4_a1.0_beta3.5_delta1_gamma0.125_e10/checkpoint-49,saves/unlearn/tofu/forget05/Llama-2-7b-chat-hf/SimNPO/lr6e-5_b32_mb8_ga4_a1.0_beta3.5_delta1_gamma0.125_e10/checkpoint-49/evals/TOFU_SUMMARY.json
lr6e-5_b32_mb8_ga4_a1.0_beta3.5_delta1_gamma0.125_e10,checkpoint-56,56,0.6891461712121963,0.07723421457205511,0.06955693787807832,0.29810429946953254,0.8655265369450457,0.665742750031358,0.597506130531907,44.02651456080984,saves/unlearn/tofu/forget05/Llama-2-7b-chat-hf/SimNPO/lr6e-5_b32_mb8_ga4_a1.0_beta3.5_delta1_gamma0.125_e10/checkpoint-56,saves/unlearn/tofu/forget05/Llama-2-7b-chat-hf/SimNPO/lr6e-5_b32_mb8_ga4_a1.0_beta3.5_delta1_gamma0.125_e10/checkpoint-56/evals/TOFU_SUMMARY.json
lr6e-5_b32_mb8_ga4_a1.0_beta3.5_delta1_gamma0.125_e10,checkpoint-60,60,0.6888827231526374,0.07795725378774138,0.06953137153788702,0.2992697460090703,0.7933622419382523,0.6649812047626369,0.5977291470879778,44.01109911453504,saves/unlearn/tofu/forget05/Llama-2-7b-chat-hf/SimNPO/lr6e-5_b32_mb8_ga4_a1.0_beta3.5_delta1_gamma0.125_e10/checkpoint-60,saves/unlearn/tofu/forget05/Llama-2-7b-chat-hf/SimNPO/lr6e-5_b32_mb8_ga4_a1.0_beta3.5_delta1_gamma0.125_e10/checkpoint-60/evals/TOFU_SUMMARY.json
lr6e-5_b32_mb8_ga4_a1.0_beta3.5_delta1_gamma0.25_e10,checkpoint-7,7,0.8389763760566712,0.21000484881886208,0.47956423307769,0.3608701009909156,6.865581733487208e-09,0.5730613319346974,0.5687510656216539,-85.38230305451174,saves/unlearn/tofu/forget05/Llama-2-7b-chat-hf/SimNPO/lr6e-5_b32_mb8_ga4_a1.0_beta3.5_delta1_gamma0.25_e10/checkpoint-7,saves/unlearn/tofu/forget05/Llama-2-7b-chat-hf/SimNPO/lr6e-5_b32_mb8_ga4_a1.0_beta3.5_delta1_gamma0.25_e10/checkpoint-7/evals/TOFU_SUMMARY.json
lr6e-5_b32_mb8_ga4_a1.0_beta3.5_delta1_gamma0.25_e10,checkpoint-14,14,0.6359007209539413,0.07144020131747185,0.07947151133150328,0.25605024612788496,0.7125821300149116,0.7043077263303742,0.5704361690926814,38.47695390188422,saves/unlearn/tofu/forget05/Llama-2-7b-chat-hf/SimNPO/lr6e-5_b32_mb8_ga4_a1.0_beta3.5_delta1_gamma0.25_e10/checkpoint-14,saves/unlearn/tofu/forget05/Llama-2-7b-chat-hf/SimNPO/lr6e-5_b32_mb8_ga4_a1.0_beta3.5_delta1_gamma0.25_e10/checkpoint-14/evals/TOFU_SUMMARY.json
lr6e-5_b32_mb8_ga4_a1.0_beta3.5_delta1_gamma0.25_e10,checkpoint-21,21,0.5860268142074346,0.05851373080374057,0.038022916823538255,0.22531848126069245,0.03956202584899502,0.678477326607962,0.5818767533070877,50.566517642890915,saves/unlearn/tofu/forget05/Llama-2-7b-chat-hf/SimNPO/lr6e-5_b32_mb8_ga4_a1.0_beta3.5_delta1_gamma0.25_e10/checkpoint-21,saves/unlearn/tofu/forget05/Llama-2-7b-chat-hf/SimNPO/lr6e-5_b32_mb8_ga4_a1.0_beta3.5_delta1_gamma0.25_e10/checkpoint-21/evals/TOFU_SUMMARY.json
lr6e-5_b32_mb8_ga4_a1.0_beta3.5_delta1_gamma0.25_e10,checkpoint-28,28,0.5948218289762736,0.06418469068754135,0.04005564404462348,0.22318574506169078,0.052139087188847716,0.6781498480682732,0.5862409053885113,50.53954061191004,saves/unlearn/tofu/forget05/Llama-2-7b-chat-hf/SimNPO/lr6e-5_b32_mb8_ga4_a1.0_beta3.5_delta1_gamma0.25_e10/checkpoint-28,saves/unlearn/tofu/forget05/Llama-2-7b-chat-hf/SimNPO/lr6e-5_b32_mb8_ga4_a1.0_beta3.5_delta1_gamma0.25_e10/checkpoint-28/evals/TOFU_SUMMARY.json
lr6e-5_b32_mb8_ga4_a1.0_beta3.5_delta1_gamma0.25_e10,checkpoint-35,35,0.5889671146124601,0.058754102493868726,0.03580825557331991,0.2377393277517849,0.0297148244707607,0.6804492710224612,0.588283869937033,50.91721904564247,saves/unlearn/tofu/forget05/Llama-2-7b-chat-hf/SimNPO/lr6e-5_b32_mb8_ga4_a1.0_beta3.5_delta1_gamma0.25_e10/checkpoint-35,saves/unlearn/tofu/forget05/Llama-2-7b-chat-hf/SimNPO/lr6e-5_b32_mb8_ga4_a1.0_beta3.5_delta1_gamma0.25_e10/checkpoint-35/evals/TOFU_SUMMARY.json
lr6e-5_b32_mb8_ga4_a1.0_beta3.5_delta1_gamma0.25_e10,checkpoint-42,42,0.5819323699921369,0.05922730463172675,0.03214247396768769,0.2320332543599459,0.016258459276759563,0.6772917094339719,0.5953273577117753,51.672575913107345,saves/unlearn/tofu/forget05/Llama-2-7b-chat-hf/SimNPO/lr6e-5_b32_mb8_ga4_a1.0_beta3.5_delta1_gamma0.25_e10/checkpoint-42,saves/unlearn/tofu/forget05/Llama-2-7b-chat-hf/SimNPO/lr6e-5_b32_mb8_ga4_a1.0_beta3.5_delta1_gamma0.25_e10/checkpoint-42/evals/TOFU_SUMMARY.json
lr6e-5_b32_mb8_ga4_a1.0_beta3.5_delta1_gamma0.25_e10,checkpoint-49,49,0.5859717341512442,0.05939981669210646,0.032674482432194056,0.24543517594909683,0.052139087188847716,0.6798607007531892,0.5974718828338776,51.92307691507273,saves/unlearn/tofu/forget05/Llama-2-7b-chat-hf/SimNPO/lr6e-5_b32_mb8_ga4_a1.0_beta3.5_delta1_gamma0.25_e10/checkpoint-49,saves/unlearn/tofu/forget05/Llama-2-7b-chat-hf/SimNPO/lr6e-5_b32_mb8_ga4_a1.0_beta3.5_delta1_gamma0.25_e10/checkpoint-49/evals/TOFU_SUMMARY.json
lr6e-5_b32_mb8_ga4_a1.0_beta3.5_delta1_gamma0.25_e10,checkpoint-56,56,0.5878582143038511,0.05872273335877312,0.032683159528387476,0.24393833269790147,0.0220923622208589,0.6813249130037249,0.5972841407494879,51.9770309770345,saves/unlearn/tofu/forget05/Llama-2-7b-chat-hf/SimNPO/lr6e-5_b32_mb8_ga4_a1.0_beta3.5_delta1_gamma0.25_e10/checkpoint-56,saves/unlearn/tofu/forget05/Llama-2-7b-chat-hf/SimNPO/lr6e-5_b32_mb8_ga4_a1.0_beta3.5_delta1_gamma0.25_e10/checkpoint-56/evals/TOFU_SUMMARY.json
lr6e-5_b32_mb8_ga4_a1.0_beta3.5_delta1_gamma0.25_e10,checkpoint-60,60,0.5881515128165483,0.058566483358773125,0.03268571167893242,0.23970239443916747,0.03956202584899502,0.6812721626177839,0.5975056936749662,51.9770309770345,saves/unlearn/tofu/forget05/Llama-2-7b-chat-hf/SimNPO/lr6e-5_b32_mb8_ga4_a1.0_beta3.5_delta1_gamma0.25_e10/checkpoint-60,saves/unlearn/tofu/forget05/Llama-2-7b-chat-hf/SimNPO/lr6e-5_b32_mb8_ga4_a1.0_beta3.5_delta1_gamma0.25_e10/checkpoint-60/evals/TOFU_SUMMARY.json
lr6e-5_b32_mb8_ga4_a1.0_beta4.5_delta0_gamma0.125_e10,checkpoint-7,7,0.9311643925309181,0.44389756933184743,0.765201359167695,0.5317456446774773,3.0799540915748314e-12,0.5361257833975689,0.5764695332347551,-98.45460149553652,saves/unlearn/tofu/forget05/Llama-2-7b-chat-hf/SimNPO/lr6e-5_b32_mb8_ga4_a1.0_beta4.5_delta0_gamma0.125_e10/checkpoint-7,saves/unlearn/tofu/forget05/Llama-2-7b-chat-hf/SimNPO/lr6e-5_b32_mb8_ga4_a1.0_beta4.5_delta0_gamma0.125_e10/checkpoint-7/evals/TOFU_SUMMARY.json
lr6e-5_b32_mb8_ga4_a1.0_beta4.5_delta0_gamma0.125_e10,checkpoint-14,14,0.8706388604640961,0.2471751991789367,0.6031562528759241,0.44265862296521724,1.2127544312107394e-10,0.5683415234395516,0.5728025781240691,-96.31570832490894,saves/unlearn/tofu/forget05/Llama-2-7b-chat-hf/SimNPO/lr6e-5_b32_mb8_ga4_a1.0_beta4.5_delta0_gamma0.125_e10/checkpoint-14,saves/unlearn/tofu/forget05/Llama-2-7b-chat-hf/SimNPO/lr6e-5_b32_mb8_ga4_a1.0_beta4.5_delta0_gamma0.125_e10/checkpoint-14/evals/TOFU_SUMMARY.json
lr6e-5_b32_mb8_ga4_a1.0_beta4.5_delta0_gamma0.125_e10,checkpoint-21,21,0.8470683386921882,0.17691993621640761,0.5437888498604297,0.4377496509404905,9.594235055800515e-10,0.5807349722628825,0.5767018442516346,-93.09002619190842,saves/unlearn/tofu/forget05/Llama-2-7b-chat-hf/SimNPO/lr6e-5_b32_mb8_ga4_a1.0_beta4.5_delta0_gamma0.125_e10/checkpoint-21,saves/unlearn/tofu/forget05/Llama-2-7b-chat-hf/SimNPO/lr6e-5_b32_mb8_ga4_a1.0_beta4.5_delta0_gamma0.125_e10/checkpoint-21/evals/TOFU_SUMMARY.json
lr6e-5_b32_mb8_ga4_a1.0_beta4.5_delta0_gamma0.125_e10,checkpoint-28,28,0.8395741146802902,0.16670674128834898,0.5141367486864329,0.40637481957860067,1.2940880677508261e-08,0.5964901177597727,0.5787485516499217,-91.5677508722726,saves/unlearn/tofu/forget05/Llama-2-7b-chat-hf/SimNPO/lr6e-5_b32_mb8_ga4_a1.0_beta4.5_delta0_gamma0.125_e10/checkpoint-28,saves/unlearn/tofu/forget05/Llama-2-7b-chat-hf/SimNPO/lr6e-5_b32_mb8_ga4_a1.0_beta4.5_delta0_gamma0.125_e10/checkpoint-28/evals/TOFU_SUMMARY.json
lr6e-5_b32_mb8_ga4_a1.0_beta4.5_delta0_gamma0.125_e10,checkpoint-35,35,0.8351195347309113,0.15033999871414327,0.48682551857084033,0.41123873856108184,2.4125498977354686e-08,0.5952806550287514,0.5818399762693984,-91.34808076285677,saves/unlearn/tofu/forget05/Llama-2-7b-chat-hf/SimNPO/lr6e-5_b32_mb8_ga4_a1.0_beta4.5_delta0_gamma0.125_e10/checkpoint-35,saves/unlearn/tofu/forget05/Llama-2-7b-chat-hf/SimNPO/lr6e-5_b32_mb8_ga4_a1.0_beta4.5_delta0_gamma0.125_e10/checkpoint-35/evals/TOFU_SUMMARY.json
lr6e-5_b32_mb8_ga4_a1.0_beta4.5_delta0_gamma0.125_e10,checkpoint-42,42,0.8346306720376014,0.15259130670492102,0.46986487045884134,0.409629072207936,2.4125498977354686e-08,0.592978041801848,0.5890810381294739,-90.95498688284957,saves/unlearn/tofu/forget05/Llama-2-7b-chat-hf/SimNPO/lr6e-5_b32_mb8_ga4_a1.0_beta4.5_delta0_gamma0.125_e10/checkpoint-42,saves/unlearn/tofu/forget05/Llama-2-7b-chat-hf/SimNPO/lr6e-5_b32_mb8_ga4_a1.0_beta4.5_delta0_gamma0.125_e10/checkpoint-42/evals/TOFU_SUMMARY.json
lr6e-5_b32_mb8_ga4_a1.0_beta4.5_delta0_gamma0.125_e10,checkpoint-49,49,0.8352919065952301,0.15091467259040658,0.46095670577138664,0.4123656334531408,3.602472544567432e-09,0.5926724606598294,0.5922525912794773,-90.23431476950297,saves/unlearn/tofu/forget05/Llama-2-7b-chat-hf/SimNPO/lr6e-5_b32_mb8_ga4_a1.0_beta4.5_delta0_gamma0.125_e10/checkpoint-49,saves/unlearn/tofu/forget05/Llama-2-7b-chat-hf/SimNPO/lr6e-5_b32_mb8_ga4_a1.0_beta4.5_delta0_gamma0.125_e10/checkpoint-49/evals/TOFU_SUMMARY.json
lr6e-5_b32_mb8_ga4_a1.0_beta4.5_delta0_gamma0.125_e10,checkpoint-56,56,0.8352988705039024,0.15113965452700975,0.4582462013140321,0.4117079504181757,1.2940880677508261e-08,0.5934142693260024,0.5930202303547097,-90.00308307538106,saves/unlearn/tofu/forget05/Llama-2-7b-chat-hf/SimNPO/lr6e-5_b32_mb8_ga4_a1.0_beta4.5_delta0_gamma0.125_e10/checkpoint-56,saves/unlearn/tofu/forget05/Llama-2-7b-chat-hf/SimNPO/lr6e-5_b32_mb8_ga4_a1.0_beta4.5_delta0_gamma0.125_e10/checkpoint-56/evals/TOFU_SUMMARY.json
lr6e-5_b32_mb8_ga4_a1.0_beta4.5_delta0_gamma0.125_e10,checkpoint-60,60,0.8350657024979591,0.1498978244616503,0.45795543018728496,0.41297060460724866,2.4125498977354686e-08,0.5935916014855763,0.5924001614440395,-89.97995990596885,saves/unlearn/tofu/forget05/Llama-2-7b-chat-hf/SimNPO/lr6e-5_b32_mb8_ga4_a1.0_beta4.5_delta0_gamma0.125_e10/checkpoint-60,saves/unlearn/tofu/forget05/Llama-2-7b-chat-hf/SimNPO/lr6e-5_b32_mb8_ga4_a1.0_beta4.5_delta0_gamma0.125_e10/checkpoint-60/evals/TOFU_SUMMARY.json
lr6e-5_b32_mb8_ga4_a1.0_beta4.5_delta0_gamma0.25_e10,checkpoint-7,7,0.901816771030426,0.33843010803649504,0.6649187471717596,0.4720943770281021,2.8873674273022313e-11,0.5453492215165479,0.5841775682732873,-96.31570832490894,saves/unlearn/tofu/forget05/Llama-2-7b-chat-hf/SimNPO/lr6e-5_b32_mb8_ga4_a1.0_beta4.5_delta0_gamma0.25_e10/checkpoint-7,saves/unlearn/tofu/forget05/Llama-2-7b-chat-hf/SimNPO/lr6e-5_b32_mb8_ga4_a1.0_beta4.5_delta0_gamma0.25_e10/checkpoint-7/evals/TOFU_SUMMARY.json
lr6e-5_b32_mb8_ga4_a1.0_beta4.5_delta0_gamma0.25_e10,checkpoint-14,14,0.8410548546910286,0.1852005603782554,0.5139767169952393,0.42313683139736713,3.602472544567432e-09,0.5957955714494321,0.5689202614987159,-89.47510404046939,saves/unlearn/tofu/forget05/Llama-2-7b-chat-hf/SimNPO/lr6e-5_b32_mb8_ga4_a1.0_beta4.5_delta0_gamma0.25_e10/checkpoint-14,saves/unlearn/tofu/forget05/Llama-2-7b-chat-hf/SimNPO/lr6e-5_b32_mb8_ga4_a1.0_beta4.5_delta0_gamma0.25_e10/checkpoint-14/evals/TOFU_SUMMARY.json
lr6e-5_b32_mb8_ga4_a1.0_beta4.5_delta0_gamma0.25_e10,checkpoint-21,21,0.8087139144539833,0.1306988384418652,0.4176029851287603,0.3977699269285845,6.734842895808746e-06,0.6093782025660205,0.5782009439991622,-80.84245412658511,saves/unlearn/tofu/forget05/Llama-2-7b-chat-hf/SimNPO/lr6e-5_b32_mb8_ga4_a1.0_beta4.5_delta0_gamma0.25_e10/checkpoint-21,saves/unlearn/tofu/forget05/Llama-2-7b-chat-hf/SimNPO/lr6e-5_b32_mb8_ga4_a1.0_beta4.5_delta0_gamma0.25_e10/checkpoint-21/evals/TOFU_SUMMARY.json
lr6e-5_b32_mb8_ga4_a1.0_beta4.5_delta0_gamma0.25_e10,checkpoint-28,28,0.7991855949163437,0.11937374228020436,0.390029831379652,0.3760832370266665,0.0001183661896190048,0.6269870116381276,0.5776047943605702,-77.01171572729892,saves/unlearn/tofu/forget05/Llama-2-7b-chat-hf/SimNPO/lr6e-5_b32_mb8_ga4_a1.0_beta4.5_delta0_gamma0.25_e10/checkpoint-28,saves/unlearn/tofu/forget05/Llama-2-7b-chat-hf/SimNPO/lr6e-5_b32_mb8_ga4_a1.0_beta4.5_delta0_gamma0.25_e10/checkpoint-28/evals/TOFU_SUMMARY.json
lr6e-5_b32_mb8_ga4_a1.0_beta4.5_delta0_gamma0.25_e10,checkpoint-35,35,0.7988440430164337,0.11264429571948913,0.3750330961123109,0.3823142035296576,1.8266119303942767e-05,0.6265494847133806,0.5806321358372266,-76.8498535414136,saves/unlearn/tofu/forget05/Llama-2-7b-chat-hf/SimNPO/lr6e-5_b32_mb8_ga4_a1.0_beta4.5_delta0_gamma0.25_e10/checkpoint-35,saves/unlearn/tofu/forget05/Llama-2-7b-chat-hf/SimNPO/lr6e-5_b32_mb8_ga4_a1.0_beta4.5_delta0_gamma0.25_e10/checkpoint-35/evals/TOFU_SUMMARY.json
lr6e-5_b32_mb8_ga4_a1.0_beta4.5_delta0_gamma0.25_e10,checkpoint-42,42,0.7974692797660827,0.11404084795620305,0.3526880579069257,0.3747375522708514,2.9607827368482373e-05,0.6208240184080281,0.5862481997238788,-74.92292275706443,saves/unlearn/tofu/forget05/Llama-2-7b-chat-hf/SimNPO/lr6e-5_b32_mb8_ga4_a1.0_beta4.5_delta0_gamma0.25_e10/checkpoint-42,saves/unlearn/tofu/forget05/Llama-2-7b-chat-hf/SimNPO/lr6e-5_b32_mb8_ga4_a1.0_beta4.5_delta0_gamma0.25_e10/checkpoint-42/evals/TOFU_SUMMARY.json
lr6e-5_b32_mb8_ga4_a1.0_beta4.5_delta0_gamma0.25_e10,checkpoint-49,49,0.7955826824903488,0.11188461622188532,0.3388470520451665,0.3795580931392996,1.1150402145378719e-05,0.6168594386107863,0.5907811238560113,-72.5104054150593,saves/unlearn/tofu/forget05/Llama-2-7b-chat-hf/SimNPO/lr6e-5_b32_mb8_ga4_a1.0_beta4.5_delta0_gamma0.25_e10/checkpoint-49,saves/unlearn/tofu/forget05/Llama-2-7b-chat-hf/SimNPO/lr6e-5_b32_mb8_ga4_a1.0_beta4.5_delta0_gamma0.25_e10/checkpoint-49/evals/TOFU_SUMMARY.json
lr6e-5_b32_mb8_ga4_a1.0_beta4.5_delta0_gamma0.25_e10,checkpoint-56,56,0.7965749382972718,0.11130488171578973,0.3372929694503546,0.37880761722563255,1.8266119303942767e-05,0.6166038429742464,0.5908453152794941,-72.10189608877728,saves/unlearn/tofu/forget05/Llama-2-7b-chat-hf/SimNPO/lr6e-5_b32_mb8_ga4_a1.0_beta4.5_delta0_gamma0.25_e10/checkpoint-56,saves/unlearn/tofu/forget05/Llama-2-7b-chat-hf/SimNPO/lr6e-5_b32_mb8_ga4_a1.0_beta4.5_delta0_gamma0.25_e10/checkpoint-56/evals/TOFU_SUMMARY.json
lr6e-5_b32_mb8_ga4_a1.0_beta4.5_delta0_gamma0.25_e10,checkpoint-60,60,0.7957315382361412,0.11201916743007544,0.3370236939564347,0.3807671966477133,1.1150402145378719e-05,0.617098250242813,0.5905941378669098,-72.10574995034598,saves/unlearn/tofu/forget05/Llama-2-7b-chat-hf/SimNPO/lr6e-5_b32_mb8_ga4_a1.0_beta4.5_delta0_gamma0.25_e10/checkpoint-60,saves/unlearn/tofu/forget05/Llama-2-7b-chat-hf/SimNPO/lr6e-5_b32_mb8_ga4_a1.0_beta4.5_delta0_gamma0.25_e10/checkpoint-60/evals/TOFU_SUMMARY.json
lr6e-5_b32_mb8_ga4_a1.0_beta4.5_delta1_gamma0.125_e10,checkpoint-7,7,0.8928122037649154,0.3249707957224277,0.6295663352683186,0.46154035273165195,2.8873674273022313e-11,0.5422832737174191,0.5835358397259521,-94.33867734016671,saves/unlearn/tofu/forget05/Llama-2-7b-chat-hf/SimNPO/lr6e-5_b32_mb8_ga4_a1.0_beta4.5_delta1_gamma0.125_e10/checkpoint-7,saves/unlearn/tofu/forget05/Llama-2-7b-chat-hf/SimNPO/lr6e-5_b32_mb8_ga4_a1.0_beta4.5_delta1_gamma0.125_e10/checkpoint-7/evals/TOFU_SUMMARY.json
lr6e-5_b32_mb8_ga4_a1.0_beta4.5_delta1_gamma0.125_e10,checkpoint-14,14,0.7483920139074326,0.10468540289480352,0.22500935988035053,0.3579818022714307,0.0020827633834865906,0.6401501748787354,0.5788562569277008,-19.095884072900272,saves/unlearn/tofu/forget05/Llama-2-7b-chat-hf/SimNPO/lr6e-5_b32_mb8_ga4_a1.0_beta4.5_delta1_gamma0.125_e10/checkpoint-14,saves/unlearn/tofu/forget05/Llama-2-7b-chat-hf/SimNPO/lr6e-5_b32_mb8_ga4_a1.0_beta4.5_delta1_gamma0.125_e10/checkpoint-14/evals/TOFU_SUMMARY.json
lr6e-5_b32_mb8_ga4_a1.0_beta4.5_delta1_gamma0.125_e10,checkpoint-21,21,0.7059739284217358,0.08446789302774789,0.1225217793311458,0.3151033777353615,0.17793352788293415,0.6477707990719155,0.5852510797054618,15.500231229304715,saves/unlearn/tofu/forget05/Llama-2-7b-chat-hf/SimNPO/lr6e-5_b32_mb8_ga4_a1.0_beta4.5_delta1_gamma0.125_e10/checkpoint-21,saves/unlearn/tofu/forget05/Llama-2-7b-chat-hf/SimNPO/lr6e-5_b32_mb8_ga4_a1.0_beta4.5_delta1_gamma0.125_e10/checkpoint-21/evals/TOFU_SUMMARY.json
lr6e-5_b32_mb8_ga4_a1.0_beta4.5_delta1_gamma0.125_e10,checkpoint-28,28,0.6879896825551987,0.07972469717420204,0.09823052178602666,0.30403876968905996,0.46628639073563594,0.6562366494128452,0.5874586604994134,31.97548943549013,saves/unlearn/tofu/forget05/Llama-2-7b-chat-hf/SimNPO/lr6e-5_b32_mb8_ga4_a1.0_beta4.5_delta1_gamma0.125_e10/checkpoint-28,saves/unlearn/tofu/forget05/Llama-2-7b-chat-hf/SimNPO/lr6e-5_b32_mb8_ga4_a1.0_beta4.5_delta1_gamma0.125_e10/checkpoint-28/evals/TOFU_SUMMARY.json
lr6e-5_b32_mb8_ga4_a1.0_beta4.5_delta1_gamma0.125_e10,checkpoint-35,35,0.6886159969866276,0.07672397197373067,0.09445441875257529,0.3093056341530432,0.7933622419382523,0.6556370877289421,0.5874997845363716,35.7638353575206,saves/unlearn/tofu/forget05/Llama-2-7b-chat-hf/SimNPO/lr6e-5_b32_mb8_ga4_a1.0_beta4.5_delta1_gamma0.125_e10/checkpoint-35,saves/unlearn/tofu/forget05/Llama-2-7b-chat-hf/SimNPO/lr6e-5_b32_mb8_ga4_a1.0_beta4.5_delta1_gamma0.125_e10/checkpoint-35/evals/TOFU_SUMMARY.json
lr6e-5_b32_mb8_ga4_a1.0_beta4.5_delta1_gamma0.125_e10,checkpoint-42,42,0.6855017940700054,0.07768897370683943,0.08640480895061046,0.29826336982229984,0.7125821300149116,0.6508701952566273,0.594980138775647,37.64066594147668,saves/unlearn/tofu/forget05/Llama-2-7b-chat-hf/SimNPO/lr6e-5_b32_mb8_ga4_a1.0_beta4.5_delta1_gamma0.125_e10/checkpoint-42,saves/unlearn/tofu/forget05/Llama-2-7b-chat-hf/SimNPO/lr6e-5_b32_mb8_ga4_a1.0_beta4.5_delta1_gamma0.125_e10/checkpoint-42/evals/TOFU_SUMMARY.json
lr6e-5_b32_mb8_ga4_a1.0_beta4.5_delta1_gamma0.125_e10,checkpoint-49,49,0.6834451881051063,0.07598941428082666,0.08260641207976732,0.2920513517475927,0.46628639073563594,0.6446574835588234,0.5995384142338764,38.515492517571204,saves/unlearn/tofu/forget05/Llama-2-7b-chat-hf/SimNPO/lr6e-5_b32_mb8_ga4_a1.0_beta4.5_delta1_gamma0.125_e10/checkpoint-49,saves/unlearn/tofu/forget05/Llama-2-7b-chat-hf/SimNPO/lr6e-5_b32_mb8_ga4_a1.0_beta4.5_delta1_gamma0.125_e10/checkpoint-49/evals/TOFU_SUMMARY.json
lr6e-5_b32_mb8_ga4_a1.0_beta4.5_delta1_gamma0.125_e10,checkpoint-56,56,0.6829000717401504,0.07588699596945313,0.08131266571814194,0.2986501408348815,0.46628639073563594,0.6446578051902385,0.5997159254071318,38.95097887483413,saves/unlearn/tofu/forget05/Llama-2-7b-chat-hf/SimNPO/lr6e-5_b32_mb8_ga4_a1.0_beta4.5_delta1_gamma0.125_e10/checkpoint-56,saves/unlearn/tofu/forget05/Llama-2-7b-chat-hf/SimNPO/lr6e-5_b32_mb8_ga4_a1.0_beta4.5_delta1_gamma0.125_e10/checkpoint-56/evals/TOFU_SUMMARY.json
lr6e-5_b32_mb8_ga4_a1.0_beta4.5_delta1_gamma0.125_e10,checkpoint-60,60,0.6830566489696502,0.07588699596945313,0.0812973742763279,0.29703475459855794,0.46628639073563594,0.6434332437923109,0.5993363384050694,38.966394321108915,saves/unlearn/tofu/forget05/Llama-2-7b-chat-hf/SimNPO/lr6e-5_b32_mb8_ga4_a1.0_beta4.5_delta1_gamma0.125_e10/checkpoint-60,saves/unlearn/tofu/forget05/Llama-2-7b-chat-hf/SimNPO/lr6e-5_b32_mb8_ga4_a1.0_beta4.5_delta1_gamma0.125_e10/checkpoint-60/evals/TOFU_SUMMARY.json
lr6e-5_b32_mb8_ga4_a1.0_beta4.5_delta1_gamma0.25_e10,checkpoint-7,7,0.8343336895108223,0.19922985820682143,0.4695489571336657,0.37141456016699864,6.865581733487208e-09,0.5745992232138866,0.5620946466114832,-84.5421612325355,saves/unlearn/tofu/forget05/Llama-2-7b-chat-hf/SimNPO/lr6e-5_b32_mb8_ga4_a1.0_beta4.5_delta1_gamma0.25_e10/checkpoint-7,saves/unlearn/tofu/forget05/Llama-2-7b-chat-hf/SimNPO/lr6e-5_b32_mb8_ga4_a1.0_beta4.5_delta1_gamma0.25_e10/checkpoint-7/evals/TOFU_SUMMARY.json
lr6e-5_b32_mb8_ga4_a1.0_beta4.5_delta1_gamma0.25_e10,checkpoint-14,14,0.5880236173421145,0.06229404871750741,0.05451861982553965,0.23536811427172283,0.220541217580421,0.7010035875349416,0.5742075332784983,46.35424694830363,saves/unlearn/tofu/forget05/Llama-2-7b-chat-hf/SimNPO/lr6e-5_b32_mb8_ga4_a1.0_beta4.5_delta1_gamma0.25_e10/checkpoint-14,saves/unlearn/tofu/forget05/Llama-2-7b-chat-hf/SimNPO/lr6e-5_b32_mb8_ga4_a1.0_beta4.5_delta1_gamma0.25_e10/checkpoint-14/evals/TOFU_SUMMARY.json
lr6e-5_b32_mb8_ga4_a1.0_beta4.5_delta1_gamma0.25_e10,checkpoint-21,21,0.5680935815349222,0.060576928581667924,0.03574496447225101,0.2204343465513221,0.06801920461119272,0.672818730046912,0.5831994301614541,49.9383382071931,saves/unlearn/tofu/forget05/Llama-2-7b-chat-hf/SimNPO/lr6e-5_b32_mb8_ga4_a1.0_beta4.5_delta1_gamma0.25_e10/checkpoint-21,saves/unlearn/tofu/forget05/Llama-2-7b-chat-hf/SimNPO/lr6e-5_b32_mb8_ga4_a1.0_beta4.5_delta1_gamma0.25_e10/checkpoint-21/evals/TOFU_SUMMARY.json
lr6e-5_b32_mb8_ga4_a1.0_beta4.5_delta1_gamma0.25_e10,checkpoint-28,28,0.5713633302971721,0.05981044015639607,0.03737873548961943,0.20794581705442297,0.0878382826713132,0.6771636757198446,0.5874716470620395,50.08093108523492,saves/unlearn/tofu/forget05/Llama-2-7b-chat-hf/SimNPO/lr6e-5_b32_mb8_ga4_a1.0_beta4.5_delta1_gamma0.25_e10/checkpoint-28,saves/unlearn/tofu/forget05/Llama-2-7b-chat-hf/SimNPO/lr6e-5_b32_mb8_ga4_a1.0_beta4.5_delta1_gamma0.25_e10/checkpoint-28/evals/TOFU_SUMMARY.json
lr6e-5_b32_mb8_ga4_a1.0_beta4.5_delta1_gamma0.25_e10,checkpoint-35,35,0.5683668966591359,0.05875941794985993,0.03617145831194648,0.2169541169926365,0.06801920461119272,0.6836230650143973,0.5935173411566959,49.98073068444878,saves/unlearn/tofu/forget05/Llama-2-7b-chat-hf/SimNPO/lr6e-5_b32_mb8_ga4_a1.0_beta4.5_delta1_gamma0.25_e10/checkpoint-35,saves/unlearn/tofu/forget05/Llama-2-7b-chat-hf/SimNPO/lr6e-5_b32_mb8_ga4_a1.0_beta4.5_delta1_gamma0.25_e10/checkpoint-35/evals/TOFU_SUMMARY.json
lr6e-5_b32_mb8_ga4_a1.0_beta4.5_delta1_gamma0.25_e10,checkpoint-42,42,0.5640803527832031,0.059680784504222935,0.03255446093840874,0.2132420956546074,0.0878382826713132,0.6786306650547845,0.6031363738771827,50.41236318014298,saves/unlearn/tofu/forget05/Llama-2-7b-chat-hf/SimNPO/lr6e-5_b32_mb8_ga4_a1.0_beta4.5_delta1_gamma0.25_e10/checkpoint-42,saves/unlearn/tofu/forget05/Llama-2-7b-chat-hf/SimNPO/lr6e-5_b32_mb8_ga4_a1.0_beta4.5_delta1_gamma0.25_e10/checkpoint-42/evals/TOFU_SUMMARY.json
lr6e-5_b32_mb8_ga4_a1.0_beta4.5_delta1_gamma0.25_e10,checkpoint-49,49,0.5634055233374238,0.05897510395273699,0.03266295075267408,0.2179328392119243,0.06801920461119272,0.6788094898998724,0.6060965223269628,50.65901032053968,saves/unlearn/tofu/forget05/Llama-2-7b-chat-hf/SimNPO/lr6e-5_b32_mb8_ga4_a1.0_beta4.5_delta1_gamma0.25_e10/checkpoint-49,saves/unlearn/tofu/forget05/Llama-2-7b-chat-hf/SimNPO/lr6e-5_b32_mb8_ga4_a1.0_beta4.5_delta1_gamma0.25_e10/checkpoint-49/evals/TOFU_SUMMARY.json
lr6e-5_b32_mb8_ga4_a1.0_beta4.5_delta1_gamma0.25_e10,checkpoint-56,56,0.564030158855021,0.05940444415622674,0.032278922382683956,0.21733012051681438,0.0878382826713132,0.6793482887332806,0.6052758514284889,50.71296438250145,saves/unlearn/tofu/forget05/Llama-2-7b-chat-hf/SimNPO/lr6e-5_b32_mb8_ga4_a1.0_beta4.5_delta1_gamma0.25_e10/checkpoint-56,saves/unlearn/tofu/forget05/Llama-2-7b-chat-hf/SimNPO/lr6e-5_b32_mb8_ga4_a1.0_beta4.5_delta1_gamma0.25_e10/checkpoint-56/evals/TOFU_SUMMARY.json
lr6e-5_b32_mb8_ga4_a1.0_beta4.5_delta1_gamma0.25_e10,checkpoint-60,60,0.5639603734388947,0.0592615870133696,0.03226367773429956,0.21718647069139352,0.06801920461119272,0.679903622550072,0.6048227563627606,50.72837982877624,saves/unlearn/tofu/forget05/Llama-2-7b-chat-hf/SimNPO/lr6e-5_b32_mb8_ga4_a1.0_beta4.5_delta1_gamma0.25_e10/checkpoint-60,saves/unlearn/tofu/forget05/Llama-2-7b-chat-hf/SimNPO/lr6e-5_b32_mb8_ga4_a1.0_beta4.5_delta1_gamma0.25_e10/checkpoint-60/evals/TOFU_SUMMARY.json
