split,method,tag,lr,eff_b,mb,ga,alpha,beta,delta,gamma,epoch,checkpoint,checkpoint_step,FQ,MU,EM,ES,F-TR,Ra-TR,R-TR,Rw-TR,score,summary_path,eval_path
forget10,SimNPO,lr2e-5_b16_mb8_ga2_a1.0_beta3.5_delta0_gamma0.125_e10,2e-5,16,8,2,1.0,3.5,0,0.125,10,checkpoint-25,25,4.346199600129006e-25,0.6074749871128725,0.99055817425251,0.8926901628975282,0.5123104021758477,0.5757026088863383,0.46344612790281003,0.5341471230407294,-0.3341491814621466,saves/unlearn/tofu/forget10/Llama-2-7b-chat-hf/SimNPO/lr2e-5_b16_mb8_ga2_a1.0_beta3.5_delta0_gamma0.125_e10/checkpoint-25/evals/TOFU_SUMMARY.json,saves/unlearn/tofu/forget10/Llama-2-7b-chat-hf/SimNPO/lr2e-5_b16_mb8_ga2_a1.0_beta3.5_delta0_gamma0.125_e10/checkpoint-25/evals/TOFU_EVAL.json
forget10,SimNPO,lr2e-5_b16_mb8_ga2_a1.0_beta3.5_delta0_gamma0.125_e10,2e-5,16,8,2,1.0,3.5,0,0.125,10,checkpoint-50,50,2.0508859434374988e-24,0.624270467109169,0.9776702865958213,0.726284646760663,0.5236043045600438,0.6155512174322076,0.45329668398357514,0.5452994494619064,-0.22770699956907314,saves/unlearn/tofu/forget10/Llama-2-7b-chat-hf/SimNPO/lr2e-5_b16_mb8_ga2_a1.0_beta3.5_delta0_gamma0.125_e10/checkpoint-50/evals/TOFU_SUMMARY.json,saves/unlearn/tofu/forget10/Llama-2-7b-chat-hf/SimNPO/lr2e-5_b16_mb8_ga2_a1.0_beta3.5_delta0_gamma0.125_e10/checkpoint-50/evals/TOFU_EVAL.json
forget10,SimNPO,lr2e-5_b16_mb8_ga2_a1.0_beta3.5_delta0_gamma0.125_e10,2e-5,16,8,2,1.0,3.5,0,0.125,10,checkpoint-75,75,1.6623182901932567e-21,0.6233181933682201,0.9589368855953216,0.560899934077593,0.529084837903205,0.6082588723660729,0.456602788795138,0.5478626455305866,-0.13660021646823717,saves/unlearn/tofu/forget10/Llama-2-7b-chat-hf/SimNPO/lr2e-5_b16_mb8_ga2_a1.0_beta3.5_delta0_gamma0.125_e10/checkpoint-75/evals/TOFU_SUMMARY.json,saves/unlearn/tofu/forget10/Llama-2-7b-chat-hf/SimNPO/lr2e-5_b16_mb8_ga2_a1.0_beta3.5_delta0_gamma0.125_e10/checkpoint-75/evals/TOFU_EVAL.json
forget10,SimNPO,lr2e-5_b16_mb8_ga2_a1.0_beta3.5_delta0_gamma0.125_e10,2e-5,16,8,2,1.0,3.5,0,0.125,10,checkpoint-100,100,1.3990395281788573e-20,0.6209615647180871,0.9421979795396328,0.45165737793666744,0.5349631260338947,0.6077813415832695,0.45906391399264507,0.5450607606192744,-0.07596611402006306,saves/unlearn/tofu/forget10/Llama-2-7b-chat-hf/SimNPO/lr2e-5_b16_mb8_ga2_a1.0_beta3.5_delta0_gamma0.125_e10/checkpoint-100/evals/TOFU_SUMMARY.json,saves/unlearn/tofu/forget10/Llama-2-7b-chat-hf/SimNPO/lr2e-5_b16_mb8_ga2_a1.0_beta3.5_delta0_gamma0.125_e10/checkpoint-100/evals/TOFU_EVAL.json
forget10,SimNPO,lr2e-5_b16_mb8_ga2_a1.0_beta3.5_delta0_gamma0.125_e10,2e-5,16,8,2,1.0,3.5,0,0.125,10,checkpoint-125,125,6.916893189690245e-21,0.6291788291920623,0.9271899935603142,0.35881259293732626,0.5347037773828105,0.6250343691651833,0.4631247471618836,0.5554950673011396,-0.013822464056757966,saves/unlearn/tofu/forget10/Llama-2-7b-chat-hf/SimNPO/lr2e-5_b16_mb8_ga2_a1.0_beta3.5_delta0_gamma0.125_e10/checkpoint-125/evals/TOFU_SUMMARY.json,saves/unlearn/tofu/forget10/Llama-2-7b-chat-hf/SimNPO/lr2e-5_b16_mb8_ga2_a1.0_beta3.5_delta0_gamma0.125_e10/checkpoint-125/evals/TOFU_EVAL.json
forget10,SimNPO,lr2e-5_b16_mb8_ga2_a1.0_beta3.5_delta0_gamma0.125_e10,2e-5,16,8,2,1.0,3.5,0,0.125,10,checkpoint-150,150,6.916893189690245e-21,0.6281100159184569,0.9215165904164314,0.32599369958947455,0.5331196530065511,0.6212142391064621,0.4669757600691771,0.5500244688233754,0.004354870915503961,saves/unlearn/tofu/forget10/Llama-2-7b-chat-hf/SimNPO/lr2e-5_b16_mb8_ga2_a1.0_beta3.5_delta0_gamma0.125_e10/checkpoint-150/evals/TOFU_SUMMARY.json,saves/unlearn/tofu/forget10/Llama-2-7b-chat-hf/SimNPO/lr2e-5_b16_mb8_ga2_a1.0_beta3.5_delta0_gamma0.125_e10/checkpoint-150/evals/TOFU_EVAL.json
forget10,SimNPO,lr2e-5_b16_mb8_ga2_a1.0_beta3.5_delta0_gamma0.125_e10,2e-5,16,8,2,1.0,3.5,0,0.125,10,checkpoint-175,175,5.627715395305929e-20,0.630912272093772,0.9147554714977741,0.3037278908511524,0.533036631485595,0.6252731926183621,0.46708927284352136,0.5532222080068957,0.021670590919308702,saves/unlearn/tofu/forget10/Llama-2-7b-chat-hf/SimNPO/lr2e-5_b16_mb8_ga2_a1.0_beta3.5_delta0_gamma0.125_e10/checkpoint-175/evals/TOFU_SUMMARY.json,saves/unlearn/tofu/forget10/Llama-2-7b-chat-hf/SimNPO/lr2e-5_b16_mb8_ga2_a1.0_beta3.5_delta0_gamma0.125_e10/checkpoint-175/evals/TOFU_EVAL.json
forget10,SimNPO,lr2e-5_b16_mb8_ga2_a1.0_beta3.5_delta0_gamma0.125_e10,2e-5,16,8,2,1.0,3.5,0,0.125,10,checkpoint-200,200,2.213522258546535e-19,0.6294514875053132,0.9106146645545959,0.2842563245204966,0.5323428733063509,0.6206224099470323,0.4676428136121254,0.5494565021528964,0.03201599296776694,saves/unlearn/tofu/forget10/Llama-2-7b-chat-hf/SimNPO/lr2e-5_b16_mb8_ga2_a1.0_beta3.5_delta0_gamma0.125_e10/checkpoint-200/evals/TOFU_SUMMARY.json,saves/unlearn/tofu/forget10/Llama-2-7b-chat-hf/SimNPO/lr2e-5_b16_mb8_ga2_a1.0_beta3.5_delta0_gamma0.125_e10/checkpoint-200/evals/TOFU_EVAL.json
forget10,SimNPO,lr2e-5_b16_mb8_ga2_a1.0_beta3.5_delta0_gamma0.125_e10,2e-5,16,8,2,1.0,3.5,0,0.125,10,checkpoint-225,225,1.11924339764853e-19,0.6302406243672384,0.9100111766159534,0.28165706703417187,0.53288871460408,0.6200437603306524,0.4678291427924271,0.5501709706532317,0.034406502542175726,saves/unlearn/tofu/forget10/Llama-2-7b-chat-hf/SimNPO/lr2e-5_b16_mb8_ga2_a1.0_beta3.5_delta0_gamma0.125_e10/checkpoint-225/evals/TOFU_SUMMARY.json,saves/unlearn/tofu/forget10/Llama-2-7b-chat-hf/SimNPO/lr2e-5_b16_mb8_ga2_a1.0_beta3.5_delta0_gamma0.125_e10/checkpoint-225/evals/TOFU_EVAL.json
forget10,SimNPO,lr2e-5_b16_mb8_ga2_a1.0_beta3.5_delta0_gamma0.125_e10,2e-5,16,8,2,1.0,3.5,0,0.125,10,checkpoint-250,250,2.213522258546535e-19,0.6300866080118437,0.9094512043893337,0.27760813383736976,0.5323868735459478,0.6200926570239755,0.46786332377995576,0.5509317007254786,0.03655693889849196,saves/unlearn/tofu/forget10/Llama-2-7b-chat-hf/SimNPO/lr2e-5_b16_mb8_ga2_a1.0_beta3.5_delta0_gamma0.125_e10/checkpoint-250/evals/TOFU_SUMMARY.json,saves/unlearn/tofu/forget10/Llama-2-7b-chat-hf/SimNPO/lr2e-5_b16_mb8_ga2_a1.0_beta3.5_delta0_gamma0.125_e10/checkpoint-250/evals/TOFU_EVAL.json
forget10,SimNPO,lr2e-5_b16_mb8_ga2_a1.0_beta3.5_delta0_gamma0.25_e10,2e-5,16,8,2,1.0,3.5,0,0.25,10,checkpoint-25,25,9.46850627170962e-25,0.6092016058569434,0.9867293825745582,0.8370302150885399,0.5142544384161577,0.5800096118647763,0.46350213242733074,0.5369628496290725,-0.3026781929746057,saves/unlearn/tofu/forget10/Llama-2-7b-chat-hf/SimNPO/lr2e-5_b16_mb8_ga2_a1.0_beta3.5_delta0_gamma0.25_e10/checkpoint-25/evals/TOFU_SUMMARY.json,saves/unlearn/tofu/forget10/Llama-2-7b-chat-hf/SimNPO/lr2e-5_b16_mb8_ga2_a1.0_beta3.5_delta0_gamma0.25_e10/checkpoint-25/evals/TOFU_EVAL.json
forget10,SimNPO,lr2e-5_b16_mb8_ga2_a1.0_beta3.5_delta0_gamma0.25_e10,2e-5,16,8,2,1.0,3.5,0,0.25,10,checkpoint-50,50,1.11924339764853e-19,0.6246673381918184,0.9526989452540875,0.5276598692553311,0.5370491708547273,0.6152714298052504,0.44797415499068793,0.5462420303790215,-0.11551206906289091,saves/unlearn/tofu/forget10/Llama-2-7b-chat-hf/SimNPO/lr2e-5_b16_mb8_ga2_a1.0_beta3.5_delta0_gamma0.25_e10/checkpoint-50/evals/TOFU_SUMMARY.json,saves/unlearn/tofu/forget10/Llama-2-7b-chat-hf/SimNPO/lr2e-5_b16_mb8_ga2_a1.0_beta3.5_delta0_gamma0.25_e10/checkpoint-50/evals/TOFU_EVAL.json
forget10,SimNPO,lr2e-5_b16_mb8_ga2_a1.0_beta3.5_delta0_gamma0.25_e10,2e-5,16,8,2,1.0,3.5,0,0.25,10,checkpoint-75,75,1.1781277220965948e-17,0.6329319904518123,0.9103974021971226,0.3030578695203385,0.5446820653433995,0.6291008708393483,0.461147134559042,0.560305694365721,0.026204354593081708,saves/unlearn/tofu/forget10/Llama-2-7b-chat-hf/SimNPO/lr2e-5_b16_mb8_ga2_a1.0_beta3.5_delta0_gamma0.25_e10/checkpoint-75/evals/TOFU_SUMMARY.json,saves/unlearn/tofu/forget10/Llama-2-7b-chat-hf/SimNPO/lr2e-5_b16_mb8_ga2_a1.0_beta3.5_delta0_gamma0.25_e10/checkpoint-75/evals/TOFU_EVAL.json
forget10,SimNPO,lr2e-5_b16_mb8_ga2_a1.0_beta3.5_delta0_gamma0.25_e10,2e-5,16,8,2,1.0,3.5,0,0.25,10,checkpoint-100,100,4.2392996435511593e-17,0.6359473384230728,0.8875264257192612,0.24375109176663,0.5460120260942436,0.6344945087992153,0.467713009689179,0.5572495847662691,0.07030857968012721,saves/unlearn/tofu/forget10/Llama-2-7b-chat-hf/SimNPO/lr2e-5_b16_mb8_ga2_a1.0_beta3.5_delta0_gamma0.25_e10/checkpoint-100/evals/TOFU_SUMMARY.json,saves/unlearn/tofu/forget10/Llama-2-7b-chat-hf/SimNPO/lr2e-5_b16_mb8_ga2_a1.0_beta3.5_delta0_gamma0.25_e10/checkpoint-100/evals/TOFU_EVAL.json
forget10,SimNPO,lr2e-5_b16_mb8_ga2_a1.0_beta3.5_delta0_gamma0.25_e10,2e-5,16,8,2,1.0,3.5,0,0.25,10,checkpoint-125,125,2.241003819205479e-17,0.640490001913173,0.868000823110342,0.20764200489101037,0.5412685173630886,0.642295580050708,0.47005673880351795,0.5616960410135086,0.10266858791249678,saves/unlearn/tofu/forget10/Llama-2-7b-chat-hf/SimNPO/lr2e-5_b16_mb8_ga2_a1.0_beta3.5_delta0_gamma0.25_e10/checkpoint-125/evals/TOFU_SUMMARY.json,saves/unlearn/tofu/forget10/Llama-2-7b-chat-hf/SimNPO/lr2e-5_b16_mb8_ga2_a1.0_beta3.5_delta0_gamma0.25_e10/checkpoint-125/evals/TOFU_EVAL.json
forget10,SimNPO,lr2e-5_b16_mb8_ga2_a1.0_beta3.5_delta0_gamma0.25_e10,2e-5,16,8,2,1.0,3.5,0,0.25,10,checkpoint-150,150,4.2392996435511593e-17,0.6373434987401203,0.866885823905468,0.2013638577512933,0.54091308945377,0.6315461896791288,0.47009881339577175,0.5571183227365385,0.10321865791173966,saves/unlearn/tofu/forget10/Llama-2-7b-chat-hf/SimNPO/lr2e-5_b16_mb8_ga2_a1.0_beta3.5_delta0_gamma0.25_e10/checkpoint-150/evals/TOFU_SUMMARY.json,saves/unlearn/tofu/forget10/Llama-2-7b-chat-hf/SimNPO/lr2e-5_b16_mb8_ga2_a1.0_beta3.5_delta0_gamma0.25_e10/checkpoint-150/evals/TOFU_EVAL.json
forget10,SimNPO,lr2e-5_b16_mb8_ga2_a1.0_beta3.5_delta0_gamma0.25_e10,2e-5,16,8,2,1.0,3.5,0,0.25,10,checkpoint-175,175,7.975373070421785e-17,0.6394706359021578,0.8629220914840698,0.19425766343548434,0.539384228202254,0.6366506888903385,0.4696839745968798,0.5584447689060044,0.11088075844238082,saves/unlearn/tofu/forget10/Llama-2-7b-chat-hf/SimNPO/lr2e-5_b16_mb8_ga2_a1.0_beta3.5_delta0_gamma0.25_e10/checkpoint-175/evals/TOFU_SUMMARY.json,saves/unlearn/tofu/forget10/Llama-2-7b-chat-hf/SimNPO/lr2e-5_b16_mb8_ga2_a1.0_beta3.5_delta0_gamma0.25_e10/checkpoint-175/evals/TOFU_EVAL.json
forget10,SimNPO,lr2e-5_b16_mb8_ga2_a1.0_beta3.5_delta0_gamma0.25_e10,2e-5,16,8,2,1.0,3.5,0,0.25,10,checkpoint-200,200,7.975373070421785e-17,0.6398074117221642,0.8566096426546573,0.18240722191699324,0.5387406910563292,0.6389707159400002,0.46992213317524817,0.5612118566470645,0.12029897943633898,saves/unlearn/tofu/forget10/Llama-2-7b-chat-hf/SimNPO/lr2e-5_b16_mb8_ga2_a1.0_beta3.5_delta0_gamma0.25_e10/checkpoint-200/evals/TOFU_SUMMARY.json,saves/unlearn/tofu/forget10/Llama-2-7b-chat-hf/SimNPO/lr2e-5_b16_mb8_ga2_a1.0_beta3.5_delta0_gamma0.25_e10/checkpoint-200/evals/TOFU_EVAL.json
forget10,SimNPO,lr2e-5_b16_mb8_ga2_a1.0_beta3.5_delta0_gamma0.25_e10,2e-5,16,8,2,1.0,3.5,0,0.25,10,checkpoint-225,225,4.2392996435511593e-17,0.6380865052409164,0.8550229030847549,0.17740751573095617,0.5385748173097192,0.6365843824909887,0.47014308222493656,0.5583010901985992,0.12187129583306082,saves/unlearn/tofu/forget10/Llama-2-7b-chat-hf/SimNPO/lr2e-5_b16_mb8_ga2_a1.0_beta3.5_delta0_gamma0.25_e10/checkpoint-225/evals/TOFU_SUMMARY.json,saves/unlearn/tofu/forget10/Llama-2-7b-chat-hf/SimNPO/lr2e-5_b16_mb8_ga2_a1.0_beta3.5_delta0_gamma0.25_e10/checkpoint-225/evals/TOFU_EVAL.json
forget10,SimNPO,lr2e-5_b16_mb8_ga2_a1.0_beta3.5_delta0_gamma0.25_e10,2e-5,16,8,2,1.0,3.5,0,0.25,10,checkpoint-250,250,7.975373070421785e-17,0.637979193808308,0.8543173517286777,0.1763253083294355,0.539018548515228,0.6373741058766116,0.469702919975332,0.5583985866894555,0.12265786377925153,saves/unlearn/tofu/forget10/Llama-2-7b-chat-hf/SimNPO/lr2e-5_b16_mb8_ga2_a1.0_beta3.5_delta0_gamma0.25_e10/checkpoint-250/evals/TOFU_SUMMARY.json,saves/unlearn/tofu/forget10/Llama-2-7b-chat-hf/SimNPO/lr2e-5_b16_mb8_ga2_a1.0_beta3.5_delta0_gamma0.25_e10/checkpoint-250/evals/TOFU_EVAL.json
forget10,SimNPO,lr2e-5_b16_mb8_ga2_a1.0_beta3.5_delta1_gamma0.125_e10,2e-5,16,8,2,1.0,3.5,1,0.125,10,checkpoint-25,25,2.0508859434374988e-24,0.6091182973342982,0.9869870391488075,0.8409570438627938,0.5135393747545778,0.57972952966758,0.4640427551935467,0.5358458869876636,-0.3048537441715024,saves/unlearn/tofu/forget10/Llama-2-7b-chat-hf/SimNPO/lr2e-5_b16_mb8_ga2_a1.0_beta3.5_delta1_gamma0.125_e10/checkpoint-25/evals/TOFU_SUMMARY.json,saves/unlearn/tofu/forget10/Llama-2-7b-chat-hf/SimNPO/lr2e-5_b16_mb8_ga2_a1.0_beta3.5_delta1_gamma0.125_e10/checkpoint-25/evals/TOFU_EVAL.json
forget10,SimNPO,lr2e-5_b16_mb8_ga2_a1.0_beta3.5_delta1_gamma0.125_e10,2e-5,16,8,2,1.0,3.5,1,0.125,10,checkpoint-50,50,1.11924339764853e-19,0.6316180398472608,0.9393144606053829,0.46283570555043324,0.5381016165136266,0.640741565835957,0.45305517807780954,0.5488898228087883,-0.06945704323064725,saves/unlearn/tofu/forget10/Llama-2-7b-chat-hf/SimNPO/lr2e-5_b16_mb8_ga2_a1.0_beta3.5_delta1_gamma0.125_e10/checkpoint-50/evals/TOFU_SUMMARY.json,saves/unlearn/tofu/forget10/Llama-2-7b-chat-hf/SimNPO/lr2e-5_b16_mb8_ga2_a1.0_beta3.5_delta1_gamma0.125_e10/checkpoint-50/evals/TOFU_EVAL.json
forget10,SimNPO,lr2e-5_b16_mb8_ga2_a1.0_beta3.5_delta1_gamma0.125_e10,2e-5,16,8,2,1.0,3.5,1,0.125,10,checkpoint-75,75,3.1252666340221845e-13,0.6380259633223212,0.8638963431119919,0.2196310198197734,0.5466955000128841,0.6488464113049691,0.46546125830235524,0.5618156452117125,0.09626228185675106,saves/unlearn/tofu/forget10/Llama-2-7b-chat-hf/SimNPO/lr2e-5_b16_mb8_ga2_a1.0_beta3.5_delta1_gamma0.125_e10/checkpoint-75/evals/TOFU_SUMMARY.json,saves/unlearn/tofu/forget10/Llama-2-7b-chat-hf/SimNPO/lr2e-5_b16_mb8_ga2_a1.0_beta3.5_delta1_gamma0.125_e10/checkpoint-75/evals/TOFU_EVAL.json
forget10,SimNPO,lr2e-5_b16_mb8_ga2_a1.0_beta3.5_delta1_gamma0.125_e10,2e-5,16,8,2,1.0,3.5,1,0.125,10,checkpoint-100,100,5.418551024174982e-13,0.6444181193324571,0.7957009235024453,0.14001804972923046,0.5499758789037007,0.6410889529362133,0.47535703598657975,0.5707840870441921,0.1765586327171611,saves/unlearn/tofu/forget10/Llama-2-7b-chat-hf/SimNPO/lr2e-5_b16_mb8_ga2_a1.0_beta3.5_delta1_gamma0.125_e10/checkpoint-100/evals/TOFU_SUMMARY.json,saves/unlearn/tofu/forget10/Llama-2-7b-chat-hf/SimNPO/lr2e-5_b16_mb8_ga2_a1.0_beta3.5_delta1_gamma0.125_e10/checkpoint-100/evals/TOFU_EVAL.json
forget10,SimNPO,lr2e-5_b16_mb8_ga2_a1.0_beta3.5_delta1_gamma0.125_e10,2e-5,16,8,2,1.0,3.5,1,0.125,10,checkpoint-125,125,4.360395687512671e-09,0.6477756756743412,0.7393466801196337,0.09160580374247392,0.5580647939629603,0.653189029669109,0.4756102028501647,0.5695075325669544,0.23229943810368317,saves/unlearn/tofu/forget10/Llama-2-7b-chat-hf/SimNPO/lr2e-5_b16_mb8_ga2_a1.0_beta3.5_delta1_gamma0.125_e10/checkpoint-125/evals/TOFU_SUMMARY.json,saves/unlearn/tofu/forget10/Llama-2-7b-chat-hf/SimNPO/lr2e-5_b16_mb8_ga2_a1.0_beta3.5_delta1_gamma0.125_e10/checkpoint-125/evals/TOFU_EVAL.json
forget10,SimNPO,lr2e-5_b16_mb8_ga2_a1.0_beta3.5_delta1_gamma0.125_e10,2e-5,16,8,2,1.0,3.5,1,0.125,10,checkpoint-150,150,1.0655053900451827e-08,0.6441496291360905,0.7441237369179725,0.09097455153850449,0.5583227771969022,0.6484716086855109,0.47465443937809654,0.5608748355301388,0.22660049556290598,saves/unlearn/tofu/forget10/Llama-2-7b-chat-hf/SimNPO/lr2e-5_b16_mb8_ga2_a1.0_beta3.5_delta1_gamma0.125_e10/checkpoint-150/evals/TOFU_SUMMARY.json,saves/unlearn/tofu/forget10/Llama-2-7b-chat-hf/SimNPO/lr2e-5_b16_mb8_ga2_a1.0_beta3.5_delta1_gamma0.125_e10/checkpoint-150/evals/TOFU_EVAL.json
forget10,SimNPO,lr2e-5_b16_mb8_ga2_a1.0_beta3.5_delta1_gamma0.125_e10,2e-5,16,8,2,1.0,3.5,1,0.125,10,checkpoint-175,175,2.7675164465641644e-09,0.6458559610499651,0.7413544209301471,0.0865693948911678,0.5536273334982548,0.6509002357876418,0.4735353252731099,0.5636995699765608,0.2318940559068241,saves/unlearn/tofu/forget10/Llama-2-7b-chat-hf/SimNPO/lr2e-5_b16_mb8_ga2_a1.0_beta3.5_delta1_gamma0.125_e10/checkpoint-175/evals/TOFU_SUMMARY.json,saves/unlearn/tofu/forget10/Llama-2-7b-chat-hf/SimNPO/lr2e-5_b16_mb8_ga2_a1.0_beta3.5_delta1_gamma0.125_e10/checkpoint-175/evals/TOFU_EVAL.json
forget10,SimNPO,lr2e-5_b16_mb8_ga2_a1.0_beta3.5_delta1_gamma0.125_e10,2e-5,16,8,2,1.0,3.5,1,0.125,10,checkpoint-200,200,2.7675164465641644e-09,0.6450872026323983,0.7414136339724063,0.08845906380820562,0.5555439346464938,0.6515548821387226,0.4727676025978168,0.561022134659412,0.23015085650960873,saves/unlearn/tofu/forget10/Llama-2-7b-chat-hf/SimNPO/lr2e-5_b16_mb8_ga2_a1.0_beta3.5_delta1_gamma0.125_e10/checkpoint-200/evals/TOFU_SUMMARY.json,saves/unlearn/tofu/forget10/Llama-2-7b-chat-hf/SimNPO/lr2e-5_b16_mb8_ga2_a1.0_beta3.5_delta1_gamma0.125_e10/checkpoint-200/evals/TOFU_EVAL.json
forget10,SimNPO,lr2e-5_b16_mb8_ga2_a1.0_beta3.5_delta1_gamma0.125_e10,2e-5,16,8,2,1.0,3.5,1,0.125,10,checkpoint-225,225,6.85594912218188e-10,0.6456525946311068,0.7389144885540009,0.08807092882103294,0.5562661039216099,0.6518501396604389,0.47259136478154573,0.5622822100185937,0.2321598866291848,saves/unlearn/tofu/forget10/Llama-2-7b-chat-hf/SimNPO/lr2e-5_b16_mb8_ga2_a1.0_beta3.5_delta1_gamma0.125_e10/checkpoint-225/evals/TOFU_SUMMARY.json,saves/unlearn/tofu/forget10/Llama-2-7b-chat-hf/SimNPO/lr2e-5_b16_mb8_ga2_a1.0_beta3.5_delta1_gamma0.125_e10/checkpoint-225/evals/TOFU_EVAL.json
forget10,SimNPO,lr2e-5_b16_mb8_ga2_a1.0_beta3.5_delta1_gamma0.125_e10,2e-5,16,8,2,1.0,3.5,1,0.125,10,checkpoint-250,250,1.7473118094396964e-09,0.6453016172232728,0.7383901625871658,0.08766315763449821,0.5546947258984773,0.6513136888510036,0.47231259403326237,0.560989418677021,0.23227495885975266,saves/unlearn/tofu/forget10/Llama-2-7b-chat-hf/SimNPO/lr2e-5_b16_mb8_ga2_a1.0_beta3.5_delta1_gamma0.125_e10/checkpoint-250/evals/TOFU_SUMMARY.json,saves/unlearn/tofu/forget10/Llama-2-7b-chat-hf/SimNPO/lr2e-5_b16_mb8_ga2_a1.0_beta3.5_delta1_gamma0.125_e10/checkpoint-250/evals/TOFU_EVAL.json
forget10,SimNPO,lr2e-5_b16_mb8_ga2_a1.0_beta3.5_delta1_gamma0.25_e10,2e-5,16,8,2,1.0,3.5,1,0.25,10,checkpoint-25,25,4.416671697087842e-24,0.6140017858688686,0.9811552321910858,0.7872474876419807,0.517592916400905,0.5896529228730736,0.4634082571883074,0.5411190825000236,-0.2701995740476647,saves/unlearn/tofu/forget10/Llama-2-7b-chat-hf/SimNPO/lr2e-5_b16_mb8_ga2_a1.0_beta3.5_delta1_gamma0.25_e10/checkpoint-25/evals/TOFU_SUMMARY.json,saves/unlearn/tofu/forget10/Llama-2-7b-chat-hf/SimNPO/lr2e-5_b16_mb8_ga2_a1.0_beta3.5_delta1_gamma0.25_e10/checkpoint-25/evals/TOFU_EVAL.json
forget10,SimNPO,lr2e-5_b16_mb8_ga2_a1.0_beta3.5_delta1_gamma0.25_e10,2e-5,16,8,2,1.0,3.5,1,0.25,10,checkpoint-50,50,1.4921665744660114e-16,0.6063616649389756,0.8833783628046512,0.27633962451861793,0.5455247343960495,0.616956302335138,0.4546746563700492,0.5343005515832814,0.026502671277341128,saves/unlearn/tofu/forget10/Llama-2-7b-chat-hf/SimNPO/lr2e-5_b16_mb8_ga2_a1.0_beta3.5_delta1_gamma0.25_e10/checkpoint-50/evals/TOFU_SUMMARY.json,saves/unlearn/tofu/forget10/Llama-2-7b-chat-hf/SimNPO/lr2e-5_b16_mb8_ga2_a1.0_beta3.5_delta1_gamma0.25_e10/checkpoint-50/evals/TOFU_EVAL.json
forget10,SimNPO,lr2e-5_b16_mb8_ga2_a1.0_beta3.5_delta1_gamma0.25_e10,2e-5,16,8,2,1.0,3.5,1,0.25,10,checkpoint-75,75,1.0229984068189572e-13,0.6258124390279018,0.7810744079947471,0.1274364747809646,0.545991291346186,0.6188796239023917,0.47777917939956643,0.5575280058036781,0.17155699764014823,saves/unlearn/tofu/forget10/Llama-2-7b-chat-hf/SimNPO/lr2e-5_b16_mb8_ga2_a1.0_beta3.5_delta1_gamma0.25_e10/checkpoint-75/evals/TOFU_SUMMARY.json,saves/unlearn/tofu/forget10/Llama-2-7b-chat-hf/SimNPO/lr2e-5_b16_mb8_ga2_a1.0_beta3.5_delta1_gamma0.25_e10/checkpoint-75/evals/TOFU_EVAL.json
forget10,SimNPO,lr2e-5_b16_mb8_ga2_a1.0_beta3.5_delta1_gamma0.25_e10,2e-5,16,8,2,1.0,3.5,1,0.25,10,checkpoint-100,100,6.027592497096867e-11,0.6427722923952459,0.7524541999399662,0.09606343301266844,0.5523371507728234,0.6306539668358604,0.4847311191058371,0.5716790870459424,0.21851347597920448,saves/unlearn/tofu/forget10/Llama-2-7b-chat-hf/SimNPO/lr2e-5_b16_mb8_ga2_a1.0_beta3.5_delta1_gamma0.25_e10/checkpoint-100/evals/TOFU_SUMMARY.json,saves/unlearn/tofu/forget10/Llama-2-7b-chat-hf/SimNPO/lr2e-5_b16_mb8_ga2_a1.0_beta3.5_delta1_gamma0.25_e10/checkpoint-100/evals/TOFU_EVAL.json
forget10,SimNPO,lr2e-5_b16_mb8_ga2_a1.0_beta3.5_delta1_gamma0.25_e10,2e-5,16,8,2,1.0,3.5,1,0.25,10,checkpoint-125,125,1.0973970510505411e-09,0.6468545359955955,0.7333052551746368,0.09034085647320494,0.5558089416221136,0.6466637216222647,0.4815412546355377,0.5741702724972074,0.23503148126907167,saves/unlearn/tofu/forget10/Llama-2-7b-chat-hf/SimNPO/lr2e-5_b16_mb8_ga2_a1.0_beta3.5_delta1_gamma0.25_e10/checkpoint-125/evals/TOFU_SUMMARY.json,saves/unlearn/tofu/forget10/Llama-2-7b-chat-hf/SimNPO/lr2e-5_b16_mb8_ga2_a1.0_beta3.5_delta1_gamma0.25_e10/checkpoint-125/evals/TOFU_EVAL.json
forget10,SimNPO,lr2e-5_b16_mb8_ga2_a1.0_beta3.5_delta1_gamma0.25_e10,2e-5,16,8,2,1.0,3.5,1,0.25,10,checkpoint-150,150,1.652551353350331e-08,0.6412396374579663,0.7331115987896919,0.08761380070819799,0.5583048544300125,0.6405817621812483,0.4774984316429518,0.5672422655928628,0.23087695423453486,saves/unlearn/tofu/forget10/Llama-2-7b-chat-hf/SimNPO/lr2e-5_b16_mb8_ga2_a1.0_beta3.5_delta1_gamma0.25_e10/checkpoint-150/evals/TOFU_SUMMARY.json,saves/unlearn/tofu/forget10/Llama-2-7b-chat-hf/SimNPO/lr2e-5_b16_mb8_ga2_a1.0_beta3.5_delta1_gamma0.25_e10/checkpoint-150/evals/TOFU_EVAL.json
forget10,SimNPO,lr2e-5_b16_mb8_ga2_a1.0_beta3.5_delta1_gamma0.25_e10,2e-5,16,8,2,1.0,3.5,1,0.25,10,checkpoint-175,175,1.0655053900451827e-08,0.6450406547235207,0.7342915946990252,0.08993608242313567,0.5578442689214271,0.647351151239209,0.474991236009175,0.5688719178916306,0.23292682681749421,saves/unlearn/tofu/forget10/Llama-2-7b-chat-hf/SimNPO/lr2e-5_b16_mb8_ga2_a1.0_beta3.5_delta1_gamma0.25_e10/checkpoint-175/evals/TOFU_SUMMARY.json,saves/unlearn/tofu/forget10/Llama-2-7b-chat-hf/SimNPO/lr2e-5_b16_mb8_ga2_a1.0_beta3.5_delta1_gamma0.25_e10/checkpoint-175/evals/TOFU_EVAL.json
forget10,SimNPO,lr2e-5_b16_mb8_ga2_a1.0_beta3.5_delta1_gamma0.25_e10,2e-5,16,8,2,1.0,3.5,1,0.25,10,checkpoint-200,200,4.360395687512671e-09,0.6452568221573506,0.7321035885065794,0.08897422253198238,0.5540666535223518,0.6478427382506298,0.47515366123115244,0.5698610007424959,0.2347179209984654,saves/unlearn/tofu/forget10/Llama-2-7b-chat-hf/SimNPO/lr2e-5_b16_mb8_ga2_a1.0_beta3.5_delta1_gamma0.25_e10/checkpoint-200/evals/TOFU_SUMMARY.json,saves/unlearn/tofu/forget10/Llama-2-7b-chat-hf/SimNPO/lr2e-5_b16_mb8_ga2_a1.0_beta3.5_delta1_gamma0.25_e10/checkpoint-200/evals/TOFU_EVAL.json
forget10,SimNPO,lr2e-5_b16_mb8_ga2_a1.0_beta3.5_delta1_gamma0.25_e10,2e-5,16,8,2,1.0,3.5,1,0.25,10,checkpoint-225,225,2.5496506594547965e-08,0.6450366839420048,0.7310015772283077,0.08831194811827894,0.5548457227130245,0.6478097417309491,0.47528998807788453,0.5683595483021557,0.235379946765218,saves/unlearn/tofu/forget10/Llama-2-7b-chat-hf/SimNPO/lr2e-5_b16_mb8_ga2_a1.0_beta3.5_delta1_gamma0.25_e10/checkpoint-225/evals/TOFU_SUMMARY.json,saves/unlearn/tofu/forget10/Llama-2-7b-chat-hf/SimNPO/lr2e-5_b16_mb8_ga2_a1.0_beta3.5_delta1_gamma0.25_e10/checkpoint-225/evals/TOFU_EVAL.json
forget10,SimNPO,lr2e-5_b16_mb8_ga2_a1.0_beta3.5_delta1_gamma0.25_e10,2e-5,16,8,2,1.0,3.5,1,0.25,10,checkpoint-250,250,1.0655053900451827e-08,0.6449058616031201,0.7315634465217591,0.08800930898722456,0.5543409887951302,0.6462970406754224,0.47521756946694566,0.5692473779093185,0.23511949450368225,saves/unlearn/tofu/forget10/Llama-2-7b-chat-hf/SimNPO/lr2e-5_b16_mb8_ga2_a1.0_beta3.5_delta1_gamma0.25_e10/checkpoint-250/evals/TOFU_SUMMARY.json,saves/unlearn/tofu/forget10/Llama-2-7b-chat-hf/SimNPO/lr2e-5_b16_mb8_ga2_a1.0_beta3.5_delta1_gamma0.25_e10/checkpoint-250/evals/TOFU_EVAL.json
forget10,SimNPO,lr2e-5_b16_mb8_ga2_a1.0_beta4.5_delta0_gamma0.125_e10,2e-5,16,8,2,1.0,4.5,0,0.125,10,checkpoint-25,25,1.9834474538770552e-25,0.6064523733428983,0.9908769443631172,0.8956620822330098,0.5124273544029837,0.5737726863560875,0.4632384467767753,0.5326689808015874,-0.33681713995516527,saves/unlearn/tofu/forget10/Llama-2-7b-chat-hf/SimNPO/lr2e-5_b16_mb8_ga2_a1.0_beta4.5_delta0_gamma0.125_e10/checkpoint-25/evals/TOFU_SUMMARY.json,saves/unlearn/tofu/forget10/Llama-2-7b-chat-hf/SimNPO/lr2e-5_b16_mb8_ga2_a1.0_beta4.5_delta0_gamma0.125_e10/checkpoint-25/evals/TOFU_EVAL.json
forget10,SimNPO,lr2e-5_b16_mb8_ga2_a1.0_beta4.5_delta0_gamma0.125_e10,2e-5,16,8,2,1.0,4.5,0,0.125,10,checkpoint-50,50,8.999307866955786e-26,0.6274552811503635,0.9787925976514816,0.7417240707583366,0.5223142976046224,0.6236070546484254,0.4539236178872345,0.5437358986184591,-0.23280305305454557,saves/unlearn/tofu/forget10/Llama-2-7b-chat-hf/SimNPO/lr2e-5_b16_mb8_ga2_a1.0_beta4.5_delta0_gamma0.125_e10/checkpoint-50/evals/TOFU_SUMMARY.json,saves/unlearn/tofu/forget10/Llama-2-7b-chat-hf/SimNPO/lr2e-5_b16_mb8_ga2_a1.0_beta4.5_delta0_gamma0.125_e10/checkpoint-50/evals/TOFU_EVAL.json
forget10,SimNPO,lr2e-5_b16_mb8_ga2_a1.0_beta4.5_delta0_gamma0.125_e10,2e-5,16,8,2,1.0,4.5,0,0.125,10,checkpoint-75,75,3.9054713571083378e-22,0.6213097317200046,0.9624162030220031,0.5741271241505614,0.5260529662836282,0.6055375132453701,0.4575618881206388,0.5416238611155253,-0.1469619318662777,saves/unlearn/tofu/forget10/Llama-2-7b-chat-hf/SimNPO/lr2e-5_b16_mb8_ga2_a1.0_beta4.5_delta0_gamma0.125_e10/checkpoint-75/evals/TOFU_SUMMARY.json,saves/unlearn/tofu/forget10/Llama-2-7b-chat-hf/SimNPO/lr2e-5_b16_mb8_ga2_a1.0_beta4.5_delta0_gamma0.125_e10/checkpoint-75/evals/TOFU_EVAL.json
forget10,SimNPO,lr2e-5_b16_mb8_ga2_a1.0_beta4.5_delta0_gamma0.125_e10,2e-5,16,8,2,1.0,4.5,0,0.125,10,checkpoint-100,100,3.9054713571083378e-22,0.6230698645031598,0.9501183637976647,0.4831843351284655,0.5290205027042412,0.6110858102942766,0.4587787151583298,0.5440848928786972,-0.09358148495990526,saves/unlearn/tofu/forget10/Llama-2-7b-chat-hf/SimNPO/lr2e-5_b16_mb8_ga2_a1.0_beta4.5_delta0_gamma0.125_e10/checkpoint-100/evals/TOFU_SUMMARY.json,saves/unlearn/tofu/forget10/Llama-2-7b-chat-hf/SimNPO/lr2e-5_b16_mb8_ga2_a1.0_beta4.5_delta0_gamma0.125_e10/checkpoint-100/evals/TOFU_EVAL.json
forget10,SimNPO,lr2e-5_b16_mb8_ga2_a1.0_beta4.5_delta0_gamma0.125_e10,2e-5,16,8,2,1.0,4.5,0,0.125,10,checkpoint-125,125,1.6623182901932567e-21,0.6265885290918579,0.9396015383303166,0.42641404934398836,0.5312099677151647,0.6241620404376141,0.4614985553332918,0.5470601543401278,-0.056419264745294545,saves/unlearn/tofu/forget10/Llama-2-7b-chat-hf/SimNPO/lr2e-5_b16_mb8_ga2_a1.0_beta4.5_delta0_gamma0.125_e10/checkpoint-125/evals/TOFU_SUMMARY.json,saves/unlearn/tofu/forget10/Llama-2-7b-chat-hf/SimNPO/lr2e-5_b16_mb8_ga2_a1.0_beta4.5_delta0_gamma0.125_e10/checkpoint-125/evals/TOFU_EVAL.json
forget10,SimNPO,lr2e-5_b16_mb8_ga2_a1.0_beta4.5_delta0_gamma0.125_e10,2e-5,16,8,2,1.0,4.5,0,0.125,10,checkpoint-150,150,1.3990395281788573e-20,0.6245470545686916,0.9337494002282619,0.39083003360475616,0.5312843556134317,0.6187458498269564,0.4634880017218414,0.5415974112137785,-0.037742662347817396,saves/unlearn/tofu/forget10/Llama-2-7b-chat-hf/SimNPO/lr2e-5_b16_mb8_ga2_a1.0_beta4.5_delta0_gamma0.125_e10/checkpoint-150/evals/TOFU_SUMMARY.json,saves/unlearn/tofu/forget10/Llama-2-7b-chat-hf/SimNPO/lr2e-5_b16_mb8_ga2_a1.0_beta4.5_delta0_gamma0.125_e10/checkpoint-150/evals/TOFU_EVAL.json
forget10,SimNPO,lr2e-5_b16_mb8_ga2_a1.0_beta4.5_delta0_gamma0.125_e10,2e-5,16,8,2,1.0,4.5,0,0.125,10,checkpoint-175,175,1.3990395281788573e-20,0.6264648769487384,0.9300210802257061,0.36224390227154096,0.5318783618248392,0.621860519949914,0.4643752930665863,0.5407603345470916,-0.01966761429988509,saves/unlearn/tofu/forget10/Llama-2-7b-chat-hf/SimNPO/lr2e-5_b16_mb8_ga2_a1.0_beta4.5_delta0_gamma0.125_e10/checkpoint-175/evals/TOFU_SUMMARY.json,saves/unlearn/tofu/forget10/Llama-2-7b-chat-hf/SimNPO/lr2e-5_b16_mb8_ga2_a1.0_beta4.5_delta0_gamma0.125_e10/checkpoint-175/evals/TOFU_EVAL.json
forget10,SimNPO,lr2e-5_b16_mb8_ga2_a1.0_beta4.5_delta0_gamma0.125_e10,2e-5,16,8,2,1.0,4.5,0,0.125,10,checkpoint-200,200,2.8138576976529647e-20,0.626289886684497,0.9267462068796157,0.34778556447097375,0.5292697458655566,0.6194666241430783,0.4653721266763028,0.540462385864313,-0.010975998990797708,saves/unlearn/tofu/forget10/Llama-2-7b-chat-hf/SimNPO/lr2e-5_b16_mb8_ga2_a1.0_beta4.5_delta0_gamma0.125_e10/checkpoint-200/evals/TOFU_SUMMARY.json,saves/unlearn/tofu/forget10/Llama-2-7b-chat-hf/SimNPO/lr2e-5_b16_mb8_ga2_a1.0_beta4.5_delta0_gamma0.125_e10/checkpoint-200/evals/TOFU_EVAL.json
forget10,SimNPO,lr2e-5_b16_mb8_ga2_a1.0_beta4.5_delta0_gamma0.125_e10,2e-5,16,8,2,1.0,4.5,0,0.125,10,checkpoint-225,225,6.916893189690245e-21,0.6255001377199572,0.9256989607214927,0.34144183720982496,0.5293897228218225,0.615388360607225,0.46656199915303714,0.5394679287877656,-0.008070261245701676,saves/unlearn/tofu/forget10/Llama-2-7b-chat-hf/SimNPO/lr2e-5_b16_mb8_ga2_a1.0_beta4.5_delta0_gamma0.125_e10/checkpoint-225/evals/TOFU_SUMMARY.json,saves/unlearn/tofu/forget10/Llama-2-7b-chat-hf/SimNPO/lr2e-5_b16_mb8_ga2_a1.0_beta4.5_delta0_gamma0.125_e10/checkpoint-225/evals/TOFU_EVAL.json
forget10,SimNPO,lr2e-5_b16_mb8_ga2_a1.0_beta4.5_delta0_gamma0.125_e10,2e-5,16,8,2,1.0,4.5,0,0.125,10,checkpoint-250,250,1.3990395281788573e-20,0.6253132983768693,0.9250869004428387,0.3389843973373242,0.530168782511782,0.6158133997911096,0.46609134899968224,0.540221865566125,-0.0067223505132121275,saves/unlearn/tofu/forget10/Llama-2-7b-chat-hf/SimNPO/lr2e-5_b16_mb8_ga2_a1.0_beta4.5_delta0_gamma0.125_e10/checkpoint-250/evals/TOFU_SUMMARY.json,saves/unlearn/tofu/forget10/Llama-2-7b-chat-hf/SimNPO/lr2e-5_b16_mb8_ga2_a1.0_beta4.5_delta0_gamma0.125_e10/checkpoint-250/evals/TOFU_EVAL.json
forget10,SimNPO,lr2e-5_b16_mb8_ga2_a1.0_beta4.5_delta0_gamma0.25_e10,2e-5,16,8,2,1.0,4.5,0,0.25,10,checkpoint-25,25,9.46850627170962e-25,0.6091203209568717,0.9871752539277077,0.8391749355476594,0.5139168861830019,0.5816442973237475,0.46320706053396876,0.5358203308894295,-0.3040547737808118,saves/unlearn/tofu/forget10/Llama-2-7b-chat-hf/SimNPO/lr2e-5_b16_mb8_ga2_a1.0_beta4.5_delta0_gamma0.25_e10/checkpoint-25/evals/TOFU_SUMMARY.json,saves/unlearn/tofu/forget10/Llama-2-7b-chat-hf/SimNPO/lr2e-5_b16_mb8_ga2_a1.0_beta4.5_delta0_gamma0.25_e10/checkpoint-25/evals/TOFU_EVAL.json
forget10,SimNPO,lr2e-5_b16_mb8_ga2_a1.0_beta4.5_delta0_gamma0.25_e10,2e-5,16,8,2,1.0,4.5,0,0.25,10,checkpoint-50,50,6.916893189690245e-21,0.6239585537740702,0.9567607288062573,0.5462869216434316,0.5344960971581625,0.6152824839602719,0.44949279231850653,0.5450644320898506,-0.1275652714507743,saves/unlearn/tofu/forget10/Llama-2-7b-chat-hf/SimNPO/lr2e-5_b16_mb8_ga2_a1.0_beta4.5_delta0_gamma0.25_e10/checkpoint-50/evals/TOFU_SUMMARY.json,saves/unlearn/tofu/forget10/Llama-2-7b-chat-hf/SimNPO/lr2e-5_b16_mb8_ga2_a1.0_beta4.5_delta0_gamma0.25_e10/checkpoint-50/evals/TOFU_EVAL.json
forget10,SimNPO,lr2e-5_b16_mb8_ga2_a1.0_beta4.5_delta0_gamma0.25_e10,2e-5,16,8,2,1.0,4.5,0,0.25,10,checkpoint-75,75,8.513756583610105e-19,0.6313647522634478,0.9198494654893875,0.33876745320632895,0.5417464826355939,0.623473765408229,0.46038892397793396,0.5579592256608041,0.0020562929155895637,saves/unlearn/tofu/forget10/Llama-2-7b-chat-hf/SimNPO/lr2e-5_b16_mb8_ga2_a1.0_beta4.5_delta0_gamma0.25_e10/checkpoint-75/evals/TOFU_SUMMARY.json,saves/unlearn/tofu/forget10/Llama-2-7b-chat-hf/SimNPO/lr2e-5_b16_mb8_ga2_a1.0_beta4.5_delta0_gamma0.25_e10/checkpoint-75/evals/TOFU_EVAL.json
forget10,SimNPO,lr2e-5_b16_mb8_ga2_a1.0_beta4.5_delta0_gamma0.25_e10,2e-5,16,8,2,1.0,4.5,0,0.25,10,checkpoint-100,100,4.2392996435511593e-17,0.6340231900965148,0.9055625051259995,0.28119795273888115,0.5470941711387156,0.6280129540851906,0.46342638431197697,0.5569296268634623,0.040642961164074454,saves/unlearn/tofu/forget10/Llama-2-7b-chat-hf/SimNPO/lr2e-5_b16_mb8_ga2_a1.0_beta4.5_delta0_gamma0.25_e10/checkpoint-100/evals/TOFU_SUMMARY.json,saves/unlearn/tofu/forget10/Llama-2-7b-chat-hf/SimNPO/lr2e-5_b16_mb8_ga2_a1.0_beta4.5_delta0_gamma0.25_e10/checkpoint-100/evals/TOFU_EVAL.json
forget10,SimNPO,lr2e-5_b16_mb8_ga2_a1.0_beta4.5_delta0_gamma0.25_e10,2e-5,16,8,2,1.0,4.5,0,0.25,10,checkpoint-125,125,6.159412995752159e-18,0.6389198857061384,0.8879622347652912,0.22859706218518513,0.5377581559863628,0.6445990732555793,0.46620995680842947,0.5639670637678392,0.08064023723090026,saves/unlearn/tofu/forget10/Llama-2-7b-chat-hf/SimNPO/lr2e-5_b16_mb8_ga2_a1.0_beta4.5_delta0_gamma0.25_e10/checkpoint-125/evals/TOFU_SUMMARY.json,saves/unlearn/tofu/forget10/Llama-2-7b-chat-hf/SimNPO/lr2e-5_b16_mb8_ga2_a1.0_beta4.5_delta0_gamma0.25_e10/checkpoint-125/evals/TOFU_EVAL.json
forget10,SimNPO,lr2e-5_b16_mb8_ga2_a1.0_beta4.5_delta0_gamma0.25_e10,2e-5,16,8,2,1.0,4.5,0,0.25,10,checkpoint-150,150,2.241003819205479e-17,0.6350500634498849,0.8894090510904789,0.22689867478063164,0.5416834460945593,0.6354215362284308,0.46670353539178,0.5583535502677717,0.07689620051432966,saves/unlearn/tofu/forget10/Llama-2-7b-chat-hf/SimNPO/lr2e-5_b16_mb8_ga2_a1.0_beta4.5_delta0_gamma0.25_e10/checkpoint-150/evals/TOFU_SUMMARY.json,saves/unlearn/tofu/forget10/Llama-2-7b-chat-hf/SimNPO/lr2e-5_b16_mb8_ga2_a1.0_beta4.5_delta0_gamma0.25_e10/checkpoint-150/evals/TOFU_EVAL.json
forget10,SimNPO,lr2e-5_b16_mb8_ga2_a1.0_beta4.5_delta0_gamma0.25_e10,2e-5,16,8,2,1.0,4.5,0,0.25,10,checkpoint-175,175,7.975373070421785e-17,0.636304448552064,0.884197488874197,0.21920482914903977,0.541333460243927,0.6360488848699521,0.46584272994550885,0.5581880199539548,0.08460328954044574,saves/unlearn/tofu/forget10/Llama-2-7b-chat-hf/SimNPO/lr2e-5_b16_mb8_ga2_a1.0_beta4.5_delta0_gamma0.25_e10/checkpoint-175/evals/TOFU_SUMMARY.json,saves/unlearn/tofu/forget10/Llama-2-7b-chat-hf/SimNPO/lr2e-5_b16_mb8_ga2_a1.0_beta4.5_delta0_gamma0.25_e10/checkpoint-175/evals/TOFU_EVAL.json
forget10,SimNPO,lr2e-5_b16_mb8_ga2_a1.0_beta4.5_delta0_gamma0.25_e10,2e-5,16,8,2,1.0,4.5,0,0.25,10,checkpoint-200,200,4.2392996435511593e-17,0.6378820183971446,0.880851303935051,0.21492222625239715,0.5384901619260067,0.6377637878675442,0.46687915075359343,0.5617273260348415,0.08999525330342059,saves/unlearn/tofu/forget10/Llama-2-7b-chat-hf/SimNPO/lr2e-5_b16_mb8_ga2_a1.0_beta4.5_delta0_gamma0.25_e10/checkpoint-200/evals/TOFU_SUMMARY.json,saves/unlearn/tofu/forget10/Llama-2-7b-chat-hf/SimNPO/lr2e-5_b16_mb8_ga2_a1.0_beta4.5_delta0_gamma0.25_e10/checkpoint-200/evals/TOFU_EVAL.json
forget10,SimNPO,lr2e-5_b16_mb8_ga2_a1.0_beta4.5_delta0_gamma0.25_e10,2e-5,16,8,2,1.0,4.5,0,0.25,10,checkpoint-225,225,7.975373070421785e-17,0.6366251702858335,0.8794543859362602,0.21225677237541174,0.5378337797589875,0.6361379304806065,0.4667069549138597,0.5600758571823051,0.09076959112999766,saves/unlearn/tofu/forget10/Llama-2-7b-chat-hf/SimNPO/lr2e-5_b16_mb8_ga2_a1.0_beta4.5_delta0_gamma0.25_e10/checkpoint-225/evals/TOFU_SUMMARY.json,saves/unlearn/tofu/forget10/Llama-2-7b-chat-hf/SimNPO/lr2e-5_b16_mb8_ga2_a1.0_beta4.5_delta0_gamma0.25_e10/checkpoint-225/evals/TOFU_EVAL.json
forget10,SimNPO,lr2e-5_b16_mb8_ga2_a1.0_beta4.5_delta0_gamma0.25_e10,2e-5,16,8,2,1.0,4.5,0,0.25,10,checkpoint-250,250,1.4921665744660114e-16,0.6369512285890506,0.879075423926115,0.211195983595851,0.537593468745729,0.6360962365799442,0.46694095040391076,0.5607506356237153,0.09181552482806771,saves/unlearn/tofu/forget10/Llama-2-7b-chat-hf/SimNPO/lr2e-5_b16_mb8_ga2_a1.0_beta4.5_delta0_gamma0.25_e10/checkpoint-250/evals/TOFU_SUMMARY.json,saves/unlearn/tofu/forget10/Llama-2-7b-chat-hf/SimNPO/lr2e-5_b16_mb8_ga2_a1.0_beta4.5_delta0_gamma0.25_e10/checkpoint-250/evals/TOFU_EVAL.json
forget10,SimNPO,lr2e-5_b16_mb8_ga2_a1.0_beta4.5_delta1_gamma0.125_e10,2e-5,16,8,2,1.0,4.5,1,0.125,10,checkpoint-25,25,9.46850627170962e-25,0.6099891169682491,0.9866766323149204,0.8350320830051524,0.5130568108300547,0.5811255006243787,0.4642261302953812,0.5370909443181083,-0.30086524069178733,saves/unlearn/tofu/forget10/Llama-2-7b-chat-hf/SimNPO/lr2e-5_b16_mb8_ga2_a1.0_beta4.5_delta1_gamma0.125_e10/checkpoint-25/evals/TOFU_SUMMARY.json,saves/unlearn/tofu/forget10/Llama-2-7b-chat-hf/SimNPO/lr2e-5_b16_mb8_ga2_a1.0_beta4.5_delta1_gamma0.125_e10/checkpoint-25/evals/TOFU_EVAL.json
forget10,SimNPO,lr2e-5_b16_mb8_ga2_a1.0_beta4.5_delta1_gamma0.125_e10,2e-5,16,8,2,1.0,4.5,1,0.125,10,checkpoint-50,50,6.916893189690245e-21,0.6275258885692462,0.9347113630175591,0.43726571095660316,0.5397818735444992,0.6279569830564636,0.45184863575590406,0.5554790246671836,-0.05846264841783494,saves/unlearn/tofu/forget10/Llama-2-7b-chat-hf/SimNPO/lr2e-5_b16_mb8_ga2_a1.0_beta4.5_delta1_gamma0.125_e10/checkpoint-50/evals/TOFU_SUMMARY.json,saves/unlearn/tofu/forget10/Llama-2-7b-chat-hf/SimNPO/lr2e-5_b16_mb8_ga2_a1.0_beta4.5_delta1_gamma0.125_e10/checkpoint-50/evals/TOFU_EVAL.json
forget10,SimNPO,lr2e-5_b16_mb8_ga2_a1.0_beta4.5_delta1_gamma0.125_e10,2e-5,16,8,2,1.0,4.5,1,0.125,10,checkpoint-75,75,1.0229984068189572e-13,0.6333249908884414,0.8655783540010452,0.22402329016212813,0.5466522062233236,0.6251437738322597,0.4658259661503342,0.568138385913772,0.08852416880695699,saves/unlearn/tofu/forget10/Llama-2-7b-chat-hf/SimNPO/lr2e-5_b16_mb8_ga2_a1.0_beta4.5_delta1_gamma0.125_e10/checkpoint-75/evals/TOFU_SUMMARY.json,saves/unlearn/tofu/forget10/Llama-2-7b-chat-hf/SimNPO/lr2e-5_b16_mb8_ga2_a1.0_beta4.5_delta1_gamma0.125_e10/checkpoint-75/evals/TOFU_EVAL.json
forget10,SimNPO,lr2e-5_b16_mb8_ga2_a1.0_beta4.5_delta1_gamma0.125_e10,2e-5,16,8,2,1.0,4.5,1,0.125,10,checkpoint-100,100,9.906736183347326e-11,0.6467041292865556,0.7906086042523384,0.126295830738512,0.5510593647065305,0.6343503310865155,0.47711525884278044,0.5818288282295044,0.18825191189019774,saves/unlearn/tofu/forget10/Llama-2-7b-chat-hf/SimNPO/lr2e-5_b16_mb8_ga2_a1.0_beta4.5_delta1_gamma0.125_e10/checkpoint-100/evals/TOFU_SUMMARY.json,saves/unlearn/tofu/forget10/Llama-2-7b-chat-hf/SimNPO/lr2e-5_b16_mb8_ga2_a1.0_beta4.5_delta1_gamma0.125_e10/checkpoint-100/evals/TOFU_EVAL.json
forget10,SimNPO,lr2e-5_b16_mb8_ga2_a1.0_beta4.5_delta1_gamma0.125_e10,2e-5,16,8,2,1.0,4.5,1,0.125,10,checkpoint-125,125,9.906736183347326e-11,0.6491558683233766,0.7501040621101857,0.09839737656104325,0.5542491172573699,0.6446558511511229,0.4772219912578416,0.5802474181397189,0.22490514908682943,saves/unlearn/tofu/forget10/Llama-2-7b-chat-hf/SimNPO/lr2e-5_b16_mb8_ga2_a1.0_beta4.5_delta1_gamma0.125_e10/checkpoint-125/evals/TOFU_SUMMARY.json,saves/unlearn/tofu/forget10/Llama-2-7b-chat-hf/SimNPO/lr2e-5_b16_mb8_ga2_a1.0_beta4.5_delta1_gamma0.125_e10/checkpoint-125/evals/TOFU_EVAL.json
forget10,SimNPO,lr2e-5_b16_mb8_ga2_a1.0_beta4.5_delta1_gamma0.125_e10,2e-5,16,8,2,1.0,4.5,1,0.125,10,checkpoint-150,150,1.6196210141854015e-10,0.6444030300348639,0.7505972330272198,0.09313463091067643,0.5520404270615618,0.6366381022735337,0.4762356188828117,0.5698421386293725,0.22253709822787787,saves/unlearn/tofu/forget10/Llama-2-7b-chat-hf/SimNPO/lr2e-5_b16_mb8_ga2_a1.0_beta4.5_delta1_gamma0.125_e10/checkpoint-150/evals/TOFU_SUMMARY.json,saves/unlearn/tofu/forget10/Llama-2-7b-chat-hf/SimNPO/lr2e-5_b16_mb8_ga2_a1.0_beta4.5_delta1_gamma0.125_e10/checkpoint-150/evals/TOFU_EVAL.json
forget10,SimNPO,lr2e-5_b16_mb8_ga2_a1.0_beta4.5_delta1_gamma0.125_e10,2e-5,16,8,2,1.0,4.5,1,0.125,10,checkpoint-175,175,6.85594912218188e-10,0.6456014263475698,0.7520367495715619,0.09338394486914124,0.5507319258267546,0.6379748098729403,0.4741660095184494,0.5705477596464291,0.22289107981281314,saves/unlearn/tofu/forget10/Llama-2-7b-chat-hf/SimNPO/lr2e-5_b16_mb8_ga2_a1.0_beta4.5_delta1_gamma0.125_e10/checkpoint-175/evals/TOFU_SUMMARY.json,saves/unlearn/tofu/forget10/Llama-2-7b-chat-hf/SimNPO/lr2e-5_b16_mb8_ga2_a1.0_beta4.5_delta1_gamma0.125_e10/checkpoint-175/evals/TOFU_EVAL.json
forget10,SimNPO,lr2e-5_b16_mb8_ga2_a1.0_beta4.5_delta1_gamma0.125_e10,2e-5,16,8,2,1.0,4.5,1,0.125,10,checkpoint-200,200,4.2606809322061477e-10,0.6460219109965198,0.7521068730950355,0.09360265921087847,0.5504104618340989,0.6411667648122565,0.4739998842019771,0.5723517115877036,0.2231671452696309,saves/unlearn/tofu/forget10/Llama-2-7b-chat-hf/SimNPO/lr2e-5_b16_mb8_ga2_a1.0_beta4.5_delta1_gamma0.125_e10/checkpoint-200/evals/TOFU_SUMMARY.json,saves/unlearn/tofu/forget10/Llama-2-7b-chat-hf/SimNPO/lr2e-5_b16_mb8_ga2_a1.0_beta4.5_delta1_gamma0.125_e10/checkpoint-200/evals/TOFU_EVAL.json
forget10,SimNPO,lr2e-5_b16_mb8_ga2_a1.0_beta4.5_delta1_gamma0.125_e10,2e-5,16,8,2,1.0,4.5,1,0.125,10,checkpoint-225,225,4.2606809322061477e-10,0.6450372943483913,0.7482480174303054,0.09221389906116097,0.5514885947482678,0.6406705721894952,0.4743382444766074,0.5690051678946313,0.22480633652872617,saves/unlearn/tofu/forget10/Llama-2-7b-chat-hf/SimNPO/lr2e-5_b16_mb8_ga2_a1.0_beta4.5_delta1_gamma0.125_e10/checkpoint-225/evals/TOFU_SUMMARY.json,saves/unlearn/tofu/forget10/Llama-2-7b-chat-hf/SimNPO/lr2e-5_b16_mb8_ga2_a1.0_beta4.5_delta1_gamma0.125_e10/checkpoint-225/evals/TOFU_EVAL.json
forget10,SimNPO,lr2e-5_b16_mb8_ga2_a1.0_beta4.5_delta1_gamma0.125_e10,2e-5,16,8,2,1.0,4.5,1,0.125,10,checkpoint-250,250,2.6338754853638006e-10,0.644804183959827,0.7493740743398667,0.09212036391082465,0.551628162217824,0.6395856787569207,0.47369962800660526,0.5692898030428878,0.22405696509786882,saves/unlearn/tofu/forget10/Llama-2-7b-chat-hf/SimNPO/lr2e-5_b16_mb8_ga2_a1.0_beta4.5_delta1_gamma0.125_e10/checkpoint-250/evals/TOFU_SUMMARY.json,saves/unlearn/tofu/forget10/Llama-2-7b-chat-hf/SimNPO/lr2e-5_b16_mb8_ga2_a1.0_beta4.5_delta1_gamma0.125_e10/checkpoint-250/evals/TOFU_EVAL.json
forget10,SimNPO,lr2e-5_b16_mb8_ga2_a1.0_beta4.5_delta1_gamma0.25_e10,2e-5,16,8,2,1.0,4.5,1,0.25,10,checkpoint-25,25,9.46850627170962e-25,0.6139279717201198,0.981113144159317,0.7918550460073284,0.5180673411741472,0.5886141607170174,0.4631626938918814,0.5411943940500277,-0.2725561233632029,saves/unlearn/tofu/forget10/Llama-2-7b-chat-hf/SimNPO/lr2e-5_b16_mb8_ga2_a1.0_beta4.5_delta1_gamma0.25_e10/checkpoint-25/evals/TOFU_SUMMARY.json,saves/unlearn/tofu/forget10/Llama-2-7b-chat-hf/SimNPO/lr2e-5_b16_mb8_ga2_a1.0_beta4.5_delta1_gamma0.25_e10/checkpoint-25/evals/TOFU_EVAL.json
forget10,SimNPO,lr2e-5_b16_mb8_ga2_a1.0_beta4.5_delta1_gamma0.25_e10,2e-5,16,8,2,1.0,4.5,1,0.25,10,checkpoint-50,50,9.456104707095184e-16,0.6118826645593691,0.8811313502490521,0.26742070236446025,0.5504313659176404,0.6306704987036595,0.45240663676422654,0.5499202791623764,0.037606638252613955,saves/unlearn/tofu/forget10/Llama-2-7b-chat-hf/SimNPO/lr2e-5_b16_mb8_ga2_a1.0_beta4.5_delta1_gamma0.25_e10/checkpoint-50/evals/TOFU_SUMMARY.json,saves/unlearn/tofu/forget10/Llama-2-7b-chat-hf/SimNPO/lr2e-5_b16_mb8_ga2_a1.0_beta4.5_delta1_gamma0.25_e10/checkpoint-50/evals/TOFU_EVAL.json
forget10,SimNPO,lr2e-5_b16_mb8_ga2_a1.0_beta4.5_delta1_gamma0.25_e10,2e-5,16,8,2,1.0,4.5,1,0.25,10,checkpoint-75,75,2.196072998681761e-11,0.6280976657396254,0.7840942810475826,0.1349019096145152,0.5491484622243742,0.6230834336712754,0.47016770510135275,0.5631589573354823,0.1685995704305373,saves/unlearn/tofu/forget10/Llama-2-7b-chat-hf/SimNPO/lr2e-5_b16_mb8_ga2_a1.0_beta4.5_delta1_gamma0.25_e10/checkpoint-75/evals/TOFU_SUMMARY.json,saves/unlearn/tofu/forget10/Llama-2-7b-chat-hf/SimNPO/lr2e-5_b16_mb8_ga2_a1.0_beta4.5_delta1_gamma0.25_e10/checkpoint-75/evals/TOFU_EVAL.json
forget10,SimNPO,lr2e-5_b16_mb8_ga2_a1.0_beta4.5_delta1_gamma0.25_e10,2e-5,16,8,2,1.0,4.5,1,0.25,10,checkpoint-100,100,6.85594912218188e-10,0.6325845658527562,0.7583676048368215,0.09922048637266663,0.556257227399116,0.6143722324125784,0.4814915009360726,0.5612329820160925,0.20379052093360708,saves/unlearn/tofu/forget10/Llama-2-7b-chat-hf/SimNPO/lr2e-5_b16_mb8_ga2_a1.0_beta4.5_delta1_gamma0.25_e10/checkpoint-100/evals/TOFU_SUMMARY.json,saves/unlearn/tofu/forget10/Llama-2-7b-chat-hf/SimNPO/lr2e-5_b16_mb8_ga2_a1.0_beta4.5_delta1_gamma0.25_e10/checkpoint-100/evals/TOFU_EVAL.json
forget10,SimNPO,lr2e-5_b16_mb8_ga2_a1.0_beta4.5_delta1_gamma0.25_e10,2e-5,16,8,2,1.0,4.5,1,0.25,10,checkpoint-125,125,6.834081702543897e-09,0.6429075451262065,0.7522747786343098,0.09692527277646253,0.5590447449392597,0.6357622722039683,0.4778550850639058,0.5723568747107302,0.2183075262549021,saves/unlearn/tofu/forget10/Llama-2-7b-chat-hf/SimNPO/lr2e-5_b16_mb8_ga2_a1.0_beta4.5_delta1_gamma0.25_e10/checkpoint-125/evals/TOFU_SUMMARY.json,saves/unlearn/tofu/forget10/Llama-2-7b-chat-hf/SimNPO/lr2e-5_b16_mb8_ga2_a1.0_beta4.5_delta1_gamma0.25_e10/checkpoint-125/evals/TOFU_EVAL.json
forget10,SimNPO,lr2e-5_b16_mb8_ga2_a1.0_beta4.5_delta1_gamma0.25_e10,2e-5,16,8,2,1.0,4.5,1,0.25,10,checkpoint-150,150,2.5496506594547965e-08,0.6431854242048096,0.7518614739924669,0.0964403706140871,0.5592557172351974,0.642148815080422,0.4741939206646911,0.5688964704401561,0.21903452739803916,saves/unlearn/tofu/forget10/Llama-2-7b-chat-hf/SimNPO/lr2e-5_b16_mb8_ga2_a1.0_beta4.5_delta1_gamma0.25_e10/checkpoint-150/evals/TOFU_SUMMARY.json,saves/unlearn/tofu/forget10/Llama-2-7b-chat-hf/SimNPO/lr2e-5_b16_mb8_ga2_a1.0_beta4.5_delta1_gamma0.25_e10/checkpoint-150/evals/TOFU_EVAL.json
forget10,SimNPO,lr2e-5_b16_mb8_ga2_a1.0_beta4.5_delta1_gamma0.25_e10,2e-5,16,8,2,1.0,4.5,1,0.25,10,checkpoint-175,175,4.360395687512671e-09,0.6448508751011625,0.7505626494437456,0.09693101122758353,0.55930054911966,0.64590871191099,0.4726565863471244,0.5685951046623698,0.2211040491258936,saves/unlearn/tofu/forget10/Llama-2-7b-chat-hf/SimNPO/lr2e-5_b16_mb8_ga2_a1.0_beta4.5_delta1_gamma0.25_e10/checkpoint-175/evals/TOFU_SUMMARY.json,saves/unlearn/tofu/forget10/Llama-2-7b-chat-hf/SimNPO/lr2e-5_b16_mb8_ga2_a1.0_beta4.5_delta1_gamma0.25_e10/checkpoint-175/evals/TOFU_EVAL.json
forget10,SimNPO,lr2e-5_b16_mb8_ga2_a1.0_beta4.5_delta1_gamma0.25_e10,2e-5,16,8,2,1.0,4.5,1,0.25,10,checkpoint-200,200,4.360395687512671e-09,0.6444190258021166,0.7486176011711358,0.09460824743575671,0.5606647260265923,0.6452232420607511,0.47283287545128333,0.5693441818018675,0.22280610585906607,saves/unlearn/tofu/forget10/Llama-2-7b-chat-hf/SimNPO/lr2e-5_b16_mb8_ga2_a1.0_beta4.5_delta1_gamma0.25_e10/checkpoint-200/evals/TOFU_SUMMARY.json,saves/unlearn/tofu/forget10/Llama-2-7b-chat-hf/SimNPO/lr2e-5_b16_mb8_ga2_a1.0_beta4.5_delta1_gamma0.25_e10/checkpoint-200/evals/TOFU_EVAL.json
forget10,SimNPO,lr2e-5_b16_mb8_ga2_a1.0_beta4.5_delta1_gamma0.25_e10,2e-5,16,8,2,1.0,4.5,1,0.25,10,checkpoint-225,225,1.0655053900451827e-08,0.6428086726347615,0.7486386680603028,0.09348326063532611,0.5602498358210248,0.6418559505835105,0.47285799270082424,0.5659403473547394,0.22174771894200102,saves/unlearn/tofu/forget10/Llama-2-7b-chat-hf/SimNPO/lr2e-5_b16_mb8_ga2_a1.0_beta4.5_delta1_gamma0.25_e10/checkpoint-225/evals/TOFU_SUMMARY.json,saves/unlearn/tofu/forget10/Llama-2-7b-chat-hf/SimNPO/lr2e-5_b16_mb8_ga2_a1.0_beta4.5_delta1_gamma0.25_e10/checkpoint-225/evals/TOFU_EVAL.json
forget10,SimNPO,lr2e-5_b16_mb8_ga2_a1.0_beta4.5_delta1_gamma0.25_e10,2e-5,16,8,2,1.0,4.5,1,0.25,10,checkpoint-250,250,6.834081702543897e-09,0.6431036863284706,0.7489061473309994,0.09526901387858697,0.5601396383214627,0.6424426023201107,0.4729671036043815,0.5660510542409926,0.22101611255775916,saves/unlearn/tofu/forget10/Llama-2-7b-chat-hf/SimNPO/lr2e-5_b16_mb8_ga2_a1.0_beta4.5_delta1_gamma0.25_e10/checkpoint-250/evals/TOFU_SUMMARY.json,saves/unlearn/tofu/forget10/Llama-2-7b-chat-hf/SimNPO/lr2e-5_b16_mb8_ga2_a1.0_beta4.5_delta1_gamma0.25_e10/checkpoint-250/evals/TOFU_EVAL.json
forget10,SimNPO,lr2e-5_b32_mb8_ga4_a1.0_beta3.5_delta0_gamma0.125_e10,2e-5,32,8,4,1.0,3.5,0,0.125,10,checkpoint-13,13,4.416671697087842e-24,0.6060780003632168,0.9915987820923329,0.903982346885239,0.5114786672064799,0.5739578023431325,0.4635664744683078,0.5330934809560214,-0.34171256412556916,saves/unlearn/tofu/forget10/Llama-2-7b-chat-hf/SimNPO/lr2e-5_b32_mb8_ga4_a1.0_beta3.5_delta0_gamma0.125_e10/checkpoint-13/evals/TOFU_SUMMARY.json,saves/unlearn/tofu/forget10/Llama-2-7b-chat-hf/SimNPO/lr2e-5_b32_mb8_ga4_a1.0_beta3.5_delta0_gamma0.125_e10/checkpoint-13/evals/TOFU_EVAL.json
forget10,SimNPO,lr2e-5_b32_mb8_ga4_a1.0_beta3.5_delta0_gamma0.125_e10,2e-5,32,8,4,1.0,3.5,0,0.125,10,checkpoint-26,26,9.456873516117497e-24,0.624962522451648,0.9835416150093078,0.7997253078730115,0.5225557478220817,0.6190144385977391,0.4543518330984324,0.5462257375699907,-0.2666709389895117,saves/unlearn/tofu/forget10/Llama-2-7b-chat-hf/SimNPO/lr2e-5_b32_mb8_ga4_a1.0_beta3.5_delta0_gamma0.125_e10/checkpoint-26/evals/TOFU_SUMMARY.json,saves/unlearn/tofu/forget10/Llama-2-7b-chat-hf/SimNPO/lr2e-5_b32_mb8_ga4_a1.0_beta3.5_delta0_gamma0.125_e10/checkpoint-26/evals/TOFU_EVAL.json
forget10,SimNPO,lr2e-5_b32_mb8_ga4_a1.0_beta3.5_delta0_gamma0.125_e10,2e-5,32,8,4,1.0,3.5,0,0.125,10,checkpoint-39,39,4.2615726229002236e-23,0.6251537340525458,0.973904199898243,0.6739881926428443,0.5187011143368556,0.6132569787065928,0.4576429878337403,0.5460787390311863,-0.1987924622179978,saves/unlearn/tofu/forget10/Llama-2-7b-chat-hf/SimNPO/lr2e-5_b32_mb8_ga4_a1.0_beta3.5_delta0_gamma0.125_e10/checkpoint-39/evals/TOFU_SUMMARY.json,saves/unlearn/tofu/forget10/Llama-2-7b-chat-hf/SimNPO/lr2e-5_b32_mb8_ga4_a1.0_beta3.5_delta0_gamma0.125_e10/checkpoint-39/evals/TOFU_EVAL.json
forget10,SimNPO,lr2e-5_b32_mb8_ga4_a1.0_beta3.5_delta0_gamma0.125_e10,2e-5,32,8,4,1.0,3.5,0,0.125,10,checkpoint-52,52,8.969123776103959e-23,0.6219128111279129,0.9629742820560933,0.5667068156898452,0.517256171139904,0.6073991973235162,0.46100740757810454,0.5423682556131634,-0.14292773774505635,saves/unlearn/tofu/forget10/Llama-2-7b-chat-hf/SimNPO/lr2e-5_b32_mb8_ga4_a1.0_beta3.5_delta0_gamma0.125_e10/checkpoint-52/evals/TOFU_SUMMARY.json,saves/unlearn/tofu/forget10/Llama-2-7b-chat-hf/SimNPO/lr2e-5_b32_mb8_ga4_a1.0_beta3.5_delta0_gamma0.125_e10/checkpoint-52/evals/TOFU_EVAL.json
forget10,SimNPO,lr2e-5_b32_mb8_ga4_a1.0_beta3.5_delta0_gamma0.125_e10,2e-5,32,8,4,1.0,3.5,0,0.125,10,checkpoint-65,65,8.969123776103959e-23,0.6198669528118942,0.9539645570516586,0.4964922111570468,0.5199359287941567,0.6062756477818221,0.46253005811425724,0.5400638900388055,-0.10536143129245851,saves/unlearn/tofu/forget10/Llama-2-7b-chat-hf/SimNPO/lr2e-5_b32_mb8_ga4_a1.0_beta3.5_delta0_gamma0.125_e10/checkpoint-65/evals/TOFU_SUMMARY.json,saves/unlearn/tofu/forget10/Llama-2-7b-chat-hf/SimNPO/lr2e-5_b32_mb8_ga4_a1.0_beta3.5_delta0_gamma0.125_e10/checkpoint-65/evals/TOFU_EVAL.json
forget10,SimNPO,lr2e-5_b32_mb8_ga4_a1.0_beta3.5_delta0_gamma0.125_e10,2e-5,32,8,4,1.0,3.5,0,0.125,10,checkpoint-78,78,2.0132797133922014e-23,0.616710983404246,0.9466840997338295,0.4454907176755508,0.5189772140413401,0.6043650381291675,0.46512015092888304,0.5340481914756341,-0.07937642530044414,saves/unlearn/tofu/forget10/Llama-2-7b-chat-hf/SimNPO/lr2e-5_b32_mb8_ga4_a1.0_beta3.5_delta0_gamma0.125_e10/checkpoint-78/evals/TOFU_SUMMARY.json,saves/unlearn/tofu/forget10/Llama-2-7b-chat-hf/SimNPO/lr2e-5_b32_mb8_ga4_a1.0_beta3.5_delta0_gamma0.125_e10/checkpoint-78/evals/TOFU_EVAL.json
forget10,SimNPO,lr2e-5_b32_mb8_ga4_a1.0_beta3.5_delta0_gamma0.125_e10,2e-5,32,8,4,1.0,3.5,0,0.125,10,checkpoint-91,91,4.2615726229002236e-23,0.6188767631431631,0.9442056974768639,0.42432378864935133,0.5194151141175912,0.606804766078323,0.46476745347132264,0.5370855061856232,-0.06538797991994452,saves/unlearn/tofu/forget10/Llama-2-7b-chat-hf/SimNPO/lr2e-5_b32_mb8_ga4_a1.0_beta3.5_delta0_gamma0.125_e10/checkpoint-91/evals/TOFU_SUMMARY.json,saves/unlearn/tofu/forget10/Llama-2-7b-chat-hf/SimNPO/lr2e-5_b32_mb8_ga4_a1.0_beta3.5_delta0_gamma0.125_e10/checkpoint-91/evals/TOFU_EVAL.json
forget10,SimNPO,lr2e-5_b32_mb8_ga4_a1.0_beta3.5_delta0_gamma0.125_e10,2e-5,32,8,4,1.0,3.5,0,0.125,10,checkpoint-104,104,4.2615726229002236e-23,0.6207328512947129,0.9429411022365093,0.41881064189503775,0.5207579853414563,0.6088343354522378,0.46514737729592354,0.5390110522210959,-0.060143020771060623,saves/unlearn/tofu/forget10/Llama-2-7b-chat-hf/SimNPO/lr2e-5_b32_mb8_ga4_a1.0_beta3.5_delta0_gamma0.125_e10/checkpoint-104/evals/TOFU_SUMMARY.json,saves/unlearn/tofu/forget10/Llama-2-7b-chat-hf/SimNPO/lr2e-5_b32_mb8_ga4_a1.0_beta3.5_delta0_gamma0.125_e10/checkpoint-104/evals/TOFU_EVAL.json
forget10,SimNPO,lr2e-5_b32_mb8_ga4_a1.0_beta3.5_delta0_gamma0.125_e10,2e-5,32,8,4,1.0,3.5,0,0.125,10,checkpoint-117,117,4.2615726229002236e-23,0.6203911597639917,0.9426422853767872,0.4173069033589083,0.5207994330789677,0.6090230436346412,0.4647745489301113,0.5383034042255376,-0.05958343460385601,saves/unlearn/tofu/forget10/Llama-2-7b-chat-hf/SimNPO/lr2e-5_b32_mb8_ga4_a1.0_beta3.5_delta0_gamma0.125_e10/checkpoint-117/evals/TOFU_SUMMARY.json,saves/unlearn/tofu/forget10/Llama-2-7b-chat-hf/SimNPO/lr2e-5_b32_mb8_ga4_a1.0_beta3.5_delta0_gamma0.125_e10/checkpoint-117/evals/TOFU_EVAL.json
forget10,SimNPO,lr2e-5_b32_mb8_ga4_a1.0_beta3.5_delta0_gamma0.125_e10,2e-5,32,8,4,1.0,3.5,0,0.125,10,checkpoint-120,120,2.0132797133922014e-23,0.620854959619767,0.9424944533407689,0.41623628670645024,0.5201741252234083,0.6101957321334749,0.4651646703268079,0.5379002152444478,-0.058510410403842555,saves/unlearn/tofu/forget10/Llama-2-7b-chat-hf/SimNPO/lr2e-5_b32_mb8_ga4_a1.0_beta3.5_delta0_gamma0.125_e10/checkpoint-120/evals/TOFU_SUMMARY.json,saves/unlearn/tofu/forget10/Llama-2-7b-chat-hf/SimNPO/lr2e-5_b32_mb8_ga4_a1.0_beta3.5_delta0_gamma0.125_e10/checkpoint-120/evals/TOFU_EVAL.json
forget10,SimNPO,lr2e-5_b32_mb8_ga4_a1.0_beta3.5_delta0_gamma0.25_e10,2e-5,32,8,4,1.0,3.5,0,0.25,10,checkpoint-13,13,4.416671697087842e-24,0.608327109763478,0.9885080325603485,0.861646701493666,0.5137784779673678,0.5802792180756984,0.4633760211708487,0.5340515183500183,-0.3167502572635292,saves/unlearn/tofu/forget10/Llama-2-7b-chat-hf/SimNPO/lr2e-5_b32_mb8_ga4_a1.0_beta3.5_delta0_gamma0.25_e10/checkpoint-13/evals/TOFU_SUMMARY.json,saves/unlearn/tofu/forget10/Llama-2-7b-chat-hf/SimNPO/lr2e-5_b32_mb8_ga4_a1.0_beta3.5_delta0_gamma0.25_e10/checkpoint-13/evals/TOFU_EVAL.json
forget10,SimNPO,lr2e-5_b32_mb8_ga4_a1.0_beta3.5_delta0_gamma0.25_e10,2e-5,32,8,4,1.0,3.5,0,0.25,10,checkpoint-26,26,4.2615726229002236e-23,0.6220894397936721,0.967449467331171,0.6340060739545277,0.5243179285610222,0.6134259466487287,0.4546090292820062,0.5467410783598167,-0.17863833084917718,saves/unlearn/tofu/forget10/Llama-2-7b-chat-hf/SimNPO/lr2e-5_b32_mb8_ga4_a1.0_beta3.5_delta0_gamma0.25_e10/checkpoint-26/evals/TOFU_SUMMARY.json,saves/unlearn/tofu/forget10/Llama-2-7b-chat-hf/SimNPO/lr2e-5_b32_mb8_ga4_a1.0_beta3.5_delta0_gamma0.25_e10/checkpoint-26/evals/TOFU_EVAL.json
forget10,SimNPO,lr2e-5_b32_mb8_ga4_a1.0_beta3.5_delta0_gamma0.25_e10,2e-5,32,8,4,1.0,3.5,0,0.25,10,checkpoint-39,39,1.3990395281788573e-20,0.6218535974795522,0.9437458792328834,0.4362220983307709,0.5248898538441885,0.614606684701977,0.4598352988090519,0.5461020081873772,-0.06813039130227502,saves/unlearn/tofu/forget10/Llama-2-7b-chat-hf/SimNPO/lr2e-5_b32_mb8_ga4_a1.0_beta3.5_delta0_gamma0.25_e10/checkpoint-39/evals/TOFU_SUMMARY.json,saves/unlearn/tofu/forget10/Llama-2-7b-chat-hf/SimNPO/lr2e-5_b32_mb8_ga4_a1.0_beta3.5_delta0_gamma0.25_e10/checkpoint-39/evals/TOFU_EVAL.json
forget10,SimNPO,lr2e-5_b32_mb8_ga4_a1.0_beta3.5_delta0_gamma0.25_e10,2e-5,32,8,4,1.0,3.5,0,0.25,10,checkpoint-52,52,1.3990395281788573e-20,0.6246642279239283,0.9248705926537514,0.33835989047102194,0.5274643059869675,0.6171757194680658,0.464613383202707,0.5454073546055566,-0.006951013638458375,saves/unlearn/tofu/forget10/Llama-2-7b-chat-hf/SimNPO/lr2e-5_b32_mb8_ga4_a1.0_beta3.5_delta0_gamma0.25_e10/checkpoint-52/evals/TOFU_SUMMARY.json,saves/unlearn/tofu/forget10/Llama-2-7b-chat-hf/SimNPO/lr2e-5_b32_mb8_ga4_a1.0_beta3.5_delta0_gamma0.25_e10/checkpoint-52/evals/TOFU_EVAL.json
forget10,SimNPO,lr2e-5_b32_mb8_ga4_a1.0_beta3.5_delta0_gamma0.25_e10,2e-5,32,8,4,1.0,3.5,0,0.25,10,checkpoint-65,65,6.916893189690245e-21,0.6276008060175339,0.9150904376804828,0.2916582099014985,0.530671189762565,0.622276622748187,0.4673074832625169,0.5484390380533009,0.024226482226543222,saves/unlearn/tofu/forget10/Llama-2-7b-chat-hf/SimNPO/lr2e-5_b32_mb8_ga4_a1.0_beta3.5_delta0_gamma0.25_e10/checkpoint-65/evals/TOFU_SUMMARY.json,saves/unlearn/tofu/forget10/Llama-2-7b-chat-hf/SimNPO/lr2e-5_b32_mb8_ga4_a1.0_beta3.5_delta0_gamma0.25_e10/checkpoint-65/evals/TOFU_EVAL.json
forget10,SimNPO,lr2e-5_b32_mb8_ga4_a1.0_beta3.5_delta0_gamma0.25_e10,2e-5,32,8,4,1.0,3.5,0,0.25,10,checkpoint-78,78,2.8138576976529647e-20,0.6247078275131119,0.9071111702919006,0.26446722973741127,0.5300209695938536,0.6156512856806016,0.4696119515696435,0.545884292707987,0.03891862749845601,saves/unlearn/tofu/forget10/Llama-2-7b-chat-hf/SimNPO/lr2e-5_b32_mb8_ga4_a1.0_beta3.5_delta0_gamma0.25_e10/checkpoint-78/evals/TOFU_SUMMARY.json,saves/unlearn/tofu/forget10/Llama-2-7b-chat-hf/SimNPO/lr2e-5_b32_mb8_ga4_a1.0_beta3.5_delta0_gamma0.25_e10/checkpoint-78/evals/TOFU_EVAL.json
forget10,SimNPO,lr2e-5_b32_mb8_ga4_a1.0_beta3.5_delta0_gamma0.25_e10,2e-5,32,8,4,1.0,3.5,0,0.25,10,checkpoint-91,91,1.11924339764853e-19,0.6280717664889652,0.9046100728213787,0.24511582416321726,0.5315552701998348,0.6188471662770173,0.46900505154670724,0.5481079682061569,0.05320881799666724,saves/unlearn/tofu/forget10/Llama-2-7b-chat-hf/SimNPO/lr2e-5_b32_mb8_ga4_a1.0_beta3.5_delta0_gamma0.25_e10/checkpoint-91/evals/TOFU_SUMMARY.json,saves/unlearn/tofu/forget10/Llama-2-7b-chat-hf/SimNPO/lr2e-5_b32_mb8_ga4_a1.0_beta3.5_delta0_gamma0.25_e10/checkpoint-91/evals/TOFU_EVAL.json
forget10,SimNPO,lr2e-5_b32_mb8_ga4_a1.0_beta3.5_delta0_gamma0.25_e10,2e-5,32,8,4,1.0,3.5,0,0.25,10,checkpoint-104,104,1.11924339764853e-19,0.6285876447923144,0.9038850663602352,0.24275719879817761,0.5323865738906441,0.620458550240097,0.4686333243164221,0.5483904665805724,0.05526651221310801,saves/unlearn/tofu/forget10/Llama-2-7b-chat-hf/SimNPO/lr2e-5_b32_mb8_ga4_a1.0_beta3.5_delta0_gamma0.25_e10/checkpoint-104/evals/TOFU_SUMMARY.json,saves/unlearn/tofu/forget10/Llama-2-7b-chat-hf/SimNPO/lr2e-5_b32_mb8_ga4_a1.0_beta3.5_delta0_gamma0.25_e10/checkpoint-104/evals/TOFU_EVAL.json
forget10,SimNPO,lr2e-5_b32_mb8_ga4_a1.0_beta3.5_delta0_gamma0.25_e10,2e-5,32,8,4,1.0,3.5,0,0.25,10,checkpoint-117,117,2.213522258546535e-19,0.6291262206387922,0.9029119481146336,0.2384631541431282,0.532528692105813,0.6212513587943669,0.4687009212924908,0.5482255505105524,0.058438669509911306,saves/unlearn/tofu/forget10/Llama-2-7b-chat-hf/SimNPO/lr2e-5_b32_mb8_ga4_a1.0_beta3.5_delta0_gamma0.25_e10/checkpoint-117/evals/TOFU_SUMMARY.json,saves/unlearn/tofu/forget10/Llama-2-7b-chat-hf/SimNPO/lr2e-5_b32_mb8_ga4_a1.0_beta3.5_delta0_gamma0.25_e10/checkpoint-117/evals/TOFU_EVAL.json
forget10,SimNPO,lr2e-5_b32_mb8_ga4_a1.0_beta3.5_delta0_gamma0.25_e10,2e-5,32,8,4,1.0,3.5,0,0.25,10,checkpoint-120,120,1.11924339764853e-19,0.6286952246685168,0.902799241989851,0.23719334601150951,0.532849461418159,0.6212957226037371,0.4688773110872312,0.5481079806706904,0.05869893066783656,saves/unlearn/tofu/forget10/Llama-2-7b-chat-hf/SimNPO/lr2e-5_b32_mb8_ga4_a1.0_beta3.5_delta0_gamma0.25_e10/checkpoint-120/evals/TOFU_SUMMARY.json,saves/unlearn/tofu/forget10/Llama-2-7b-chat-hf/SimNPO/lr2e-5_b32_mb8_ga4_a1.0_beta3.5_delta0_gamma0.25_e10/checkpoint-120/evals/TOFU_EVAL.json
forget10,SimNPO,lr2e-5_b32_mb8_ga4_a1.0_beta3.5_delta1_gamma0.125_e10,2e-5,32,8,4,1.0,3.5,1,0.125,10,checkpoint-13,13,2.0508859434374988e-24,0.6086421862236941,0.9887835995852947,0.8650918234448856,0.5138407906367494,0.579277548185657,0.46350629595092324,0.5351454489534079,-0.318295525291396,saves/unlearn/tofu/forget10/Llama-2-7b-chat-hf/SimNPO/lr2e-5_b32_mb8_ga4_a1.0_beta3.5_delta1_gamma0.125_e10/checkpoint-13/evals/TOFU_SUMMARY.json,saves/unlearn/tofu/forget10/Llama-2-7b-chat-hf/SimNPO/lr2e-5_b32_mb8_ga4_a1.0_beta3.5_delta1_gamma0.125_e10/checkpoint-13/evals/TOFU_EVAL.json
forget10,SimNPO,lr2e-5_b32_mb8_ga4_a1.0_beta3.5_delta1_gamma0.125_e10,2e-5,32,8,4,1.0,3.5,1,0.125,10,checkpoint-26,26,4.2615726229002236e-23,0.6198210354524623,0.9625743927061557,0.6022737598713332,0.522855311165482,0.6149888854740869,0.45611638195098236,0.5472659930639266,-0.16260304083628224,saves/unlearn/tofu/forget10/Llama-2-7b-chat-hf/SimNPO/lr2e-5_b32_mb8_ga4_a1.0_beta3.5_delta1_gamma0.125_e10/checkpoint-26/evals/TOFU_SUMMARY.json,saves/unlearn/tofu/forget10/Llama-2-7b-chat-hf/SimNPO/lr2e-5_b32_mb8_ga4_a1.0_beta3.5_delta1_gamma0.125_e10/checkpoint-26/evals/TOFU_EVAL.json
forget10,SimNPO,lr2e-5_b32_mb8_ga4_a1.0_beta3.5_delta1_gamma0.125_e10,2e-5,32,8,4,1.0,3.5,1,0.125,10,checkpoint-39,39,2.213522258546535e-19,0.618955557043084,0.9217332504689694,0.340883259209224,0.5243956180127757,0.6174438767630912,0.4633439599598234,0.5499174234613865,-0.012352697796012668,saves/unlearn/tofu/forget10/Llama-2-7b-chat-hf/SimNPO/lr2e-5_b32_mb8_ga4_a1.0_beta3.5_delta1_gamma0.125_e10/checkpoint-39/evals/TOFU_SUMMARY.json,saves/unlearn/tofu/forget10/Llama-2-7b-chat-hf/SimNPO/lr2e-5_b32_mb8_ga4_a1.0_beta3.5_delta1_gamma0.125_e10/checkpoint-39/evals/TOFU_EVAL.json
forget10,SimNPO,lr2e-5_b32_mb8_ga4_a1.0_beta3.5_delta1_gamma0.125_e10,2e-5,32,8,4,1.0,3.5,1,0.125,10,checkpoint-52,52,3.2024272501633618e-18,0.6268714790215685,0.8957686705887318,0.2592672936868693,0.5255875494830987,0.6200434062321422,0.4704612433611277,0.5515565247175932,0.049353496883767944,saves/unlearn/tofu/forget10/Llama-2-7b-chat-hf/SimNPO/lr2e-5_b32_mb8_ga4_a1.0_beta3.5_delta1_gamma0.125_e10/checkpoint-52/evals/TOFU_SUMMARY.json,saves/unlearn/tofu/forget10/Llama-2-7b-chat-hf/SimNPO/lr2e-5_b32_mb8_ga4_a1.0_beta3.5_delta1_gamma0.125_e10/checkpoint-52/evals/TOFU_EVAL.json
forget10,SimNPO,lr2e-5_b32_mb8_ga4_a1.0_beta3.5_delta1_gamma0.125_e10,2e-5,32,8,4,1.0,3.5,1,0.125,10,checkpoint-65,65,7.975373070421785e-17,0.6340870073427026,0.8753890435397625,0.22092899743303035,0.528464899820704,0.6303465615792454,0.4736376245112538,0.5541896427284195,0.08592798685630629,saves/unlearn/tofu/forget10/Llama-2-7b-chat-hf/SimNPO/lr2e-5_b32_mb8_ga4_a1.0_beta3.5_delta1_gamma0.125_e10/checkpoint-65/evals/TOFU_SUMMARY.json,saves/unlearn/tofu/forget10/Llama-2-7b-chat-hf/SimNPO/lr2e-5_b32_mb8_ga4_a1.0_beta3.5_delta1_gamma0.125_e10/checkpoint-65/evals/TOFU_EVAL.json
forget10,SimNPO,lr2e-5_b32_mb8_ga4_a1.0_beta3.5_delta1_gamma0.125_e10,2e-5,32,8,4,1.0,3.5,1,0.125,10,checkpoint-78,78,7.975373070421785e-17,0.6322686629291696,0.8556806778907776,0.19078387259020058,0.5271893450708106,0.6242601138568766,0.47492281445663165,0.5541501368139135,0.10903638768868062,saves/unlearn/tofu/forget10/Llama-2-7b-chat-hf/SimNPO/lr2e-5_b32_mb8_ga4_a1.0_beta3.5_delta1_gamma0.125_e10/checkpoint-78/evals/TOFU_SUMMARY.json,saves/unlearn/tofu/forget10/Llama-2-7b-chat-hf/SimNPO/lr2e-5_b32_mb8_ga4_a1.0_beta3.5_delta1_gamma0.125_e10/checkpoint-78/evals/TOFU_EVAL.json
forget10,SimNPO,lr2e-5_b32_mb8_ga4_a1.0_beta3.5_delta1_gamma0.125_e10,2e-5,32,8,4,1.0,3.5,1,0.125,10,checkpoint-91,91,1.4921665744660114e-16,0.6338340635181479,0.8502136452496052,0.1873263857194808,0.5293680482362412,0.6248493131641425,0.4746050463060086,0.5552893270528882,0.11506404803360498,saves/unlearn/tofu/forget10/Llama-2-7b-chat-hf/SimNPO/lr2e-5_b32_mb8_ga4_a1.0_beta3.5_delta1_gamma0.125_e10/checkpoint-91/evals/TOFU_SUMMARY.json,saves/unlearn/tofu/forget10/Llama-2-7b-chat-hf/SimNPO/lr2e-5_b32_mb8_ga4_a1.0_beta3.5_delta1_gamma0.125_e10/checkpoint-91/evals/TOFU_EVAL.json
forget10,SimNPO,lr2e-5_b32_mb8_ga4_a1.0_beta3.5_delta1_gamma0.125_e10,2e-5,32,8,4,1.0,3.5,1,0.125,10,checkpoint-104,104,5.137999089404319e-16,0.6343749308747689,0.8473809863626957,0.18373609005820554,0.5295850932345726,0.6280956821514939,0.4735434234835955,0.5549540968310843,0.11881639266431888,saves/unlearn/tofu/forget10/Llama-2-7b-chat-hf/SimNPO/lr2e-5_b32_mb8_ga4_a1.0_beta3.5_delta1_gamma0.125_e10/checkpoint-104/evals/TOFU_SUMMARY.json,saves/unlearn/tofu/forget10/Llama-2-7b-chat-hf/SimNPO/lr2e-5_b32_mb8_ga4_a1.0_beta3.5_delta1_gamma0.125_e10/checkpoint-104/evals/TOFU_EVAL.json
forget10,SimNPO,lr2e-5_b32_mb8_ga4_a1.0_beta3.5_delta1_gamma0.125_e10,2e-5,32,8,4,1.0,3.5,1,0.125,10,checkpoint-117,117,2.776495661774257e-16,0.6349477312608005,0.8468086467683316,0.1828411525234432,0.5291468209396072,0.6266238785573054,0.47416809111592884,0.5549832000376574,0.12012283161491345,saves/unlearn/tofu/forget10/Llama-2-7b-chat-hf/SimNPO/lr2e-5_b32_mb8_ga4_a1.0_beta3.5_delta1_gamma0.125_e10/checkpoint-117/evals/TOFU_SUMMARY.json,saves/unlearn/tofu/forget10/Llama-2-7b-chat-hf/SimNPO/lr2e-5_b32_mb8_ga4_a1.0_beta3.5_delta1_gamma0.125_e10/checkpoint-117/evals/TOFU_EVAL.json
forget10,SimNPO,lr2e-5_b32_mb8_ga4_a1.0_beta3.5_delta1_gamma0.125_e10,2e-5,32,8,4,1.0,3.5,1,0.125,10,checkpoint-120,120,5.137999089404319e-16,0.6339649546744535,0.8463734348118305,0.18184120856567115,0.529422685621319,0.6268118295710354,0.47380304562600356,0.5562442135774327,0.1198576329857032,saves/unlearn/tofu/forget10/Llama-2-7b-chat-hf/SimNPO/lr2e-5_b32_mb8_ga4_a1.0_beta3.5_delta1_gamma0.125_e10/checkpoint-120/evals/TOFU_SUMMARY.json,saves/unlearn/tofu/forget10/Llama-2-7b-chat-hf/SimNPO/lr2e-5_b32_mb8_ga4_a1.0_beta3.5_delta1_gamma0.125_e10/checkpoint-120/evals/TOFU_EVAL.json
forget10,SimNPO,lr2e-5_b32_mb8_ga4_a1.0_beta3.5_delta1_gamma0.25_e10,2e-5,32,8,4,1.0,3.5,1,0.25,10,checkpoint-13,13,2.0132797133922014e-23,0.612542606637278,0.9840805459022522,0.82197075595427,0.51771932076938,0.5905811841158036,0.4627702263268044,0.5387892157695428,-0.29048304429098315,saves/unlearn/tofu/forget10/Llama-2-7b-chat-hf/SimNPO/lr2e-5_b32_mb8_ga4_a1.0_beta3.5_delta1_gamma0.25_e10/checkpoint-13/evals/TOFU_SUMMARY.json,saves/unlearn/tofu/forget10/Llama-2-7b-chat-hf/SimNPO/lr2e-5_b32_mb8_ga4_a1.0_beta3.5_delta1_gamma0.25_e10/checkpoint-13/evals/TOFU_EVAL.json
forget10,SimNPO,lr2e-5_b32_mb8_ga4_a1.0_beta3.5_delta1_gamma0.25_e10,2e-5,32,8,4,1.0,3.5,1,0.25,10,checkpoint-26,26,4.353260441808186e-19,0.6039069664900671,0.9125248312950134,0.3286599022574539,0.5354613891810405,0.6069247983968801,0.45203746595621025,0.5420609460791654,-0.016685400286166496,saves/unlearn/tofu/forget10/Llama-2-7b-chat-hf/SimNPO/lr2e-5_b32_mb8_ga4_a1.0_beta3.5_delta1_gamma0.25_e10/checkpoint-26/evals/TOFU_SUMMARY.json,saves/unlearn/tofu/forget10/Llama-2-7b-chat-hf/SimNPO/lr2e-5_b32_mb8_ga4_a1.0_beta3.5_delta1_gamma0.25_e10/checkpoint-26/evals/TOFU_EVAL.json
forget10,SimNPO,lr2e-5_b32_mb8_ga4_a1.0_beta3.5_delta1_gamma0.25_e10,2e-5,32,8,4,1.0,3.5,1,0.25,10,checkpoint-39,39,1.730834713171486e-15,0.6208754488221964,0.8705185206234455,0.21924672079105634,0.5438033886885932,0.6320513581328375,0.46349482684791526,0.5547405431005247,0.07599282811494723,saves/unlearn/tofu/forget10/Llama-2-7b-chat-hf/SimNPO/lr2e-5_b32_mb8_ga4_a1.0_beta3.5_delta1_gamma0.25_e10/checkpoint-39/evals/TOFU_SUMMARY.json,saves/unlearn/tofu/forget10/Llama-2-7b-chat-hf/SimNPO/lr2e-5_b32_mb8_ga4_a1.0_beta3.5_delta1_gamma0.25_e10/checkpoint-39/evals/TOFU_EVAL.json
forget10,SimNPO,lr2e-5_b32_mb8_ga4_a1.0_beta3.5_delta1_gamma0.25_e10,2e-5,32,8,4,1.0,3.5,1,0.25,10,checkpoint-52,52,5.418551024174982e-13,0.6266508178136768,0.8463185179233551,0.1686631443256117,0.5450852683089319,0.6238213183238523,0.4769501144907068,0.5546902964115356,0.11915998668973532,saves/unlearn/tofu/forget10/Llama-2-7b-chat-hf/SimNPO/lr2e-5_b32_mb8_ga4_a1.0_beta3.5_delta1_gamma0.25_e10/checkpoint-52/evals/TOFU_SUMMARY.json,saves/unlearn/tofu/forget10/Llama-2-7b-chat-hf/SimNPO/lr2e-5_b32_mb8_ga4_a1.0_beta3.5_delta1_gamma0.25_e10/checkpoint-52/evals/TOFU_EVAL.json
forget10,SimNPO,lr2e-5_b32_mb8_ga4_a1.0_beta3.5_delta1_gamma0.25_e10,2e-5,32,8,4,1.0,3.5,1,0.25,10,checkpoint-65,65,4.640299916950861e-12,0.6313686348232724,0.8321752466261387,0.15356811636897832,0.5508364740957861,0.6221075875299745,0.4791772562591055,0.5547846527879339,0.1384969533303542,saves/unlearn/tofu/forget10/Llama-2-7b-chat-hf/SimNPO/lr2e-5_b32_mb8_ga4_a1.0_beta3.5_delta1_gamma0.25_e10/checkpoint-65/evals/TOFU_SUMMARY.json,saves/unlearn/tofu/forget10/Llama-2-7b-chat-hf/SimNPO/lr2e-5_b32_mb8_ga4_a1.0_beta3.5_delta1_gamma0.25_e10/checkpoint-65/evals/TOFU_EVAL.json
forget10,SimNPO,lr2e-5_b32_mb8_ga4_a1.0_beta3.5_delta1_gamma0.25_e10,2e-5,32,8,4,1.0,3.5,1,0.25,10,checkpoint-78,78,1.3150137716657251e-11,0.6313643790641449,0.8200173264741898,0.13497284307073973,0.5528792366236857,0.6215022883139628,0.47869703676831477,0.5554120921567535,0.15386929430483026,saves/unlearn/tofu/forget10/Llama-2-7b-chat-hf/SimNPO/lr2e-5_b32_mb8_ga4_a1.0_beta3.5_delta1_gamma0.25_e10/checkpoint-78/evals/TOFU_SUMMARY.json,saves/unlearn/tofu/forget10/Llama-2-7b-chat-hf/SimNPO/lr2e-5_b32_mb8_ga4_a1.0_beta3.5_delta1_gamma0.25_e10/checkpoint-78/evals/TOFU_EVAL.json
forget10,SimNPO,lr2e-5_b32_mb8_ga4_a1.0_beta3.5_delta1_gamma0.25_e10,2e-5,32,8,4,1.0,3.5,1,0.25,10,checkpoint-91,91,6.027592497096867e-11,0.6342075603391024,0.8194869558513165,0.13495787449850505,0.5543097015153955,0.62330302850411,0.47856286354589017,0.5567404309559725,0.15698514522446755,saves/unlearn/tofu/forget10/Llama-2-7b-chat-hf/SimNPO/lr2e-5_b32_mb8_ga4_a1.0_beta3.5_delta1_gamma0.25_e10/checkpoint-91/evals/TOFU_SUMMARY.json,saves/unlearn/tofu/forget10/Llama-2-7b-chat-hf/SimNPO/lr2e-5_b32_mb8_ga4_a1.0_beta3.5_delta1_gamma0.25_e10/checkpoint-91/evals/TOFU_EVAL.json
forget10,SimNPO,lr2e-5_b32_mb8_ga4_a1.0_beta3.5_delta1_gamma0.25_e10,2e-5,32,8,4,1.0,3.5,1,0.25,10,checkpoint-104,104,6.027592497096867e-11,0.6338983577031323,0.8176634281873703,0.13322093420658138,0.5553575378267527,0.6227052913769825,0.4782696918030355,0.5567477735525389,0.15845617656643238,saves/unlearn/tofu/forget10/Llama-2-7b-chat-hf/SimNPO/lr2e-5_b32_mb8_ga4_a1.0_beta3.5_delta1_gamma0.25_e10/checkpoint-104/evals/TOFU_SUMMARY.json,saves/unlearn/tofu/forget10/Llama-2-7b-chat-hf/SimNPO/lr2e-5_b32_mb8_ga4_a1.0_beta3.5_delta1_gamma0.25_e10/checkpoint-104/evals/TOFU_EVAL.json
forget10,SimNPO,lr2e-5_b32_mb8_ga4_a1.0_beta3.5_delta1_gamma0.25_e10,2e-5,32,8,4,1.0,3.5,1,0.25,10,checkpoint-117,117,6.027592497096867e-11,0.6332846898245871,0.8172926992177963,0.13361299008958058,0.5552912388232665,0.6240791166374638,0.47840452213895673,0.5560472050670128,0.1578318452311745,saves/unlearn/tofu/forget10/Llama-2-7b-chat-hf/SimNPO/lr2e-5_b32_mb8_ga4_a1.0_beta3.5_delta1_gamma0.25_e10/checkpoint-117/evals/TOFU_SUMMARY.json,saves/unlearn/tofu/forget10/Llama-2-7b-chat-hf/SimNPO/lr2e-5_b32_mb8_ga4_a1.0_beta3.5_delta1_gamma0.25_e10/checkpoint-117/evals/TOFU_EVAL.json
forget10,SimNPO,lr2e-5_b32_mb8_ga4_a1.0_beta3.5_delta1_gamma0.25_e10,2e-5,32,8,4,1.0,3.5,1,0.25,10,checkpoint-120,120,9.906736183347326e-11,0.634392124849645,0.8175921492278576,0.13333395685466498,0.5551706668365398,0.6239391615672129,0.4784861070443892,0.5566743269527202,0.15892907190745104,saves/unlearn/tofu/forget10/Llama-2-7b-chat-hf/SimNPO/lr2e-5_b32_mb8_ga4_a1.0_beta3.5_delta1_gamma0.25_e10/checkpoint-120/evals/TOFU_SUMMARY.json,saves/unlearn/tofu/forget10/Llama-2-7b-chat-hf/SimNPO/lr2e-5_b32_mb8_ga4_a1.0_beta3.5_delta1_gamma0.25_e10/checkpoint-120/evals/TOFU_EVAL.json
forget10,SimNPO,lr2e-5_b32_mb8_ga4_a1.0_beta4.5_delta0_gamma0.125_e10,2e-5,32,8,4,1.0,4.5,0,0.125,10,checkpoint-13,13,4.416671697087842e-24,0.606007303014445,0.99184406965971,0.9080862837688288,0.5111860029872618,0.5753273347687966,0.4640249151507787,0.5332434183626356,-0.34395787369982433,saves/unlearn/tofu/forget10/Llama-2-7b-chat-hf/SimNPO/lr2e-5_b32_mb8_ga4_a1.0_beta4.5_delta0_gamma0.125_e10/checkpoint-13/evals/TOFU_SUMMARY.json,saves/unlearn/tofu/forget10/Llama-2-7b-chat-hf/SimNPO/lr2e-5_b32_mb8_ga4_a1.0_beta4.5_delta0_gamma0.125_e10/checkpoint-13/evals/TOFU_EVAL.json
forget10,SimNPO,lr2e-5_b32_mb8_ga4_a1.0_beta4.5_delta0_gamma0.125_e10,2e-5,32,8,4,1.0,4.5,0,0.125,10,checkpoint-26,26,4.416671697087842e-24,0.6249681903802234,0.9837041406333447,0.7968463538985467,0.5223014221458314,0.6171624520680621,0.4542929769665021,0.5477967953296934,-0.26530705688572226,saves/unlearn/tofu/forget10/Llama-2-7b-chat-hf/SimNPO/lr2e-5_b32_mb8_ga4_a1.0_beta4.5_delta0_gamma0.125_e10/checkpoint-26/evals/TOFU_SUMMARY.json,saves/unlearn/tofu/forget10/Llama-2-7b-chat-hf/SimNPO/lr2e-5_b32_mb8_ga4_a1.0_beta4.5_delta0_gamma0.125_e10/checkpoint-26/evals/TOFU_EVAL.json
forget10,SimNPO,lr2e-5_b32_mb8_ga4_a1.0_beta4.5_delta0_gamma0.125_e10,2e-5,32,8,4,1.0,4.5,0,0.125,10,checkpoint-39,39,8.969123776103959e-23,0.62499299619556,0.9752220499515534,0.6795285842570137,0.5191497902667301,0.6124252978510545,0.457476280395958,0.5462661556244178,-0.2023823209087235,saves/unlearn/tofu/forget10/Llama-2-7b-chat-hf/SimNPO/lr2e-5_b32_mb8_ga4_a1.0_beta4.5_delta0_gamma0.125_e10/checkpoint-39/evals/TOFU_SUMMARY.json,saves/unlearn/tofu/forget10/Llama-2-7b-chat-hf/SimNPO/lr2e-5_b32_mb8_ga4_a1.0_beta4.5_delta0_gamma0.125_e10/checkpoint-39/evals/TOFU_EVAL.json
forget10,SimNPO,lr2e-5_b32_mb8_ga4_a1.0_beta4.5_delta0_gamma0.125_e10,2e-5,32,8,4,1.0,4.5,0,0.125,10,checkpoint-52,52,1.876936326891253e-22,0.6222156274403161,0.9659873248636722,0.5912096283512746,0.5183081708195746,0.6061258453016053,0.4602275534042157,0.5421313711796972,-0.15638284916715728,saves/unlearn/tofu/forget10/Llama-2-7b-chat-hf/SimNPO/lr2e-5_b32_mb8_ga4_a1.0_beta4.5_delta0_gamma0.125_e10/checkpoint-52/evals/TOFU_SUMMARY.json,saves/unlearn/tofu/forget10/Llama-2-7b-chat-hf/SimNPO/lr2e-5_b32_mb8_ga4_a1.0_beta4.5_delta0_gamma0.125_e10/checkpoint-52/evals/TOFU_EVAL.json
forget10,SimNPO,lr2e-5_b32_mb8_ga4_a1.0_beta4.5_delta0_gamma0.125_e10,2e-5,32,8,4,1.0,4.5,0,0.125,10,checkpoint-65,65,3.9054713571083378e-22,0.6197252346520461,0.9575034539401531,0.5103061377877334,0.5200782403229133,0.6042387399543904,0.46107453751351474,0.5377354547602237,-0.11417956121189715,saves/unlearn/tofu/forget10/Llama-2-7b-chat-hf/SimNPO/lr2e-5_b32_mb8_ga4_a1.0_beta4.5_delta0_gamma0.125_e10/checkpoint-65/evals/TOFU_SUMMARY.json,saves/unlearn/tofu/forget10/Llama-2-7b-chat-hf/SimNPO/lr2e-5_b32_mb8_ga4_a1.0_beta4.5_delta0_gamma0.125_e10/checkpoint-65/evals/TOFU_EVAL.json
forget10,SimNPO,lr2e-5_b32_mb8_ga4_a1.0_beta4.5_delta0_gamma0.125_e10,2e-5,32,8,4,1.0,4.5,0,0.125,10,checkpoint-78,78,1.876936326891253e-22,0.6168728247387153,0.9506084251403809,0.46368846587467666,0.5198206385795243,0.6007057478064572,0.46290065022167454,0.5369136268962051,-0.09027562076881349,saves/unlearn/tofu/forget10/Llama-2-7b-chat-hf/SimNPO/lr2e-5_b32_mb8_ga4_a1.0_beta4.5_delta0_gamma0.125_e10/checkpoint-78/evals/TOFU_SUMMARY.json,saves/unlearn/tofu/forget10/Llama-2-7b-chat-hf/SimNPO/lr2e-5_b32_mb8_ga4_a1.0_beta4.5_delta0_gamma0.125_e10/checkpoint-78/evals/TOFU_EVAL.json
forget10,SimNPO,lr2e-5_b32_mb8_ga4_a1.0_beta4.5_delta0_gamma0.125_e10,2e-5,32,8,4,1.0,4.5,0,0.125,10,checkpoint-91,91,1.876936326891253e-22,0.6175712233252348,0.9493988373875618,0.4478470859960808,0.5204848074821449,0.6023829004863382,0.4635306018920046,0.5354902040320806,-0.08105173836658647,saves/unlearn/tofu/forget10/Llama-2-7b-chat-hf/SimNPO/lr2e-5_b32_mb8_ga4_a1.0_beta4.5_delta0_gamma0.125_e10/checkpoint-91/evals/TOFU_SUMMARY.json,saves/unlearn/tofu/forget10/Llama-2-7b-chat-hf/SimNPO/lr2e-5_b32_mb8_ga4_a1.0_beta4.5_delta0_gamma0.125_e10/checkpoint-91/evals/TOFU_EVAL.json
forget10,SimNPO,lr2e-5_b32_mb8_ga4_a1.0_beta4.5_delta0_gamma0.125_e10,2e-5,32,8,4,1.0,4.5,0,0.125,10,checkpoint-104,104,4.2615726229002236e-23,0.6191695808680209,0.9484729857742786,0.4426248917403892,0.5204825230564885,0.60496950434996,0.46312974669043827,0.537877919137233,-0.07637935788931305,saves/unlearn/tofu/forget10/Llama-2-7b-chat-hf/SimNPO/lr2e-5_b32_mb8_ga4_a1.0_beta4.5_delta0_gamma0.125_e10/checkpoint-104/evals/TOFU_SUMMARY.json,saves/unlearn/tofu/forget10/Llama-2-7b-chat-hf/SimNPO/lr2e-5_b32_mb8_ga4_a1.0_beta4.5_delta0_gamma0.125_e10/checkpoint-104/evals/TOFU_EVAL.json
forget10,SimNPO,lr2e-5_b32_mb8_ga4_a1.0_beta4.5_delta0_gamma0.125_e10,2e-5,32,8,4,1.0,4.5,0,0.125,10,checkpoint-117,117,8.969123776103959e-23,0.6191455662380652,0.9480846494436264,0.4406164544696629,0.5205931255450652,0.6040104475211028,0.46336047799091107,0.5377344262864029,-0.07520498571857948,saves/unlearn/tofu/forget10/Llama-2-7b-chat-hf/SimNPO/lr2e-5_b32_mb8_ga4_a1.0_beta4.5_delta0_gamma0.125_e10/checkpoint-117/evals/TOFU_SUMMARY.json,saves/unlearn/tofu/forget10/Llama-2-7b-chat-hf/SimNPO/lr2e-5_b32_mb8_ga4_a1.0_beta4.5_delta0_gamma0.125_e10/checkpoint-117/evals/TOFU_EVAL.json
forget10,SimNPO,lr2e-5_b32_mb8_ga4_a1.0_beta4.5_delta0_gamma0.125_e10,2e-5,32,8,4,1.0,4.5,0,0.125,10,checkpoint-120,120,1.876936326891253e-22,0.619909159133151,0.9481066374480724,0.4411550149125394,0.5208067923348061,0.6060127455305383,0.46325314723390826,0.5373902202248606,-0.07472166704715488,saves/unlearn/tofu/forget10/Llama-2-7b-chat-hf/SimNPO/lr2e-5_b32_mb8_ga4_a1.0_beta4.5_delta0_gamma0.125_e10/checkpoint-120/evals/TOFU_SUMMARY.json,saves/unlearn/tofu/forget10/Llama-2-7b-chat-hf/SimNPO/lr2e-5_b32_mb8_ga4_a1.0_beta4.5_delta0_gamma0.125_e10/checkpoint-120/evals/TOFU_EVAL.json
forget10,SimNPO,lr2e-5_b32_mb8_ga4_a1.0_beta4.5_delta0_gamma0.25_e10,2e-5,32,8,4,1.0,4.5,0,0.25,10,checkpoint-13,13,4.416671697087842e-24,0.6085962342997866,0.9887772203981876,0.8663448652122654,0.5134480234091509,0.5805532269590776,0.4634927555197966,0.5333526670362143,-0.3189648085054399,saves/unlearn/tofu/forget10/Llama-2-7b-chat-hf/SimNPO/lr2e-5_b32_mb8_ga4_a1.0_beta4.5_delta0_gamma0.25_e10/checkpoint-13/evals/TOFU_SUMMARY.json,saves/unlearn/tofu/forget10/Llama-2-7b-chat-hf/SimNPO/lr2e-5_b32_mb8_ga4_a1.0_beta4.5_delta0_gamma0.25_e10/checkpoint-13/evals/TOFU_EVAL.json
forget10,SimNPO,lr2e-5_b32_mb8_ga4_a1.0_beta4.5_delta0_gamma0.25_e10,2e-5,32,8,4,1.0,4.5,0,0.25,10,checkpoint-26,26,4.2615726229002236e-23,0.6216826356976944,0.969301415681839,0.6470227811827408,0.5248519339938351,0.6143297639992198,0.4539276966380909,0.5435943396010706,-0.18647946273459548,saves/unlearn/tofu/forget10/Llama-2-7b-chat-hf/SimNPO/lr2e-5_b32_mb8_ga4_a1.0_beta4.5_delta0_gamma0.25_e10/checkpoint-26/evals/TOFU_SUMMARY.json,saves/unlearn/tofu/forget10/Llama-2-7b-chat-hf/SimNPO/lr2e-5_b32_mb8_ga4_a1.0_beta4.5_delta0_gamma0.25_e10/checkpoint-26/evals/TOFU_EVAL.json
forget10,SimNPO,lr2e-5_b32_mb8_ga4_a1.0_beta4.5_delta0_gamma0.25_e10,2e-5,32,8,4,1.0,4.5,0,0.25,10,checkpoint-39,39,1.3990395281788573e-20,0.6223417739586544,0.9474619919061661,0.4593836168113954,0.5255186509718109,0.6096065230213136,0.4581750324176501,0.5430928210380062,-0.08108103040012632,saves/unlearn/tofu/forget10/Llama-2-7b-chat-hf/SimNPO/lr2e-5_b32_mb8_ga4_a1.0_beta4.5_delta0_gamma0.25_e10/checkpoint-39/evals/TOFU_SUMMARY.json,saves/unlearn/tofu/forget10/Llama-2-7b-chat-hf/SimNPO/lr2e-5_b32_mb8_ga4_a1.0_beta4.5_delta0_gamma0.25_e10/checkpoint-39/evals/TOFU_EVAL.json
forget10,SimNPO,lr2e-5_b32_mb8_ga4_a1.0_beta4.5_delta0_gamma0.25_e10,2e-5,32,8,4,1.0,4.5,0,0.25,10,checkpoint-52,52,3.4004838027527454e-21,0.6242127104287344,0.9302831308543682,0.35284243855027947,0.5280555191019929,0.6144310212484237,0.46270704263516405,0.5437917541812992,-0.01735007427358945,saves/unlearn/tofu/forget10/Llama-2-7b-chat-hf/SimNPO/lr2e-5_b32_mb8_ga4_a1.0_beta4.5_delta0_gamma0.25_e10/checkpoint-52/evals/TOFU_SUMMARY.json,saves/unlearn/tofu/forget10/Llama-2-7b-chat-hf/SimNPO/lr2e-5_b32_mb8_ga4_a1.0_beta4.5_delta0_gamma0.25_e10/checkpoint-52/evals/TOFU_EVAL.json
forget10,SimNPO,lr2e-5_b32_mb8_ga4_a1.0_beta4.5_delta0_gamma0.25_e10,2e-5,32,8,4,1.0,4.5,0,0.25,10,checkpoint-65,65,6.916893189690245e-21,0.6262639549845745,0.9214378291368485,0.30921713061854533,0.5303577967415007,0.6191426256225026,0.46612924612924883,0.5457334260175765,0.010936475106877647,saves/unlearn/tofu/forget10/Llama-2-7b-chat-hf/SimNPO/lr2e-5_b32_mb8_ga4_a1.0_beta4.5_delta0_gamma0.25_e10/checkpoint-65/evals/TOFU_SUMMARY.json,saves/unlearn/tofu/forget10/Llama-2-7b-chat-hf/SimNPO/lr2e-5_b32_mb8_ga4_a1.0_beta4.5_delta0_gamma0.25_e10/checkpoint-65/evals/TOFU_EVAL.json
forget10,SimNPO,lr2e-5_b32_mb8_ga4_a1.0_beta4.5_delta0_gamma0.25_e10,2e-5,32,8,4,1.0,4.5,0,0.25,10,checkpoint-78,78,3.4004838027527454e-21,0.6247922985112717,0.9139471751451492,0.2736148226954733,0.529770492330274,0.6163300791567599,0.4676567106054667,0.5426888851879125,0.03101129959096044,saves/unlearn/tofu/forget10/Llama-2-7b-chat-hf/SimNPO/lr2e-5_b32_mb8_ga4_a1.0_beta4.5_delta0_gamma0.25_e10/checkpoint-78/evals/TOFU_SUMMARY.json,saves/unlearn/tofu/forget10/Llama-2-7b-chat-hf/SimNPO/lr2e-5_b32_mb8_ga4_a1.0_beta4.5_delta0_gamma0.25_e10/checkpoint-78/evals/TOFU_EVAL.json
forget10,SimNPO,lr2e-5_b32_mb8_ga4_a1.0_beta4.5_delta0_gamma0.25_e10,2e-5,32,8,4,1.0,4.5,0,0.25,10,checkpoint-91,91,3.4004838027527454e-21,0.6271903046609493,0.9126815149188041,0.2646823564186774,0.5314502455817188,0.6197313546317692,0.4673648455459032,0.5461926882145928,0.038508368992208525,saves/unlearn/tofu/forget10/Llama-2-7b-chat-hf/SimNPO/lr2e-5_b32_mb8_ga4_a1.0_beta4.5_delta0_gamma0.25_e10/checkpoint-91/evals/TOFU_SUMMARY.json,saves/unlearn/tofu/forget10/Llama-2-7b-chat-hf/SimNPO/lr2e-5_b32_mb8_ga4_a1.0_beta4.5_delta0_gamma0.25_e10/checkpoint-91/evals/TOFU_EVAL.json
forget10,SimNPO,lr2e-5_b32_mb8_ga4_a1.0_beta4.5_delta0_gamma0.25_e10,2e-5,32,8,4,1.0,4.5,0,0.25,10,checkpoint-104,104,6.916893189690245e-21,0.6278535080997517,0.9127687269449234,0.2650163024971087,0.5324429160592975,0.6198416800866157,0.46693276922536997,0.5465118472088754,0.03896099337873565,saves/unlearn/tofu/forget10/Llama-2-7b-chat-hf/SimNPO/lr2e-5_b32_mb8_ga4_a1.0_beta4.5_delta0_gamma0.25_e10/checkpoint-104/evals/TOFU_SUMMARY.json,saves/unlearn/tofu/forget10/Llama-2-7b-chat-hf/SimNPO/lr2e-5_b32_mb8_ga4_a1.0_beta4.5_delta0_gamma0.25_e10/checkpoint-104/evals/TOFU_EVAL.json
forget10,SimNPO,lr2e-5_b32_mb8_ga4_a1.0_beta4.5_delta0_gamma0.25_e10,2e-5,32,8,4,1.0,4.5,0,0.25,10,checkpoint-117,117,1.3990395281788573e-20,0.6281483298666493,0.9126998721063138,0.26394356090047005,0.532768541979435,0.6195995977036646,0.4664319953785233,0.5474799856382471,0.03982661336325735,saves/unlearn/tofu/forget10/Llama-2-7b-chat-hf/SimNPO/lr2e-5_b32_mb8_ga4_a1.0_beta4.5_delta0_gamma0.25_e10/checkpoint-117/evals/TOFU_SUMMARY.json,saves/unlearn/tofu/forget10/Llama-2-7b-chat-hf/SimNPO/lr2e-5_b32_mb8_ga4_a1.0_beta4.5_delta0_gamma0.25_e10/checkpoint-117/evals/TOFU_EVAL.json
forget10,SimNPO,lr2e-5_b32_mb8_ga4_a1.0_beta4.5_delta0_gamma0.25_e10,2e-5,32,8,4,1.0,4.5,0,0.25,10,checkpoint-120,120,6.916893189690245e-21,0.6275782511090215,0.9124030697345734,0.26311898106853726,0.5328245550202445,0.6208260878260249,0.46650463691076693,0.5453888408019417,0.03981722570746621,saves/unlearn/tofu/forget10/Llama-2-7b-chat-hf/SimNPO/lr2e-5_b32_mb8_ga4_a1.0_beta4.5_delta0_gamma0.25_e10/checkpoint-120/evals/TOFU_SUMMARY.json,saves/unlearn/tofu/forget10/Llama-2-7b-chat-hf/SimNPO/lr2e-5_b32_mb8_ga4_a1.0_beta4.5_delta0_gamma0.25_e10/checkpoint-120/evals/TOFU_EVAL.json
forget10,SimNPO,lr2e-5_b32_mb8_ga4_a1.0_beta4.5_delta1_gamma0.125_e10,2e-5,32,8,4,1.0,4.5,1,0.125,10,checkpoint-13,13,2.0508859434374988e-24,0.6093149124826968,0.988483170568943,0.8615478058197205,0.5135752589873155,0.5808097128481157,0.46367893051217307,0.5352356988216306,-0.31570057571163496,saves/unlearn/tofu/forget10/Llama-2-7b-chat-hf/SimNPO/lr2e-5_b32_mb8_ga4_a1.0_beta4.5_delta1_gamma0.125_e10/checkpoint-13/evals/TOFU_SUMMARY.json,saves/unlearn/tofu/forget10/Llama-2-7b-chat-hf/SimNPO/lr2e-5_b32_mb8_ga4_a1.0_beta4.5_delta1_gamma0.125_e10/checkpoint-13/evals/TOFU_EVAL.json
forget10,SimNPO,lr2e-5_b32_mb8_ga4_a1.0_beta4.5_delta1_gamma0.125_e10,2e-5,32,8,4,1.0,4.5,1,0.125,10,checkpoint-26,26,4.2615726229002236e-23,0.621413634909259,0.9610047037899494,0.592413474935038,0.5226812681009265,0.6161347729043812,0.4565493763258601,0.5484316213692223,-0.15529545445323467,saves/unlearn/tofu/forget10/Llama-2-7b-chat-hf/SimNPO/lr2e-5_b32_mb8_ga4_a1.0_beta4.5_delta1_gamma0.125_e10/checkpoint-26/evals/TOFU_SUMMARY.json,saves/unlearn/tofu/forget10/Llama-2-7b-chat-hf/SimNPO/lr2e-5_b32_mb8_ga4_a1.0_beta4.5_delta1_gamma0.125_e10/checkpoint-26/evals/TOFU_EVAL.json
forget10,SimNPO,lr2e-5_b32_mb8_ga4_a1.0_beta4.5_delta1_gamma0.125_e10,2e-5,32,8,4,1.0,4.5,1,0.125,10,checkpoint-39,39,4.353260441808186e-19,0.6175086872371117,0.9194822564721108,0.33974426127627366,0.5227447143403802,0.6123129530761277,0.46299719110253057,0.5503424871462248,-0.012104571637080508,saves/unlearn/tofu/forget10/Llama-2-7b-chat-hf/SimNPO/lr2e-5_b32_mb8_ga4_a1.0_beta4.5_delta1_gamma0.125_e10/checkpoint-39/evals/TOFU_SUMMARY.json,saves/unlearn/tofu/forget10/Llama-2-7b-chat-hf/SimNPO/lr2e-5_b32_mb8_ga4_a1.0_beta4.5_delta1_gamma0.125_e10/checkpoint-39/evals/TOFU_EVAL.json
forget10,SimNPO,lr2e-5_b32_mb8_ga4_a1.0_beta4.5_delta1_gamma0.125_e10,2e-5,32,8,4,1.0,4.5,1,0.125,10,checkpoint-52,52,3.2024272501633618e-18,0.6257266450469507,0.8943285866081715,0.2585745762163387,0.5239867077378599,0.6217525299872295,0.47020740019541096,0.5537194426167367,0.04927506363469564,saves/unlearn/tofu/forget10/Llama-2-7b-chat-hf/SimNPO/lr2e-5_b32_mb8_ga4_a1.0_beta4.5_delta1_gamma0.125_e10/checkpoint-52/evals/TOFU_SUMMARY.json,saves/unlearn/tofu/forget10/Llama-2-7b-chat-hf/SimNPO/lr2e-5_b32_mb8_ga4_a1.0_beta4.5_delta1_gamma0.125_e10/checkpoint-52/evals/TOFU_EVAL.json
forget10,SimNPO,lr2e-5_b32_mb8_ga4_a1.0_beta4.5_delta1_gamma0.125_e10,2e-5,32,8,4,1.0,4.5,1,0.125,10,checkpoint-65,65,6.159412995752159e-18,0.6319863667857897,0.8776698486506939,0.21822065039113098,0.5290358582596693,0.6310178998050058,0.4717332455831983,0.5557084404022491,0.08404111726487726,saves/unlearn/tofu/forget10/Llama-2-7b-chat-hf/SimNPO/lr2e-5_b32_mb8_ga4_a1.0_beta4.5_delta1_gamma0.125_e10/checkpoint-65/evals/TOFU_SUMMARY.json,saves/unlearn/tofu/forget10/Llama-2-7b-chat-hf/SimNPO/lr2e-5_b32_mb8_ga4_a1.0_beta4.5_delta1_gamma0.125_e10/checkpoint-65/evals/TOFU_EVAL.json
forget10,SimNPO,lr2e-5_b32_mb8_ga4_a1.0_beta4.5_delta1_gamma0.125_e10,2e-5,32,8,4,1.0,4.5,1,0.125,10,checkpoint-78,78,7.975373070421785e-17,0.6312601981784755,0.8596197390556335,0.19120084726170183,0.5293007964766123,0.627614639446892,0.4732335979784956,0.5550000422996026,0.1058499050198079,saves/unlearn/tofu/forget10/Llama-2-7b-chat-hf/SimNPO/lr2e-5_b32_mb8_ga4_a1.0_beta4.5_delta1_gamma0.125_e10/checkpoint-78/evals/TOFU_SUMMARY.json,saves/unlearn/tofu/forget10/Llama-2-7b-chat-hf/SimNPO/lr2e-5_b32_mb8_ga4_a1.0_beta4.5_delta1_gamma0.125_e10/checkpoint-78/evals/TOFU_EVAL.json
forget10,SimNPO,lr2e-5_b32_mb8_ga4_a1.0_beta4.5_delta1_gamma0.125_e10,2e-5,32,8,4,1.0,4.5,1,0.125,10,checkpoint-91,91,1.4921665744660114e-16,0.6339644562321964,0.8534176251292229,0.18649966021267467,0.5287428999862926,0.6283314501569444,0.47269619974533683,0.5570460676275424,0.11400581356124775,saves/unlearn/tofu/forget10/Llama-2-7b-chat-hf/SimNPO/lr2e-5_b32_mb8_ga4_a1.0_beta4.5_delta1_gamma0.125_e10/checkpoint-91/evals/TOFU_SUMMARY.json,saves/unlearn/tofu/forget10/Llama-2-7b-chat-hf/SimNPO/lr2e-5_b32_mb8_ga4_a1.0_beta4.5_delta1_gamma0.125_e10/checkpoint-91/evals/TOFU_EVAL.json
forget10,SimNPO,lr2e-5_b32_mb8_ga4_a1.0_beta4.5_delta1_gamma0.125_e10,2e-5,32,8,4,1.0,4.5,1,0.125,10,checkpoint-104,104,2.241003819205479e-17,0.6339941678661721,0.8528668385744095,0.18590927962325698,0.5294481141131446,0.6284921865122237,0.4721891515457512,0.5559741816009937,0.1146061087673389,saves/unlearn/tofu/forget10/Llama-2-7b-chat-hf/SimNPO/lr2e-5_b32_mb8_ga4_a1.0_beta4.5_delta1_gamma0.125_e10/checkpoint-104/evals/TOFU_SUMMARY.json,saves/unlearn/tofu/forget10/Llama-2-7b-chat-hf/SimNPO/lr2e-5_b32_mb8_ga4_a1.0_beta4.5_delta1_gamma0.125_e10/checkpoint-104/evals/TOFU_EVAL.json
forget10,SimNPO,lr2e-5_b32_mb8_ga4_a1.0_beta4.5_delta1_gamma0.125_e10,2e-5,32,8,4,1.0,4.5,1,0.125,10,checkpoint-117,117,1.4921665744660114e-16,0.6344552588351162,0.8523658055067063,0.18323710965084977,0.5282708488886544,0.6291019904342968,0.4721370701096721,0.5560621501709988,0.11665380125633831,saves/unlearn/tofu/forget10/Llama-2-7b-chat-hf/SimNPO/lr2e-5_b32_mb8_ga4_a1.0_beta4.5_delta1_gamma0.125_e10/checkpoint-117/evals/TOFU_SUMMARY.json,saves/unlearn/tofu/forget10/Llama-2-7b-chat-hf/SimNPO/lr2e-5_b32_mb8_ga4_a1.0_beta4.5_delta1_gamma0.125_e10/checkpoint-117/evals/TOFU_EVAL.json
forget10,SimNPO,lr2e-5_b32_mb8_ga4_a1.0_beta4.5_delta1_gamma0.125_e10,2e-5,32,8,4,1.0,4.5,1,0.125,10,checkpoint-120,120,4.2392996435511593e-17,0.6335105054902229,0.8524392873048783,0.18591275255714598,0.5288213369562824,0.627575679212104,0.47211050570500324,0.5549512043031208,0.11433448555921079,saves/unlearn/tofu/forget10/Llama-2-7b-chat-hf/SimNPO/lr2e-5_b32_mb8_ga4_a1.0_beta4.5_delta1_gamma0.125_e10/checkpoint-120/evals/TOFU_SUMMARY.json,saves/unlearn/tofu/forget10/Llama-2-7b-chat-hf/SimNPO/lr2e-5_b32_mb8_ga4_a1.0_beta4.5_delta1_gamma0.125_e10/checkpoint-120/evals/TOFU_EVAL.json
forget10,SimNPO,lr2e-5_b32_mb8_ga4_a1.0_beta4.5_delta1_gamma0.25_e10,2e-5,32,8,4,1.0,4.5,1,0.25,10,checkpoint-13,13,4.416671697087842e-24,0.6126608278963795,0.9836209434270858,0.8200079932783854,0.5176897379246096,0.5896632903555189,0.46322311580933034,0.5381965276962798,-0.28915364045635605,saves/unlearn/tofu/forget10/Llama-2-7b-chat-hf/SimNPO/lr2e-5_b32_mb8_ga4_a1.0_beta4.5_delta1_gamma0.25_e10/checkpoint-13/evals/TOFU_SUMMARY.json,saves/unlearn/tofu/forget10/Llama-2-7b-chat-hf/SimNPO/lr2e-5_b32_mb8_ga4_a1.0_beta4.5_delta1_gamma0.25_e10/checkpoint-13/evals/TOFU_EVAL.json
forget10,SimNPO,lr2e-5_b32_mb8_ga4_a1.0_beta4.5_delta1_gamma0.25_e10,2e-5,32,8,4,1.0,4.5,1,0.25,10,checkpoint-26,26,2.213522258546535e-19,0.6045938181467375,0.9109339021146298,0.3312002543979374,0.5347096579064448,0.61153714023953,0.45232493149759534,0.5468252087847205,-0.016473260109546056,saves/unlearn/tofu/forget10/Llama-2-7b-chat-hf/SimNPO/lr2e-5_b32_mb8_ga4_a1.0_beta4.5_delta1_gamma0.25_e10/checkpoint-26/evals/TOFU_SUMMARY.json,saves/unlearn/tofu/forget10/Llama-2-7b-chat-hf/SimNPO/lr2e-5_b32_mb8_ga4_a1.0_beta4.5_delta1_gamma0.25_e10/checkpoint-26/evals/TOFU_EVAL.json
forget10,SimNPO,lr2e-5_b32_mb8_ga4_a1.0_beta4.5_delta1_gamma0.25_e10,2e-5,32,8,4,1.0,4.5,1,0.25,10,checkpoint-39,39,9.456104707095184e-16,0.6224447535454899,0.8710773475468159,0.22054863085359463,0.54322678589585,0.6286564088062143,0.4640080417012055,0.5546831424732145,0.07663176434528564,saves/unlearn/tofu/forget10/Llama-2-7b-chat-hf/SimNPO/lr2e-5_b32_mb8_ga4_a1.0_beta4.5_delta1_gamma0.25_e10/checkpoint-39/evals/TOFU_SUMMARY.json,saves/unlearn/tofu/forget10/Llama-2-7b-chat-hf/SimNPO/lr2e-5_b32_mb8_ga4_a1.0_beta4.5_delta1_gamma0.25_e10/checkpoint-39/evals/TOFU_EVAL.json
forget10,SimNPO,lr2e-5_b32_mb8_ga4_a1.0_beta4.5_delta1_gamma0.25_e10,2e-5,32,8,4,1.0,4.5,1,0.25,10,checkpoint-52,52,3.1252666340221845e-13,0.6256354907872123,0.8475757624208927,0.16692271490973817,0.5464272883404655,0.6195851121140844,0.4754921019670541,0.552794087085957,0.11838625212220934,saves/unlearn/tofu/forget10/Llama-2-7b-chat-hf/SimNPO/lr2e-5_b32_mb8_ga4_a1.0_beta4.5_delta1_gamma0.25_e10/checkpoint-52/evals/TOFU_SUMMARY.json,saves/unlearn/tofu/forget10/Llama-2-7b-chat-hf/SimNPO/lr2e-5_b32_mb8_ga4_a1.0_beta4.5_delta1_gamma0.25_e10/checkpoint-52/evals/TOFU_EVAL.json
forget10,SimNPO,lr2e-5_b32_mb8_ga4_a1.0_beta4.5_delta1_gamma0.25_e10,2e-5,32,8,4,1.0,4.5,1,0.25,10,checkpoint-65,65,1.3150137716657251e-11,0.6296678943281508,0.8395162077248096,0.1578012960187987,0.5527379568085447,0.6197228188259556,0.4769873113208699,0.554753423879457,0.13100914246949685,saves/unlearn/tofu/forget10/Llama-2-7b-chat-hf/SimNPO/lr2e-5_b32_mb8_ga4_a1.0_beta4.5_delta1_gamma0.25_e10/checkpoint-65/evals/TOFU_SUMMARY.json,saves/unlearn/tofu/forget10/Llama-2-7b-chat-hf/SimNPO/lr2e-5_b32_mb8_ga4_a1.0_beta4.5_delta1_gamma0.25_e10/checkpoint-65/evals/TOFU_EVAL.json
forget10,SimNPO,lr2e-5_b32_mb8_ga4_a1.0_beta4.5_delta1_gamma0.25_e10,2e-5,32,8,4,1.0,4.5,1,0.25,10,checkpoint-78,78,1.6196210141854015e-10,0.6302859916582736,0.829744762480259,0.1518744627001194,0.5528903140068535,0.6191300845320725,0.4760921181344921,0.5534894873823973,0.13947637923004652,saves/unlearn/tofu/forget10/Llama-2-7b-chat-hf/SimNPO/lr2e-5_b32_mb8_ga4_a1.0_beta4.5_delta1_gamma0.25_e10/checkpoint-78/evals/TOFU_SUMMARY.json,saves/unlearn/tofu/forget10/Llama-2-7b-chat-hf/SimNPO/lr2e-5_b32_mb8_ga4_a1.0_beta4.5_delta1_gamma0.25_e10/checkpoint-78/evals/TOFU_EVAL.json
forget10,SimNPO,lr2e-5_b32_mb8_ga4_a1.0_beta4.5_delta1_gamma0.25_e10,2e-5,32,8,4,1.0,4.5,1,0.25,10,checkpoint-91,91,2.6338754853638006e-10,0.6317069669458434,0.8290445128083229,0.14679957809886818,0.5528860984604883,0.620561050425909,0.4759708118832805,0.5562067534275889,0.14378492175563537,saves/unlearn/tofu/forget10/Llama-2-7b-chat-hf/SimNPO/lr2e-5_b32_mb8_ga4_a1.0_beta4.5_delta1_gamma0.25_e10/checkpoint-91/evals/TOFU_SUMMARY.json,saves/unlearn/tofu/forget10/Llama-2-7b-chat-hf/SimNPO/lr2e-5_b32_mb8_ga4_a1.0_beta4.5_delta1_gamma0.25_e10/checkpoint-91/evals/TOFU_EVAL.json
forget10,SimNPO,lr2e-5_b32_mb8_ga4_a1.0_beta4.5_delta1_gamma0.25_e10,2e-5,32,8,4,1.0,4.5,1,0.25,10,checkpoint-104,104,6.027592497096867e-11,0.6332378378526282,0.8291392050683498,0.14906329381097705,0.5529981089426615,0.623687316320883,0.4750636960084783,0.556277281345775,0.14413658847324068,saves/unlearn/tofu/forget10/Llama-2-7b-chat-hf/SimNPO/lr2e-5_b32_mb8_ga4_a1.0_beta4.5_delta1_gamma0.25_e10/checkpoint-104/evals/TOFU_SUMMARY.json,saves/unlearn/tofu/forget10/Llama-2-7b-chat-hf/SimNPO/lr2e-5_b32_mb8_ga4_a1.0_beta4.5_delta1_gamma0.25_e10/checkpoint-104/evals/TOFU_EVAL.json
forget10,SimNPO,lr2e-5_b32_mb8_ga4_a1.0_beta4.5_delta1_gamma0.25_e10,2e-5,32,8,4,1.0,4.5,1,0.25,10,checkpoint-117,117,9.906736183347326e-11,0.6333141132710204,0.8280032658576966,0.14754564341474868,0.5528070008644361,0.6241678249400959,0.4757823502651321,0.5555595809149179,0.14553965873386507,saves/unlearn/tofu/forget10/Llama-2-7b-chat-hf/SimNPO/lr2e-5_b32_mb8_ga4_a1.0_beta4.5_delta1_gamma0.25_e10/checkpoint-117/evals/TOFU_SUMMARY.json,saves/unlearn/tofu/forget10/Llama-2-7b-chat-hf/SimNPO/lr2e-5_b32_mb8_ga4_a1.0_beta4.5_delta1_gamma0.25_e10/checkpoint-117/evals/TOFU_EVAL.json
forget10,SimNPO,lr2e-5_b32_mb8_ga4_a1.0_beta4.5_delta1_gamma0.25_e10,2e-5,32,8,4,1.0,4.5,1,0.25,10,checkpoint-120,120,9.906736183347326e-11,0.6322255121175128,0.8288363096117973,0.14759818073909126,0.5534771785201181,0.6215268306145638,0.475371885321838,0.5566801823290195,0.14400826704113578,saves/unlearn/tofu/forget10/Llama-2-7b-chat-hf/SimNPO/lr2e-5_b32_mb8_ga4_a1.0_beta4.5_delta1_gamma0.25_e10/checkpoint-120/evals/TOFU_SUMMARY.json,saves/unlearn/tofu/forget10/Llama-2-7b-chat-hf/SimNPO/lr2e-5_b32_mb8_ga4_a1.0_beta4.5_delta1_gamma0.25_e10/checkpoint-120/evals/TOFU_EVAL.json
forget10,SimNPO,lr5e-5_b16_mb8_ga2_a1.0_beta3.5_delta0_gamma0.125_e10,5e-5,16,8,2,1.0,3.5,0,0.125,10,checkpoint-25,25,1.3990395281788573e-20,0.592479869700497,0.9538302302360535,0.5708911258115059,0.5518970618031359,0.5640870627222175,0.4341577698011598,0.5534121234772335,-0.16988080832328267,saves/unlearn/tofu/forget10/Llama-2-7b-chat-hf/SimNPO/lr5e-5_b16_mb8_ga2_a1.0_beta3.5_delta0_gamma0.125_e10/checkpoint-25/evals/TOFU_SUMMARY.json,saves/unlearn/tofu/forget10/Llama-2-7b-chat-hf/SimNPO/lr5e-5_b16_mb8_ga2_a1.0_beta3.5_delta0_gamma0.125_e10/checkpoint-25/evals/TOFU_EVAL.json
forget10,SimNPO,lr5e-5_b16_mb8_ga2_a1.0_beta3.5_delta0_gamma0.125_e10,5e-5,16,8,2,1.0,3.5,0,0.125,10,checkpoint-50,50,3.277026375806354e-14,0.5837324050248541,0.8683389730751514,0.21715717687618635,0.6016439710448822,0.64097345281779,0.4094445041945225,0.5823432548273937,0.040984330049218004,saves/unlearn/tofu/forget10/Llama-2-7b-chat-hf/SimNPO/lr5e-5_b16_mb8_ga2_a1.0_beta3.5_delta0_gamma0.125_e10/checkpoint-50/evals/TOFU_SUMMARY.json,saves/unlearn/tofu/forget10/Llama-2-7b-chat-hf/SimNPO/lr5e-5_b16_mb8_ga2_a1.0_beta3.5_delta0_gamma0.125_e10/checkpoint-50/evals/TOFU_EVAL.json
forget10,SimNPO,lr5e-5_b16_mb8_ga2_a1.0_beta3.5_delta0_gamma0.125_e10,5e-5,16,8,2,1.0,3.5,0,0.125,10,checkpoint-75,75,4.640299916950861e-12,0.5897413334078927,0.8366088779270648,0.16002593024722764,0.6066318090903533,0.6387804031117336,0.42615535434948365,0.5734042686151364,0.09142392932538675,saves/unlearn/tofu/forget10/Llama-2-7b-chat-hf/SimNPO/lr5e-5_b16_mb8_ga2_a1.0_beta3.5_delta0_gamma0.125_e10/checkpoint-75/evals/TOFU_SUMMARY.json,saves/unlearn/tofu/forget10/Llama-2-7b-chat-hf/SimNPO/lr5e-5_b16_mb8_ga2_a1.0_beta3.5_delta0_gamma0.125_e10/checkpoint-75/evals/TOFU_EVAL.json
forget10,SimNPO,lr5e-5_b16_mb8_ga2_a1.0_beta3.5_delta0_gamma0.125_e10,5e-5,16,8,2,1.0,3.5,0,0.125,10,checkpoint-100,100,1.7473118094396964e-09,0.6032804692624868,0.8235282202064991,0.141022283792362,0.6182971654747942,0.6573359382796562,0.4161452812822424,0.6018186606925486,0.1210052190103681,saves/unlearn/tofu/forget10/Llama-2-7b-chat-hf/SimNPO/lr5e-5_b16_mb8_ga2_a1.0_beta3.5_delta0_gamma0.125_e10/checkpoint-100/evals/TOFU_SUMMARY.json,saves/unlearn/tofu/forget10/Llama-2-7b-chat-hf/SimNPO/lr5e-5_b16_mb8_ga2_a1.0_beta3.5_delta0_gamma0.125_e10/checkpoint-100/evals/TOFU_EVAL.json
forget10,SimNPO,lr5e-5_b16_mb8_ga2_a1.0_beta3.5_delta0_gamma0.125_e10,5e-5,16,8,2,1.0,3.5,0,0.125,10,checkpoint-125,125,6.85594912218188e-10,0.6026074254074492,0.820135872066021,0.13418996352197554,0.6106456430479266,0.6481335426558248,0.4182127178731574,0.5841939779966309,0.1254445082990458,saves/unlearn/tofu/forget10/Llama-2-7b-chat-hf/SimNPO/lr5e-5_b16_mb8_ga2_a1.0_beta3.5_delta0_gamma0.125_e10/checkpoint-125/evals/TOFU_SUMMARY.json,saves/unlearn/tofu/forget10/Llama-2-7b-chat-hf/SimNPO/lr5e-5_b16_mb8_ga2_a1.0_beta3.5_delta0_gamma0.125_e10/checkpoint-125/evals/TOFU_EVAL.json
forget10,SimNPO,lr5e-5_b16_mb8_ga2_a1.0_beta3.5_delta0_gamma0.125_e10,5e-5,16,8,2,1.0,3.5,0,0.125,10,checkpoint-150,150,2.196072998681761e-11,0.6119326059550163,0.8161206746101379,0.12365405090424632,0.6121099764834459,0.6520366687288245,0.42864938340811337,0.5826860528166307,0.14204524321978496,saves/unlearn/tofu/forget10/Llama-2-7b-chat-hf/SimNPO/lr5e-5_b16_mb8_ga2_a1.0_beta3.5_delta0_gamma0.125_e10/checkpoint-150/evals/TOFU_SUMMARY.json,saves/unlearn/tofu/forget10/Llama-2-7b-chat-hf/SimNPO/lr5e-5_b16_mb8_ga2_a1.0_beta3.5_delta0_gamma0.125_e10/checkpoint-150/evals/TOFU_EVAL.json
forget10,SimNPO,lr5e-5_b16_mb8_ga2_a1.0_beta3.5_delta0_gamma0.125_e10,5e-5,16,8,2,1.0,3.5,0,0.125,10,checkpoint-175,175,6.027592497096867e-11,0.6154892198903464,0.8115722624957562,0.12147778070839849,0.6123717070509945,0.647707214308913,0.42898146437286144,0.5749955340483075,0.148964198348545,saves/unlearn/tofu/forget10/Llama-2-7b-chat-hf/SimNPO/lr5e-5_b16_mb8_ga2_a1.0_beta3.5_delta0_gamma0.125_e10/checkpoint-175/evals/TOFU_SUMMARY.json,saves/unlearn/tofu/forget10/Llama-2-7b-chat-hf/SimNPO/lr5e-5_b16_mb8_ga2_a1.0_beta3.5_delta0_gamma0.125_e10/checkpoint-175/evals/TOFU_EVAL.json
forget10,SimNPO,lr5e-5_b16_mb8_ga2_a1.0_beta3.5_delta0_gamma0.125_e10,5e-5,16,8,2,1.0,3.5,0,0.125,10,checkpoint-200,200,2.6338754853638006e-10,0.6155659283924707,0.8115644060075283,0.11989381725728063,0.6097306419598286,0.6387110845500216,0.4326162554498842,0.5662571651647776,0.14983681702345375,saves/unlearn/tofu/forget10/Llama-2-7b-chat-hf/SimNPO/lr5e-5_b16_mb8_ga2_a1.0_beta3.5_delta0_gamma0.125_e10/checkpoint-200/evals/TOFU_SUMMARY.json,saves/unlearn/tofu/forget10/Llama-2-7b-chat-hf/SimNPO/lr5e-5_b16_mb8_ga2_a1.0_beta3.5_delta0_gamma0.125_e10/checkpoint-200/evals/TOFU_EVAL.json
forget10,SimNPO,lr5e-5_b16_mb8_ga2_a1.0_beta3.5_delta0_gamma0.125_e10,5e-5,16,8,2,1.0,3.5,0,0.125,10,checkpoint-225,225,2.7675164465641644e-09,0.6151736805545435,0.8118751609325409,0.12125701136905427,0.611062682538974,0.6350644091445669,0.43415057850224414,0.563913315840116,0.14860759717126235,saves/unlearn/tofu/forget10/Llama-2-7b-chat-hf/SimNPO/lr5e-5_b16_mb8_ga2_a1.0_beta3.5_delta0_gamma0.125_e10/checkpoint-225/evals/TOFU_SUMMARY.json,saves/unlearn/tofu/forget10/Llama-2-7b-chat-hf/SimNPO/lr5e-5_b16_mb8_ga2_a1.0_beta3.5_delta0_gamma0.125_e10/checkpoint-225/evals/TOFU_EVAL.json
forget10,SimNPO,lr5e-5_b16_mb8_ga2_a1.0_beta3.5_delta0_gamma0.125_e10,5e-5,16,8,2,1.0,3.5,0,0.125,10,checkpoint-250,250,1.7473118094396964e-09,0.6153195391097918,0.8109604831039906,0.1208516525999942,0.6106277277156954,0.6364486752509592,0.4347533947271461,0.5609093761434822,0.1494134730051112,saves/unlearn/tofu/forget10/Llama-2-7b-chat-hf/SimNPO/lr5e-5_b16_mb8_ga2_a1.0_beta3.5_delta0_gamma0.125_e10/checkpoint-250/evals/TOFU_SUMMARY.json,saves/unlearn/tofu/forget10/Llama-2-7b-chat-hf/SimNPO/lr5e-5_b16_mb8_ga2_a1.0_beta3.5_delta0_gamma0.125_e10/checkpoint-250/evals/TOFU_EVAL.json
forget10,SimNPO,lr5e-5_b16_mb8_ga2_a1.0_beta3.5_delta0_gamma0.25_e10,5e-5,16,8,2,1.0,3.5,0,0.25,10,checkpoint-25,25,1.11924339764853e-19,0.5874852479535685,0.9304787614941596,0.45084658717459775,0.5669906199676472,0.5540175556094803,0.431667920128318,0.5569937328282526,-0.1031774263808102,saves/unlearn/tofu/forget10/Llama-2-7b-chat-hf/SimNPO/lr5e-5_b16_mb8_ga2_a1.0_beta3.5_delta0_gamma0.25_e10/checkpoint-25/evals/TOFU_SUMMARY.json,saves/unlearn/tofu/forget10/Llama-2-7b-chat-hf/SimNPO/lr5e-5_b16_mb8_ga2_a1.0_beta3.5_delta0_gamma0.25_e10/checkpoint-25/evals/TOFU_EVAL.json
forget10,SimNPO,lr5e-5_b16_mb8_ga2_a1.0_beta3.5_delta0_gamma0.25_e10,5e-5,16,8,2,1.0,3.5,0,0.25,10,checkpoint-50,50,6.392505006995772e-06,0.585159014244613,0.806586946323514,0.154697163918727,0.6277018819095936,0.6293517752265698,0.4085681459123929,0.5835021539874011,0.10452335162849952,saves/unlearn/tofu/forget10/Llama-2-7b-chat-hf/SimNPO/lr5e-5_b16_mb8_ga2_a1.0_beta3.5_delta0_gamma0.25_e10/checkpoint-50/evals/TOFU_SUMMARY.json,saves/unlearn/tofu/forget10/Llama-2-7b-chat-hf/SimNPO/lr5e-5_b16_mb8_ga2_a1.0_beta3.5_delta0_gamma0.25_e10/checkpoint-50/evals/TOFU_EVAL.json
forget10,SimNPO,lr5e-5_b16_mb8_ga2_a1.0_beta3.5_delta0_gamma0.25_e10,5e-5,16,8,2,1.0,3.5,0,0.25,10,checkpoint-75,75,0.0001305755477065129,0.5849759590460863,0.7669032603316009,0.116739326401533,0.6406982238647498,0.6205879066501923,0.42169980720163863,0.5800600757665312,0.14328524122722583,saves/unlearn/tofu/forget10/Llama-2-7b-chat-hf/SimNPO/lr5e-5_b16_mb8_ga2_a1.0_beta3.5_delta0_gamma0.25_e10/checkpoint-75/evals/TOFU_SUMMARY.json,saves/unlearn/tofu/forget10/Llama-2-7b-chat-hf/SimNPO/lr5e-5_b16_mb8_ga2_a1.0_beta3.5_delta0_gamma0.25_e10/checkpoint-75/evals/TOFU_EVAL.json
forget10,SimNPO,lr5e-5_b16_mb8_ga2_a1.0_beta3.5_delta0_gamma0.25_e10,5e-5,16,8,2,1.0,3.5,0,0.25,10,checkpoint-100,100,0.006260402267679663,0.5882876537812922,0.7656098049506546,0.10269808154340769,0.6519527036680014,0.6236310351428176,0.41313888799803933,0.5774230366687848,0.16039411280194074,saves/unlearn/tofu/forget10/Llama-2-7b-chat-hf/SimNPO/lr5e-5_b16_mb8_ga2_a1.0_beta3.5_delta0_gamma0.25_e10/checkpoint-100/evals/TOFU_SUMMARY.json,saves/unlearn/tofu/forget10/Llama-2-7b-chat-hf/SimNPO/lr5e-5_b16_mb8_ga2_a1.0_beta3.5_delta0_gamma0.25_e10/checkpoint-100/evals/TOFU_EVAL.json
forget10,SimNPO,lr5e-5_b16_mb8_ga2_a1.0_beta3.5_delta0_gamma0.25_e10,5e-5,16,8,2,1.0,3.5,0,0.25,10,checkpoint-125,125,0.001024214776236788,0.5980068451609901,0.76117192434147,0.10384045115403119,0.6499847473356628,0.622022270483586,0.42569844321381844,0.5793727276959622,0.16652487218947637,saves/unlearn/tofu/forget10/Llama-2-7b-chat-hf/SimNPO/lr5e-5_b16_mb8_ga2_a1.0_beta3.5_delta0_gamma0.25_e10/checkpoint-125/evals/TOFU_SUMMARY.json,saves/unlearn/tofu/forget10/Llama-2-7b-chat-hf/SimNPO/lr5e-5_b16_mb8_ga2_a1.0_beta3.5_delta0_gamma0.25_e10/checkpoint-125/evals/TOFU_EVAL.json
forget10,SimNPO,lr5e-5_b16_mb8_ga2_a1.0_beta3.5_delta0_gamma0.25_e10,5e-5,16,8,2,1.0,3.5,0,0.25,10,checkpoint-150,150,0.0013468720321565051,0.6115151424181944,0.7595462650805712,0.10407757377792287,0.6437770778816847,0.6369249755541885,0.43766005236112465,0.5888589038501724,0.1810500950211039,saves/unlearn/tofu/forget10/Llama-2-7b-chat-hf/SimNPO/lr5e-5_b16_mb8_ga2_a1.0_beta3.5_delta0_gamma0.25_e10/checkpoint-150/evals/TOFU_SUMMARY.json,saves/unlearn/tofu/forget10/Llama-2-7b-chat-hf/SimNPO/lr5e-5_b16_mb8_ga2_a1.0_beta3.5_delta0_gamma0.25_e10/checkpoint-150/evals/TOFU_EVAL.json
forget10,SimNPO,lr5e-5_b16_mb8_ga2_a1.0_beta3.5_delta0_gamma0.25_e10,5e-5,16,8,2,1.0,3.5,0,0.25,10,checkpoint-175,175,0.003828187263300835,0.6154464065287352,0.7593439257144928,0.10082077833370583,0.6462742173607079,0.6327836977959319,0.4361944656788925,0.5832331716346661,0.18919224176793664,saves/unlearn/tofu/forget10/Llama-2-7b-chat-hf/SimNPO/lr5e-5_b16_mb8_ga2_a1.0_beta3.5_delta0_gamma0.25_e10/checkpoint-175/evals/TOFU_SUMMARY.json,saves/unlearn/tofu/forget10/Llama-2-7b-chat-hf/SimNPO/lr5e-5_b16_mb8_ga2_a1.0_beta3.5_delta0_gamma0.25_e10/checkpoint-175/evals/TOFU_EVAL.json
forget10,SimNPO,lr5e-5_b16_mb8_ga2_a1.0_beta3.5_delta0_gamma0.25_e10,5e-5,16,8,2,1.0,3.5,0,0.25,10,checkpoint-200,200,0.0022938851536275073,0.6181695265513488,0.760312471613288,0.10068505945754755,0.6398068544850054,0.6316618326435,0.43995960673579554,0.583846262985446,0.18996464616955855,saves/unlearn/tofu/forget10/Llama-2-7b-chat-hf/SimNPO/lr5e-5_b16_mb8_ga2_a1.0_beta3.5_delta0_gamma0.25_e10/checkpoint-200/evals/TOFU_SUMMARY.json,saves/unlearn/tofu/forget10/Llama-2-7b-chat-hf/SimNPO/lr5e-5_b16_mb8_ga2_a1.0_beta3.5_delta0_gamma0.25_e10/checkpoint-200/evals/TOFU_EVAL.json
forget10,SimNPO,lr5e-5_b16_mb8_ga2_a1.0_beta3.5_delta0_gamma0.25_e10,5e-5,16,8,2,1.0,3.5,0,0.25,10,checkpoint-225,225,0.0005832940307390987,0.6194289449832078,0.7577959584631025,0.10004150198935495,0.6385866217651486,0.6331186618183909,0.4430999140536189,0.5802123342942583,0.1910935087877181,saves/unlearn/tofu/forget10/Llama-2-7b-chat-hf/SimNPO/lr5e-5_b16_mb8_ga2_a1.0_beta3.5_delta0_gamma0.25_e10/checkpoint-225/evals/TOFU_SUMMARY.json,saves/unlearn/tofu/forget10/Llama-2-7b-chat-hf/SimNPO/lr5e-5_b16_mb8_ga2_a1.0_beta3.5_delta0_gamma0.25_e10/checkpoint-225/evals/TOFU_EVAL.json
forget10,SimNPO,lr5e-5_b16_mb8_ga2_a1.0_beta3.5_delta0_gamma0.25_e10,5e-5,16,8,2,1.0,3.5,0,0.25,10,checkpoint-250,250,0.0013468720321565051,0.6202636761958703,0.7576389505155384,0.09895470581933602,0.6381393608346625,0.6341064898702334,0.4438420494017026,0.5815927777102263,0.19331372006058964,saves/unlearn/tofu/forget10/Llama-2-7b-chat-hf/SimNPO/lr5e-5_b16_mb8_ga2_a1.0_beta3.5_delta0_gamma0.25_e10/checkpoint-250/evals/TOFU_SUMMARY.json,saves/unlearn/tofu/forget10/Llama-2-7b-chat-hf/SimNPO/lr5e-5_b16_mb8_ga2_a1.0_beta3.5_delta0_gamma0.25_e10/checkpoint-250/evals/TOFU_EVAL.json
forget10,SimNPO,lr5e-5_b16_mb8_ga2_a1.0_beta3.5_delta1_gamma0.125_e10,5e-5,16,8,2,1.0,3.5,1,0.125,10,checkpoint-25,25,4.2392996435511593e-17,0.583204345718752,0.923969404399395,0.4308204829548471,0.5720987300665213,0.5439147561767459,0.43390489920581277,0.5513314755719295,-0.09419059795836904,saves/unlearn/tofu/forget10/Llama-2-7b-chat-hf/SimNPO/lr5e-5_b16_mb8_ga2_a1.0_beta3.5_delta1_gamma0.125_e10/checkpoint-25/evals/TOFU_SUMMARY.json,saves/unlearn/tofu/forget10/Llama-2-7b-chat-hf/SimNPO/lr5e-5_b16_mb8_ga2_a1.0_beta3.5_delta1_gamma0.125_e10/checkpoint-25/evals/TOFU_EVAL.json
forget10,SimNPO,lr5e-5_b16_mb8_ga2_a1.0_beta3.5_delta1_gamma0.125_e10,5e-5,16,8,2,1.0,3.5,1,0.125,10,checkpoint-50,50,0.02985302150862578,0.5960760490660573,0.702212362838909,0.1023282713139789,0.6203752390520667,0.6425969582576226,0.4267392343145919,0.6035217007064376,0.2236587534982391,saves/unlearn/tofu/forget10/Llama-2-7b-chat-hf/SimNPO/lr5e-5_b16_mb8_ga2_a1.0_beta3.5_delta1_gamma0.125_e10/checkpoint-50/evals/TOFU_SUMMARY.json,saves/unlearn/tofu/forget10/Llama-2-7b-chat-hf/SimNPO/lr5e-5_b16_mb8_ga2_a1.0_beta3.5_delta1_gamma0.125_e10/checkpoint-50/evals/TOFU_EVAL.json
forget10,SimNPO,lr5e-5_b16_mb8_ga2_a1.0_beta3.5_delta1_gamma0.125_e10,5e-5,16,8,2,1.0,3.5,1,0.125,10,checkpoint-75,75,0.01260422744087484,0.5958913636686679,0.5672057488979771,0.05870142410708665,0.6174023172503075,0.6458656843469793,0.4307742248123961,0.6000223709326372,0.29554200460701086,saves/unlearn/tofu/forget10/Llama-2-7b-chat-hf/SimNPO/lr5e-5_b16_mb8_ga2_a1.0_beta3.5_delta1_gamma0.125_e10/checkpoint-75/evals/TOFU_SUMMARY.json,saves/unlearn/tofu/forget10/Llama-2-7b-chat-hf/SimNPO/lr5e-5_b16_mb8_ga2_a1.0_beta3.5_delta1_gamma0.125_e10/checkpoint-75/evals/TOFU_EVAL.json
forget10,SimNPO,lr5e-5_b16_mb8_ga2_a1.0_beta3.5_delta1_gamma0.125_e10,5e-5,16,8,2,1.0,3.5,1,0.125,10,checkpoint-100,100,0.004907932356726081,0.606759892581291,0.5830899864342064,0.05813009079020349,0.6185151707459611,0.6606980391926192,0.4285368583528404,0.6165011257109503,0.29105778632581214,saves/unlearn/tofu/forget10/Llama-2-7b-chat-hf/SimNPO/lr5e-5_b16_mb8_ga2_a1.0_beta3.5_delta1_gamma0.125_e10/checkpoint-100/evals/TOFU_SUMMARY.json,saves/unlearn/tofu/forget10/Llama-2-7b-chat-hf/SimNPO/lr5e-5_b16_mb8_ga2_a1.0_beta3.5_delta1_gamma0.125_e10/checkpoint-100/evals/TOFU_EVAL.json
forget10,SimNPO,lr5e-5_b16_mb8_ga2_a1.0_beta3.5_delta1_gamma0.125_e10,5e-5,16,8,2,1.0,3.5,1,0.125,10,checkpoint-125,125,0.0013468720321565051,0.6119618886940636,0.5828000207897276,0.05788376624284899,0.6188951690794048,0.6649444789504874,0.43048829143553036,0.6121269607404157,0.2929668672099319,saves/unlearn/tofu/forget10/Llama-2-7b-chat-hf/SimNPO/lr5e-5_b16_mb8_ga2_a1.0_beta3.5_delta1_gamma0.125_e10/checkpoint-125/evals/TOFU_SUMMARY.json,saves/unlearn/tofu/forget10/Llama-2-7b-chat-hf/SimNPO/lr5e-5_b16_mb8_ga2_a1.0_beta3.5_delta1_gamma0.125_e10/checkpoint-125/evals/TOFU_EVAL.json
forget10,SimNPO,lr5e-5_b16_mb8_ga2_a1.0_beta3.5_delta1_gamma0.125_e10,5e-5,16,8,2,1.0,3.5,1,0.125,10,checkpoint-150,150,0.003828187263300835,0.6225707133397785,0.5807189484266564,0.059333046193840555,0.6226426707811998,0.6547786572563501,0.4462828034087943,0.6087113793524426,0.30637290329283084,saves/unlearn/tofu/forget10/Llama-2-7b-chat-hf/SimNPO/lr5e-5_b16_mb8_ga2_a1.0_beta3.5_delta1_gamma0.125_e10/checkpoint-150/evals/TOFU_SUMMARY.json,saves/unlearn/tofu/forget10/Llama-2-7b-chat-hf/SimNPO/lr5e-5_b16_mb8_ga2_a1.0_beta3.5_delta1_gamma0.125_e10/checkpoint-150/evals/TOFU_EVAL.json
forget10,SimNPO,lr5e-5_b16_mb8_ga2_a1.0_beta3.5_delta1_gamma0.125_e10,5e-5,16,8,2,1.0,3.5,1,0.125,10,checkpoint-175,175,0.0017621899205092087,0.6228530361995175,0.5791857436997816,0.059046407742615534,0.620695306128907,0.6509381517959247,0.44441233274713793,0.5980170573513552,0.3054991503988282,saves/unlearn/tofu/forget10/Llama-2-7b-chat-hf/SimNPO/lr5e-5_b16_mb8_ga2_a1.0_beta3.5_delta1_gamma0.125_e10/checkpoint-175/evals/TOFU_SUMMARY.json,saves/unlearn/tofu/forget10/Llama-2-7b-chat-hf/SimNPO/lr5e-5_b16_mb8_ga2_a1.0_beta3.5_delta1_gamma0.125_e10/checkpoint-175/evals/TOFU_EVAL.json
forget10,SimNPO,lr5e-5_b16_mb8_ga2_a1.0_beta3.5_delta1_gamma0.125_e10,5e-5,16,8,2,1.0,3.5,1,0.125,10,checkpoint-200,200,0.0005832940307390987,0.6262651323626379,0.5780156418448315,0.05828267141388132,0.6160523180329307,0.6501028924392878,0.4486725857278436,0.5886550416672713,0.3086992697640206,saves/unlearn/tofu/forget10/Llama-2-7b-chat-hf/SimNPO/lr5e-5_b16_mb8_ga2_a1.0_beta3.5_delta1_gamma0.125_e10/checkpoint-200/evals/TOFU_SUMMARY.json,saves/unlearn/tofu/forget10/Llama-2-7b-chat-hf/SimNPO/lr5e-5_b16_mb8_ga2_a1.0_beta3.5_delta1_gamma0.125_e10/checkpoint-200/evals/TOFU_EVAL.json
forget10,SimNPO,lr5e-5_b16_mb8_ga2_a1.0_beta3.5_delta1_gamma0.125_e10,5e-5,16,8,2,1.0,3.5,1,0.125,10,checkpoint-225,225,0.0017621899205092087,0.6297795501505573,0.57299850998912,0.05776141533754062,0.6138475223838671,0.65116100603725,0.4529706573296561,0.5908102213534515,0.3161617774077362,saves/unlearn/tofu/forget10/Llama-2-7b-chat-hf/SimNPO/lr5e-5_b16_mb8_ga2_a1.0_beta3.5_delta1_gamma0.125_e10/checkpoint-225/evals/TOFU_SUMMARY.json,saves/unlearn/tofu/forget10/Llama-2-7b-chat-hf/SimNPO/lr5e-5_b16_mb8_ga2_a1.0_beta3.5_delta1_gamma0.125_e10/checkpoint-225/evals/TOFU_EVAL.json
forget10,SimNPO,lr5e-5_b16_mb8_ga2_a1.0_beta3.5_delta1_gamma0.125_e10,5e-5,16,8,2,1.0,3.5,1,0.125,10,checkpoint-250,250,0.0013468720321565051,0.6303904820579168,0.5727801964012906,0.0578943461234094,0.6128907663379798,0.6514813937646794,0.45341567507579666,0.5920093430490921,0.31640008282772336,saves/unlearn/tofu/forget10/Llama-2-7b-chat-hf/SimNPO/lr5e-5_b16_mb8_ga2_a1.0_beta3.5_delta1_gamma0.125_e10/checkpoint-250/evals/TOFU_SUMMARY.json,saves/unlearn/tofu/forget10/Llama-2-7b-chat-hf/SimNPO/lr5e-5_b16_mb8_ga2_a1.0_beta3.5_delta1_gamma0.125_e10/checkpoint-250/evals/TOFU_EVAL.json
forget10,SimNPO,lr5e-5_b16_mb8_ga2_a1.0_beta3.5_delta1_gamma0.25_e10,5e-5,16,8,2,1.0,3.5,1,0.25,10,checkpoint-25,25,2.734462451060329e-12,0.5843641520431406,0.87160395860672,0.26196406483040285,0.5872038837229734,0.5687707741529454,0.44270596733859563,0.5515952421774686,0.01758014032731367,saves/unlearn/tofu/forget10/Llama-2-7b-chat-hf/SimNPO/lr5e-5_b16_mb8_ga2_a1.0_beta3.5_delta1_gamma0.25_e10/checkpoint-25/evals/TOFU_SUMMARY.json,saves/unlearn/tofu/forget10/Llama-2-7b-chat-hf/SimNPO/lr5e-5_b16_mb8_ga2_a1.0_beta3.5_delta1_gamma0.25_e10/checkpoint-25/evals/TOFU_EVAL.json
forget10,SimNPO,lr5e-5_b16_mb8_ga2_a1.0_beta3.5_delta1_gamma0.25_e10,5e-5,16,8,2,1.0,3.5,1,0.25,10,checkpoint-50,50,6.392505006995772e-06,0.6084677591627116,0.5406915927585214,0.05289771796269017,0.6198735311627287,0.6962898107700874,0.42132148871924713,0.6254359928984544,0.3116794963071128,saves/unlearn/tofu/forget10/Llama-2-7b-chat-hf/SimNPO/lr5e-5_b16_mb8_ga2_a1.0_beta3.5_delta1_gamma0.25_e10/checkpoint-50/evals/TOFU_SUMMARY.json,saves/unlearn/tofu/forget10/Llama-2-7b-chat-hf/SimNPO/lr5e-5_b16_mb8_ga2_a1.0_beta3.5_delta1_gamma0.25_e10/checkpoint-50/evals/TOFU_EVAL.json
forget10,SimNPO,lr5e-5_b16_mb8_ga2_a1.0_beta3.5_delta1_gamma0.25_e10,5e-5,16,8,2,1.0,3.5,1,0.25,10,checkpoint-75,75,2.5720789009736948e-05,0.6231477785436146,0.5512474519945681,0.05452681333557732,0.6337658228947067,0.6900518998318035,0.4417863168150374,0.6464943884692327,0.3202863666675516,saves/unlearn/tofu/forget10/Llama-2-7b-chat-hf/SimNPO/lr5e-5_b16_mb8_ga2_a1.0_beta3.5_delta1_gamma0.25_e10/checkpoint-75/evals/TOFU_SUMMARY.json,saves/unlearn/tofu/forget10/Llama-2-7b-chat-hf/SimNPO/lr5e-5_b16_mb8_ga2_a1.0_beta3.5_delta1_gamma0.25_e10/checkpoint-75/evals/TOFU_EVAL.json
forget10,SimNPO,lr5e-5_b16_mb8_ga2_a1.0_beta3.5_delta1_gamma0.25_e10,5e-5,16,8,2,1.0,3.5,1,0.25,10,checkpoint-100,100,9.074891594369707e-08,0.6152891646742451,0.5578054337389767,0.05789034837280731,0.6355065039950251,0.6829520238982874,0.42245476052322173,0.630219884738017,0.30744136436726904,saves/unlearn/tofu/forget10/Llama-2-7b-chat-hf/SimNPO/lr5e-5_b16_mb8_ga2_a1.0_beta3.5_delta1_gamma0.25_e10/checkpoint-100/evals/TOFU_SUMMARY.json,saves/unlearn/tofu/forget10/Llama-2-7b-chat-hf/SimNPO/lr5e-5_b16_mb8_ga2_a1.0_beta3.5_delta1_gamma0.25_e10/checkpoint-100/evals/TOFU_EVAL.json
forget10,SimNPO,lr5e-5_b16_mb8_ga2_a1.0_beta3.5_delta1_gamma0.25_e10,5e-5,16,8,2,1.0,3.5,1,0.25,10,checkpoint-125,125,6.392505006995772e-06,0.6116611229203476,0.5668436571769416,0.05832171119405669,0.6395048874493696,0.6584879045976261,0.42365962434136134,0.6052432406218021,0.2990848312398554,saves/unlearn/tofu/forget10/Llama-2-7b-chat-hf/SimNPO/lr5e-5_b16_mb8_ga2_a1.0_beta3.5_delta1_gamma0.25_e10/checkpoint-125/evals/TOFU_SUMMARY.json,saves/unlearn/tofu/forget10/Llama-2-7b-chat-hf/SimNPO/lr5e-5_b16_mb8_ga2_a1.0_beta3.5_delta1_gamma0.25_e10/checkpoint-125/evals/TOFU_EVAL.json
forget10,SimNPO,lr5e-5_b16_mb8_ga2_a1.0_beta3.5_delta1_gamma0.25_e10,5e-5,16,8,2,1.0,3.5,1,0.25,10,checkpoint-150,150,6.784754222980868e-07,0.6224501639017217,0.5678114729002118,0.061297359530047585,0.6427294184863573,0.6633677362862028,0.43097086487015884,0.6148048628513012,0.3078964261620143,saves/unlearn/tofu/forget10/Llama-2-7b-chat-hf/SimNPO/lr5e-5_b16_mb8_ga2_a1.0_beta3.5_delta1_gamma0.25_e10/checkpoint-150/evals/TOFU_SUMMARY.json,saves/unlearn/tofu/forget10/Llama-2-7b-chat-hf/SimNPO/lr5e-5_b16_mb8_ga2_a1.0_beta3.5_delta1_gamma0.25_e10/checkpoint-150/evals/TOFU_EVAL.json
forget10,SimNPO,lr5e-5_b16_mb8_ga2_a1.0_beta3.5_delta1_gamma0.25_e10,5e-5,16,8,2,1.0,3.5,1,0.25,10,checkpoint-175,175,2.5720789009736948e-05,0.6285504181310294,0.5712392476666719,0.059937309937988834,0.6426757601530012,0.6602952963236226,0.4374486586973307,0.6062470693113831,0.3129878601177088,saves/unlearn/tofu/forget10/Llama-2-7b-chat-hf/SimNPO/lr5e-5_b16_mb8_ga2_a1.0_beta3.5_delta1_gamma0.25_e10/checkpoint-175/evals/TOFU_SUMMARY.json,saves/unlearn/tofu/forget10/Llama-2-7b-chat-hf/SimNPO/lr5e-5_b16_mb8_ga2_a1.0_beta3.5_delta1_gamma0.25_e10/checkpoint-175/evals/TOFU_EVAL.json
forget10,SimNPO,lr5e-5_b16_mb8_ga2_a1.0_beta3.5_delta1_gamma0.25_e10,5e-5,16,8,2,1.0,3.5,1,0.25,10,checkpoint-200,200,9.12384805543942e-06,0.6309975319167537,0.5698826232273132,0.05972971679570287,0.636385134102926,0.6616123393308443,0.4403794809002086,0.6018810416965082,0.31620048575330106,saves/unlearn/tofu/forget10/Llama-2-7b-chat-hf/SimNPO/lr5e-5_b16_mb8_ga2_a1.0_beta3.5_delta1_gamma0.25_e10/checkpoint-200/evals/TOFU_SUMMARY.json,saves/unlearn/tofu/forget10/Llama-2-7b-chat-hf/SimNPO/lr5e-5_b16_mb8_ga2_a1.0_beta3.5_delta1_gamma0.25_e10/checkpoint-200/evals/TOFU_EVAL.json
forget10,SimNPO,lr5e-5_b16_mb8_ga2_a1.0_beta3.5_delta1_gamma0.25_e10,5e-5,16,8,2,1.0,3.5,1,0.25,10,checkpoint-225,225,4.455792684961036e-06,0.6326847970884695,0.5656752093043178,0.05767595389640378,0.6335972306556831,0.6599151478905162,0.4458387767649169,0.5983262506004506,0.3210136712807936,saves/unlearn/tofu/forget10/Llama-2-7b-chat-hf/SimNPO/lr5e-5_b16_mb8_ga2_a1.0_beta3.5_delta1_gamma0.25_e10/checkpoint-225/evals/TOFU_SUMMARY.json,saves/unlearn/tofu/forget10/Llama-2-7b-chat-hf/SimNPO/lr5e-5_b16_mb8_ga2_a1.0_beta3.5_delta1_gamma0.25_e10/checkpoint-225/evals/TOFU_EVAL.json
forget10,SimNPO,lr5e-5_b16_mb8_ga2_a1.0_beta3.5_delta1_gamma0.25_e10,5e-5,16,8,2,1.0,3.5,1,0.25,10,checkpoint-250,250,6.392505006995772e-06,0.6334458637526572,0.5641287026274949,0.05688706761820828,0.6343347038547189,0.6611876632058593,0.4466968555901758,0.5981449268074582,0.3229443711348126,saves/unlearn/tofu/forget10/Llama-2-7b-chat-hf/SimNPO/lr5e-5_b16_mb8_ga2_a1.0_beta3.5_delta1_gamma0.25_e10/checkpoint-250/evals/TOFU_SUMMARY.json,saves/unlearn/tofu/forget10/Llama-2-7b-chat-hf/SimNPO/lr5e-5_b16_mb8_ga2_a1.0_beta3.5_delta1_gamma0.25_e10/checkpoint-250/evals/TOFU_EVAL.json
forget10,SimNPO,lr5e-5_b16_mb8_ga2_a1.0_beta4.5_delta0_gamma0.125_e10,5e-5,16,8,2,1.0,4.5,0,0.125,10,checkpoint-25,25,6.916893189690245e-21,0.5905733634018737,0.952527416497469,0.5601568595164107,0.5482594144707487,0.556376526138848,0.4357263816526677,0.5517464168750209,-0.16576877460506612,saves/unlearn/tofu/forget10/Llama-2-7b-chat-hf/SimNPO/lr5e-5_b16_mb8_ga2_a1.0_beta4.5_delta0_gamma0.125_e10/checkpoint-25/evals/TOFU_SUMMARY.json,saves/unlearn/tofu/forget10/Llama-2-7b-chat-hf/SimNPO/lr5e-5_b16_mb8_ga2_a1.0_beta4.5_delta0_gamma0.125_e10/checkpoint-25/evals/TOFU_EVAL.json
forget10,SimNPO,lr5e-5_b16_mb8_ga2_a1.0_beta4.5_delta0_gamma0.125_e10,5e-5,16,8,2,1.0,4.5,0,0.125,10,checkpoint-50,50,5.7046977773929285e-15,0.5893760291753449,0.8777073732018471,0.23535898652337955,0.5950723890112144,0.6517491715044713,0.4071818627728688,0.5896550379688661,0.03284284931273726,saves/unlearn/tofu/forget10/Llama-2-7b-chat-hf/SimNPO/lr5e-5_b16_mb8_ga2_a1.0_beta4.5_delta0_gamma0.125_e10/checkpoint-50/evals/TOFU_SUMMARY.json,saves/unlearn/tofu/forget10/Llama-2-7b-chat-hf/SimNPO/lr5e-5_b16_mb8_ga2_a1.0_beta4.5_delta0_gamma0.125_e10/checkpoint-50/evals/TOFU_EVAL.json
forget10,SimNPO,lr5e-5_b16_mb8_ga2_a1.0_beta4.5_delta0_gamma0.125_e10,5e-5,16,8,2,1.0,4.5,0,0.125,10,checkpoint-75,75,5.7046977773929285e-15,0.5779684222921492,0.8460404177010059,0.1790406058821976,0.588648804543595,0.617147113960856,0.4298918445801972,0.557746868295546,0.06542791050055308,saves/unlearn/tofu/forget10/Llama-2-7b-chat-hf/SimNPO/lr5e-5_b16_mb8_ga2_a1.0_beta4.5_delta0_gamma0.125_e10/checkpoint-75/evals/TOFU_SUMMARY.json,saves/unlearn/tofu/forget10/Llama-2-7b-chat-hf/SimNPO/lr5e-5_b16_mb8_ga2_a1.0_beta4.5_delta0_gamma0.125_e10/checkpoint-75/evals/TOFU_EVAL.json
forget10,SimNPO,lr5e-5_b16_mb8_ga2_a1.0_beta4.5_delta0_gamma0.125_e10,5e-5,16,8,2,1.0,4.5,0,0.125,10,checkpoint-100,100,2.734462451060329e-12,0.600499077411477,0.8387898881733418,0.1595574259694491,0.6080659611206368,0.6535415826041094,0.41240610492921775,0.5991432268087002,0.10132542034281605,saves/unlearn/tofu/forget10/Llama-2-7b-chat-hf/SimNPO/lr5e-5_b16_mb8_ga2_a1.0_beta4.5_delta0_gamma0.125_e10/checkpoint-100/evals/TOFU_SUMMARY.json,saves/unlearn/tofu/forget10/Llama-2-7b-chat-hf/SimNPO/lr5e-5_b16_mb8_ga2_a1.0_beta4.5_delta0_gamma0.125_e10/checkpoint-100/evals/TOFU_EVAL.json
forget10,SimNPO,lr5e-5_b16_mb8_ga2_a1.0_beta4.5_delta0_gamma0.125_e10,5e-5,16,8,2,1.0,4.5,0,0.125,10,checkpoint-125,125,4.640299916950861e-12,0.5990300850450019,0.8379338826239109,0.14948929694415333,0.6018485955808659,0.6302879970154526,0.419545330803806,0.5859444977414731,0.10531849526561006,saves/unlearn/tofu/forget10/Llama-2-7b-chat-hf/SimNPO/lr5e-5_b16_mb8_ga2_a1.0_beta4.5_delta0_gamma0.125_e10/checkpoint-125/evals/TOFU_SUMMARY.json,saves/unlearn/tofu/forget10/Llama-2-7b-chat-hf/SimNPO/lr5e-5_b16_mb8_ga2_a1.0_beta4.5_delta0_gamma0.125_e10/checkpoint-125/evals/TOFU_EVAL.json
forget10,SimNPO,lr5e-5_b16_mb8_ga2_a1.0_beta4.5_delta0_gamma0.125_e10,5e-5,16,8,2,1.0,4.5,0,0.125,10,checkpoint-150,150,1.6027740307205098e-12,0.6139758956285737,0.8376776850223542,0.14894782041878898,0.6047457967538645,0.6539910918846715,0.4274009957465873,0.590878768198996,0.12066314290960493,saves/unlearn/tofu/forget10/Llama-2-7b-chat-hf/SimNPO/lr5e-5_b16_mb8_ga2_a1.0_beta4.5_delta0_gamma0.125_e10/checkpoint-150/evals/TOFU_SUMMARY.json,saves/unlearn/tofu/forget10/Llama-2-7b-chat-hf/SimNPO/lr5e-5_b16_mb8_ga2_a1.0_beta4.5_delta0_gamma0.125_e10/checkpoint-150/evals/TOFU_EVAL.json
forget10,SimNPO,lr5e-5_b16_mb8_ga2_a1.0_beta4.5_delta0_gamma0.125_e10,5e-5,16,8,2,1.0,4.5,0,0.125,10,checkpoint-175,175,2.734462451060329e-12,0.615969165183162,0.8356752814352513,0.14356192337473714,0.6002541157938467,0.6466158980256154,0.4285276567036859,0.5804566526721848,0.1263505627809023,saves/unlearn/tofu/forget10/Llama-2-7b-chat-hf/SimNPO/lr5e-5_b16_mb8_ga2_a1.0_beta4.5_delta0_gamma0.125_e10/checkpoint-175/evals/TOFU_SUMMARY.json,saves/unlearn/tofu/forget10/Llama-2-7b-chat-hf/SimNPO/lr5e-5_b16_mb8_ga2_a1.0_beta4.5_delta0_gamma0.125_e10/checkpoint-175/evals/TOFU_EVAL.json
forget10,SimNPO,lr5e-5_b16_mb8_ga2_a1.0_beta4.5_delta0_gamma0.125_e10,5e-5,16,8,2,1.0,4.5,0,0.125,10,checkpoint-200,200,1.3150137716657251e-11,0.617100349659874,0.8342181396484375,0.14209889752396254,0.5973214808531067,0.6409710212047919,0.43259422482051507,0.5738343819437282,0.12894183108682417,saves/unlearn/tofu/forget10/Llama-2-7b-chat-hf/SimNPO/lr5e-5_b16_mb8_ga2_a1.0_beta4.5_delta0_gamma0.125_e10/checkpoint-200/evals/TOFU_SUMMARY.json,saves/unlearn/tofu/forget10/Llama-2-7b-chat-hf/SimNPO/lr5e-5_b16_mb8_ga2_a1.0_beta4.5_delta0_gamma0.125_e10/checkpoint-200/evals/TOFU_EVAL.json
forget10,SimNPO,lr5e-5_b16_mb8_ga2_a1.0_beta4.5_delta0_gamma0.125_e10,5e-5,16,8,2,1.0,4.5,0,0.125,10,checkpoint-225,225,1.3150137716657251e-11,0.6183631778365154,0.8353886656463146,0.14063503788013595,0.5970842175009049,0.6418895886813063,0.4348410866668094,0.5709413456195153,0.13035132608644023,saves/unlearn/tofu/forget10/Llama-2-7b-chat-hf/SimNPO/lr5e-5_b16_mb8_ga2_a1.0_beta4.5_delta0_gamma0.125_e10/checkpoint-225/evals/TOFU_SUMMARY.json,saves/unlearn/tofu/forget10/Llama-2-7b-chat-hf/SimNPO/lr5e-5_b16_mb8_ga2_a1.0_beta4.5_delta0_gamma0.125_e10/checkpoint-225/evals/TOFU_EVAL.json
forget10,SimNPO,lr5e-5_b16_mb8_ga2_a1.0_beta4.5_delta0_gamma0.125_e10,5e-5,16,8,2,1.0,4.5,0,0.125,10,checkpoint-250,250,7.832452544383501e-12,0.6190634497545084,0.8353056386113167,0.13992016701043297,0.5962335564508613,0.6423315583011793,0.43494644700378177,0.571464188458747,0.13145054695146602,saves/unlearn/tofu/forget10/Llama-2-7b-chat-hf/SimNPO/lr5e-5_b16_mb8_ga2_a1.0_beta4.5_delta0_gamma0.125_e10/checkpoint-250/evals/TOFU_SUMMARY.json,saves/unlearn/tofu/forget10/Llama-2-7b-chat-hf/SimNPO/lr5e-5_b16_mb8_ga2_a1.0_beta4.5_delta0_gamma0.125_e10/checkpoint-250/evals/TOFU_EVAL.json
forget10,SimNPO,lr5e-5_b16_mb8_ga2_a1.0_beta4.5_delta0_gamma0.25_e10,5e-5,16,8,2,1.0,4.5,0,0.25,10,checkpoint-25,25,1.11924339764853e-19,0.5866906083487887,0.9296315014362335,0.4513626567498508,0.5675334016825087,0.5535737704068527,0.43296789129026036,0.5553777185521698,-0.10380647074425345,saves/unlearn/tofu/forget10/Llama-2-7b-chat-hf/SimNPO/lr5e-5_b16_mb8_ga2_a1.0_beta4.5_delta0_gamma0.25_e10/checkpoint-25/evals/TOFU_SUMMARY.json,saves/unlearn/tofu/forget10/Llama-2-7b-chat-hf/SimNPO/lr5e-5_b16_mb8_ga2_a1.0_beta4.5_delta0_gamma0.25_e10/checkpoint-25/evals/TOFU_EVAL.json
forget10,SimNPO,lr5e-5_b16_mb8_ga2_a1.0_beta4.5_delta0_gamma0.25_e10,5e-5,16,8,2,1.0,4.5,0,0.25,10,checkpoint-50,50,6.834081702543897e-09,0.5912254400500533,0.8268319916725159,0.16850202458945637,0.6212668719321036,0.6492226301127983,0.4101418044803782,0.5839775800680416,0.09355843875314891,saves/unlearn/tofu/forget10/Llama-2-7b-chat-hf/SimNPO/lr5e-5_b16_mb8_ga2_a1.0_beta4.5_delta0_gamma0.25_e10/checkpoint-50/evals/TOFU_SUMMARY.json,saves/unlearn/tofu/forget10/Llama-2-7b-chat-hf/SimNPO/lr5e-5_b16_mb8_ga2_a1.0_beta4.5_delta0_gamma0.25_e10/checkpoint-50/evals/TOFU_EVAL.json
forget10,SimNPO,lr5e-5_b16_mb8_ga2_a1.0_beta4.5_delta0_gamma0.25_e10,5e-5,16,8,2,1.0,4.5,0,0.25,10,checkpoint-75,75,4.360395687512671e-09,0.5868883726138633,0.7948853486031294,0.1281261806925322,0.6221261366487263,0.6344421372006279,0.42886901181923576,0.5715747503201529,0.12538261232642817,saves/unlearn/tofu/forget10/Llama-2-7b-chat-hf/SimNPO/lr5e-5_b16_mb8_ga2_a1.0_beta4.5_delta0_gamma0.25_e10/checkpoint-75/evals/TOFU_SUMMARY.json,saves/unlearn/tofu/forget10/Llama-2-7b-chat-hf/SimNPO/lr5e-5_b16_mb8_ga2_a1.0_beta4.5_delta0_gamma0.25_e10/checkpoint-75/evals/TOFU_EVAL.json
forget10,SimNPO,lr5e-5_b16_mb8_ga2_a1.0_beta4.5_delta0_gamma0.25_e10,5e-5,16,8,2,1.0,4.5,0,0.25,10,checkpoint-100,100,1.2955312948811258e-05,0.5994242354537437,0.7938231912255287,0.1184290116687066,0.6344291898475889,0.6481004183287032,0.4185120899546712,0.5879249797610947,0.14331108931957479,saves/unlearn/tofu/forget10/Llama-2-7b-chat-hf/SimNPO/lr5e-5_b16_mb8_ga2_a1.0_beta4.5_delta0_gamma0.25_e10/checkpoint-100/evals/TOFU_SUMMARY.json,saves/unlearn/tofu/forget10/Llama-2-7b-chat-hf/SimNPO/lr5e-5_b16_mb8_ga2_a1.0_beta4.5_delta0_gamma0.25_e10/checkpoint-100/evals/TOFU_EVAL.json
forget10,SimNPO,lr5e-5_b16_mb8_ga2_a1.0_beta4.5_delta0_gamma0.25_e10,5e-5,16,8,2,1.0,4.5,0,0.25,10,checkpoint-125,125,1.4629553806612078e-06,0.6011158025946084,0.7925746838748455,0.11871657239863959,0.6362495359438666,0.6437248714385774,0.4194021170184087,0.5869225590694714,0.14547163741324645,saves/unlearn/tofu/forget10/Llama-2-7b-chat-hf/SimNPO/lr5e-5_b16_mb8_ga2_a1.0_beta4.5_delta0_gamma0.25_e10/checkpoint-125/evals/TOFU_SUMMARY.json,saves/unlearn/tofu/forget10/Llama-2-7b-chat-hf/SimNPO/lr5e-5_b16_mb8_ga2_a1.0_beta4.5_delta0_gamma0.25_e10/checkpoint-125/evals/TOFU_EVAL.json
forget10,SimNPO,lr5e-5_b16_mb8_ga2_a1.0_beta4.5_delta0_gamma0.25_e10,5e-5,16,8,2,1.0,4.5,0,0.25,10,checkpoint-150,150,3.081974946564706e-07,0.6084629772629239,0.7953533045947552,0.11715357078961947,0.6332637896336657,0.6485426586048544,0.43076282235434504,0.5768806222069512,0.15220984776823118,saves/unlearn/tofu/forget10/Llama-2-7b-chat-hf/SimNPO/lr5e-5_b16_mb8_ga2_a1.0_beta4.5_delta0_gamma0.25_e10/checkpoint-150/evals/TOFU_SUMMARY.json,saves/unlearn/tofu/forget10/Llama-2-7b-chat-hf/SimNPO/lr5e-5_b16_mb8_ga2_a1.0_beta4.5_delta0_gamma0.25_e10/checkpoint-150/evals/TOFU_EVAL.json
forget10,SimNPO,lr5e-5_b16_mb8_ga2_a1.0_beta4.5_delta0_gamma0.25_e10,5e-5,16,8,2,1.0,4.5,0,0.25,10,checkpoint-175,175,2.1316067663008397e-06,0.6103523333458892,0.7937290684133768,0.1131753129206783,0.6298518521431731,0.6447037052071077,0.4260558544290252,0.565194594532653,0.15690227428562803,saves/unlearn/tofu/forget10/Llama-2-7b-chat-hf/SimNPO/lr5e-5_b16_mb8_ga2_a1.0_beta4.5_delta0_gamma0.25_e10/checkpoint-175/evals/TOFU_SUMMARY.json,saves/unlearn/tofu/forget10/Llama-2-7b-chat-hf/SimNPO/lr5e-5_b16_mb8_ga2_a1.0_beta4.5_delta0_gamma0.25_e10/checkpoint-175/evals/TOFU_EVAL.json
forget10,SimNPO,lr5e-5_b16_mb8_ga2_a1.0_beta4.5_delta0_gamma0.25_e10,5e-5,16,8,2,1.0,4.5,0,0.25,10,checkpoint-200,200,9.9886659393885e-07,0.6107093093977347,0.7926572117954492,0.11512565629372068,0.6251530699740804,0.6409103550795937,0.4303122093506305,0.5550325778157771,0.15681887421974375,saves/unlearn/tofu/forget10/Llama-2-7b-chat-hf/SimNPO/lr5e-5_b16_mb8_ga2_a1.0_beta4.5_delta0_gamma0.25_e10/checkpoint-200/evals/TOFU_SUMMARY.json,saves/unlearn/tofu/forget10/Llama-2-7b-chat-hf/SimNPO/lr5e-5_b16_mb8_ga2_a1.0_beta4.5_delta0_gamma0.25_e10/checkpoint-200/evals/TOFU_EVAL.json
forget10,SimNPO,lr5e-5_b16_mb8_ga2_a1.0_beta4.5_delta0_gamma0.25_e10,5e-5,16,8,2,1.0,4.5,0,0.25,10,checkpoint-225,225,4.5846770167841434e-07,0.6139857326790652,0.7930012126266957,0.1146784623160389,0.6257473515510222,0.6443469290735439,0.43266896769446456,0.5614539214350084,0.16014635367539962,saves/unlearn/tofu/forget10/Llama-2-7b-chat-hf/SimNPO/lr5e-5_b16_mb8_ga2_a1.0_beta4.5_delta0_gamma0.25_e10/checkpoint-225/evals/TOFU_SUMMARY.json,saves/unlearn/tofu/forget10/Llama-2-7b-chat-hf/SimNPO/lr5e-5_b16_mb8_ga2_a1.0_beta4.5_delta0_gamma0.25_e10/checkpoint-225/evals/TOFU_EVAL.json
forget10,SimNPO,lr5e-5_b16_mb8_ga2_a1.0_beta4.5_delta0_gamma0.25_e10,5e-5,16,8,2,1.0,4.5,0,0.25,10,checkpoint-250,250,3.081974946564706e-07,0.6138650449482085,0.7924106220901013,0.11350897131057135,0.6253546429839867,0.6449236553715199,0.4335347914351455,0.5586190082650563,0.1609055564453668,saves/unlearn/tofu/forget10/Llama-2-7b-chat-hf/SimNPO/lr5e-5_b16_mb8_ga2_a1.0_beta4.5_delta0_gamma0.25_e10/checkpoint-250/evals/TOFU_SUMMARY.json,saves/unlearn/tofu/forget10/Llama-2-7b-chat-hf/SimNPO/lr5e-5_b16_mb8_ga2_a1.0_beta4.5_delta0_gamma0.25_e10/checkpoint-250/evals/TOFU_EVAL.json
forget10,SimNPO,lr5e-5_b16_mb8_ga2_a1.0_beta4.5_delta1_gamma0.125_e10,5e-5,16,8,2,1.0,4.5,1,0.125,10,checkpoint-25,25,2.776495661774257e-16,0.6008503669286539,0.9230320815742016,0.44286718062286623,0.5756694500984083,0.587991791361167,0.43378230205336804,0.5691842410118256,-0.08209926416987967,saves/unlearn/tofu/forget10/Llama-2-7b-chat-hf/SimNPO/lr5e-5_b16_mb8_ga2_a1.0_beta4.5_delta1_gamma0.125_e10/checkpoint-25/evals/TOFU_SUMMARY.json,saves/unlearn/tofu/forget10/Llama-2-7b-chat-hf/SimNPO/lr5e-5_b16_mb8_ga2_a1.0_beta4.5_delta1_gamma0.125_e10/checkpoint-25/evals/TOFU_EVAL.json
forget10,SimNPO,lr5e-5_b16_mb8_ga2_a1.0_beta4.5_delta1_gamma0.125_e10,5e-5,16,8,2,1.0,4.5,1,0.125,10,checkpoint-50,50,0.11114884622967085,0.6039391115672131,0.6521459412295372,0.07500282820144812,0.6244511571573561,0.6737119125555903,0.4155189921753257,0.6173638745178799,0.3515135730813913,saves/unlearn/tofu/forget10/Llama-2-7b-chat-hf/SimNPO/lr5e-5_b16_mb8_ga2_a1.0_beta4.5_delta1_gamma0.125_e10/checkpoint-50/evals/TOFU_SUMMARY.json,saves/unlearn/tofu/forget10/Llama-2-7b-chat-hf/SimNPO/lr5e-5_b16_mb8_ga2_a1.0_beta4.5_delta1_gamma0.125_e10/checkpoint-50/evals/TOFU_EVAL.json
forget10,SimNPO,lr5e-5_b16_mb8_ga2_a1.0_beta4.5_delta1_gamma0.125_e10,5e-5,16,8,2,1.0,4.5,1,0.125,10,checkpoint-75,75,0.054052912731737235,0.5914760598367275,0.6021062219887972,0.06543972176462214,0.6326424241426248,0.6294574323949039,0.4274591623957753,0.5867952925575244,0.31175600069175513,saves/unlearn/tofu/forget10/Llama-2-7b-chat-hf/SimNPO/lr5e-5_b16_mb8_ga2_a1.0_beta4.5_delta1_gamma0.125_e10/checkpoint-75/evals/TOFU_SUMMARY.json,saves/unlearn/tofu/forget10/Llama-2-7b-chat-hf/SimNPO/lr5e-5_b16_mb8_ga2_a1.0_beta4.5_delta1_gamma0.125_e10/checkpoint-75/evals/TOFU_EVAL.json
forget10,SimNPO,lr5e-5_b16_mb8_ga2_a1.0_beta4.5_delta1_gamma0.125_e10,5e-5,16,8,2,1.0,4.5,1,0.125,10,checkpoint-100,100,0.02424717195471133,0.5972233006586531,0.6048436125181615,0.06371363955300692,0.6292136910728309,0.6369439349285875,0.4255235904570604,0.588692949976067,0.2871918465777803,saves/unlearn/tofu/forget10/Llama-2-7b-chat-hf/SimNPO/lr5e-5_b16_mb8_ga2_a1.0_beta4.5_delta1_gamma0.125_e10/checkpoint-100/evals/TOFU_SUMMARY.json,saves/unlearn/tofu/forget10/Llama-2-7b-chat-hf/SimNPO/lr5e-5_b16_mb8_ga2_a1.0_beta4.5_delta1_gamma0.125_e10/checkpoint-100/evals/TOFU_EVAL.json
forget10,SimNPO,lr5e-5_b16_mb8_ga2_a1.0_beta4.5_delta1_gamma0.125_e10,5e-5,16,8,2,1.0,4.5,1,0.125,10,checkpoint-125,125,0.019594795142993927,0.597282712930636,0.6157474129740149,0.06700760399117589,0.6203685953260231,0.6304299767202264,0.4260945213162816,0.5784280205843761,0.27549999959103444,saves/unlearn/tofu/forget10/Llama-2-7b-chat-hf/SimNPO/lr5e-5_b16_mb8_ga2_a1.0_beta4.5_delta1_gamma0.125_e10/checkpoint-125/evals/TOFU_SUMMARY.json,saves/unlearn/tofu/forget10/Llama-2-7b-chat-hf/SimNPO/lr5e-5_b16_mb8_ga2_a1.0_beta4.5_delta1_gamma0.125_e10/checkpoint-125/evals/TOFU_EVAL.json
forget10,SimNPO,lr5e-5_b16_mb8_ga2_a1.0_beta4.5_delta1_gamma0.125_e10,5e-5,16,8,2,1.0,4.5,1,0.125,10,checkpoint-150,150,0.054052912731737235,0.6157566401581395,0.6150449290219694,0.06329599360692995,0.6204029382594736,0.6507696163351109,0.44118213310314447,0.5900833852176219,0.330639091575427,saves/unlearn/tofu/forget10/Llama-2-7b-chat-hf/SimNPO/lr5e-5_b16_mb8_ga2_a1.0_beta4.5_delta1_gamma0.125_e10/checkpoint-150/evals/TOFU_SUMMARY.json,saves/unlearn/tofu/forget10/Llama-2-7b-chat-hf/SimNPO/lr5e-5_b16_mb8_ga2_a1.0_beta4.5_delta1_gamma0.125_e10/checkpoint-150/evals/TOFU_EVAL.json
forget10,SimNPO,lr5e-5_b16_mb8_ga2_a1.0_beta4.5_delta1_gamma0.125_e10,5e-5,16,8,2,1.0,4.5,1,0.125,10,checkpoint-175,175,0.02985302150862578,0.6159701010525168,0.6155137795303017,0.06203639242359243,0.6168607053581884,0.6342120552966409,0.4425009893509086,0.5793477065461091,0.30704803658419555,saves/unlearn/tofu/forget10/Llama-2-7b-chat-hf/SimNPO/lr5e-5_b16_mb8_ga2_a1.0_beta4.5_delta1_gamma0.125_e10/checkpoint-175/evals/TOFU_SUMMARY.json,saves/unlearn/tofu/forget10/Llama-2-7b-chat-hf/SimNPO/lr5e-5_b16_mb8_ga2_a1.0_beta4.5_delta1_gamma0.125_e10/checkpoint-175/evals/TOFU_EVAL.json
forget10,SimNPO,lr5e-5_b16_mb8_ga2_a1.0_beta4.5_delta1_gamma0.125_e10,5e-5,16,8,2,1.0,4.5,1,0.125,10,checkpoint-200,200,0.02985302150862578,0.6171492634867731,0.6117229695245624,0.061776938149770456,0.6127315827902652,0.6326608564272322,0.44263855933346336,0.5749396322256408,0.3102523311582325,saves/unlearn/tofu/forget10/Llama-2-7b-chat-hf/SimNPO/lr5e-5_b16_mb8_ga2_a1.0_beta4.5_delta1_gamma0.125_e10/checkpoint-200/evals/TOFU_SUMMARY.json,saves/unlearn/tofu/forget10/Llama-2-7b-chat-hf/SimNPO/lr5e-5_b16_mb8_ga2_a1.0_beta4.5_delta1_gamma0.125_e10/checkpoint-200/evals/TOFU_EVAL.json
forget10,SimNPO,lr5e-5_b16_mb8_ga2_a1.0_beta4.5_delta1_gamma0.125_e10,5e-5,16,8,2,1.0,4.5,1,0.125,10,checkpoint-225,225,0.02985302150862578,0.6195993396893938,0.6125767160765827,0.06170799386820265,0.6152215604608968,0.6332665527496709,0.4453121973220984,0.5747557949776076,0.31231000622562693,saves/unlearn/tofu/forget10/Llama-2-7b-chat-hf/SimNPO/lr5e-5_b16_mb8_ga2_a1.0_beta4.5_delta1_gamma0.125_e10/checkpoint-225/evals/TOFU_SUMMARY.json,saves/unlearn/tofu/forget10/Llama-2-7b-chat-hf/SimNPO/lr5e-5_b16_mb8_ga2_a1.0_beta4.5_delta1_gamma0.125_e10/checkpoint-225/evals/TOFU_EVAL.json
forget10,SimNPO,lr5e-5_b16_mb8_ga2_a1.0_beta4.5_delta1_gamma0.125_e10,5e-5,16,8,2,1.0,4.5,1,0.125,10,checkpoint-250,250,0.036569856408414286,0.6191906112633389,0.6124197399057448,0.06200830689991012,0.6153387520960305,0.632550215998518,0.44599300425663146,0.5728017387206049,0.31854644426892564,saves/unlearn/tofu/forget10/Llama-2-7b-chat-hf/SimNPO/lr5e-5_b16_mb8_ga2_a1.0_beta4.5_delta1_gamma0.125_e10/checkpoint-250/evals/TOFU_SUMMARY.json,saves/unlearn/tofu/forget10/Llama-2-7b-chat-hf/SimNPO/lr5e-5_b16_mb8_ga2_a1.0_beta4.5_delta1_gamma0.125_e10/checkpoint-250/evals/TOFU_EVAL.json
forget10,SimNPO,lr5e-5_b16_mb8_ga2_a1.0_beta4.5_delta1_gamma0.25_e10,5e-5,16,8,2,1.0,4.5,1,0.25,10,checkpoint-25,25,5.418551024174982e-13,0.5708342068946893,0.8694794929027557,0.2549915478352816,0.5819427970017119,0.5400802328877563,0.4457957196764696,0.5396999629950304,0.008598686526212568,saves/unlearn/tofu/forget10/Llama-2-7b-chat-hf/SimNPO/lr5e-5_b16_mb8_ga2_a1.0_beta4.5_delta1_gamma0.25_e10/checkpoint-25/evals/TOFU_SUMMARY.json,saves/unlearn/tofu/forget10/Llama-2-7b-chat-hf/SimNPO/lr5e-5_b16_mb8_ga2_a1.0_beta4.5_delta1_gamma0.25_e10/checkpoint-25/evals/TOFU_EVAL.json
forget10,SimNPO,lr5e-5_b16_mb8_ga2_a1.0_beta4.5_delta1_gamma0.25_e10,5e-5,16,8,2,1.0,4.5,1,0.25,10,checkpoint-50,50,0.001024214776236788,0.6040445891749433,0.5933092284761369,0.05478523885136046,0.6416143381917734,0.67881986147651,0.4200643408772492,0.6103511632484256,0.28102157028743147,saves/unlearn/tofu/forget10/Llama-2-7b-chat-hf/SimNPO/lr5e-5_b16_mb8_ga2_a1.0_beta4.5_delta1_gamma0.25_e10/checkpoint-50/evals/TOFU_SUMMARY.json,saves/unlearn/tofu/forget10/Llama-2-7b-chat-hf/SimNPO/lr5e-5_b16_mb8_ga2_a1.0_beta4.5_delta1_gamma0.25_e10/checkpoint-50/evals/TOFU_EVAL.json
forget10,SimNPO,lr5e-5_b16_mb8_ga2_a1.0_beta4.5_delta1_gamma0.25_e10,5e-5,16,8,2,1.0,4.5,1,0.25,10,checkpoint-75,75,0.015755280926407406,0.6084387526999617,0.6029035623371601,0.06170630211950757,0.6398830882210224,0.6554405651064491,0.44026016010947994,0.6105611727751872,0.2918891013980353,saves/unlearn/tofu/forget10/Llama-2-7b-chat-hf/SimNPO/lr5e-5_b16_mb8_ga2_a1.0_beta4.5_delta1_gamma0.25_e10/checkpoint-75/evals/TOFU_SUMMARY.json,saves/unlearn/tofu/forget10/Llama-2-7b-chat-hf/SimNPO/lr5e-5_b16_mb8_ga2_a1.0_beta4.5_delta1_gamma0.25_e10/checkpoint-75/evals/TOFU_EVAL.json
forget10,SimNPO,lr5e-5_b16_mb8_ga2_a1.0_beta4.5_delta1_gamma0.25_e10,5e-5,16,8,2,1.0,4.5,1,0.25,10,checkpoint-100,100,0.0007748993373290397,0.5965080151355175,0.5958284875191748,0.06343585576747701,0.6324119766533488,0.6359634034269722,0.42924300773127555,0.5830827549408373,0.2676507428295206,saves/unlearn/tofu/forget10/Llama-2-7b-chat-hf/SimNPO/lr5e-5_b16_mb8_ga2_a1.0_beta4.5_delta1_gamma0.25_e10/checkpoint-100/evals/TOFU_SUMMARY.json,saves/unlearn/tofu/forget10/Llama-2-7b-chat-hf/SimNPO/lr5e-5_b16_mb8_ga2_a1.0_beta4.5_delta1_gamma0.25_e10/checkpoint-100/evals/TOFU_EVAL.json
forget10,SimNPO,lr5e-5_b16_mb8_ga2_a1.0_beta4.5_delta1_gamma0.25_e10,5e-5,16,8,2,1.0,4.5,1,0.25,10,checkpoint-125,125,0.001024214776236788,0.59950595956183,0.5925058074947447,0.0649104850491947,0.6389517617464865,0.6310001337230993,0.42245325641246884,0.5891105974419597,0.27182202806609707,saves/unlearn/tofu/forget10/Llama-2-7b-chat-hf/SimNPO/lr5e-5_b16_mb8_ga2_a1.0_beta4.5_delta1_gamma0.25_e10/checkpoint-125/evals/TOFU_SUMMARY.json,saves/unlearn/tofu/forget10/Llama-2-7b-chat-hf/SimNPO/lr5e-5_b16_mb8_ga2_a1.0_beta4.5_delta1_gamma0.25_e10/checkpoint-125/evals/TOFU_EVAL.json
forget10,SimNPO,lr5e-5_b16_mb8_ga2_a1.0_beta4.5_delta1_gamma0.25_e10,5e-5,16,8,2,1.0,4.5,1,0.25,10,checkpoint-150,150,0.00017795251634334,0.6140367388109577,0.594748046612367,0.06468764068381133,0.6404650458046999,0.6431258783629122,0.43367932292181705,0.5948936330645447,0.2844968476792118,saves/unlearn/tofu/forget10/Llama-2-7b-chat-hf/SimNPO/lr5e-5_b16_mb8_ga2_a1.0_beta4.5_delta1_gamma0.25_e10/checkpoint-150/evals/TOFU_SUMMARY.json,saves/unlearn/tofu/forget10/Llama-2-7b-chat-hf/SimNPO/lr5e-5_b16_mb8_ga2_a1.0_beta4.5_delta1_gamma0.25_e10/checkpoint-150/evals/TOFU_EVAL.json
forget10,SimNPO,lr5e-5_b16_mb8_ga2_a1.0_beta4.5_delta1_gamma0.25_e10,5e-5,16,8,2,1.0,4.5,1,0.25,10,checkpoint-175,175,6.923241573443553e-05,0.6175084284577228,0.5999285534024239,0.06612401581942434,0.6392331333208309,0.6396370246844644,0.4410421892373981,0.5770885872555593,0.28455137626253313,saves/unlearn/tofu/forget10/Llama-2-7b-chat-hf/SimNPO/lr5e-5_b16_mb8_ga2_a1.0_beta4.5_delta1_gamma0.25_e10/checkpoint-175/evals/TOFU_SUMMARY.json,saves/unlearn/tofu/forget10/Llama-2-7b-chat-hf/SimNPO/lr5e-5_b16_mb8_ga2_a1.0_beta4.5_delta1_gamma0.25_e10/checkpoint-175/evals/TOFU_EVAL.json
forget10,SimNPO,lr5e-5_b16_mb8_ga2_a1.0_beta4.5_delta1_gamma0.25_e10,5e-5,16,8,2,1.0,4.5,1,0.25,10,checkpoint-200,200,0.001024214776236788,0.6190941689487537,0.6024644952639937,0.0665648567321439,0.6336911634650256,0.6318624709386832,0.4472073934355461,0.572090844592339,0.2856037077269217,saves/unlearn/tofu/forget10/Llama-2-7b-chat-hf/SimNPO/lr5e-5_b16_mb8_ga2_a1.0_beta4.5_delta1_gamma0.25_e10/checkpoint-200/evals/TOFU_SUMMARY.json,saves/unlearn/tofu/forget10/Llama-2-7b-chat-hf/SimNPO/lr5e-5_b16_mb8_ga2_a1.0_beta4.5_delta1_gamma0.25_e10/checkpoint-200/evals/TOFU_EVAL.json
forget10,SimNPO,lr5e-5_b16_mb8_ga2_a1.0_beta4.5_delta1_gamma0.25_e10,5e-5,16,8,2,1.0,4.5,1,0.25,10,checkpoint-225,225,0.001024214776236788,0.62136542360248,0.5982976805698127,0.06541123991370434,0.6328062275825972,0.6330029069336837,0.45055865191286715,0.570836710213459,0.29053517813695834,saves/unlearn/tofu/forget10/Llama-2-7b-chat-hf/SimNPO/lr5e-5_b16_mb8_ga2_a1.0_beta4.5_delta1_gamma0.25_e10/checkpoint-225/evals/TOFU_SUMMARY.json,saves/unlearn/tofu/forget10/Llama-2-7b-chat-hf/SimNPO/lr5e-5_b16_mb8_ga2_a1.0_beta4.5_delta1_gamma0.25_e10/checkpoint-225/evals/TOFU_EVAL.json
forget10,SimNPO,lr5e-5_b16_mb8_ga2_a1.0_beta4.5_delta1_gamma0.25_e10,5e-5,16,8,2,1.0,4.5,1,0.25,10,checkpoint-250,250,0.0005832940307390987,0.6221400453649539,0.5980718750413507,0.0654306849681733,0.6318522763634888,0.6341376525905098,0.4512120440075647,0.5714932440591632,0.290972059390931,saves/unlearn/tofu/forget10/Llama-2-7b-chat-hf/SimNPO/lr5e-5_b16_mb8_ga2_a1.0_beta4.5_delta1_gamma0.25_e10/checkpoint-250/evals/TOFU_SUMMARY.json,saves/unlearn/tofu/forget10/Llama-2-7b-chat-hf/SimNPO/lr5e-5_b16_mb8_ga2_a1.0_beta4.5_delta1_gamma0.25_e10/checkpoint-250/evals/TOFU_EVAL.json
forget10,SimNPO,lr5e-5_b32_mb8_ga4_a1.0_beta3.5_delta0_gamma0.125_e10,5e-5,32,8,4,1.0,3.5,0,0.125,10,checkpoint-13,13,2.8138576976529647e-20,0.6056585042540463,0.9602817569673061,0.6368073820932599,0.5523368121858884,0.6004958796823918,0.4347386684390382,0.5564608432383604,-0.1928860652762367,saves/unlearn/tofu/forget10/Llama-2-7b-chat-hf/SimNPO/lr5e-5_b32_mb8_ga4_a1.0_beta3.5_delta0_gamma0.125_e10/checkpoint-13/evals/TOFU_SUMMARY.json,saves/unlearn/tofu/forget10/Llama-2-7b-chat-hf/SimNPO/lr5e-5_b32_mb8_ga4_a1.0_beta3.5_delta0_gamma0.125_e10/checkpoint-13/evals/TOFU_EVAL.json
forget10,SimNPO,lr5e-5_b32_mb8_ga4_a1.0_beta3.5_delta0_gamma0.125_e10,5e-5,32,8,4,1.0,3.5,0,0.125,10,checkpoint-26,26,6.159412995752159e-18,0.6156774623007581,0.8983702269196511,0.30011028552450403,0.5761035145953584,0.6486954490752254,0.4276669506125461,0.6127960790622281,0.0164372060786806,saves/unlearn/tofu/forget10/Llama-2-7b-chat-hf/SimNPO/lr5e-5_b32_mb8_ga4_a1.0_beta3.5_delta0_gamma0.125_e10/checkpoint-26/evals/TOFU_SUMMARY.json,saves/unlearn/tofu/forget10/Llama-2-7b-chat-hf/SimNPO/lr5e-5_b32_mb8_ga4_a1.0_beta3.5_delta0_gamma0.125_e10/checkpoint-26/evals/TOFU_EVAL.json
forget10,SimNPO,lr5e-5_b32_mb8_ga4_a1.0_beta3.5_delta0_gamma0.125_e10,5e-5,32,8,4,1.0,3.5,0,0.125,10,checkpoint-39,39,1.0229984068189572e-13,0.6114761727348618,0.8671320107579231,0.21156228432879004,0.5850314037774101,0.6451657885561093,0.4295993022002493,0.5945191057989813,0.07212902519160744,saves/unlearn/tofu/forget10/Llama-2-7b-chat-hf/SimNPO/lr5e-5_b32_mb8_ga4_a1.0_beta3.5_delta0_gamma0.125_e10/checkpoint-39/evals/TOFU_SUMMARY.json,saves/unlearn/tofu/forget10/Llama-2-7b-chat-hf/SimNPO/lr5e-5_b32_mb8_ga4_a1.0_beta3.5_delta0_gamma0.125_e10/checkpoint-39/evals/TOFU_EVAL.json
forget10,SimNPO,lr5e-5_b32_mb8_ga4_a1.0_beta3.5_delta0_gamma0.125_e10,5e-5,32,8,4,1.0,3.5,0,0.125,10,checkpoint-52,52,7.832452544383501e-12,0.6106613330550259,0.8563167749345303,0.1792434086334633,0.5887350338997954,0.6349755870167175,0.4296644012144035,0.5895961722546734,0.0928812412788615,saves/unlearn/tofu/forget10/Llama-2-7b-chat-hf/SimNPO/lr5e-5_b32_mb8_ga4_a1.0_beta3.5_delta0_gamma0.125_e10/checkpoint-52/evals/TOFU_SUMMARY.json,saves/unlearn/tofu/forget10/Llama-2-7b-chat-hf/SimNPO/lr5e-5_b32_mb8_ga4_a1.0_beta3.5_delta0_gamma0.125_e10/checkpoint-52/evals/TOFU_EVAL.json
forget10,SimNPO,lr5e-5_b32_mb8_ga4_a1.0_beta3.5_delta0_gamma0.125_e10,5e-5,32,8,4,1.0,3.5,0,0.125,10,checkpoint-65,65,1.3150137716657251e-11,0.6119245090688835,0.8495604561269283,0.1661661909871519,0.5918944088726811,0.635287571913555,0.430513458474978,0.5805435705060535,0.10406118552499355,saves/unlearn/tofu/forget10/Llama-2-7b-chat-hf/SimNPO/lr5e-5_b32_mb8_ga4_a1.0_beta3.5_delta0_gamma0.125_e10/checkpoint-65/evals/TOFU_SUMMARY.json,saves/unlearn/tofu/forget10/Llama-2-7b-chat-hf/SimNPO/lr5e-5_b32_mb8_ga4_a1.0_beta3.5_delta0_gamma0.125_e10/checkpoint-65/evals/TOFU_EVAL.json
forget10,SimNPO,lr5e-5_b32_mb8_ga4_a1.0_beta3.5_delta0_gamma0.125_e10,5e-5,32,8,4,1.0,3.5,0,0.125,10,checkpoint-78,78,4.640299916950861e-12,0.6139179132325735,0.8482443699240685,0.16320178795128396,0.5935500178963957,0.6310792906638012,0.4326263714667226,0.5741778485258188,0.10819483429953757,saves/unlearn/tofu/forget10/Llama-2-7b-chat-hf/SimNPO/lr5e-5_b32_mb8_ga4_a1.0_beta3.5_delta0_gamma0.125_e10/checkpoint-78/evals/TOFU_SUMMARY.json,saves/unlearn/tofu/forget10/Llama-2-7b-chat-hf/SimNPO/lr5e-5_b32_mb8_ga4_a1.0_beta3.5_delta0_gamma0.125_e10/checkpoint-78/evals/TOFU_EVAL.json
forget10,SimNPO,lr5e-5_b32_mb8_ga4_a1.0_beta3.5_delta0_gamma0.125_e10,5e-5,32,8,4,1.0,3.5,0,0.125,10,checkpoint-91,91,9.344235949852775e-13,0.621674241508384,0.8459888881444931,0.1590944292996871,0.5919898458388466,0.63908476578454,0.4350772993366274,0.5799852526353467,0.11913258278722838,saves/unlearn/tofu/forget10/Llama-2-7b-chat-hf/SimNPO/lr5e-5_b32_mb8_ga4_a1.0_beta3.5_delta0_gamma0.125_e10/checkpoint-91/evals/TOFU_SUMMARY.json,saves/unlearn/tofu/forget10/Llama-2-7b-chat-hf/SimNPO/lr5e-5_b32_mb8_ga4_a1.0_beta3.5_delta0_gamma0.125_e10/checkpoint-91/evals/TOFU_EVAL.json
forget10,SimNPO,lr5e-5_b32_mb8_ga4_a1.0_beta3.5_delta0_gamma0.125_e10,5e-5,32,8,4,1.0,3.5,0,0.125,10,checkpoint-104,104,5.418551024174982e-13,0.6222111316850619,0.8448917350172996,0.15913833742453218,0.5904546938444016,0.6332037443421021,0.43643024713480244,0.573868613830634,0.12019609546468792,saves/unlearn/tofu/forget10/Llama-2-7b-chat-hf/SimNPO/lr5e-5_b32_mb8_ga4_a1.0_beta3.5_delta0_gamma0.125_e10/checkpoint-104/evals/TOFU_SUMMARY.json,saves/unlearn/tofu/forget10/Llama-2-7b-chat-hf/SimNPO/lr5e-5_b32_mb8_ga4_a1.0_beta3.5_delta0_gamma0.125_e10/checkpoint-104/evals/TOFU_EVAL.json
forget10,SimNPO,lr5e-5_b32_mb8_ga4_a1.0_beta3.5_delta0_gamma0.125_e10,5e-5,32,8,4,1.0,3.5,0,0.125,10,checkpoint-117,117,1.6027740307205098e-12,0.6223723958541086,0.8440229372680187,0.15711196895946217,0.5905297468676267,0.6335027722968753,0.43664765886421997,0.5737900118068856,0.12180494274197104,saves/unlearn/tofu/forget10/Llama-2-7b-chat-hf/SimNPO/lr5e-5_b32_mb8_ga4_a1.0_beta3.5_delta0_gamma0.125_e10/checkpoint-117/evals/TOFU_SUMMARY.json,saves/unlearn/tofu/forget10/Llama-2-7b-chat-hf/SimNPO/lr5e-5_b32_mb8_ga4_a1.0_beta3.5_delta0_gamma0.125_e10/checkpoint-117/evals/TOFU_EVAL.json
forget10,SimNPO,lr5e-5_b32_mb8_ga4_a1.0_beta3.5_delta0_gamma0.125_e10,5e-5,32,8,4,1.0,3.5,0,0.125,10,checkpoint-120,120,4.640299916950861e-12,0.6218812041835916,0.8443567210435867,0.1568389407598346,0.5905371727166671,0.633257009187654,0.4367898392075202,0.5738087197027667,0.12128337328652124,saves/unlearn/tofu/forget10/Llama-2-7b-chat-hf/SimNPO/lr5e-5_b32_mb8_ga4_a1.0_beta3.5_delta0_gamma0.125_e10/checkpoint-120/evals/TOFU_SUMMARY.json,saves/unlearn/tofu/forget10/Llama-2-7b-chat-hf/SimNPO/lr5e-5_b32_mb8_ga4_a1.0_beta3.5_delta0_gamma0.125_e10/checkpoint-120/evals/TOFU_EVAL.json
forget10,SimNPO,lr5e-5_b32_mb8_ga4_a1.0_beta3.5_delta0_gamma0.25_e10,5e-5,32,8,4,1.0,3.5,0,0.25,10,checkpoint-13,13,4.353260441808186e-19,0.5892841664488019,0.94167948782444,0.5119736632311848,0.5625641775560731,0.5669367445009894,0.43399940238185697,0.5386966205638545,-0.1375424090790105,saves/unlearn/tofu/forget10/Llama-2-7b-chat-hf/SimNPO/lr5e-5_b32_mb8_ga4_a1.0_beta3.5_delta0_gamma0.25_e10/checkpoint-13/evals/TOFU_SUMMARY.json,saves/unlearn/tofu/forget10/Llama-2-7b-chat-hf/SimNPO/lr5e-5_b32_mb8_ga4_a1.0_beta3.5_delta0_gamma0.25_e10/checkpoint-13/evals/TOFU_EVAL.json
forget10,SimNPO,lr5e-5_b32_mb8_ga4_a1.0_beta3.5_delta0_gamma0.25_e10,5e-5,32,8,4,1.0,3.5,0,0.25,10,checkpoint-26,26,1.3150137716657251e-11,0.6033975291505888,0.8521768473088741,0.20722454467119017,0.6033901796442741,0.6259441868963997,0.4225048714446327,0.601140218700198,0.07369683317370676,saves/unlearn/tofu/forget10/Llama-2-7b-chat-hf/SimNPO/lr5e-5_b32_mb8_ga4_a1.0_beta3.5_delta0_gamma0.25_e10/checkpoint-26/evals/TOFU_SUMMARY.json,saves/unlearn/tofu/forget10/Llama-2-7b-chat-hf/SimNPO/lr5e-5_b32_mb8_ga4_a1.0_beta3.5_delta0_gamma0.25_e10/checkpoint-26/evals/TOFU_EVAL.json
forget10,SimNPO,lr5e-5_b32_mb8_ga4_a1.0_beta3.5_delta0_gamma0.25_e10,5e-5,32,8,4,1.0,3.5,0,0.25,10,checkpoint-39,39,9.9886659393885e-07,0.598841565020987,0.8111172863841056,0.14267570686064274,0.6252505470873948,0.625996778155029,0.4177662048543006,0.5847783719305097,0.12194606726520676,saves/unlearn/tofu/forget10/Llama-2-7b-chat-hf/SimNPO/lr5e-5_b32_mb8_ga4_a1.0_beta3.5_delta0_gamma0.25_e10/checkpoint-39/evals/TOFU_SUMMARY.json,saves/unlearn/tofu/forget10/Llama-2-7b-chat-hf/SimNPO/lr5e-5_b32_mb8_ga4_a1.0_beta3.5_delta0_gamma0.25_e10/checkpoint-39/evals/TOFU_EVAL.json
forget10,SimNPO,lr5e-5_b32_mb8_ga4_a1.0_beta3.5_delta0_gamma0.25_e10,5e-5,32,8,4,1.0,3.5,0,0.25,10,checkpoint-52,52,2.5496506594547965e-08,0.6016295257449854,0.7985835824161768,0.12470514055419045,0.6214728118329316,0.6174605395084496,0.428439169246117,0.5738684869272817,0.13998518975630836,saves/unlearn/tofu/forget10/Llama-2-7b-chat-hf/SimNPO/lr5e-5_b32_mb8_ga4_a1.0_beta3.5_delta0_gamma0.25_e10/checkpoint-52/evals/TOFU_SUMMARY.json,saves/unlearn/tofu/forget10/Llama-2-7b-chat-hf/SimNPO/lr5e-5_b32_mb8_ga4_a1.0_beta3.5_delta0_gamma0.25_e10/checkpoint-52/evals/TOFU_EVAL.json
forget10,SimNPO,lr5e-5_b32_mb8_ga4_a1.0_beta3.5_delta0_gamma0.25_e10,5e-5,32,8,4,1.0,3.5,0,0.25,10,checkpoint-65,65,4.5846770167841434e-07,0.6123886551525117,0.797717049792409,0.11890258706565879,0.6186244151002253,0.629741217450575,0.4306550409812809,0.5803893587215208,0.15407929519117952,saves/unlearn/tofu/forget10/Llama-2-7b-chat-hf/SimNPO/lr5e-5_b32_mb8_ga4_a1.0_beta3.5_delta0_gamma0.25_e10/checkpoint-65/evals/TOFU_SUMMARY.json,saves/unlearn/tofu/forget10/Llama-2-7b-chat-hf/SimNPO/lr5e-5_b32_mb8_ga4_a1.0_beta3.5_delta0_gamma0.25_e10/checkpoint-65/evals/TOFU_EVAL.json
forget10,SimNPO,lr5e-5_b32_mb8_ga4_a1.0_beta3.5_delta0_gamma0.25_e10,5e-5,32,8,4,1.0,3.5,0,0.25,10,checkpoint-78,78,3.089852009867272e-06,0.6132328206811106,0.79772565767169,0.11306188103564092,0.6212493813530763,0.6285420514452384,0.43309732146437296,0.5779754676266186,0.15784214117945508,saves/unlearn/tofu/forget10/Llama-2-7b-chat-hf/SimNPO/lr5e-5_b32_mb8_ga4_a1.0_beta3.5_delta0_gamma0.25_e10/checkpoint-78/evals/TOFU_SUMMARY.json,saves/unlearn/tofu/forget10/Llama-2-7b-chat-hf/SimNPO/lr5e-5_b32_mb8_ga4_a1.0_beta3.5_delta0_gamma0.25_e10/checkpoint-78/evals/TOFU_EVAL.json
forget10,SimNPO,lr5e-5_b32_mb8_ga4_a1.0_beta3.5_delta0_gamma0.25_e10,5e-5,32,8,4,1.0,3.5,0,0.25,10,checkpoint-91,91,3.089852009867272e-06,0.6236517999767283,0.7936225656419993,0.1121337158648586,0.6224737592573425,0.6410970905030605,0.43670830476624944,0.5870599211238089,0.17077674907530924,saves/unlearn/tofu/forget10/Llama-2-7b-chat-hf/SimNPO/lr5e-5_b32_mb8_ga4_a1.0_beta3.5_delta0_gamma0.25_e10/checkpoint-91/evals/TOFU_SUMMARY.json,saves/unlearn/tofu/forget10/Llama-2-7b-chat-hf/SimNPO/lr5e-5_b32_mb8_ga4_a1.0_beta3.5_delta0_gamma0.25_e10/checkpoint-91/evals/TOFU_EVAL.json
forget10,SimNPO,lr5e-5_b32_mb8_ga4_a1.0_beta3.5_delta0_gamma0.25_e10,5e-5,32,8,4,1.0,3.5,0,0.25,10,checkpoint-104,104,3.089852009867272e-06,0.6237360422960985,0.793864183947444,0.11200328943838164,0.6219211125637346,0.6366725198508977,0.43805147201828254,0.582579921343784,0.17080539545519557,saves/unlearn/tofu/forget10/Llama-2-7b-chat-hf/SimNPO/lr5e-5_b32_mb8_ga4_a1.0_beta3.5_delta0_gamma0.25_e10/checkpoint-104/evals/TOFU_SUMMARY.json,saves/unlearn/tofu/forget10/Llama-2-7b-chat-hf/SimNPO/lr5e-5_b32_mb8_ga4_a1.0_beta3.5_delta0_gamma0.25_e10/checkpoint-104/evals/TOFU_EVAL.json
forget10,SimNPO,lr5e-5_b32_mb8_ga4_a1.0_beta3.5_delta0_gamma0.25_e10,5e-5,32,8,4,1.0,3.5,0,0.25,10,checkpoint-117,117,2.1316067663008397e-06,0.6254367901826787,0.7934471296519041,0.11237897956950654,0.6220953294977002,0.6373685827263437,0.4384197130221938,0.5806503912541984,0.17252586717873972,saves/unlearn/tofu/forget10/Llama-2-7b-chat-hf/SimNPO/lr5e-5_b32_mb8_ga4_a1.0_beta3.5_delta0_gamma0.25_e10/checkpoint-117/evals/TOFU_SUMMARY.json,saves/unlearn/tofu/forget10/Llama-2-7b-chat-hf/SimNPO/lr5e-5_b32_mb8_ga4_a1.0_beta3.5_delta0_gamma0.25_e10/checkpoint-117/evals/TOFU_EVAL.json
forget10,SimNPO,lr5e-5_b32_mb8_ga4_a1.0_beta3.5_delta0_gamma0.25_e10,5e-5,32,8,4,1.0,3.5,0,0.25,10,checkpoint-120,120,3.089852009867272e-06,0.6250673474054218,0.7942273219674826,0.11303294810650875,0.6220362932782346,0.6368162310332586,0.4387534947651225,0.5818866838744353,0.17144030222043605,saves/unlearn/tofu/forget10/Llama-2-7b-chat-hf/SimNPO/lr5e-5_b32_mb8_ga4_a1.0_beta3.5_delta0_gamma0.25_e10/checkpoint-120/evals/TOFU_SUMMARY.json,saves/unlearn/tofu/forget10/Llama-2-7b-chat-hf/SimNPO/lr5e-5_b32_mb8_ga4_a1.0_beta3.5_delta0_gamma0.25_e10/checkpoint-120/evals/TOFU_EVAL.json
forget10,SimNPO,lr5e-5_b32_mb8_ga4_a1.0_beta3.5_delta1_gamma0.125_e10,5e-5,32,8,4,1.0,3.5,1,0.125,10,checkpoint-13,13,6.159412995752159e-18,0.5927070451941227,0.9387346220016479,0.4940591591292822,0.5630888635731296,0.5751785441953297,0.4357781635677203,0.5433378107296499,-0.12368984537134242,saves/unlearn/tofu/forget10/Llama-2-7b-chat-hf/SimNPO/lr5e-5_b32_mb8_ga4_a1.0_beta3.5_delta1_gamma0.125_e10/checkpoint-13/evals/TOFU_SUMMARY.json,saves/unlearn/tofu/forget10/Llama-2-7b-chat-hf/SimNPO/lr5e-5_b32_mb8_ga4_a1.0_beta3.5_delta1_gamma0.125_e10/checkpoint-13/evals/TOFU_EVAL.json
forget10,SimNPO,lr5e-5_b32_mb8_ga4_a1.0_beta3.5_delta1_gamma0.125_e10,5e-5,32,8,4,1.0,3.5,1,0.125,10,checkpoint-26,26,3.596289960343452e-05,0.6108706631711857,0.7982034738361835,0.15001938255936312,0.6287711228023997,0.6449217288065648,0.42959770525869134,0.6129598995756441,0.13679519787301575,saves/unlearn/tofu/forget10/Llama-2-7b-chat-hf/SimNPO/lr5e-5_b32_mb8_ga4_a1.0_beta3.5_delta1_gamma0.125_e10/checkpoint-26/evals/TOFU_SUMMARY.json,saves/unlearn/tofu/forget10/Llama-2-7b-chat-hf/SimNPO/lr5e-5_b32_mb8_ga4_a1.0_beta3.5_delta1_gamma0.125_e10/checkpoint-26/evals/TOFU_EVAL.json
forget10,SimNPO,lr5e-5_b32_mb8_ga4_a1.0_beta3.5_delta1_gamma0.125_e10,5e-5,32,8,4,1.0,3.5,1,0.125,10,checkpoint-39,39,0.5234101030810641,0.6137671830275881,0.6990243916027248,0.09105933629316429,0.654562238723104,0.6548276043847083,0.43095832574739434,0.6125979594846409,0.7421354221607077,saves/unlearn/tofu/forget10/Llama-2-7b-chat-hf/SimNPO/lr5e-5_b32_mb8_ga4_a1.0_beta3.5_delta1_gamma0.125_e10/checkpoint-39/evals/TOFU_SUMMARY.json,saves/unlearn/tofu/forget10/Llama-2-7b-chat-hf/SimNPO/lr5e-5_b32_mb8_ga4_a1.0_beta3.5_delta1_gamma0.125_e10/checkpoint-39/evals/TOFU_EVAL.json
forget10,SimNPO,lr5e-5_b32_mb8_ga4_a1.0_beta3.5_delta1_gamma0.125_e10,5e-5,32,8,4,1.0,3.5,1,0.125,10,checkpoint-52,52,0.9674055629008819,0.6167293397044252,0.6954231229610741,0.08277716452138893,0.661149815565837,0.6477235593346866,0.43689878936047044,0.60054949024108,1.1950347588640755,saves/unlearn/tofu/forget10/Llama-2-7b-chat-hf/SimNPO/lr5e-5_b32_mb8_ga4_a1.0_beta3.5_delta1_gamma0.125_e10/checkpoint-52/evals/TOFU_SUMMARY.json,saves/unlearn/tofu/forget10/Llama-2-7b-chat-hf/SimNPO/lr5e-5_b32_mb8_ga4_a1.0_beta3.5_delta1_gamma0.125_e10/checkpoint-52/evals/TOFU_EVAL.json
forget10,SimNPO,lr5e-5_b32_mb8_ga4_a1.0_beta3.5_delta1_gamma0.125_e10,5e-5,32,8,4,1.0,3.5,1,0.125,10,checkpoint-65,65,0.9674055629008819,0.6173206344916868,0.6864388966187834,0.0774305990375283,0.6575400068377826,0.6313169935073073,0.4384688486682206,0.592098571870318,1.202791449564413,saves/unlearn/tofu/forget10/Llama-2-7b-chat-hf/SimNPO/lr5e-5_b32_mb8_ga4_a1.0_beta3.5_delta1_gamma0.125_e10/checkpoint-65/evals/TOFU_SUMMARY.json,saves/unlearn/tofu/forget10/Llama-2-7b-chat-hf/SimNPO/lr5e-5_b32_mb8_ga4_a1.0_beta3.5_delta1_gamma0.125_e10/checkpoint-65/evals/TOFU_EVAL.json
forget10,SimNPO,lr5e-5_b32_mb8_ga4_a1.0_beta3.5_delta1_gamma0.125_e10,5e-5,32,8,4,1.0,3.5,1,0.125,10,checkpoint-78,78,0.9674055629008819,0.6203472546949531,0.6902025737427175,0.079576852774435,0.6588392615323636,0.6281855499480087,0.44128619391763246,0.5908077903744569,1.2028631043372588,saves/unlearn/tofu/forget10/Llama-2-7b-chat-hf/SimNPO/lr5e-5_b32_mb8_ga4_a1.0_beta3.5_delta1_gamma0.125_e10/checkpoint-78/evals/TOFU_SUMMARY.json,saves/unlearn/tofu/forget10/Llama-2-7b-chat-hf/SimNPO/lr5e-5_b32_mb8_ga4_a1.0_beta3.5_delta1_gamma0.125_e10/checkpoint-78/evals/TOFU_EVAL.json
forget10,SimNPO,lr5e-5_b32_mb8_ga4_a1.0_beta3.5_delta1_gamma0.125_e10,5e-5,32,8,4,1.0,3.5,1,0.125,10,checkpoint-91,91,0.9067578225553679,0.6301314510028083,0.6875426769442856,0.07825251851457868,0.6574170724427438,0.6381419593922297,0.4467612331094594,0.5961733954945673,1.1539916758287438,saves/unlearn/tofu/forget10/Llama-2-7b-chat-hf/SimNPO/lr5e-5_b32_mb8_ga4_a1.0_beta3.5_delta1_gamma0.125_e10/checkpoint-91/evals/TOFU_SUMMARY.json,saves/unlearn/tofu/forget10/Llama-2-7b-chat-hf/SimNPO/lr5e-5_b32_mb8_ga4_a1.0_beta3.5_delta1_gamma0.125_e10/checkpoint-91/evals/TOFU_EVAL.json
forget10,SimNPO,lr5e-5_b32_mb8_ga4_a1.0_beta3.5_delta1_gamma0.125_e10,5e-5,32,8,4,1.0,3.5,1,0.125,10,checkpoint-104,104,0.8635251702254226,0.6321788893859167,0.6874244715832174,0.07840106502872632,0.6557298694685372,0.6384898699467103,0.44702461568416113,0.5929995804567417,1.1127912913053675,saves/unlearn/tofu/forget10/Llama-2-7b-chat-hf/SimNPO/lr5e-5_b32_mb8_ga4_a1.0_beta3.5_delta1_gamma0.125_e10/checkpoint-104/evals/TOFU_SUMMARY.json,saves/unlearn/tofu/forget10/Llama-2-7b-chat-hf/SimNPO/lr5e-5_b32_mb8_ga4_a1.0_beta3.5_delta1_gamma0.125_e10/checkpoint-104/evals/TOFU_EVAL.json
forget10,SimNPO,lr5e-5_b32_mb8_ga4_a1.0_beta3.5_delta1_gamma0.125_e10,5e-5,32,8,4,1.0,3.5,1,0.125,10,checkpoint-117,117,0.7582774273046589,0.6317087578076388,0.6865083010680973,0.07806209323311152,0.6553442225289849,0.6379192669807312,0.44765236851498685,0.5926476277909986,1.0077009879616932,saves/unlearn/tofu/forget10/Llama-2-7b-chat-hf/SimNPO/lr5e-5_b32_mb8_ga4_a1.0_beta3.5_delta1_gamma0.125_e10/checkpoint-117/evals/TOFU_SUMMARY.json,saves/unlearn/tofu/forget10/Llama-2-7b-chat-hf/SimNPO/lr5e-5_b32_mb8_ga4_a1.0_beta3.5_delta1_gamma0.125_e10/checkpoint-117/evals/TOFU_EVAL.json
forget10,SimNPO,lr5e-5_b32_mb8_ga4_a1.0_beta3.5_delta1_gamma0.125_e10,5e-5,32,8,4,1.0,3.5,1,0.125,10,checkpoint-120,120,0.813414043347709,0.6324817984755844,0.6872588505037129,0.07784817093893945,0.6552137994432095,0.6377161852883017,0.4478234846029604,0.5939908985187022,1.0633423311019674,saves/unlearn/tofu/forget10/Llama-2-7b-chat-hf/SimNPO/lr5e-5_b32_mb8_ga4_a1.0_beta3.5_delta1_gamma0.125_e10/checkpoint-120/evals/TOFU_SUMMARY.json,saves/unlearn/tofu/forget10/Llama-2-7b-chat-hf/SimNPO/lr5e-5_b32_mb8_ga4_a1.0_beta3.5_delta1_gamma0.125_e10/checkpoint-120/evals/TOFU_EVAL.json
forget10,SimNPO,lr5e-5_b32_mb8_ga4_a1.0_beta3.5_delta1_gamma0.25_e10,5e-5,32,8,4,1.0,3.5,1,0.25,10,checkpoint-13,13,1.730834713171486e-15,0.5740172640203905,0.8961813139915467,0.32687791694904733,0.5680010268945405,0.5400649146953427,0.44812398900120504,0.5330938668973013,-0.03751235144990467,saves/unlearn/tofu/forget10/Llama-2-7b-chat-hf/SimNPO/lr5e-5_b32_mb8_ga4_a1.0_beta3.5_delta1_gamma0.25_e10/checkpoint-13/evals/TOFU_SUMMARY.json,saves/unlearn/tofu/forget10/Llama-2-7b-chat-hf/SimNPO/lr5e-5_b32_mb8_ga4_a1.0_beta3.5_delta1_gamma0.25_e10/checkpoint-13/evals/TOFU_EVAL.json
forget10,SimNPO,lr5e-5_b32_mb8_ga4_a1.0_beta3.5_delta1_gamma0.25_e10,5e-5,32,8,4,1.0,3.5,1,0.25,10,checkpoint-26,26,0.7582774273046589,0.6121452484028285,0.6484362122695893,0.0824029991388358,0.6450892379392529,0.6807069009991469,0.428693346581083,0.6221675103454858,1.0050030700032748,saves/unlearn/tofu/forget10/Llama-2-7b-chat-hf/SimNPO/lr5e-5_b32_mb8_ga4_a1.0_beta3.5_delta1_gamma0.25_e10/checkpoint-26/evals/TOFU_SUMMARY.json,saves/unlearn/tofu/forget10/Llama-2-7b-chat-hf/SimNPO/lr5e-5_b32_mb8_ga4_a1.0_beta3.5_delta1_gamma0.25_e10/checkpoint-26/evals/TOFU_EVAL.json
forget10,SimNPO,lr5e-5_b32_mb8_ga4_a1.0_beta3.5_delta1_gamma0.25_e10,5e-5,32,8,4,1.0,3.5,1,0.25,10,checkpoint-39,39,0.010032513978788836,0.6152455435985875,0.5911946354620159,0.05778542408027547,0.6319570750790768,0.6562008090699307,0.43577850460626183,0.5972789783076733,0.30078802780623065,saves/unlearn/tofu/forget10/Llama-2-7b-chat-hf/SimNPO/lr5e-5_b32_mb8_ga4_a1.0_beta3.5_delta1_gamma0.25_e10/checkpoint-39/evals/TOFU_SUMMARY.json,saves/unlearn/tofu/forget10/Llama-2-7b-chat-hf/SimNPO/lr5e-5_b32_mb8_ga4_a1.0_beta3.5_delta1_gamma0.25_e10/checkpoint-39/evals/TOFU_EVAL.json
forget10,SimNPO,lr5e-5_b32_mb8_ga4_a1.0_beta3.5_delta1_gamma0.25_e10,5e-5,32,8,4,1.0,3.5,1,0.25,10,checkpoint-52,52,0.010032513978788836,0.6126848396294856,0.595002876687795,0.05807640164763436,0.629278893478714,0.6316024107535068,0.4448076797202192,0.5853250715211038,0.29617771444055974,saves/unlearn/tofu/forget10/Llama-2-7b-chat-hf/SimNPO/lr5e-5_b32_mb8_ga4_a1.0_beta3.5_delta1_gamma0.25_e10/checkpoint-52/evals/TOFU_SUMMARY.json,saves/unlearn/tofu/forget10/Llama-2-7b-chat-hf/SimNPO/lr5e-5_b32_mb8_ga4_a1.0_beta3.5_delta1_gamma0.25_e10/checkpoint-52/evals/TOFU_EVAL.json
forget10,SimNPO,lr5e-5_b32_mb8_ga4_a1.0_beta3.5_delta1_gamma0.25_e10,5e-5,32,8,4,1.0,3.5,1,0.25,10,checkpoint-65,65,0.02424717195471133,0.6182811534420155,0.6041710304096342,0.061154447392874955,0.6392881831932719,0.6292042045317389,0.4432237717227261,0.5864568439237585,0.30986558649547236,saves/unlearn/tofu/forget10/Llama-2-7b-chat-hf/SimNPO/lr5e-5_b32_mb8_ga4_a1.0_beta3.5_delta1_gamma0.25_e10/checkpoint-65/evals/TOFU_SUMMARY.json,saves/unlearn/tofu/forget10/Llama-2-7b-chat-hf/SimNPO/lr5e-5_b32_mb8_ga4_a1.0_beta3.5_delta1_gamma0.25_e10/checkpoint-65/evals/TOFU_EVAL.json
forget10,SimNPO,lr5e-5_b32_mb8_ga4_a1.0_beta3.5_delta1_gamma0.25_e10,5e-5,32,8,4,1.0,3.5,1,0.25,10,checkpoint-78,78,0.019594795142993927,0.6225849726557953,0.6047525590658188,0.0611726382830966,0.6397996798021949,0.6326054323095462,0.44757286561237364,0.5882049038935359,0.30921716912433145,saves/unlearn/tofu/forget10/Llama-2-7b-chat-hf/SimNPO/lr5e-5_b32_mb8_ga4_a1.0_beta3.5_delta1_gamma0.25_e10/checkpoint-78/evals/TOFU_SUMMARY.json,saves/unlearn/tofu/forget10/Llama-2-7b-chat-hf/SimNPO/lr5e-5_b32_mb8_ga4_a1.0_beta3.5_delta1_gamma0.25_e10/checkpoint-78/evals/TOFU_EVAL.json
forget10,SimNPO,lr5e-5_b32_mb8_ga4_a1.0_beta3.5_delta1_gamma0.25_e10,5e-5,32,8,4,1.0,3.5,1,0.25,10,checkpoint-91,91,0.004907932356726081,0.6306638264201923,0.6045299597457051,0.06144133465948673,0.637471914852661,0.6354296444736262,0.4496744358629781,0.5939887898805074,0.30258611157432236,saves/unlearn/tofu/forget10/Llama-2-7b-chat-hf/SimNPO/lr5e-5_b32_mb8_ga4_a1.0_beta3.5_delta1_gamma0.25_e10/checkpoint-91/evals/TOFU_SUMMARY.json,saves/unlearn/tofu/forget10/Llama-2-7b-chat-hf/SimNPO/lr5e-5_b32_mb8_ga4_a1.0_beta3.5_delta1_gamma0.25_e10/checkpoint-91/evals/TOFU_EVAL.json
forget10,SimNPO,lr5e-5_b32_mb8_ga4_a1.0_beta3.5_delta1_gamma0.25_e10,5e-5,32,8,4,1.0,3.5,1,0.25,10,checkpoint-104,104,0.01260422744087484,0.6284385151626595,0.6064128638990224,0.06238270873567852,0.637618191819372,0.630170302681679,0.44797980929859466,0.5886443013506252,0.3066449562861839,saves/unlearn/tofu/forget10/Llama-2-7b-chat-hf/SimNPO/lr5e-5_b32_mb8_ga4_a1.0_beta3.5_delta1_gamma0.25_e10/checkpoint-104/evals/TOFU_SUMMARY.json,saves/unlearn/tofu/forget10/Llama-2-7b-chat-hf/SimNPO/lr5e-5_b32_mb8_ga4_a1.0_beta3.5_delta1_gamma0.25_e10/checkpoint-104/evals/TOFU_EVAL.json
forget10,SimNPO,lr5e-5_b32_mb8_ga4_a1.0_beta3.5_delta1_gamma0.25_e10,5e-5,32,8,4,1.0,3.5,1,0.25,10,checkpoint-117,117,0.004907932356726081,0.6284945507751607,0.6057950343750417,0.0624309543497136,0.6377332155549036,0.628998172447886,0.4482091107855918,0.5892443637469477,0.2992894887695091,saves/unlearn/tofu/forget10/Llama-2-7b-chat-hf/SimNPO/lr5e-5_b32_mb8_ga4_a1.0_beta3.5_delta1_gamma0.25_e10/checkpoint-117/evals/TOFU_SUMMARY.json,saves/unlearn/tofu/forget10/Llama-2-7b-chat-hf/SimNPO/lr5e-5_b32_mb8_ga4_a1.0_beta3.5_delta1_gamma0.25_e10/checkpoint-117/evals/TOFU_EVAL.json
forget10,SimNPO,lr5e-5_b32_mb8_ga4_a1.0_beta3.5_delta1_gamma0.25_e10,5e-5,32,8,4,1.0,3.5,1,0.25,10,checkpoint-120,120,0.010032513978788836,0.6286302306237336,0.6059425773657858,0.062341668635427894,0.6372142471310999,0.630187711237722,0.4482214996496353,0.5896761516597286,0.3045206216019155,saves/unlearn/tofu/forget10/Llama-2-7b-chat-hf/SimNPO/lr5e-5_b32_mb8_ga4_a1.0_beta3.5_delta1_gamma0.25_e10/checkpoint-120/evals/TOFU_SUMMARY.json,saves/unlearn/tofu/forget10/Llama-2-7b-chat-hf/SimNPO/lr5e-5_b32_mb8_ga4_a1.0_beta3.5_delta1_gamma0.25_e10/checkpoint-120/evals/TOFU_EVAL.json
forget10,SimNPO,lr5e-5_b32_mb8_ga4_a1.0_beta4.5_delta0_gamma0.125_e10,5e-5,32,8,4,1.0,4.5,0,0.125,10,checkpoint-13,13,1.3990395281788573e-20,0.6061380655581468,0.9611255453526973,0.6287944633479138,0.5531358457419507,0.596792982464324,0.4353824647935379,0.555205360905091,-0.1888219387921588,saves/unlearn/tofu/forget10/Llama-2-7b-chat-hf/SimNPO/lr5e-5_b32_mb8_ga4_a1.0_beta4.5_delta0_gamma0.125_e10/checkpoint-13/evals/TOFU_SUMMARY.json,saves/unlearn/tofu/forget10/Llama-2-7b-chat-hf/SimNPO/lr5e-5_b32_mb8_ga4_a1.0_beta4.5_delta0_gamma0.125_e10/checkpoint-13/evals/TOFU_EVAL.json
forget10,SimNPO,lr5e-5_b32_mb8_ga4_a1.0_beta4.5_delta0_gamma0.125_e10,5e-5,32,8,4,1.0,4.5,0,0.125,10,checkpoint-26,26,4.353260441808186e-19,0.613000898862774,0.9049949967861175,0.3157495516623212,0.5720187604266852,0.6412926336908122,0.4284157816688859,0.6095281620953946,0.002628624638554622,saves/unlearn/tofu/forget10/Llama-2-7b-chat-hf/SimNPO/lr5e-5_b32_mb8_ga4_a1.0_beta4.5_delta0_gamma0.125_e10/checkpoint-26/evals/TOFU_SUMMARY.json,saves/unlearn/tofu/forget10/Llama-2-7b-chat-hf/SimNPO/lr5e-5_b32_mb8_ga4_a1.0_beta4.5_delta0_gamma0.125_e10/checkpoint-26/evals/TOFU_EVAL.json
forget10,SimNPO,lr5e-5_b32_mb8_ga4_a1.0_beta4.5_delta0_gamma0.125_e10,5e-5,32,8,4,1.0,4.5,0,0.125,10,checkpoint-39,39,1.02724452984523e-14,0.6051036364407139,0.875161812454462,0.2192450821755071,0.5811478644137803,0.6293180451405955,0.42534407477869496,0.5909835644419923,0.05790018912573963,saves/unlearn/tofu/forget10/Llama-2-7b-chat-hf/SimNPO/lr5e-5_b32_mb8_ga4_a1.0_beta4.5_delta0_gamma0.125_e10/checkpoint-39/evals/TOFU_SUMMARY.json,saves/unlearn/tofu/forget10/Llama-2-7b-chat-hf/SimNPO/lr5e-5_b32_mb8_ga4_a1.0_beta4.5_delta0_gamma0.125_e10/checkpoint-39/evals/TOFU_EVAL.json
forget10,SimNPO,lr5e-5_b32_mb8_ga4_a1.0_beta4.5_delta0_gamma0.125_e10,5e-5,32,8,4,1.0,4.5,0,0.125,10,checkpoint-52,52,9.344235949852775e-13,0.6064300518532273,0.8702983011305332,0.20180884642877953,0.589092311183521,0.6259344790859742,0.4227219988821703,0.5903377344819019,0.07037647807450541,saves/unlearn/tofu/forget10/Llama-2-7b-chat-hf/SimNPO/lr5e-5_b32_mb8_ga4_a1.0_beta4.5_delta0_gamma0.125_e10/checkpoint-52/evals/TOFU_SUMMARY.json,saves/unlearn/tofu/forget10/Llama-2-7b-chat-hf/SimNPO/lr5e-5_b32_mb8_ga4_a1.0_beta4.5_delta0_gamma0.125_e10/checkpoint-52/evals/TOFU_EVAL.json
forget10,SimNPO,lr5e-5_b32_mb8_ga4_a1.0_beta4.5_delta0_gamma0.125_e10,5e-5,32,8,4,1.0,4.5,0,0.125,10,checkpoint-65,65,1.0229984068189572e-13,0.6116407762823626,0.865790206938982,0.19923803034700246,0.5868588918646119,0.6312280519641906,0.42657996372465407,0.5944492937780098,0.07912665763947259,saves/unlearn/tofu/forget10/Llama-2-7b-chat-hf/SimNPO/lr5e-5_b32_mb8_ga4_a1.0_beta4.5_delta0_gamma0.125_e10/checkpoint-65/evals/TOFU_SUMMARY.json,saves/unlearn/tofu/forget10/Llama-2-7b-chat-hf/SimNPO/lr5e-5_b32_mb8_ga4_a1.0_beta4.5_delta0_gamma0.125_e10/checkpoint-65/evals/TOFU_EVAL.json
forget10,SimNPO,lr5e-5_b32_mb8_ga4_a1.0_beta4.5_delta0_gamma0.125_e10,5e-5,32,8,4,1.0,4.5,0,0.125,10,checkpoint-78,78,9.344235949852775e-13,0.6159280073570748,0.8662806774675846,0.18576944842941118,0.5873712668121224,0.6260542376857922,0.43114137131533764,0.5908132437773228,0.08990294440951133,saves/unlearn/tofu/forget10/Llama-2-7b-chat-hf/SimNPO/lr5e-5_b32_mb8_ga4_a1.0_beta4.5_delta0_gamma0.125_e10/checkpoint-78/evals/TOFU_SUMMARY.json,saves/unlearn/tofu/forget10/Llama-2-7b-chat-hf/SimNPO/lr5e-5_b32_mb8_ga4_a1.0_beta4.5_delta0_gamma0.125_e10/checkpoint-78/evals/TOFU_EVAL.json
forget10,SimNPO,lr5e-5_b32_mb8_ga4_a1.0_beta4.5_delta0_gamma0.125_e10,5e-5,32,8,4,1.0,4.5,0,0.125,10,checkpoint-91,91,3.1252666340221845e-13,0.6243802552147215,0.8666364072263241,0.18488939667240167,0.586988550364122,0.6379939659014665,0.4331080184132209,0.5983087097832769,0.09861735326567117,saves/unlearn/tofu/forget10/Llama-2-7b-chat-hf/SimNPO/lr5e-5_b32_mb8_ga4_a1.0_beta4.5_delta0_gamma0.125_e10/checkpoint-91/evals/TOFU_SUMMARY.json,saves/unlearn/tofu/forget10/Llama-2-7b-chat-hf/SimNPO/lr5e-5_b32_mb8_ga4_a1.0_beta4.5_delta0_gamma0.125_e10/checkpoint-91/evals/TOFU_EVAL.json
forget10,SimNPO,lr5e-5_b32_mb8_ga4_a1.0_beta4.5_delta0_gamma0.125_e10,5e-5,32,8,4,1.0,4.5,0,0.125,10,checkpoint-104,104,3.1252666340221845e-13,0.6264092983692268,0.8651692293584347,0.18593862232105263,0.5854598048341735,0.6339552401435072,0.43445419191479107,0.5951572600047252,0.10085537252979565,saves/unlearn/tofu/forget10/Llama-2-7b-chat-hf/SimNPO/lr5e-5_b32_mb8_ga4_a1.0_beta4.5_delta0_gamma0.125_e10/checkpoint-104/evals/TOFU_SUMMARY.json,saves/unlearn/tofu/forget10/Llama-2-7b-chat-hf/SimNPO/lr5e-5_b32_mb8_ga4_a1.0_beta4.5_delta0_gamma0.125_e10/checkpoint-104/evals/TOFU_EVAL.json
forget10,SimNPO,lr5e-5_b32_mb8_ga4_a1.0_beta4.5_delta0_gamma0.125_e10,5e-5,32,8,4,1.0,4.5,0,0.125,10,checkpoint-117,117,1.7928838057651826e-13,0.626754436258199,0.8649672539532185,0.18578474863460961,0.5852194412853247,0.6333517120535409,0.4349625654656327,0.5957500943910473,0.10137843496446429,saves/unlearn/tofu/forget10/Llama-2-7b-chat-hf/SimNPO/lr5e-5_b32_mb8_ga4_a1.0_beta4.5_delta0_gamma0.125_e10/checkpoint-117/evals/TOFU_SUMMARY.json,saves/unlearn/tofu/forget10/Llama-2-7b-chat-hf/SimNPO/lr5e-5_b32_mb8_ga4_a1.0_beta4.5_delta0_gamma0.125_e10/checkpoint-117/evals/TOFU_EVAL.json
forget10,SimNPO,lr5e-5_b32_mb8_ga4_a1.0_beta4.5_delta0_gamma0.125_e10,5e-5,32,8,4,1.0,4.5,0,0.125,10,checkpoint-120,120,3.1252666340221845e-13,0.6266711944990014,0.864864617139101,0.18561070297792504,0.5852742990218883,0.6330614268201994,0.4351419789758422,0.5954200556735808,0.10143353444080094,saves/unlearn/tofu/forget10/Llama-2-7b-chat-hf/SimNPO/lr5e-5_b32_mb8_ga4_a1.0_beta4.5_delta0_gamma0.125_e10/checkpoint-120/evals/TOFU_SUMMARY.json,saves/unlearn/tofu/forget10/Llama-2-7b-chat-hf/SimNPO/lr5e-5_b32_mb8_ga4_a1.0_beta4.5_delta0_gamma0.125_e10/checkpoint-120/evals/TOFU_EVAL.json
forget10,SimNPO,lr5e-5_b32_mb8_ga4_a1.0_beta4.5_delta0_gamma0.25_e10,5e-5,32,8,4,1.0,4.5,0,0.25,10,checkpoint-13,13,3.2024272501633618e-18,0.5960109821528217,0.9439986923336983,0.518672951158517,0.5654478832490285,0.5832718361450194,0.43112345037659566,0.5494048608050506,-0.13532483959328595,saves/unlearn/tofu/forget10/Llama-2-7b-chat-hf/SimNPO/lr5e-5_b32_mb8_ga4_a1.0_beta4.5_delta0_gamma0.25_e10/checkpoint-13/evals/TOFU_SUMMARY.json,saves/unlearn/tofu/forget10/Llama-2-7b-chat-hf/SimNPO/lr5e-5_b32_mb8_ga4_a1.0_beta4.5_delta0_gamma0.25_e10/checkpoint-13/evals/TOFU_EVAL.json
forget10,SimNPO,lr5e-5_b32_mb8_ga4_a1.0_beta4.5_delta0_gamma0.25_e10,5e-5,32,8,4,1.0,4.5,0,0.25,10,checkpoint-26,26,1.7928838057651826e-13,0.609348998563149,0.8637387923896312,0.22085375226715404,0.5945252755240421,0.6286867989659876,0.4277172306119985,0.6066558184237947,0.0670527262349356,saves/unlearn/tofu/forget10/Llama-2-7b-chat-hf/SimNPO/lr5e-5_b32_mb8_ga4_a1.0_beta4.5_delta0_gamma0.25_e10/checkpoint-26/evals/TOFU_SUMMARY.json,saves/unlearn/tofu/forget10/Llama-2-7b-chat-hf/SimNPO/lr5e-5_b32_mb8_ga4_a1.0_beta4.5_delta0_gamma0.25_e10/checkpoint-26/evals/TOFU_EVAL.json
forget10,SimNPO,lr5e-5_b32_mb8_ga4_a1.0_beta4.5_delta0_gamma0.25_e10,5e-5,32,8,4,1.0,4.5,0,0.25,10,checkpoint-39,39,1.0655053900451827e-08,0.6024784699411599,0.833187167942524,0.16686444465023698,0.6142105314966573,0.6324484734782382,0.41933071657873455,0.5900173291816158,0.1024526742998334,saves/unlearn/tofu/forget10/Llama-2-7b-chat-hf/SimNPO/lr5e-5_b32_mb8_ga4_a1.0_beta4.5_delta0_gamma0.25_e10/checkpoint-39/evals/TOFU_SUMMARY.json,saves/unlearn/tofu/forget10/Llama-2-7b-chat-hf/SimNPO/lr5e-5_b32_mb8_ga4_a1.0_beta4.5_delta0_gamma0.25_e10/checkpoint-39/evals/TOFU_EVAL.json
forget10,SimNPO,lr5e-5_b32_mb8_ga4_a1.0_beta4.5_delta0_gamma0.25_e10,5e-5,32,8,4,1.0,4.5,0,0.25,10,checkpoint-52,52,3.913229651378406e-08,0.6027104730808377,0.8248451176285744,0.14638554322768266,0.6189110218522847,0.6211027188227735,0.4211814472831263,0.579407865887803,0.11709518178500569,saves/unlearn/tofu/forget10/Llama-2-7b-chat-hf/SimNPO/lr5e-5_b32_mb8_ga4_a1.0_beta4.5_delta0_gamma0.25_e10/checkpoint-52/evals/TOFU_SUMMARY.json,saves/unlearn/tofu/forget10/Llama-2-7b-chat-hf/SimNPO/lr5e-5_b32_mb8_ga4_a1.0_beta4.5_delta0_gamma0.25_e10/checkpoint-52/evals/TOFU_EVAL.json
forget10,SimNPO,lr5e-5_b32_mb8_ga4_a1.0_beta4.5_delta0_gamma0.25_e10,5e-5,32,8,4,1.0,4.5,0,0.25,10,checkpoint-65,65,2.7675164465641644e-09,0.6073477712411999,0.8186830881237984,0.14121636547275085,0.6104908385276536,0.6204658266930665,0.4240447931404623,0.5835527543996417,0.12739804721044168,saves/unlearn/tofu/forget10/Llama-2-7b-chat-hf/SimNPO/lr5e-5_b32_mb8_ga4_a1.0_beta4.5_delta0_gamma0.25_e10/checkpoint-65/evals/TOFU_SUMMARY.json,saves/unlearn/tofu/forget10/Llama-2-7b-chat-hf/SimNPO/lr5e-5_b32_mb8_ga4_a1.0_beta4.5_delta0_gamma0.25_e10/checkpoint-65/evals/TOFU_EVAL.json
forget10,SimNPO,lr5e-5_b32_mb8_ga4_a1.0_beta4.5_delta0_gamma0.25_e10,5e-5,32,8,4,1.0,4.5,0,0.25,10,checkpoint-78,78,2.7675164465641644e-09,0.6123639754620867,0.8220468105375767,0.13968517782557738,0.6098752596576232,0.6204549696175536,0.42805431615895045,0.5819115895872143,0.13149798404802607,saves/unlearn/tofu/forget10/Llama-2-7b-chat-hf/SimNPO/lr5e-5_b32_mb8_ga4_a1.0_beta4.5_delta0_gamma0.25_e10/checkpoint-78/evals/TOFU_SUMMARY.json,saves/unlearn/tofu/forget10/Llama-2-7b-chat-hf/SimNPO/lr5e-5_b32_mb8_ga4_a1.0_beta4.5_delta0_gamma0.25_e10/checkpoint-78/evals/TOFU_EVAL.json
forget10,SimNPO,lr5e-5_b32_mb8_ga4_a1.0_beta4.5_delta0_gamma0.25_e10,5e-5,32,8,4,1.0,4.5,0,0.25,10,checkpoint-91,91,1.0973970510505411e-09,0.622399425676806,0.8213212729990482,0.138544481958921,0.6076184169376542,0.6307877710842641,0.4339639757385983,0.5901495409358587,0.1424665492952184,saves/unlearn/tofu/forget10/Llama-2-7b-chat-hf/SimNPO/lr5e-5_b32_mb8_ga4_a1.0_beta4.5_delta0_gamma0.25_e10/checkpoint-91/evals/TOFU_SUMMARY.json,saves/unlearn/tofu/forget10/Llama-2-7b-chat-hf/SimNPO/lr5e-5_b32_mb8_ga4_a1.0_beta4.5_delta0_gamma0.25_e10/checkpoint-91/evals/TOFU_EVAL.json
forget10,SimNPO,lr5e-5_b32_mb8_ga4_a1.0_beta4.5_delta0_gamma0.25_e10,5e-5,32,8,4,1.0,4.5,0,0.25,10,checkpoint-104,104,1.0973970510505411e-09,0.6232514293199874,0.8203930029273033,0.13609590159250082,0.60726442124444,0.6293701087821315,0.4343573487234453,0.5859995460943376,0.14500697815748242,saves/unlearn/tofu/forget10/Llama-2-7b-chat-hf/SimNPO/lr5e-5_b32_mb8_ga4_a1.0_beta4.5_delta0_gamma0.25_e10/checkpoint-104/evals/TOFU_SUMMARY.json,saves/unlearn/tofu/forget10/Llama-2-7b-chat-hf/SimNPO/lr5e-5_b32_mb8_ga4_a1.0_beta4.5_delta0_gamma0.25_e10/checkpoint-104/evals/TOFU_EVAL.json
forget10,SimNPO,lr5e-5_b32_mb8_ga4_a1.0_beta4.5_delta0_gamma0.25_e10,5e-5,32,8,4,1.0,4.5,0,0.25,10,checkpoint-117,117,2.7675164465641644e-09,0.6236656935761931,0.8201104414463043,0.13797194647440725,0.6075731805675966,0.6279559754998537,0.4353601050497274,0.5847914519343861,0.14462450238335373,saves/unlearn/tofu/forget10/Llama-2-7b-chat-hf/SimNPO/lr5e-5_b32_mb8_ga4_a1.0_beta4.5_delta0_gamma0.25_e10/checkpoint-117/evals/TOFU_SUMMARY.json,saves/unlearn/tofu/forget10/Llama-2-7b-chat-hf/SimNPO/lr5e-5_b32_mb8_ga4_a1.0_beta4.5_delta0_gamma0.25_e10/checkpoint-117/evals/TOFU_EVAL.json
forget10,SimNPO,lr5e-5_b32_mb8_ga4_a1.0_beta4.5_delta0_gamma0.25_e10,5e-5,32,8,4,1.0,4.5,0,0.25,10,checkpoint-120,120,4.360395687512671e-09,0.6227140061128581,0.8197732265293598,0.1375489969291173,0.607876687365673,0.6292456792953973,0.43502069560012047,0.5830594030204963,0.14405289874401528,saves/unlearn/tofu/forget10/Llama-2-7b-chat-hf/SimNPO/lr5e-5_b32_mb8_ga4_a1.0_beta4.5_delta0_gamma0.25_e10/checkpoint-120/evals/TOFU_SUMMARY.json,saves/unlearn/tofu/forget10/Llama-2-7b-chat-hf/SimNPO/lr5e-5_b32_mb8_ga4_a1.0_beta4.5_delta0_gamma0.25_e10/checkpoint-120/evals/TOFU_EVAL.json
forget10,SimNPO,lr5e-5_b32_mb8_ga4_a1.0_beta4.5_delta1_gamma0.125_e10,5e-5,32,8,4,1.0,4.5,1,0.125,10,checkpoint-13,13,6.159412995752159e-18,0.5865720191674411,0.9353330789506435,0.4821973811059472,0.5603962159229018,0.5651587852982372,0.43799344306764565,0.5375769538060797,-0.1221932108608543,saves/unlearn/tofu/forget10/Llama-2-7b-chat-hf/SimNPO/lr5e-5_b32_mb8_ga4_a1.0_beta4.5_delta1_gamma0.125_e10/checkpoint-13/evals/TOFU_SUMMARY.json,saves/unlearn/tofu/forget10/Llama-2-7b-chat-hf/SimNPO/lr5e-5_b32_mb8_ga4_a1.0_beta4.5_delta1_gamma0.125_e10/checkpoint-13/evals/TOFU_EVAL.json
forget10,SimNPO,lr5e-5_b32_mb8_ga4_a1.0_beta4.5_delta1_gamma0.125_e10,5e-5,32,8,4,1.0,4.5,1,0.125,10,checkpoint-26,26,5.0026003627463854e-05,0.6076669741571439,0.7768297215551138,0.143460459077721,0.6250405051826113,0.6435644936309641,0.4254289713800782,0.6044454512478431,0.14757190984435398,saves/unlearn/tofu/forget10/Llama-2-7b-chat-hf/SimNPO/lr5e-5_b32_mb8_ga4_a1.0_beta4.5_delta1_gamma0.125_e10/checkpoint-26/evals/TOFU_SUMMARY.json,saves/unlearn/tofu/forget10/Llama-2-7b-chat-hf/SimNPO/lr5e-5_b32_mb8_ga4_a1.0_beta4.5_delta1_gamma0.125_e10/checkpoint-26/evals/TOFU_EVAL.json
forget10,SimNPO,lr5e-5_b32_mb8_ga4_a1.0_beta4.5_delta1_gamma0.125_e10,5e-5,32,8,4,1.0,4.5,1,0.125,10,checkpoint-39,39,0.415788823500893,0.6143296261780707,0.7016287390142679,0.08525785938568933,0.6486316912792635,0.6596098184652901,0.42897970779350897,0.6099538214463462,0.636675150478985,saves/unlearn/tofu/forget10/Llama-2-7b-chat-hf/SimNPO/lr5e-5_b32_mb8_ga4_a1.0_beta4.5_delta1_gamma0.125_e10/checkpoint-39/evals/TOFU_SUMMARY.json,saves/unlearn/tofu/forget10/Llama-2-7b-chat-hf/SimNPO/lr5e-5_b32_mb8_ga4_a1.0_beta4.5_delta1_gamma0.125_e10/checkpoint-39/evals/TOFU_EVAL.json
forget10,SimNPO,lr5e-5_b32_mb8_ga4_a1.0_beta4.5_delta1_gamma0.125_e10,5e-5,32,8,4,1.0,4.5,1,0.125,10,checkpoint-52,52,0.5812138636684575,0.6198521826760607,0.6955556386895477,0.08472810244027844,0.6526385639734924,0.6595581770498735,0.43416826200712966,0.5992945895897636,0.8109241757796052,saves/unlearn/tofu/forget10/Llama-2-7b-chat-hf/SimNPO/lr5e-5_b32_mb8_ga4_a1.0_beta4.5_delta1_gamma0.125_e10/checkpoint-52/evals/TOFU_SUMMARY.json,saves/unlearn/tofu/forget10/Llama-2-7b-chat-hf/SimNPO/lr5e-5_b32_mb8_ga4_a1.0_beta4.5_delta1_gamma0.125_e10/checkpoint-52/evals/TOFU_EVAL.json
forget10,SimNPO,lr5e-5_b32_mb8_ga4_a1.0_beta4.5_delta1_gamma0.125_e10,5e-5,32,8,4,1.0,4.5,1,0.125,10,checkpoint-65,65,0.813414043347709,0.6191281625714818,0.6960543433018028,0.08365236635727509,0.6502317381036449,0.6507900617392134,0.4361732060630031,0.5923814975042384,1.042688851089652,saves/unlearn/tofu/forget10/Llama-2-7b-chat-hf/SimNPO/lr5e-5_b32_mb8_ga4_a1.0_beta4.5_delta1_gamma0.125_e10/checkpoint-65/evals/TOFU_SUMMARY.json,saves/unlearn/tofu/forget10/Llama-2-7b-chat-hf/SimNPO/lr5e-5_b32_mb8_ga4_a1.0_beta4.5_delta1_gamma0.125_e10/checkpoint-65/evals/TOFU_EVAL.json
forget10,SimNPO,lr5e-5_b32_mb8_ga4_a1.0_beta4.5_delta1_gamma0.125_e10,5e-5,32,8,4,1.0,4.5,1,0.125,10,checkpoint-78,78,0.5812138636684575,0.6235072128058897,0.7038405504822731,0.08376969052443954,0.6555522260764955,0.6482681002215982,0.4391110368261541,0.5943612142329566,0.8109159559709909,saves/unlearn/tofu/forget10/Llama-2-7b-chat-hf/SimNPO/lr5e-5_b32_mb8_ga4_a1.0_beta4.5_delta1_gamma0.125_e10/checkpoint-78/evals/TOFU_SUMMARY.json,saves/unlearn/tofu/forget10/Llama-2-7b-chat-hf/SimNPO/lr5e-5_b32_mb8_ga4_a1.0_beta4.5_delta1_gamma0.125_e10/checkpoint-78/evals/TOFU_EVAL.json
forget10,SimNPO,lr5e-5_b32_mb8_ga4_a1.0_beta4.5_delta1_gamma0.125_e10,5e-5,32,8,4,1.0,4.5,1,0.125,10,checkpoint-91,91,0.7582774273046589,0.6298706744640694,0.6983141405507922,0.08303234122943745,0.6530087436049139,0.6530508467334571,0.44203824738463693,0.5956304145636138,0.9974748608786135,saves/unlearn/tofu/forget10/Llama-2-7b-chat-hf/SimNPO/lr5e-5_b32_mb8_ga4_a1.0_beta4.5_delta1_gamma0.125_e10/checkpoint-91/evals/TOFU_SUMMARY.json,saves/unlearn/tofu/forget10/Llama-2-7b-chat-hf/SimNPO/lr5e-5_b32_mb8_ga4_a1.0_beta4.5_delta1_gamma0.125_e10/checkpoint-91/evals/TOFU_EVAL.json
forget10,SimNPO,lr5e-5_b32_mb8_ga4_a1.0_beta4.5_delta1_gamma0.125_e10,5e-5,32,8,4,1.0,4.5,1,0.125,10,checkpoint-104,104,0.813414043347709,0.6316551266212195,0.7003553408384323,0.08433541552641419,0.6523497262951468,0.6489621761820882,0.44278403045285736,0.592963819412616,1.0527237917865053,saves/unlearn/tofu/forget10/Llama-2-7b-chat-hf/SimNPO/lr5e-5_b32_mb8_ga4_a1.0_beta4.5_delta1_gamma0.125_e10/checkpoint-104/evals/TOFU_SUMMARY.json,saves/unlearn/tofu/forget10/Llama-2-7b-chat-hf/SimNPO/lr5e-5_b32_mb8_ga4_a1.0_beta4.5_delta1_gamma0.125_e10/checkpoint-104/evals/TOFU_EVAL.json
forget10,SimNPO,lr5e-5_b32_mb8_ga4_a1.0_beta4.5_delta1_gamma0.125_e10,5e-5,32,8,4,1.0,4.5,1,0.125,10,checkpoint-117,117,0.6405071979325999,0.6334443471134453,0.7000038478896022,0.08526389075908371,0.6516003775520177,0.6487405973566683,0.4434869380217409,0.5945677184798177,0.8813176757217023,saves/unlearn/tofu/forget10/Llama-2-7b-chat-hf/SimNPO/lr5e-5_b32_mb8_ga4_a1.0_beta4.5_delta1_gamma0.125_e10/checkpoint-117/evals/TOFU_SUMMARY.json,saves/unlearn/tofu/forget10/Llama-2-7b-chat-hf/SimNPO/lr5e-5_b32_mb8_ga4_a1.0_beta4.5_delta1_gamma0.125_e10/checkpoint-117/evals/TOFU_EVAL.json
forget10,SimNPO,lr5e-5_b32_mb8_ga4_a1.0_beta4.5_delta1_gamma0.125_e10,5e-5,32,8,4,1.0,4.5,1,0.125,10,checkpoint-120,120,0.6405071979325999,0.6324556803087891,0.7008403775840998,0.08547376328976196,0.6513913610448363,0.6477022136343891,0.4434628646792443,0.5924955214380031,0.8798058078044582,saves/unlearn/tofu/forget10/Llama-2-7b-chat-hf/SimNPO/lr5e-5_b32_mb8_ga4_a1.0_beta4.5_delta1_gamma0.125_e10/checkpoint-120/evals/TOFU_SUMMARY.json,saves/unlearn/tofu/forget10/Llama-2-7b-chat-hf/SimNPO/lr5e-5_b32_mb8_ga4_a1.0_beta4.5_delta1_gamma0.125_e10/checkpoint-120/evals/TOFU_EVAL.json
forget10,SimNPO,lr5e-5_b32_mb8_ga4_a1.0_beta4.5_delta1_gamma0.25_e10,5e-5,32,8,4,1.0,4.5,1,0.25,10,checkpoint-13,13,3.1508505165833036e-15,0.5748141189680903,0.8935456424951553,0.32475198566803376,0.5676442072358576,0.5395234493480424,0.44941860408080375,0.5301658488196832,-0.034334695113501124,saves/unlearn/tofu/forget10/Llama-2-7b-chat-hf/SimNPO/lr5e-5_b32_mb8_ga4_a1.0_beta4.5_delta1_gamma0.25_e10/checkpoint-13/evals/TOFU_SUMMARY.json,saves/unlearn/tofu/forget10/Llama-2-7b-chat-hf/SimNPO/lr5e-5_b32_mb8_ga4_a1.0_beta4.5_delta1_gamma0.25_e10/checkpoint-13/evals/TOFU_EVAL.json
forget10,SimNPO,lr5e-5_b32_mb8_ga4_a1.0_beta4.5_delta1_gamma0.25_e10,5e-5,32,8,4,1.0,4.5,1,0.25,10,checkpoint-26,26,0.7000433606572674,0.6130995344458207,0.6513492954475805,0.08264250913933252,0.6469622640845633,0.6751422034089927,0.42603356920778374,0.629590934712546,0.9461469928096317,saves/unlearn/tofu/forget10/Llama-2-7b-chat-hf/SimNPO/lr5e-5_b32_mb8_ga4_a1.0_beta4.5_delta1_gamma0.25_e10/checkpoint-26/evals/TOFU_SUMMARY.json,saves/unlearn/tofu/forget10/Llama-2-7b-chat-hf/SimNPO/lr5e-5_b32_mb8_ga4_a1.0_beta4.5_delta1_gamma0.25_e10/checkpoint-26/evals/TOFU_EVAL.json
forget10,SimNPO,lr5e-5_b32_mb8_ga4_a1.0_beta4.5_delta1_gamma0.25_e10,5e-5,32,8,4,1.0,4.5,1,0.25,10,checkpoint-39,39,0.019594795142993927,0.611898215895524,0.6060289236810058,0.06042081331307394,0.6278551133804364,0.6439813159321297,0.436651255507058,0.5949493915294911,0.298268142541478,saves/unlearn/tofu/forget10/Llama-2-7b-chat-hf/SimNPO/lr5e-5_b32_mb8_ga4_a1.0_beta4.5_delta1_gamma0.25_e10/checkpoint-39/evals/TOFU_SUMMARY.json,saves/unlearn/tofu/forget10/Llama-2-7b-chat-hf/SimNPO/lr5e-5_b32_mb8_ga4_a1.0_beta4.5_delta1_gamma0.25_e10/checkpoint-39/evals/TOFU_EVAL.json
forget10,SimNPO,lr5e-5_b32_mb8_ga4_a1.0_beta4.5_delta1_gamma0.25_e10,5e-5,32,8,4,1.0,4.5,1,0.25,10,checkpoint-52,52,0.13142600454226117,0.6070191106924164,0.614259760947898,0.06364241031806334,0.633356943056606,0.6164649461469525,0.4411749735102237,0.5818785874663968,0.3994940296016969,saves/unlearn/tofu/forget10/Llama-2-7b-chat-hf/SimNPO/lr5e-5_b32_mb8_ga4_a1.0_beta4.5_delta1_gamma0.25_e10/checkpoint-52/evals/TOFU_SUMMARY.json,saves/unlearn/tofu/forget10/Llama-2-7b-chat-hf/SimNPO/lr5e-5_b32_mb8_ga4_a1.0_beta4.5_delta1_gamma0.25_e10/checkpoint-52/evals/TOFU_EVAL.json
forget10,SimNPO,lr5e-5_b32_mb8_ga4_a1.0_beta4.5_delta1_gamma0.25_e10,5e-5,32,8,4,1.0,4.5,1,0.25,10,checkpoint-65,65,0.02985302150862578,0.6074654533651771,0.6232289156410843,0.06630674471491424,0.632701655441761,0.6158890002241256,0.4347445656208915,0.5792105023455046,0.2925506446958036,saves/unlearn/tofu/forget10/Llama-2-7b-chat-hf/SimNPO/lr5e-5_b32_mb8_ga4_a1.0_beta4.5_delta1_gamma0.25_e10/checkpoint-65/evals/TOFU_SUMMARY.json,saves/unlearn/tofu/forget10/Llama-2-7b-chat-hf/SimNPO/lr5e-5_b32_mb8_ga4_a1.0_beta4.5_delta1_gamma0.25_e10/checkpoint-65/evals/TOFU_EVAL.json
forget10,SimNPO,lr5e-5_b32_mb8_ga4_a1.0_beta4.5_delta1_gamma0.25_e10,5e-5,32,8,4,1.0,4.5,1,0.25,10,checkpoint-78,78,0.13142600454226117,0.6149473196692304,0.6255992110911757,0.0661649683979955,0.6322666362913297,0.6182026718433573,0.44428190481995583,0.5783940270724177,0.40049123446690604,saves/unlearn/tofu/forget10/Llama-2-7b-chat-hf/SimNPO/lr5e-5_b32_mb8_ga4_a1.0_beta4.5_delta1_gamma0.25_e10/checkpoint-78/evals/TOFU_SUMMARY.json,saves/unlearn/tofu/forget10/Llama-2-7b-chat-hf/SimNPO/lr5e-5_b32_mb8_ga4_a1.0_beta4.5_delta1_gamma0.25_e10/checkpoint-78/evals/TOFU_EVAL.json
forget10,SimNPO,lr5e-5_b32_mb8_ga4_a1.0_beta4.5_delta1_gamma0.25_e10,5e-5,32,8,4,1.0,4.5,1,0.25,10,checkpoint-91,91,0.06521994354498474,0.6195193750221031,0.6259535711538047,0.06530544983756136,0.6312000723650836,0.6186594267735924,0.44504081309995586,0.5790640105803976,0.3391098080714048,saves/unlearn/tofu/forget10/Llama-2-7b-chat-hf/SimNPO/lr5e-5_b32_mb8_ga4_a1.0_beta4.5_delta1_gamma0.25_e10/checkpoint-91/evals/TOFU_SUMMARY.json,saves/unlearn/tofu/forget10/Llama-2-7b-chat-hf/SimNPO/lr5e-5_b32_mb8_ga4_a1.0_beta4.5_delta1_gamma0.25_e10/checkpoint-91/evals/TOFU_EVAL.json
forget10,SimNPO,lr5e-5_b32_mb8_ga4_a1.0_beta4.5_delta1_gamma0.25_e10,5e-5,32,8,4,1.0,4.5,1,0.25,10,checkpoint-104,104,0.06521994354498474,0.6187221211822026,0.6256366214063018,0.0662455197005758,0.6298772128760786,0.6140438205231868,0.44492925685856477,0.573158206911579,0.3380009941737485,saves/unlearn/tofu/forget10/Llama-2-7b-chat-hf/SimNPO/lr5e-5_b32_mb8_ga4_a1.0_beta4.5_delta1_gamma0.25_e10/checkpoint-104/evals/TOFU_SUMMARY.json,saves/unlearn/tofu/forget10/Llama-2-7b-chat-hf/SimNPO/lr5e-5_b32_mb8_ga4_a1.0_beta4.5_delta1_gamma0.25_e10/checkpoint-104/evals/TOFU_EVAL.json
forget10,SimNPO,lr5e-5_b32_mb8_ga4_a1.0_beta4.5_delta1_gamma0.25_e10,5e-5,32,8,4,1.0,4.5,1,0.25,10,checkpoint-117,117,0.09352461409425458,0.6201049998600487,0.6250279397610575,0.06662847471835852,0.6304251949976967,0.6141749594789774,0.4454820652930471,0.5739364736088359,0.3678014067145953,saves/unlearn/tofu/forget10/Llama-2-7b-chat-hf/SimNPO/lr5e-5_b32_mb8_ga4_a1.0_beta4.5_delta1_gamma0.25_e10/checkpoint-117/evals/TOFU_SUMMARY.json,saves/unlearn/tofu/forget10/Llama-2-7b-chat-hf/SimNPO/lr5e-5_b32_mb8_ga4_a1.0_beta4.5_delta1_gamma0.25_e10/checkpoint-117/evals/TOFU_EVAL.json
forget10,SimNPO,lr5e-5_b32_mb8_ga4_a1.0_beta4.5_delta1_gamma0.25_e10,5e-5,32,8,4,1.0,4.5,1,0.25,10,checkpoint-120,120,0.06521994354498474,0.6199937072413698,0.6252301834151148,0.066063442780393,0.6302198133130582,0.613318710726642,0.4453857976429864,0.573672955396854,0.33956683768860063,saves/unlearn/tofu/forget10/Llama-2-7b-chat-hf/SimNPO/lr5e-5_b32_mb8_ga4_a1.0_beta4.5_delta1_gamma0.25_e10/checkpoint-120/evals/TOFU_SUMMARY.json,saves/unlearn/tofu/forget10/Llama-2-7b-chat-hf/SimNPO/lr5e-5_b32_mb8_ga4_a1.0_beta4.5_delta1_gamma0.25_e10/checkpoint-120/evals/TOFU_EVAL.json
forget10,SimNPO,lr6e-5_b16_mb8_ga2_a1.0_beta3.5_delta0_gamma0.125_e10,6e-5,16,8,2,1.0,3.5,0,0.125,10,checkpoint-25,25,1.6558004532094654e-18,0.5637945102014823,0.9264808894693851,0.44597758269022103,0.5719694917875663,0.5461473178052811,0.4095734564685992,0.5477774398925094,-0.12243472587832077,saves/unlearn/tofu/forget10/Llama-2-7b-chat-hf/SimNPO/lr6e-5_b16_mb8_ga2_a1.0_beta3.5_delta0_gamma0.125_e10/checkpoint-25/evals/TOFU_SUMMARY.json,saves/unlearn/tofu/forget10/Llama-2-7b-chat-hf/SimNPO/lr6e-5_b16_mb8_ga2_a1.0_beta3.5_delta0_gamma0.125_e10/checkpoint-25/evals/TOFU_EVAL.json
forget10,SimNPO,lr6e-5_b16_mb8_ga2_a1.0_beta3.5_delta0_gamma0.125_e10,6e-5,16,8,2,1.0,3.5,0,0.125,10,checkpoint-50,50,4.2606809322061477e-10,0.551815680999899,0.8235485224425793,0.15924047094972377,0.6247109783307491,0.5881667921422156,0.3895154683356043,0.5818646520785725,0.06042118472981553,saves/unlearn/tofu/forget10/Llama-2-7b-chat-hf/SimNPO/lr6e-5_b16_mb8_ga2_a1.0_beta3.5_delta0_gamma0.125_e10/checkpoint-50/evals/TOFU_SUMMARY.json,saves/unlearn/tofu/forget10/Llama-2-7b-chat-hf/SimNPO/lr6e-5_b16_mb8_ga2_a1.0_beta3.5_delta0_gamma0.125_e10/checkpoint-50/evals/TOFU_EVAL.json
forget10,SimNPO,lr6e-5_b16_mb8_ga2_a1.0_beta3.5_delta0_gamma0.125_e10,6e-5,16,8,2,1.0,3.5,0,0.125,10,checkpoint-75,75,1.6196210141854015e-10,0.5568958077787368,0.7909472520649433,0.1112689381807027,0.6279416606534711,0.6163033820229475,0.40849221031333344,0.5575000499513206,0.10578771281787591,saves/unlearn/tofu/forget10/Llama-2-7b-chat-hf/SimNPO/lr6e-5_b16_mb8_ga2_a1.0_beta3.5_delta0_gamma0.125_e10/checkpoint-75/evals/TOFU_SUMMARY.json,saves/unlearn/tofu/forget10/Llama-2-7b-chat-hf/SimNPO/lr6e-5_b16_mb8_ga2_a1.0_beta3.5_delta0_gamma0.125_e10/checkpoint-75/evals/TOFU_EVAL.json
forget10,SimNPO,lr6e-5_b16_mb8_ga2_a1.0_beta3.5_delta0_gamma0.125_e10,6e-5,16,8,2,1.0,3.5,0,0.125,10,checkpoint-100,100,2.5496506594547965e-08,0.5718111445815661,0.7784499974548816,0.1091433080186815,0.6552493810109215,0.6469522365139294,0.38806985349256323,0.5802464569242287,0.12801451734129113,saves/unlearn/tofu/forget10/Llama-2-7b-chat-hf/SimNPO/lr6e-5_b16_mb8_ga2_a1.0_beta3.5_delta0_gamma0.125_e10/checkpoint-100/evals/TOFU_SUMMARY.json,saves/unlearn/tofu/forget10/Llama-2-7b-chat-hf/SimNPO/lr6e-5_b16_mb8_ga2_a1.0_beta3.5_delta0_gamma0.125_e10/checkpoint-100/evals/TOFU_EVAL.json
forget10,SimNPO,lr6e-5_b16_mb8_ga2_a1.0_beta3.5_delta0_gamma0.125_e10,6e-5,16,8,2,1.0,3.5,0,0.125,10,checkpoint-125,125,1.3711905167668337e-07,0.5811132814233095,0.7791081361472607,0.1060206470361274,0.641644026756582,0.6401986410363972,0.41578691530502704,0.5598094835244811,0.13854902695066715,saves/unlearn/tofu/forget10/Llama-2-7b-chat-hf/SimNPO/lr6e-5_b16_mb8_ga2_a1.0_beta3.5_delta0_gamma0.125_e10/checkpoint-125/evals/TOFU_SUMMARY.json,saves/unlearn/tofu/forget10/Llama-2-7b-chat-hf/SimNPO/lr6e-5_b16_mb8_ga2_a1.0_beta3.5_delta0_gamma0.125_e10/checkpoint-125/evals/TOFU_EVAL.json
forget10,SimNPO,lr6e-5_b16_mb8_ga2_a1.0_beta3.5_delta0_gamma0.125_e10,6e-5,16,8,2,1.0,3.5,0,0.125,10,checkpoint-150,150,6.784754222980868e-07,0.587832247337575,0.7816692131757736,0.10863147848413522,0.6470544737990767,0.6452149759290212,0.41147317981040515,0.5656380178889832,0.14268257998304285,saves/unlearn/tofu/forget10/Llama-2-7b-chat-hf/SimNPO/lr6e-5_b16_mb8_ga2_a1.0_beta3.5_delta0_gamma0.125_e10/checkpoint-150/evals/TOFU_SUMMARY.json,saves/unlearn/tofu/forget10/Llama-2-7b-chat-hf/SimNPO/lr6e-5_b16_mb8_ga2_a1.0_beta3.5_delta0_gamma0.125_e10/checkpoint-150/evals/TOFU_EVAL.json
forget10,SimNPO,lr6e-5_b16_mb8_ga2_a1.0_beta3.5_delta0_gamma0.125_e10,6e-5,16,8,2,1.0,3.5,0,0.125,10,checkpoint-175,175,3.081974946564706e-07,0.5901738464724353,0.780619395673275,0.10844248835029051,0.6400885365941238,0.6291887527613714,0.4183179788913718,0.5562760949828711,0.1456432126581472,saves/unlearn/tofu/forget10/Llama-2-7b-chat-hf/SimNPO/lr6e-5_b16_mb8_ga2_a1.0_beta3.5_delta0_gamma0.125_e10/checkpoint-175/evals/TOFU_SUMMARY.json,saves/unlearn/tofu/forget10/Llama-2-7b-chat-hf/SimNPO/lr6e-5_b16_mb8_ga2_a1.0_beta3.5_delta0_gamma0.125_e10/checkpoint-175/evals/TOFU_EVAL.json
forget10,SimNPO,lr6e-5_b16_mb8_ga2_a1.0_beta3.5_delta0_gamma0.125_e10,6e-5,16,8,2,1.0,3.5,0,0.125,10,checkpoint-200,200,4.5846770167841434e-07,0.5963732027938065,0.7795786984264851,0.10735740451406822,0.6357374652943973,0.6301940233034465,0.42162356353438624,0.5584183538699031,0.1529056097912315,saves/unlearn/tofu/forget10/Llama-2-7b-chat-hf/SimNPO/lr6e-5_b16_mb8_ga2_a1.0_beta3.5_delta0_gamma0.125_e10/checkpoint-200/evals/TOFU_SUMMARY.json,saves/unlearn/tofu/forget10/Llama-2-7b-chat-hf/SimNPO/lr6e-5_b16_mb8_ga2_a1.0_beta3.5_delta0_gamma0.125_e10/checkpoint-200/evals/TOFU_EVAL.json
forget10,SimNPO,lr6e-5_b16_mb8_ga2_a1.0_beta3.5_delta0_gamma0.125_e10,6e-5,16,8,2,1.0,3.5,0,0.125,10,checkpoint-225,225,2.061070745515147e-07,0.5993963622290016,0.781234605461359,0.10829085554928806,0.6355099902531354,0.6301267932173985,0.42373019469747175,0.5568125635027149,0.15463383783075257,saves/unlearn/tofu/forget10/Llama-2-7b-chat-hf/SimNPO/lr6e-5_b16_mb8_ga2_a1.0_beta3.5_delta0_gamma0.125_e10/checkpoint-225/evals/TOFU_SUMMARY.json,saves/unlearn/tofu/forget10/Llama-2-7b-chat-hf/SimNPO/lr6e-5_b16_mb8_ga2_a1.0_beta3.5_delta0_gamma0.125_e10/checkpoint-225/evals/TOFU_EVAL.json
forget10,SimNPO,lr6e-5_b16_mb8_ga2_a1.0_beta3.5_delta0_gamma0.125_e10,6e-5,16,8,2,1.0,3.5,0,0.125,10,checkpoint-250,250,2.061070745515147e-07,0.6001661707933276,0.7810533340275287,0.10900228492465334,0.6347089698811934,0.6301661786436709,0.42496104400105156,0.5581994782554895,0.15513856742431104,saves/unlearn/tofu/forget10/Llama-2-7b-chat-hf/SimNPO/lr6e-5_b16_mb8_ga2_a1.0_beta3.5_delta0_gamma0.125_e10/checkpoint-250/evals/TOFU_SUMMARY.json,saves/unlearn/tofu/forget10/Llama-2-7b-chat-hf/SimNPO/lr6e-5_b16_mb8_ga2_a1.0_beta3.5_delta0_gamma0.125_e10/checkpoint-250/evals/TOFU_EVAL.json
forget10,SimNPO,lr6e-5_b16_mb8_ga2_a1.0_beta3.5_delta0_gamma0.25_e10,6e-5,16,8,2,1.0,3.5,0,0.25,10,checkpoint-25,25,1.0229984068189572e-13,0.5711076945016257,0.8978714020550251,0.3254919303513505,0.6005999432903253,0.5699577236083707,0.4054088443009385,0.5527875602233466,-0.04057397170145988,saves/unlearn/tofu/forget10/Llama-2-7b-chat-hf/SimNPO/lr6e-5_b16_mb8_ga2_a1.0_beta3.5_delta0_gamma0.25_e10/checkpoint-25/evals/TOFU_SUMMARY.json,saves/unlearn/tofu/forget10/Llama-2-7b-chat-hf/SimNPO/lr6e-5_b16_mb8_ga2_a1.0_beta3.5_delta0_gamma0.25_e10/checkpoint-25/evals/TOFU_EVAL.json
forget10,SimNPO,lr6e-5_b16_mb8_ga2_a1.0_beta3.5_delta0_gamma0.25_e10,6e-5,16,8,2,1.0,3.5,0,0.25,10,checkpoint-50,50,0.0005832940307390987,0.5679327923096741,0.782889012247324,0.10856063250135571,0.6661476722316513,0.6520875325402709,0.379482712077133,0.6196069107001331,0.12279126396607332,saves/unlearn/tofu/forget10/Llama-2-7b-chat-hf/SimNPO/lr6e-5_b16_mb8_ga2_a1.0_beta3.5_delta0_gamma0.25_e10/checkpoint-50/evals/TOFU_SUMMARY.json,saves/unlearn/tofu/forget10/Llama-2-7b-chat-hf/SimNPO/lr6e-5_b16_mb8_ga2_a1.0_beta3.5_delta0_gamma0.25_e10/checkpoint-50/evals/TOFU_EVAL.json
forget10,SimNPO,lr6e-5_b16_mb8_ga2_a1.0_beta3.5_delta0_gamma0.25_e10,6e-5,16,8,2,1.0,3.5,0,0.25,10,checkpoint-75,75,0.0005832940307390987,0.5776778816552331,0.7561759008467197,0.09306776935757342,0.6697616226952505,0.6251296123162695,0.40843538300811594,0.609097232433123,0.15363934058382567,saves/unlearn/tofu/forget10/Llama-2-7b-chat-hf/SimNPO/lr6e-5_b16_mb8_ga2_a1.0_beta3.5_delta0_gamma0.25_e10/checkpoint-75/evals/TOFU_SUMMARY.json,saves/unlearn/tofu/forget10/Llama-2-7b-chat-hf/SimNPO/lr6e-5_b16_mb8_ga2_a1.0_beta3.5_delta0_gamma0.25_e10/checkpoint-75/evals/TOFU_EVAL.json
forget10,SimNPO,lr6e-5_b16_mb8_ga2_a1.0_beta3.5_delta0_gamma0.25_e10,6e-5,16,8,2,1.0,3.5,0,0.25,10,checkpoint-100,100,0.00794521285574355,0.5745931415694645,0.7480255597829819,0.08871954492419121,0.6866317411573132,0.6323726241757026,0.38840394256512456,0.6056451499675591,0.1641658020716215,saves/unlearn/tofu/forget10/Llama-2-7b-chat-hf/SimNPO/lr6e-5_b16_mb8_ga2_a1.0_beta3.5_delta0_gamma0.25_e10/checkpoint-100/evals/TOFU_SUMMARY.json,saves/unlearn/tofu/forget10/Llama-2-7b-chat-hf/SimNPO/lr6e-5_b16_mb8_ga2_a1.0_beta3.5_delta0_gamma0.25_e10/checkpoint-100/evals/TOFU_EVAL.json
forget10,SimNPO,lr6e-5_b16_mb8_ga2_a1.0_beta3.5_delta0_gamma0.25_e10,6e-5,16,8,2,1.0,3.5,0,0.25,10,checkpoint-125,125,9.532297003197859e-05,0.5709119148017814,0.7514661961793899,0.0938320626133878,0.6725021121478703,0.6029254220326723,0.4084343360658916,0.560527981871574,0.1483581083754245,saves/unlearn/tofu/forget10/Llama-2-7b-chat-hf/SimNPO/lr6e-5_b16_mb8_ga2_a1.0_beta3.5_delta0_gamma0.25_e10/checkpoint-125/evals/TOFU_SUMMARY.json,saves/unlearn/tofu/forget10/Llama-2-7b-chat-hf/SimNPO/lr6e-5_b16_mb8_ga2_a1.0_beta3.5_delta0_gamma0.25_e10/checkpoint-125/evals/TOFU_EVAL.json
forget10,SimNPO,lr6e-5_b16_mb8_ga2_a1.0_beta3.5_delta0_gamma0.25_e10,6e-5,16,8,2,1.0,3.5,0,0.25,10,checkpoint-150,150,0.004907932356726081,0.5864893592716709,0.7494299578666687,0.08928822591978579,0.6788202996827266,0.6254268085522697,0.409954315432285,0.5686515444098255,0.1720381997351697,saves/unlearn/tofu/forget10/Llama-2-7b-chat-hf/SimNPO/lr6e-5_b16_mb8_ga2_a1.0_beta3.5_delta0_gamma0.25_e10/checkpoint-150/evals/TOFU_SUMMARY.json,saves/unlearn/tofu/forget10/Llama-2-7b-chat-hf/SimNPO/lr6e-5_b16_mb8_ga2_a1.0_beta3.5_delta0_gamma0.25_e10/checkpoint-150/evals/TOFU_EVAL.json
forget10,SimNPO,lr6e-5_b16_mb8_ga2_a1.0_beta3.5_delta0_gamma0.25_e10,6e-5,16,8,2,1.0,3.5,0,0.25,10,checkpoint-175,175,0.0017621899205092087,0.5897988645095449,0.7501765578985214,0.0871742637032229,0.6733662780846308,0.6069545326859703,0.4221242363671044,0.5565116112836372,0.17288564362918196,saves/unlearn/tofu/forget10/Llama-2-7b-chat-hf/SimNPO/lr6e-5_b16_mb8_ga2_a1.0_beta3.5_delta0_gamma0.25_e10/checkpoint-175/evals/TOFU_SUMMARY.json,saves/unlearn/tofu/forget10/Llama-2-7b-chat-hf/SimNPO/lr6e-5_b16_mb8_ga2_a1.0_beta3.5_delta0_gamma0.25_e10/checkpoint-175/evals/TOFU_EVAL.json
forget10,SimNPO,lr6e-5_b16_mb8_ga2_a1.0_beta3.5_delta0_gamma0.25_e10,6e-5,16,8,2,1.0,3.5,0,0.25,10,checkpoint-200,200,0.004907932356726081,0.5939711529424374,0.7491345131397247,0.0862653482786834,0.6733541397717555,0.6058669140357724,0.42429900775520457,0.5574122934052032,0.18117915458995942,saves/unlearn/tofu/forget10/Llama-2-7b-chat-hf/SimNPO/lr6e-5_b16_mb8_ga2_a1.0_beta3.5_delta0_gamma0.25_e10/checkpoint-200/evals/TOFU_SUMMARY.json,saves/unlearn/tofu/forget10/Llama-2-7b-chat-hf/SimNPO/lr6e-5_b16_mb8_ga2_a1.0_beta3.5_delta0_gamma0.25_e10/checkpoint-200/evals/TOFU_EVAL.json
forget10,SimNPO,lr6e-5_b16_mb8_ga2_a1.0_beta3.5_delta0_gamma0.25_e10,6e-5,16,8,2,1.0,3.5,0,0.25,10,checkpoint-225,225,0.006260402267679663,0.5941573841778475,0.7502962286770344,0.08673802464459078,0.6747459787502769,0.6050298971850644,0.42498206724956744,0.55374382510088,0.18190065978471454,saves/unlearn/tofu/forget10/Llama-2-7b-chat-hf/SimNPO/lr6e-5_b16_mb8_ga2_a1.0_beta3.5_delta0_gamma0.25_e10/checkpoint-225/evals/TOFU_SUMMARY.json,saves/unlearn/tofu/forget10/Llama-2-7b-chat-hf/SimNPO/lr6e-5_b16_mb8_ga2_a1.0_beta3.5_delta0_gamma0.25_e10/checkpoint-225/evals/TOFU_EVAL.json
forget10,SimNPO,lr6e-5_b16_mb8_ga2_a1.0_beta3.5_delta0_gamma0.25_e10,6e-5,16,8,2,1.0,3.5,0,0.25,10,checkpoint-250,250,0.006260402267679663,0.5947360087211838,0.749266904592514,0.08576662731227554,0.6741385028177015,0.605358663998973,0.4261706294818971,0.5537395563404175,0.1834796450364687,saves/unlearn/tofu/forget10/Llama-2-7b-chat-hf/SimNPO/lr6e-5_b16_mb8_ga2_a1.0_beta3.5_delta0_gamma0.25_e10/checkpoint-250/evals/TOFU_SUMMARY.json,saves/unlearn/tofu/forget10/Llama-2-7b-chat-hf/SimNPO/lr6e-5_b16_mb8_ga2_a1.0_beta3.5_delta0_gamma0.25_e10/checkpoint-250/evals/TOFU_EVAL.json
forget10,SimNPO,lr6e-5_b16_mb8_ga2_a1.0_beta3.5_delta1_gamma0.125_e10,6e-5,16,8,2,1.0,3.5,1,0.125,10,checkpoint-25,25,9.344235949852775e-13,0.5721833440532218,0.8797537222504616,0.2794024882485204,0.607119795719769,0.5678706549117951,0.41070957416192533,0.5644482919245599,-0.0073947611953346926,saves/unlearn/tofu/forget10/Llama-2-7b-chat-hf/SimNPO/lr6e-5_b16_mb8_ga2_a1.0_beta3.5_delta1_gamma0.125_e10/checkpoint-25/evals/TOFU_SUMMARY.json,saves/unlearn/tofu/forget10/Llama-2-7b-chat-hf/SimNPO/lr6e-5_b16_mb8_ga2_a1.0_beta3.5_delta1_gamma0.125_e10/checkpoint-25/evals/TOFU_EVAL.json
forget10,SimNPO,lr6e-5_b16_mb8_ga2_a1.0_beta3.5_delta1_gamma0.125_e10,6e-5,16,8,2,1.0,3.5,1,0.125,10,checkpoint-50,50,0.15461291961180293,0.5781584774517868,0.6674263060372323,0.07004779981374198,0.6726977653702266,0.6809455180270065,0.3956630657674411,0.6307682623902917,0.3640343441381026,saves/unlearn/tofu/forget10/Llama-2-7b-chat-hf/SimNPO/lr6e-5_b16_mb8_ga2_a1.0_beta3.5_delta1_gamma0.125_e10/checkpoint-50/evals/TOFU_SUMMARY.json,saves/unlearn/tofu/forget10/Llama-2-7b-chat-hf/SimNPO/lr6e-5_b16_mb8_ga2_a1.0_beta3.5_delta1_gamma0.125_e10/checkpoint-50/evals/TOFU_EVAL.json
forget10,SimNPO,lr6e-5_b16_mb8_ga2_a1.0_beta3.5_delta1_gamma0.125_e10,6e-5,16,8,2,1.0,3.5,1,0.125,10,checkpoint-75,75,0.07829787069468755,0.5767192454101778,0.641752457106486,0.05843575531619699,0.6711397287560039,0.6368297705651907,0.417977760889607,0.6028422012923144,0.30492300989352383,saves/unlearn/tofu/forget10/Llama-2-7b-chat-hf/SimNPO/lr6e-5_b16_mb8_ga2_a1.0_beta3.5_delta1_gamma0.125_e10/checkpoint-75/evals/TOFU_SUMMARY.json,saves/unlearn/tofu/forget10/Llama-2-7b-chat-hf/SimNPO/lr6e-5_b16_mb8_ga2_a1.0_beta3.5_delta1_gamma0.125_e10/checkpoint-75/evals/TOFU_EVAL.json
forget10,SimNPO,lr6e-5_b16_mb8_ga2_a1.0_beta3.5_delta1_gamma0.125_e10,6e-5,16,8,2,1.0,3.5,1,0.125,10,checkpoint-100,100,0.0022938851536275073,0.578754910290857,0.6436911783367395,0.06352626469495956,0.6694247656336016,0.6366656651074483,0.3946498881599295,0.6154265590334247,0.22744007392863497,saves/unlearn/tofu/forget10/Llama-2-7b-chat-hf/SimNPO/lr6e-5_b16_mb8_ga2_a1.0_beta3.5_delta1_gamma0.125_e10/checkpoint-100/evals/TOFU_SUMMARY.json,saves/unlearn/tofu/forget10/Llama-2-7b-chat-hf/SimNPO/lr6e-5_b16_mb8_ga2_a1.0_beta3.5_delta1_gamma0.125_e10/checkpoint-100/evals/TOFU_EVAL.json
forget10,SimNPO,lr6e-5_b16_mb8_ga2_a1.0_beta3.5_delta1_gamma0.125_e10,6e-5,16,8,2,1.0,3.5,1,0.125,10,checkpoint-125,125,0.04457247091405896,0.5748403763171099,0.6476587498374283,0.0661725757342844,0.6622665790477115,0.6174006143709077,0.41218740567823275,0.5671577903683122,0.2624971844453125,saves/unlearn/tofu/forget10/Llama-2-7b-chat-hf/SimNPO/lr6e-5_b16_mb8_ga2_a1.0_beta3.5_delta1_gamma0.125_e10/checkpoint-125/evals/TOFU_SUMMARY.json,saves/unlearn/tofu/forget10/Llama-2-7b-chat-hf/SimNPO/lr6e-5_b16_mb8_ga2_a1.0_beta3.5_delta1_gamma0.125_e10/checkpoint-125/evals/TOFU_EVAL.json
forget10,SimNPO,lr6e-5_b16_mb8_ga2_a1.0_beta3.5_delta1_gamma0.125_e10,6e-5,16,8,2,1.0,3.5,1,0.125,10,checkpoint-150,150,0.015755280926407406,0.5971186992737606,0.6466328025050462,0.06326124232123201,0.6626160967010675,0.6447187192335986,0.4151825517283534,0.5891266928532779,0.25792695778702895,saves/unlearn/tofu/forget10/Llama-2-7b-chat-hf/SimNPO/lr6e-5_b16_mb8_ga2_a1.0_beta3.5_delta1_gamma0.125_e10/checkpoint-150/evals/TOFU_SUMMARY.json,saves/unlearn/tofu/forget10/Llama-2-7b-chat-hf/SimNPO/lr6e-5_b16_mb8_ga2_a1.0_beta3.5_delta1_gamma0.125_e10/checkpoint-150/evals/TOFU_EVAL.json
forget10,SimNPO,lr6e-5_b16_mb8_ga2_a1.0_beta3.5_delta1_gamma0.125_e10,6e-5,16,8,2,1.0,3.5,1,0.125,10,checkpoint-175,175,0.004907932356726081,0.5994853011069092,0.6486191363818944,0.06514353764790617,0.6571518759407278,0.6258487691077409,0.42591238045006913,0.5832015907604099,0.247511896448735,saves/unlearn/tofu/forget10/Llama-2-7b-chat-hf/SimNPO/lr6e-5_b16_mb8_ga2_a1.0_beta3.5_delta1_gamma0.125_e10/checkpoint-175/evals/TOFU_SUMMARY.json,saves/unlearn/tofu/forget10/Llama-2-7b-chat-hf/SimNPO/lr6e-5_b16_mb8_ga2_a1.0_beta3.5_delta1_gamma0.125_e10/checkpoint-175/evals/TOFU_EVAL.json
forget10,SimNPO,lr6e-5_b16_mb8_ga2_a1.0_beta3.5_delta1_gamma0.125_e10,6e-5,16,8,2,1.0,3.5,1,0.125,10,checkpoint-200,200,0.010032513978788836,0.6011704607589472,0.6474910748191178,0.06626075275546629,0.6566031925573554,0.6191419327289918,0.42652307201405665,0.5845374318451938,0.25432706095044394,saves/unlearn/tofu/forget10/Llama-2-7b-chat-hf/SimNPO/lr6e-5_b16_mb8_ga2_a1.0_beta3.5_delta1_gamma0.125_e10/checkpoint-200/evals/TOFU_SUMMARY.json,saves/unlearn/tofu/forget10/Llama-2-7b-chat-hf/SimNPO/lr6e-5_b16_mb8_ga2_a1.0_beta3.5_delta1_gamma0.125_e10/checkpoint-200/evals/TOFU_EVAL.json
forget10,SimNPO,lr6e-5_b16_mb8_ga2_a1.0_beta3.5_delta1_gamma0.125_e10,6e-5,16,8,2,1.0,3.5,1,0.125,10,checkpoint-225,225,0.00794521285574355,0.6024895500456646,0.6460344609990716,0.0652038125603591,0.6557430229397133,0.6167877708045697,0.43086861984675023,0.5804663762437589,0.25481562612169284,saves/unlearn/tofu/forget10/Llama-2-7b-chat-hf/SimNPO/lr6e-5_b16_mb8_ga2_a1.0_beta3.5_delta1_gamma0.125_e10/checkpoint-225/evals/TOFU_SUMMARY.json,saves/unlearn/tofu/forget10/Llama-2-7b-chat-hf/SimNPO/lr6e-5_b16_mb8_ga2_a1.0_beta3.5_delta1_gamma0.125_e10/checkpoint-225/evals/TOFU_EVAL.json
forget10,SimNPO,lr6e-5_b16_mb8_ga2_a1.0_beta3.5_delta1_gamma0.125_e10,6e-5,16,8,2,1.0,3.5,1,0.125,10,checkpoint-250,250,0.010032513978788836,0.6032239235163648,0.6464111948758364,0.06511728773766406,0.6560109492306866,0.6168894515527314,0.43191660664692977,0.5819350685740544,0.25749219618840335,saves/unlearn/tofu/forget10/Llama-2-7b-chat-hf/SimNPO/lr6e-5_b16_mb8_ga2_a1.0_beta3.5_delta1_gamma0.125_e10/checkpoint-250/evals/TOFU_SUMMARY.json,saves/unlearn/tofu/forget10/Llama-2-7b-chat-hf/SimNPO/lr6e-5_b16_mb8_ga2_a1.0_beta3.5_delta1_gamma0.125_e10/checkpoint-250/evals/TOFU_EVAL.json
forget10,SimNPO,lr6e-5_b16_mb8_ga2_a1.0_beta3.5_delta1_gamma0.25_e10,6e-5,16,8,2,1.0,3.5,1,0.25,10,checkpoint-25,25,4.5846770167841434e-07,0.5550763536999549,0.8008423023670912,0.1580226399723185,0.6146045123987592,0.5455919198882662,0.4213020794908542,0.5523459580927467,0.07564434099795174,saves/unlearn/tofu/forget10/Llama-2-7b-chat-hf/SimNPO/lr6e-5_b16_mb8_ga2_a1.0_beta3.5_delta1_gamma0.25_e10/checkpoint-25/evals/TOFU_SUMMARY.json,saves/unlearn/tofu/forget10/Llama-2-7b-chat-hf/SimNPO/lr6e-5_b16_mb8_ga2_a1.0_beta3.5_delta1_gamma0.25_e10/checkpoint-25/evals/TOFU_EVAL.json
forget10,SimNPO,lr6e-5_b16_mb8_ga2_a1.0_beta3.5_delta1_gamma0.25_e10,6e-5,16,8,2,1.0,3.5,1,0.25,10,checkpoint-50,50,9.12384805543942e-06,0.6015924187927089,0.5489122630376368,0.04847917129190702,0.6404916080735436,0.7061230611413695,0.4054818416061525,0.6781076649949929,0.3029058254759923,saves/unlearn/tofu/forget10/Llama-2-7b-chat-hf/SimNPO/lr6e-5_b16_mb8_ga2_a1.0_beta3.5_delta1_gamma0.25_e10/checkpoint-50/evals/TOFU_SUMMARY.json,saves/unlearn/tofu/forget10/Llama-2-7b-chat-hf/SimNPO/lr6e-5_b16_mb8_ga2_a1.0_beta3.5_delta1_gamma0.25_e10/checkpoint-50/evals/TOFU_EVAL.json
forget10,SimNPO,lr6e-5_b16_mb8_ga2_a1.0_beta3.5_delta1_gamma0.25_e10,6e-5,16,8,2,1.0,3.5,1,0.25,10,checkpoint-75,75,0.003828187263300835,0.587139808851291,0.5905127159133553,0.057398712366107836,0.6738471031928855,0.6650523950012973,0.41182848046851134,0.6154720895535389,0.26701228197486027,saves/unlearn/tofu/forget10/Llama-2-7b-chat-hf/SimNPO/lr6e-5_b16_mb8_ga2_a1.0_beta3.5_delta1_gamma0.25_e10/checkpoint-75/evals/TOFU_SUMMARY.json,saves/unlearn/tofu/forget10/Llama-2-7b-chat-hf/SimNPO/lr6e-5_b16_mb8_ga2_a1.0_beta3.5_delta1_gamma0.25_e10/checkpoint-75/evals/TOFU_EVAL.json
forget10,SimNPO,lr6e-5_b16_mb8_ga2_a1.0_beta3.5_delta1_gamma0.25_e10,6e-5,16,8,2,1.0,3.5,1,0.25,10,checkpoint-100,100,0.0022938851536275073,0.5987348756884454,0.5856848521158099,0.054692230134879394,0.6597188896619355,0.6711539055275992,0.40685488005279674,0.6339463620685926,0.28084021971672823,saves/unlearn/tofu/forget10/Llama-2-7b-chat-hf/SimNPO/lr6e-5_b16_mb8_ga2_a1.0_beta3.5_delta1_gamma0.25_e10/checkpoint-100/evals/TOFU_SUMMARY.json,saves/unlearn/tofu/forget10/Llama-2-7b-chat-hf/SimNPO/lr6e-5_b16_mb8_ga2_a1.0_beta3.5_delta1_gamma0.25_e10/checkpoint-100/evals/TOFU_EVAL.json
forget10,SimNPO,lr6e-5_b16_mb8_ga2_a1.0_beta3.5_delta1_gamma0.25_e10,6e-5,16,8,2,1.0,3.5,1,0.25,10,checkpoint-125,125,0.0005832940307390987,0.6005273386797876,0.5897333340719342,0.05614988465572735,0.6605604341233761,0.6629082497190625,0.4174263687040049,0.6183646080933546,0.2781690233466959,saves/unlearn/tofu/forget10/Llama-2-7b-chat-hf/SimNPO/lr6e-5_b16_mb8_ga2_a1.0_beta3.5_delta1_gamma0.25_e10/checkpoint-125/evals/TOFU_SUMMARY.json,saves/unlearn/tofu/forget10/Llama-2-7b-chat-hf/SimNPO/lr6e-5_b16_mb8_ga2_a1.0_beta3.5_delta1_gamma0.25_e10/checkpoint-125/evals/TOFU_EVAL.json
forget10,SimNPO,lr6e-5_b16_mb8_ga2_a1.0_beta3.5_delta1_gamma0.25_e10,6e-5,16,8,2,1.0,3.5,1,0.25,10,checkpoint-150,150,6.923241573443553e-05,0.6160047716528775,0.5889630080014467,0.05912886222770826,0.6599832434485122,0.6751172047236201,0.4243103916727874,0.625648154246061,0.2920280689540344,saves/unlearn/tofu/forget10/Llama-2-7b-chat-hf/SimNPO/lr6e-5_b16_mb8_ga2_a1.0_beta3.5_delta1_gamma0.25_e10/checkpoint-150/evals/TOFU_SUMMARY.json,saves/unlearn/tofu/forget10/Llama-2-7b-chat-hf/SimNPO/lr6e-5_b16_mb8_ga2_a1.0_beta3.5_delta1_gamma0.25_e10/checkpoint-150/evals/TOFU_EVAL.json
forget10,SimNPO,lr6e-5_b16_mb8_ga2_a1.0_beta3.5_delta1_gamma0.25_e10,6e-5,16,8,2,1.0,3.5,1,0.25,10,checkpoint-175,175,1.2955312948811258e-05,0.6182699198153238,0.590912739597261,0.0575970402630881,0.6480911100594627,0.6627999838731644,0.42812966730329083,0.6111193714682374,0.294027985198098,saves/unlearn/tofu/forget10/Llama-2-7b-chat-hf/SimNPO/lr6e-5_b16_mb8_ga2_a1.0_beta3.5_delta1_gamma0.25_e10/checkpoint-175/evals/TOFU_SUMMARY.json,saves/unlearn/tofu/forget10/Llama-2-7b-chat-hf/SimNPO/lr6e-5_b16_mb8_ga2_a1.0_beta3.5_delta1_gamma0.25_e10/checkpoint-175/evals/TOFU_EVAL.json
forget10,SimNPO,lr6e-5_b16_mb8_ga2_a1.0_beta3.5_delta1_gamma0.25_e10,6e-5,16,8,2,1.0,3.5,1,0.25,10,checkpoint-200,200,4.455792684961036e-06,0.6213595847727941,0.5872930860891938,0.056731599598064036,0.6429917297828446,0.6514817307428024,0.42894406978514554,0.6122871074898262,0.29935169772185005,saves/unlearn/tofu/forget10/Llama-2-7b-chat-hf/SimNPO/lr6e-5_b16_mb8_ga2_a1.0_beta3.5_delta1_gamma0.25_e10/checkpoint-200/evals/TOFU_SUMMARY.json,saves/unlearn/tofu/forget10/Llama-2-7b-chat-hf/SimNPO/lr6e-5_b16_mb8_ga2_a1.0_beta3.5_delta1_gamma0.25_e10/checkpoint-200/evals/TOFU_EVAL.json
forget10,SimNPO,lr6e-5_b16_mb8_ga2_a1.0_beta3.5_delta1_gamma0.25_e10,6e-5,16,8,2,1.0,3.5,1,0.25,10,checkpoint-225,225,2.1316067663008397e-06,0.6196866319950896,0.5859932004474103,0.05692751380683006,0.6383952796425132,0.650159213556651,0.4322722186538276,0.6063325835753305,0.2982284064747357,saves/unlearn/tofu/forget10/Llama-2-7b-chat-hf/SimNPO/lr6e-5_b16_mb8_ga2_a1.0_beta3.5_delta1_gamma0.25_e10/checkpoint-225/evals/TOFU_SUMMARY.json,saves/unlearn/tofu/forget10/Llama-2-7b-chat-hf/SimNPO/lr6e-5_b16_mb8_ga2_a1.0_beta3.5_delta1_gamma0.25_e10/checkpoint-225/evals/TOFU_EVAL.json
forget10,SimNPO,lr6e-5_b16_mb8_ga2_a1.0_beta3.5_delta1_gamma0.25_e10,6e-5,16,8,2,1.0,3.5,1,0.25,10,checkpoint-250,250,4.455792684961036e-06,0.6211543835278031,0.5848352091386915,0.05662389993246236,0.6380774184077498,0.6510476342465126,0.43326334907704916,0.6062488426959789,0.30042928478491104,saves/unlearn/tofu/forget10/Llama-2-7b-chat-hf/SimNPO/lr6e-5_b16_mb8_ga2_a1.0_beta3.5_delta1_gamma0.25_e10/checkpoint-250/evals/TOFU_SUMMARY.json,saves/unlearn/tofu/forget10/Llama-2-7b-chat-hf/SimNPO/lr6e-5_b16_mb8_ga2_a1.0_beta3.5_delta1_gamma0.25_e10/checkpoint-250/evals/TOFU_EVAL.json
forget10,SimNPO,lr6e-5_b16_mb8_ga2_a1.0_beta4.5_delta0_gamma0.125_e10,6e-5,16,8,2,1.0,4.5,0,0.125,10,checkpoint-25,25,2.213522258546535e-19,0.5748616246207436,0.9279787009954452,0.433328703565945,0.5689057043583041,0.5624028999740438,0.41028949563179323,0.560004110991918,-0.10579207765995147,saves/unlearn/tofu/forget10/Llama-2-7b-chat-hf/SimNPO/lr6e-5_b16_mb8_ga2_a1.0_beta4.5_delta0_gamma0.125_e10/checkpoint-25/evals/TOFU_SUMMARY.json,saves/unlearn/tofu/forget10/Llama-2-7b-chat-hf/SimNPO/lr6e-5_b16_mb8_ga2_a1.0_beta4.5_delta0_gamma0.125_e10/checkpoint-25/evals/TOFU_EVAL.json
forget10,SimNPO,lr6e-5_b16_mb8_ga2_a1.0_beta4.5_delta0_gamma0.125_e10,6e-5,16,8,2,1.0,4.5,0,0.125,10,checkpoint-50,50,7.832452544383501e-12,0.5540346801293254,0.8284690769016743,0.15498860167410206,0.6186947524982425,0.6038053252896171,0.3836381075076652,0.5826458636933373,0.062305840849269684,saves/unlearn/tofu/forget10/Llama-2-7b-chat-hf/SimNPO/lr6e-5_b16_mb8_ga2_a1.0_beta4.5_delta0_gamma0.125_e10/checkpoint-50/evals/TOFU_SUMMARY.json,saves/unlearn/tofu/forget10/Llama-2-7b-chat-hf/SimNPO/lr6e-5_b16_mb8_ga2_a1.0_beta4.5_delta0_gamma0.125_e10/checkpoint-50/evals/TOFU_EVAL.json
forget10,SimNPO,lr6e-5_b16_mb8_ga2_a1.0_beta4.5_delta0_gamma0.125_e10,6e-5,16,8,2,1.0,4.5,0,0.125,10,checkpoint-75,75,2.734462451060329e-12,0.5586065234311643,0.8039091223478317,0.12427767651567162,0.6130097120478976,0.5999202620758703,0.41805999585391035,0.5641908545459885,0.09451312400214715,saves/unlearn/tofu/forget10/Llama-2-7b-chat-hf/SimNPO/lr6e-5_b16_mb8_ga2_a1.0_beta4.5_delta0_gamma0.125_e10/checkpoint-75/evals/TOFU_SUMMARY.json,saves/unlearn/tofu/forget10/Llama-2-7b-chat-hf/SimNPO/lr6e-5_b16_mb8_ga2_a1.0_beta4.5_delta0_gamma0.125_e10/checkpoint-75/evals/TOFU_EVAL.json
forget10,SimNPO,lr6e-5_b16_mb8_ga2_a1.0_beta4.5_delta0_gamma0.125_e10,6e-5,16,8,2,1.0,4.5,0,0.125,10,checkpoint-100,100,6.834081702543897e-09,0.5736538694470416,0.7976097245514393,0.1193370779400084,0.6380828900620173,0.6279204555075456,0.39385473240856084,0.5878939450758544,0.11518047503539944,saves/unlearn/tofu/forget10/Llama-2-7b-chat-hf/SimNPO/lr6e-5_b16_mb8_ga2_a1.0_beta4.5_delta0_gamma0.125_e10/checkpoint-100/evals/TOFU_SUMMARY.json,saves/unlearn/tofu/forget10/Llama-2-7b-chat-hf/SimNPO/lr6e-5_b16_mb8_ga2_a1.0_beta4.5_delta0_gamma0.125_e10/checkpoint-100/evals/TOFU_EVAL.json
forget10,SimNPO,lr6e-5_b16_mb8_ga2_a1.0_beta4.5_delta0_gamma0.125_e10,6e-5,16,8,2,1.0,4.5,0,0.125,10,checkpoint-125,125,3.647961791830168e-11,0.5803339578598679,0.7993733650445938,0.12123979729689865,0.6242956773864679,0.618143899402146,0.41900916097079494,0.5683140599835212,0.12002737672560124,saves/unlearn/tofu/forget10/Llama-2-7b-chat-hf/SimNPO/lr6e-5_b16_mb8_ga2_a1.0_beta4.5_delta0_gamma0.125_e10/checkpoint-125/evals/TOFU_SUMMARY.json,saves/unlearn/tofu/forget10/Llama-2-7b-chat-hf/SimNPO/lr6e-5_b16_mb8_ga2_a1.0_beta4.5_delta0_gamma0.125_e10/checkpoint-125/evals/TOFU_EVAL.json
forget10,SimNPO,lr6e-5_b16_mb8_ga2_a1.0_beta4.5_delta0_gamma0.125_e10,6e-5,16,8,2,1.0,4.5,0,0.125,10,checkpoint-150,150,4.360395687512671e-09,0.5840503837254235,0.800087722837925,0.12073151190957919,0.6354183867216697,0.6197732517536397,0.4142059487803776,0.5614646944927382,0.12364077071206714,saves/unlearn/tofu/forget10/Llama-2-7b-chat-hf/SimNPO/lr6e-5_b16_mb8_ga2_a1.0_beta4.5_delta0_gamma0.125_e10/checkpoint-150/evals/TOFU_SUMMARY.json,saves/unlearn/tofu/forget10/Llama-2-7b-chat-hf/SimNPO/lr6e-5_b16_mb8_ga2_a1.0_beta4.5_delta0_gamma0.125_e10/checkpoint-150/evals/TOFU_EVAL.json
forget10,SimNPO,lr6e-5_b16_mb8_ga2_a1.0_beta4.5_delta0_gamma0.125_e10,6e-5,16,8,2,1.0,4.5,0,0.125,10,checkpoint-175,175,1.0973970510505411e-09,0.5806830142852974,0.8035809826850892,0.11967486434836944,0.6284337351802914,0.5969251814192931,0.41824233996539717,0.5421488118182266,0.11905509186596522,saves/unlearn/tofu/forget10/Llama-2-7b-chat-hf/SimNPO/lr6e-5_b16_mb8_ga2_a1.0_beta4.5_delta0_gamma0.125_e10/checkpoint-175/evals/TOFU_SUMMARY.json,saves/unlearn/tofu/forget10/Llama-2-7b-chat-hf/SimNPO/lr6e-5_b16_mb8_ga2_a1.0_beta4.5_delta0_gamma0.125_e10/checkpoint-175/evals/TOFU_EVAL.json
forget10,SimNPO,lr6e-5_b16_mb8_ga2_a1.0_beta4.5_delta0_gamma0.125_e10,6e-5,16,8,2,1.0,4.5,0,0.125,10,checkpoint-200,200,4.360395687512671e-09,0.5842390943290227,0.8043825651705265,0.11775220936361898,0.6231149049176303,0.5959472859267875,0.42341788635225575,0.5428473748496679,0.12317171142234562,saves/unlearn/tofu/forget10/Llama-2-7b-chat-hf/SimNPO/lr6e-5_b16_mb8_ga2_a1.0_beta4.5_delta0_gamma0.125_e10/checkpoint-200/evals/TOFU_SUMMARY.json,saves/unlearn/tofu/forget10/Llama-2-7b-chat-hf/SimNPO/lr6e-5_b16_mb8_ga2_a1.0_beta4.5_delta0_gamma0.125_e10/checkpoint-200/evals/TOFU_EVAL.json
forget10,SimNPO,lr6e-5_b16_mb8_ga2_a1.0_beta4.5_delta0_gamma0.125_e10,6e-5,16,8,2,1.0,4.5,0,0.125,10,checkpoint-225,225,1.7473118094396964e-09,0.5869203178971556,0.8061645430326462,0.12065321492481139,0.6238617983236788,0.5956210431074458,0.4256233843400344,0.5448382941421904,0.12351144066573866,saves/unlearn/tofu/forget10/Llama-2-7b-chat-hf/SimNPO/lr6e-5_b16_mb8_ga2_a1.0_beta4.5_delta0_gamma0.125_e10/checkpoint-225/evals/TOFU_SUMMARY.json,saves/unlearn/tofu/forget10/Llama-2-7b-chat-hf/SimNPO/lr6e-5_b16_mb8_ga2_a1.0_beta4.5_delta0_gamma0.125_e10/checkpoint-225/evals/TOFU_EVAL.json
forget10,SimNPO,lr6e-5_b16_mb8_ga2_a1.0_beta4.5_delta0_gamma0.125_e10,6e-5,16,8,2,1.0,4.5,0,0.125,10,checkpoint-250,250,1.0973970510505411e-09,0.5881001577932566,0.8061240047216416,0.12158425659757718,0.6229680177768078,0.5954399275546841,0.4272626301859496,0.5470943811103586,0.12424602823104432,saves/unlearn/tofu/forget10/Llama-2-7b-chat-hf/SimNPO/lr6e-5_b16_mb8_ga2_a1.0_beta4.5_delta0_gamma0.125_e10/checkpoint-250/evals/TOFU_SUMMARY.json,saves/unlearn/tofu/forget10/Llama-2-7b-chat-hf/SimNPO/lr6e-5_b16_mb8_ga2_a1.0_beta4.5_delta0_gamma0.125_e10/checkpoint-250/evals/TOFU_EVAL.json
forget10,SimNPO,lr6e-5_b16_mb8_ga2_a1.0_beta4.5_delta0_gamma0.25_e10,6e-5,16,8,2,1.0,4.5,0,0.25,10,checkpoint-25,25,1.730834713171486e-15,0.5710196895940732,0.8995914237201214,0.3280138503164578,0.590957825194622,0.5615267596947059,0.40971550998825895,0.5615489044108508,-0.04278294742421457,saves/unlearn/tofu/forget10/Llama-2-7b-chat-hf/SimNPO/lr6e-5_b16_mb8_ga2_a1.0_beta4.5_delta0_gamma0.25_e10/checkpoint-25/evals/TOFU_SUMMARY.json,saves/unlearn/tofu/forget10/Llama-2-7b-chat-hf/SimNPO/lr6e-5_b16_mb8_ga2_a1.0_beta4.5_delta0_gamma0.25_e10/checkpoint-25/evals/TOFU_EVAL.json
forget10,SimNPO,lr6e-5_b16_mb8_ga2_a1.0_beta4.5_delta0_gamma0.25_e10,6e-5,16,8,2,1.0,4.5,0,0.25,10,checkpoint-50,50,1.3711905167668337e-07,0.5527812662471856,0.7964595174789428,0.11677800545219409,0.6362860845316793,0.5893338683913801,0.38938350620614026,0.5816905974464811,0.09616264190066881,saves/unlearn/tofu/forget10/Llama-2-7b-chat-hf/SimNPO/lr6e-5_b16_mb8_ga2_a1.0_beta4.5_delta0_gamma0.25_e10/checkpoint-50/evals/TOFU_SUMMARY.json,saves/unlearn/tofu/forget10/Llama-2-7b-chat-hf/SimNPO/lr6e-5_b16_mb8_ga2_a1.0_beta4.5_delta0_gamma0.25_e10/checkpoint-50/evals/TOFU_EVAL.json
forget10,SimNPO,lr6e-5_b16_mb8_ga2_a1.0_beta4.5_delta0_gamma0.25_e10,6e-5,16,8,2,1.0,4.5,0,0.25,10,checkpoint-75,75,2.5496506594547965e-08,0.5601248268940139,0.774505480080843,0.10560702599516901,0.6519144999201458,0.6017624216287765,0.40217374870441297,0.5840926803758192,0.12006859935251446,saves/unlearn/tofu/forget10/Llama-2-7b-chat-hf/SimNPO/lr6e-5_b16_mb8_ga2_a1.0_beta4.5_delta0_gamma0.25_e10/checkpoint-75/evals/TOFU_SUMMARY.json,saves/unlearn/tofu/forget10/Llama-2-7b-chat-hf/SimNPO/lr6e-5_b16_mb8_ga2_a1.0_beta4.5_delta0_gamma0.25_e10/checkpoint-75/evals/TOFU_EVAL.json
forget10,SimNPO,lr6e-5_b16_mb8_ga2_a1.0_beta4.5_delta0_gamma0.25_e10,6e-5,16,8,2,1.0,4.5,0,0.25,10,checkpoint-100,100,4.455792684961036e-06,0.5801629134717579,0.7703288887441159,0.09822846305585844,0.6646510948909237,0.6519110123162788,0.3789639972739984,0.6219993415804833,0.14588869336445565,saves/unlearn/tofu/forget10/Llama-2-7b-chat-hf/SimNPO/lr6e-5_b16_mb8_ga2_a1.0_beta4.5_delta0_gamma0.25_e10/checkpoint-100/evals/TOFU_SUMMARY.json,saves/unlearn/tofu/forget10/Llama-2-7b-chat-hf/SimNPO/lr6e-5_b16_mb8_ga2_a1.0_beta4.5_delta0_gamma0.25_e10/checkpoint-100/evals/TOFU_EVAL.json
forget10,SimNPO,lr6e-5_b16_mb8_ga2_a1.0_beta4.5_delta0_gamma0.25_e10,6e-5,16,8,2,1.0,4.5,0,0.25,10,checkpoint-125,125,5.974773347845895e-08,0.5780228293336341,0.7721842357516289,0.10147201502058262,0.6512431194780599,0.6251251198567895,0.40691462533679534,0.5868194006935907,0.14119476369526182,saves/unlearn/tofu/forget10/Llama-2-7b-chat-hf/SimNPO/lr6e-5_b16_mb8_ga2_a1.0_beta4.5_delta0_gamma0.25_e10/checkpoint-125/evals/TOFU_SUMMARY.json,saves/unlearn/tofu/forget10/Llama-2-7b-chat-hf/SimNPO/lr6e-5_b16_mb8_ga2_a1.0_beta4.5_delta0_gamma0.25_e10/checkpoint-125/evals/TOFU_EVAL.json
forget10,SimNPO,lr6e-5_b16_mb8_ga2_a1.0_beta4.5_delta0_gamma0.25_e10,6e-5,16,8,2,1.0,4.5,0,0.25,10,checkpoint-150,150,6.392505006995772e-06,0.5884643093326672,0.7760041686892509,0.10384682162448992,0.6589359330254548,0.6344017323894074,0.40596858102565564,0.5799192399858099,0.14854520668080382,saves/unlearn/tofu/forget10/Llama-2-7b-chat-hf/SimNPO/lr6e-5_b16_mb8_ga2_a1.0_beta4.5_delta0_gamma0.25_e10/checkpoint-150/evals/TOFU_SUMMARY.json,saves/unlearn/tofu/forget10/Llama-2-7b-chat-hf/SimNPO/lr6e-5_b16_mb8_ga2_a1.0_beta4.5_delta0_gamma0.25_e10/checkpoint-150/evals/TOFU_EVAL.json
forget10,SimNPO,lr6e-5_b16_mb8_ga2_a1.0_beta4.5_delta0_gamma0.25_e10,6e-5,16,8,2,1.0,4.5,0,0.25,10,checkpoint-175,175,2.1316067663008397e-06,0.5983105781982019,0.776784151494503,0.09958361592015696,0.653167230545716,0.6365176982234472,0.418265462903138,0.5808899425902975,0.16012882609763823,saves/unlearn/tofu/forget10/Llama-2-7b-chat-hf/SimNPO/lr6e-5_b16_mb8_ga2_a1.0_beta4.5_delta0_gamma0.25_e10/checkpoint-175/evals/TOFU_SUMMARY.json,saves/unlearn/tofu/forget10/Llama-2-7b-chat-hf/SimNPO/lr6e-5_b16_mb8_ga2_a1.0_beta4.5_delta0_gamma0.25_e10/checkpoint-175/evals/TOFU_EVAL.json
forget10,SimNPO,lr6e-5_b16_mb8_ga2_a1.0_beta4.5_delta0_gamma0.25_e10,6e-5,16,8,2,1.0,4.5,0,0.25,10,checkpoint-200,200,6.392505006995772e-06,0.6030999734871902,0.7761906333267689,0.0998066028962084,0.6520364931584736,0.6295496613081327,0.4225205507308106,0.5768664705460482,0.16510774788070862,saves/unlearn/tofu/forget10/Llama-2-7b-chat-hf/SimNPO/lr6e-5_b16_mb8_ga2_a1.0_beta4.5_delta0_gamma0.25_e10/checkpoint-200/evals/TOFU_SUMMARY.json,saves/unlearn/tofu/forget10/Llama-2-7b-chat-hf/SimNPO/lr6e-5_b16_mb8_ga2_a1.0_beta4.5_delta0_gamma0.25_e10/checkpoint-200/evals/TOFU_EVAL.json
forget10,SimNPO,lr6e-5_b16_mb8_ga2_a1.0_beta4.5_delta0_gamma0.25_e10,6e-5,16,8,2,1.0,4.5,0,0.25,10,checkpoint-225,225,4.455792684961036e-06,0.6057329970290557,0.7771988040208817,0.09936916093278851,0.6531682272811682,0.6271312807954389,0.42554177488928474,0.5777878856917746,0.16745347034490551,saves/unlearn/tofu/forget10/Llama-2-7b-chat-hf/SimNPO/lr6e-5_b16_mb8_ga2_a1.0_beta4.5_delta0_gamma0.25_e10/checkpoint-225/evals/TOFU_SUMMARY.json,saves/unlearn/tofu/forget10/Llama-2-7b-chat-hf/SimNPO/lr6e-5_b16_mb8_ga2_a1.0_beta4.5_delta0_gamma0.25_e10/checkpoint-225/evals/TOFU_EVAL.json
forget10,SimNPO,lr6e-5_b16_mb8_ga2_a1.0_beta4.5_delta0_gamma0.25_e10,6e-5,16,8,2,1.0,4.5,0,0.25,10,checkpoint-250,250,3.089852009867272e-06,0.6069847157720866,0.777055075764656,0.09865362613137642,0.6525096977001806,0.6272610107133789,0.4263678233631974,0.5784213968202648,0.16913345467608026,saves/unlearn/tofu/forget10/Llama-2-7b-chat-hf/SimNPO/lr6e-5_b16_mb8_ga2_a1.0_beta4.5_delta0_gamma0.25_e10/checkpoint-250/evals/TOFU_SUMMARY.json,saves/unlearn/tofu/forget10/Llama-2-7b-chat-hf/SimNPO/lr6e-5_b16_mb8_ga2_a1.0_beta4.5_delta0_gamma0.25_e10/checkpoint-250/evals/TOFU_EVAL.json
forget10,SimNPO,lr6e-5_b16_mb8_ga2_a1.0_beta4.5_delta1_gamma0.125_e10,6e-5,16,8,2,1.0,4.5,1,0.125,10,checkpoint-25,25,4.640299916950861e-12,0.5639518412340729,0.8796026965975762,0.2736852635382423,0.6060651342696453,0.5537943441991936,0.40850280865341704,0.5475751430257035,-0.012692138829196009,saves/unlearn/tofu/forget10/Llama-2-7b-chat-hf/SimNPO/lr6e-5_b16_mb8_ga2_a1.0_beta4.5_delta1_gamma0.125_e10/checkpoint-25/evals/TOFU_SUMMARY.json,saves/unlearn/tofu/forget10/Llama-2-7b-chat-hf/SimNPO/lr6e-5_b16_mb8_ga2_a1.0_beta4.5_delta1_gamma0.125_e10/checkpoint-25/evals/TOFU_EVAL.json
forget10,SimNPO,lr6e-5_b16_mb8_ga2_a1.0_beta4.5_delta1_gamma0.125_e10,6e-5,16,8,2,1.0,4.5,1,0.125,10,checkpoint-50,50,0.09352461409425458,0.559267293742697,0.6461065420135855,0.0626948885930343,0.6691708939447578,0.623299244596666,0.38846936115018293,0.5920514307890259,0.2983911925336417,saves/unlearn/tofu/forget10/Llama-2-7b-chat-hf/SimNPO/lr6e-5_b16_mb8_ga2_a1.0_beta4.5_delta1_gamma0.125_e10/checkpoint-50/evals/TOFU_SUMMARY.json,saves/unlearn/tofu/forget10/Llama-2-7b-chat-hf/SimNPO/lr6e-5_b16_mb8_ga2_a1.0_beta4.5_delta1_gamma0.125_e10/checkpoint-50/evals/TOFU_EVAL.json
forget10,SimNPO,lr6e-5_b16_mb8_ga2_a1.0_beta4.5_delta1_gamma0.125_e10,6e-5,16,8,2,1.0,4.5,1,0.125,10,checkpoint-75,75,0.18096072488295206,0.5721188435201303,0.6349179791100323,0.06311040309971369,0.6646192219613047,0.6166756646011196,0.4245600492117822,0.5858092817841869,0.4040653772982094,saves/unlearn/tofu/forget10/Llama-2-7b-chat-hf/SimNPO/lr6e-5_b16_mb8_ga2_a1.0_beta4.5_delta1_gamma0.125_e10/checkpoint-75/evals/TOFU_SUMMARY.json,saves/unlearn/tofu/forget10/Llama-2-7b-chat-hf/SimNPO/lr6e-5_b16_mb8_ga2_a1.0_beta4.5_delta1_gamma0.125_e10/checkpoint-75/evals/TOFU_EVAL.json
forget10,SimNPO,lr6e-5_b16_mb8_ga2_a1.0_beta4.5_delta1_gamma0.125_e10,6e-5,16,8,2,1.0,4.5,1,0.125,10,checkpoint-100,100,0.019594795142993927,0.5801988164536612,0.6284893878921867,0.06737779337979222,0.6695325398709948,0.6374513414139824,0.39140204255769206,0.6073480214179668,0.2518600209606657,saves/unlearn/tofu/forget10/Llama-2-7b-chat-hf/SimNPO/lr6e-5_b16_mb8_ga2_a1.0_beta4.5_delta1_gamma0.125_e10/checkpoint-100/evals/TOFU_SUMMARY.json,saves/unlearn/tofu/forget10/Llama-2-7b-chat-hf/SimNPO/lr6e-5_b16_mb8_ga2_a1.0_beta4.5_delta1_gamma0.125_e10/checkpoint-100/evals/TOFU_EVAL.json
forget10,SimNPO,lr6e-5_b16_mb8_ga2_a1.0_beta4.5_delta1_gamma0.125_e10,6e-5,16,8,2,1.0,4.5,1,0.125,10,checkpoint-125,125,0.019594795142993927,0.5777366181716436,0.6345275102555752,0.06838863445935624,0.6663441917199262,0.6186833609450423,0.41296147746306316,0.5798167093274416,0.24587334095717175,saves/unlearn/tofu/forget10/Llama-2-7b-chat-hf/SimNPO/lr6e-5_b16_mb8_ga2_a1.0_beta4.5_delta1_gamma0.125_e10/checkpoint-125/evals/TOFU_SUMMARY.json,saves/unlearn/tofu/forget10/Llama-2-7b-chat-hf/SimNPO/lr6e-5_b16_mb8_ga2_a1.0_beta4.5_delta1_gamma0.125_e10/checkpoint-125/evals/TOFU_EVAL.json
forget10,SimNPO,lr6e-5_b16_mb8_ga2_a1.0_beta4.5_delta1_gamma0.125_e10,6e-5,16,8,2,1.0,4.5,1,0.125,10,checkpoint-150,150,0.010032513978788836,0.5904980393949865,0.6361094691418111,0.06865612215521351,0.659004334164739,0.6321551825314133,0.4184300174982943,0.5770901323630023,0.24814775772526296,saves/unlearn/tofu/forget10/Llama-2-7b-chat-hf/SimNPO/lr6e-5_b16_mb8_ga2_a1.0_beta4.5_delta1_gamma0.125_e10/checkpoint-150/evals/TOFU_SUMMARY.json,saves/unlearn/tofu/forget10/Llama-2-7b-chat-hf/SimNPO/lr6e-5_b16_mb8_ga2_a1.0_beta4.5_delta1_gamma0.125_e10/checkpoint-150/evals/TOFU_EVAL.json
forget10,SimNPO,lr6e-5_b16_mb8_ga2_a1.0_beta4.5_delta1_gamma0.125_e10,6e-5,16,8,2,1.0,4.5,1,0.125,10,checkpoint-175,175,0.02424717195471133,0.5935805415321996,0.6429311620071531,0.0712611259951967,0.6605090277241612,0.6244987875954198,0.4262105600595977,0.5633510033787068,0.2607315694857361,saves/unlearn/tofu/forget10/Llama-2-7b-chat-hf/SimNPO/lr6e-5_b16_mb8_ga2_a1.0_beta4.5_delta1_gamma0.125_e10/checkpoint-175/evals/TOFU_SUMMARY.json,saves/unlearn/tofu/forget10/Llama-2-7b-chat-hf/SimNPO/lr6e-5_b16_mb8_ga2_a1.0_beta4.5_delta1_gamma0.125_e10/checkpoint-175/evals/TOFU_EVAL.json
forget10,SimNPO,lr6e-5_b16_mb8_ga2_a1.0_beta4.5_delta1_gamma0.125_e10,6e-5,16,8,2,1.0,4.5,1,0.125,10,checkpoint-200,200,0.02424717195471133,0.5976790295323454,0.6408948721736669,0.06935260476028658,0.655078478998924,0.6195394768647882,0.43031848616942303,0.5608860216256576,0.26680246302008004,saves/unlearn/tofu/forget10/Llama-2-7b-chat-hf/SimNPO/lr6e-5_b16_mb8_ga2_a1.0_beta4.5_delta1_gamma0.125_e10/checkpoint-200/evals/TOFU_SUMMARY.json,saves/unlearn/tofu/forget10/Llama-2-7b-chat-hf/SimNPO/lr6e-5_b16_mb8_ga2_a1.0_beta4.5_delta1_gamma0.125_e10/checkpoint-200/evals/TOFU_EVAL.json
forget10,SimNPO,lr6e-5_b16_mb8_ga2_a1.0_beta4.5_delta1_gamma0.125_e10,6e-5,16,8,2,1.0,4.5,1,0.125,10,checkpoint-225,225,0.01260422744087484,0.601236516997265,0.6391792719624937,0.0698323056997606,0.6519112665459265,0.6193021349130773,0.4339540041602605,0.5612041812742569,0.2593349556070127,saves/unlearn/tofu/forget10/Llama-2-7b-chat-hf/SimNPO/lr6e-5_b16_mb8_ga2_a1.0_beta4.5_delta1_gamma0.125_e10/checkpoint-225/evals/TOFU_SUMMARY.json,saves/unlearn/tofu/forget10/Llama-2-7b-chat-hf/SimNPO/lr6e-5_b16_mb8_ga2_a1.0_beta4.5_delta1_gamma0.125_e10/checkpoint-225/evals/TOFU_EVAL.json
forget10,SimNPO,lr6e-5_b16_mb8_ga2_a1.0_beta4.5_delta1_gamma0.125_e10,6e-5,16,8,2,1.0,4.5,1,0.125,10,checkpoint-250,250,0.00794521285574355,0.6010652132483347,0.6391064245067537,0.0695795238346339,0.6511997424092135,0.6195695800137588,0.4345710062470639,0.5607547794236662,0.25466745193338447,saves/unlearn/tofu/forget10/Llama-2-7b-chat-hf/SimNPO/lr6e-5_b16_mb8_ga2_a1.0_beta4.5_delta1_gamma0.125_e10/checkpoint-250/evals/TOFU_SUMMARY.json,saves/unlearn/tofu/forget10/Llama-2-7b-chat-hf/SimNPO/lr6e-5_b16_mb8_ga2_a1.0_beta4.5_delta1_gamma0.125_e10/checkpoint-250/evals/TOFU_EVAL.json
forget10,SimNPO,lr6e-5_b16_mb8_ga2_a1.0_beta4.5_delta1_gamma0.25_e10,6e-5,16,8,2,1.0,4.5,1,0.25,10,checkpoint-25,25,4.455792684961036e-06,0.5552185064721201,0.792836170643568,0.14491268778088873,0.6220774206926226,0.5459738151630715,0.4222235666618572,0.5614065892760495,0.08634853305257667,saves/unlearn/tofu/forget10/Llama-2-7b-chat-hf/SimNPO/lr6e-5_b16_mb8_ga2_a1.0_beta4.5_delta1_gamma0.25_e10/checkpoint-25/evals/TOFU_SUMMARY.json,saves/unlearn/tofu/forget10/Llama-2-7b-chat-hf/SimNPO/lr6e-5_b16_mb8_ga2_a1.0_beta4.5_delta1_gamma0.25_e10/checkpoint-25/evals/TOFU_EVAL.json
forget10,SimNPO,lr6e-5_b16_mb8_ga2_a1.0_beta4.5_delta1_gamma0.25_e10,6e-5,16,8,2,1.0,4.5,1,0.25,10,checkpoint-50,50,2.5720789009736948e-05,0.5840981553709952,0.555413068830967,0.05080769635710126,0.6526445035881698,0.6922328016242019,0.38439726551420506,0.6375906734441965,0.28101349356597083,saves/unlearn/tofu/forget10/Llama-2-7b-chat-hf/SimNPO/lr6e-5_b16_mb8_ga2_a1.0_beta4.5_delta1_gamma0.25_e10/checkpoint-50/evals/TOFU_SUMMARY.json,saves/unlearn/tofu/forget10/Llama-2-7b-chat-hf/SimNPO/lr6e-5_b16_mb8_ga2_a1.0_beta4.5_delta1_gamma0.25_e10/checkpoint-50/evals/TOFU_EVAL.json
forget10,SimNPO,lr6e-5_b16_mb8_ga2_a1.0_beta4.5_delta1_gamma0.25_e10,6e-5,16,8,2,1.0,4.5,1,0.25,10,checkpoint-75,75,0.010032513978788836,0.5812725788323552,0.5759238936379552,0.05380941657969866,0.6625496073636463,0.6474110373625893,0.41525509952140033,0.5955203686741085,0.2764384377023171,saves/unlearn/tofu/forget10/Llama-2-7b-chat-hf/SimNPO/lr6e-5_b16_mb8_ga2_a1.0_beta4.5_delta1_gamma0.25_e10/checkpoint-75/evals/TOFU_SUMMARY.json,saves/unlearn/tofu/forget10/Llama-2-7b-chat-hf/SimNPO/lr6e-5_b16_mb8_ga2_a1.0_beta4.5_delta1_gamma0.25_e10/checkpoint-75/evals/TOFU_EVAL.json
forget10,SimNPO,lr6e-5_b16_mb8_ga2_a1.0_beta4.5_delta1_gamma0.25_e10,6e-5,16,8,2,1.0,4.5,1,0.25,10,checkpoint-100,100,0.001024214776236788,0.5793010382313476,0.5883991863206028,0.056192488877838793,0.6649564222584025,0.6364819114928048,0.4035376328468413,0.5935160766336469,0.2580294154083636,saves/unlearn/tofu/forget10/Llama-2-7b-chat-hf/SimNPO/lr6e-5_b16_mb8_ga2_a1.0_beta4.5_delta1_gamma0.25_e10/checkpoint-100/evals/TOFU_SUMMARY.json,saves/unlearn/tofu/forget10/Llama-2-7b-chat-hf/SimNPO/lr6e-5_b16_mb8_ga2_a1.0_beta4.5_delta1_gamma0.25_e10/checkpoint-100/evals/TOFU_EVAL.json
forget10,SimNPO,lr6e-5_b16_mb8_ga2_a1.0_beta4.5_delta1_gamma0.25_e10,6e-5,16,8,2,1.0,4.5,1,0.25,10,checkpoint-125,125,0.01260422744087484,0.5880899015215052,0.5994535902142525,0.06417419456878055,0.6623911169890562,0.6253724116420011,0.4124072177334463,0.6001871689157806,0.2688802365708635,saves/unlearn/tofu/forget10/Llama-2-7b-chat-hf/SimNPO/lr6e-5_b16_mb8_ga2_a1.0_beta4.5_delta1_gamma0.25_e10/checkpoint-125/evals/TOFU_SUMMARY.json,saves/unlearn/tofu/forget10/Llama-2-7b-chat-hf/SimNPO/lr6e-5_b16_mb8_ga2_a1.0_beta4.5_delta1_gamma0.25_e10/checkpoint-125/evals/TOFU_EVAL.json
forget10,SimNPO,lr6e-5_b16_mb8_ga2_a1.0_beta4.5_delta1_gamma0.25_e10,6e-5,16,8,2,1.0,4.5,1,0.25,10,checkpoint-150,150,0.001024214776236788,0.6045698603024351,0.5944352883845567,0.06280748919084025,0.6579027170180587,0.6439904399657626,0.41926345354486555,0.611479710165343,0.27697268629097344,saves/unlearn/tofu/forget10/Llama-2-7b-chat-hf/SimNPO/lr6e-5_b16_mb8_ga2_a1.0_beta4.5_delta1_gamma0.25_e10/checkpoint-150/evals/TOFU_SUMMARY.json,saves/unlearn/tofu/forget10/Llama-2-7b-chat-hf/SimNPO/lr6e-5_b16_mb8_ga2_a1.0_beta4.5_delta1_gamma0.25_e10/checkpoint-150/evals/TOFU_EVAL.json
forget10,SimNPO,lr6e-5_b16_mb8_ga2_a1.0_beta4.5_delta1_gamma0.25_e10,6e-5,16,8,2,1.0,4.5,1,0.25,10,checkpoint-175,175,0.0004368337391825136,0.6126610594536409,0.6016969663649797,0.06477781719490502,0.6552037090799273,0.6468482480742628,0.4270363919473529,0.6017108571007413,0.279860501412881,saves/unlearn/tofu/forget10/Llama-2-7b-chat-hf/SimNPO/lr6e-5_b16_mb8_ga2_a1.0_beta4.5_delta1_gamma0.25_e10/checkpoint-175/evals/TOFU_SUMMARY.json,saves/unlearn/tofu/forget10/Llama-2-7b-chat-hf/SimNPO/lr6e-5_b16_mb8_ga2_a1.0_beta4.5_delta1_gamma0.25_e10/checkpoint-175/evals/TOFU_EVAL.json
forget10,SimNPO,lr6e-5_b16_mb8_ga2_a1.0_beta4.5_delta1_gamma0.25_e10,6e-5,16,8,2,1.0,4.5,1,0.25,10,checkpoint-200,200,0.0004368337391825136,0.6162274242487646,0.5952020497620105,0.060565668021924875,0.649031154939739,0.6417070858554529,0.4304992712940128,0.5951023711736297,0.2887803990959794,saves/unlearn/tofu/forget10/Llama-2-7b-chat-hf/SimNPO/lr6e-5_b16_mb8_ga2_a1.0_beta4.5_delta1_gamma0.25_e10/checkpoint-200/evals/TOFU_SUMMARY.json,saves/unlearn/tofu/forget10/Llama-2-7b-chat-hf/SimNPO/lr6e-5_b16_mb8_ga2_a1.0_beta4.5_delta1_gamma0.25_e10/checkpoint-200/evals/TOFU_EVAL.json
forget10,SimNPO,lr6e-5_b16_mb8_ga2_a1.0_beta4.5_delta1_gamma0.25_e10,6e-5,16,8,2,1.0,4.5,1,0.25,10,checkpoint-225,225,0.0007748993373290397,0.6173797498089706,0.5938607823848724,0.06098548765592457,0.646502456637173,0.640480489807367,0.43514384446886767,0.5932392714195069,0.2907315141259011,saves/unlearn/tofu/forget10/Llama-2-7b-chat-hf/SimNPO/lr6e-5_b16_mb8_ga2_a1.0_beta4.5_delta1_gamma0.25_e10/checkpoint-225/evals/TOFU_SUMMARY.json,saves/unlearn/tofu/forget10/Llama-2-7b-chat-hf/SimNPO/lr6e-5_b16_mb8_ga2_a1.0_beta4.5_delta1_gamma0.25_e10/checkpoint-225/evals/TOFU_EVAL.json
forget10,SimNPO,lr6e-5_b16_mb8_ga2_a1.0_beta4.5_delta1_gamma0.25_e10,6e-5,16,8,2,1.0,4.5,1,0.25,10,checkpoint-250,250,0.0007748993373290397,0.6170935876832042,0.5936277098394931,0.059036650773501356,0.6465686960677834,0.6402885553760074,0.4354864715428415,0.5920651713392702,0.29153630671403596,saves/unlearn/tofu/forget10/Llama-2-7b-chat-hf/SimNPO/lr6e-5_b16_mb8_ga2_a1.0_beta4.5_delta1_gamma0.25_e10/checkpoint-250/evals/TOFU_SUMMARY.json,saves/unlearn/tofu/forget10/Llama-2-7b-chat-hf/SimNPO/lr6e-5_b16_mb8_ga2_a1.0_beta4.5_delta1_gamma0.25_e10/checkpoint-250/evals/TOFU_EVAL.json
forget10,SimNPO,lr6e-5_b32_mb8_ga4_a1.0_beta3.5_delta0_gamma0.125_e10,6e-5,32,8,4,1.0,3.5,0,0.125,10,checkpoint-13,13,2.8138576976529647e-20,0.5804264757644972,0.9400881823897361,0.490885954229949,0.5687461980474277,0.5711674778621727,0.41771731004427987,0.5473116808501222,-0.13506059254534533,saves/unlearn/tofu/forget10/Llama-2-7b-chat-hf/SimNPO/lr6e-5_b32_mb8_ga4_a1.0_beta3.5_delta0_gamma0.125_e10/checkpoint-13/evals/TOFU_SUMMARY.json,saves/unlearn/tofu/forget10/Llama-2-7b-chat-hf/SimNPO/lr6e-5_b32_mb8_ga4_a1.0_beta3.5_delta0_gamma0.125_e10/checkpoint-13/evals/TOFU_EVAL.json
forget10,SimNPO,lr6e-5_b32_mb8_ga4_a1.0_beta3.5_delta0_gamma0.125_e10,6e-5,32,8,4,1.0,3.5,0,0.125,10,checkpoint-26,26,5.137999089404319e-16,0.5785465018586053,0.8648627297580243,0.20924216424378286,0.5977278054371873,0.6173896477205587,0.4002055680033834,0.5903510196653357,0.04149405485770234,saves/unlearn/tofu/forget10/Llama-2-7b-chat-hf/SimNPO/lr6e-5_b32_mb8_ga4_a1.0_beta3.5_delta0_gamma0.125_e10/checkpoint-26/evals/TOFU_SUMMARY.json,saves/unlearn/tofu/forget10/Llama-2-7b-chat-hf/SimNPO/lr6e-5_b32_mb8_ga4_a1.0_beta3.5_delta0_gamma0.125_e10/checkpoint-26/evals/TOFU_EVAL.json
forget10,SimNPO,lr6e-5_b32_mb8_ga4_a1.0_beta3.5_delta0_gamma0.125_e10,6e-5,32,8,4,1.0,3.5,0,0.125,10,checkpoint-39,39,3.277026375806354e-14,0.5770093652648923,0.8290499386191368,0.14867269262258456,0.6014483521813737,0.5988436689933903,0.41856292420814856,0.5852007440137852,0.0881480496440644,saves/unlearn/tofu/forget10/Llama-2-7b-chat-hf/SimNPO/lr6e-5_b32_mb8_ga4_a1.0_beta3.5_delta0_gamma0.125_e10/checkpoint-39/evals/TOFU_SUMMARY.json,saves/unlearn/tofu/forget10/Llama-2-7b-chat-hf/SimNPO/lr6e-5_b32_mb8_ga4_a1.0_beta3.5_delta0_gamma0.125_e10/checkpoint-39/evals/TOFU_EVAL.json
forget10,SimNPO,lr6e-5_b32_mb8_ga4_a1.0_beta3.5_delta0_gamma0.125_e10,6e-5,32,8,4,1.0,3.5,0,0.125,10,checkpoint-52,52,1.6196210141854015e-10,0.5730085544638649,0.8239285610616207,0.14456070142622063,0.6124146662226759,0.5912594373954674,0.41279349068915944,0.5605195904358077,0.08876392338190633,saves/unlearn/tofu/forget10/Llama-2-7b-chat-hf/SimNPO/lr6e-5_b32_mb8_ga4_a1.0_beta3.5_delta0_gamma0.125_e10/checkpoint-52/evals/TOFU_SUMMARY.json,saves/unlearn/tofu/forget10/Llama-2-7b-chat-hf/SimNPO/lr6e-5_b32_mb8_ga4_a1.0_beta3.5_delta0_gamma0.125_e10/checkpoint-52/evals/TOFU_EVAL.json
forget10,SimNPO,lr6e-5_b32_mb8_ga4_a1.0_beta3.5_delta0_gamma0.125_e10,6e-5,32,8,4,1.0,3.5,0,0.125,10,checkpoint-65,65,4.2606809322061477e-10,0.5800072489979581,0.8203597873449325,0.12947424909151733,0.6090643667193747,0.6029250241191594,0.4089452520223324,0.5578966058125537,0.10509023120580122,saves/unlearn/tofu/forget10/Llama-2-7b-chat-hf/SimNPO/lr6e-5_b32_mb8_ga4_a1.0_beta3.5_delta0_gamma0.125_e10/checkpoint-65/evals/TOFU_SUMMARY.json,saves/unlearn/tofu/forget10/Llama-2-7b-chat-hf/SimNPO/lr6e-5_b32_mb8_ga4_a1.0_beta3.5_delta0_gamma0.125_e10/checkpoint-65/evals/TOFU_EVAL.json
forget10,SimNPO,lr6e-5_b32_mb8_ga4_a1.0_beta3.5_delta0_gamma0.125_e10,6e-5,32,8,4,1.0,3.5,0,0.125,10,checkpoint-78,78,4.2606809322061477e-10,0.5920267369451705,0.8179274687170982,0.12747842306411084,0.6141030959885192,0.6126932032870069,0.4162011422374489,0.5632684553111594,0.11932379148063404,saves/unlearn/tofu/forget10/Llama-2-7b-chat-hf/SimNPO/lr6e-5_b32_mb8_ga4_a1.0_beta3.5_delta0_gamma0.125_e10/checkpoint-78/evals/TOFU_SUMMARY.json,saves/unlearn/tofu/forget10/Llama-2-7b-chat-hf/SimNPO/lr6e-5_b32_mb8_ga4_a1.0_beta3.5_delta0_gamma0.125_e10/checkpoint-78/evals/TOFU_EVAL.json
forget10,SimNPO,lr6e-5_b32_mb8_ga4_a1.0_beta3.5_delta0_gamma0.125_e10,6e-5,32,8,4,1.0,3.5,0,0.125,10,checkpoint-91,91,9.906736183347326e-11,0.5975782659673856,0.817364489287138,0.1252543512393947,0.6123588600988172,0.6082810974210526,0.4232126556951872,0.562938473923406,0.12626884580318656,saves/unlearn/tofu/forget10/Llama-2-7b-chat-hf/SimNPO/lr6e-5_b32_mb8_ga4_a1.0_beta3.5_delta0_gamma0.125_e10/checkpoint-91/evals/TOFU_SUMMARY.json,saves/unlearn/tofu/forget10/Llama-2-7b-chat-hf/SimNPO/lr6e-5_b32_mb8_ga4_a1.0_beta3.5_delta0_gamma0.125_e10/checkpoint-91/evals/TOFU_EVAL.json
forget10,SimNPO,lr6e-5_b32_mb8_ga4_a1.0_beta3.5_delta0_gamma0.125_e10,6e-5,32,8,4,1.0,3.5,0,0.125,10,checkpoint-104,104,2.6338754853638006e-10,0.5988360130229459,0.8166472315788269,0.1252284416823258,0.609204396706198,0.603713027220844,0.42655642164680413,0.5547346497779372,0.12789817665575703,saves/unlearn/tofu/forget10/Llama-2-7b-chat-hf/SimNPO/lr6e-5_b32_mb8_ga4_a1.0_beta3.5_delta0_gamma0.125_e10/checkpoint-104/evals/TOFU_SUMMARY.json,saves/unlearn/tofu/forget10/Llama-2-7b-chat-hf/SimNPO/lr6e-5_b32_mb8_ga4_a1.0_beta3.5_delta0_gamma0.125_e10/checkpoint-104/evals/TOFU_EVAL.json
forget10,SimNPO,lr6e-5_b32_mb8_ga4_a1.0_beta3.5_delta0_gamma0.125_e10,6e-5,32,8,4,1.0,3.5,0,0.125,10,checkpoint-117,117,1.6196210141854015e-10,0.5999485263963567,0.8169255842268467,0.12518168564928928,0.6090599859434186,0.6040259370815769,0.4282067404133096,0.5544805453812564,0.12889489162025078,saves/unlearn/tofu/forget10/Llama-2-7b-chat-hf/SimNPO/lr6e-5_b32_mb8_ga4_a1.0_beta3.5_delta0_gamma0.125_e10/checkpoint-117/evals/TOFU_SUMMARY.json,saves/unlearn/tofu/forget10/Llama-2-7b-chat-hf/SimNPO/lr6e-5_b32_mb8_ga4_a1.0_beta3.5_delta0_gamma0.125_e10/checkpoint-117/evals/TOFU_EVAL.json
forget10,SimNPO,lr6e-5_b32_mb8_ga4_a1.0_beta3.5_delta0_gamma0.125_e10,6e-5,32,8,4,1.0,3.5,0,0.125,10,checkpoint-120,120,2.6338754853638006e-10,0.6000236451483276,0.8170824153721332,0.12536910748971156,0.608541096164442,0.6032658534355512,0.428163009982071,0.5542850200985351,0.12879788398079278,saves/unlearn/tofu/forget10/Llama-2-7b-chat-hf/SimNPO/lr6e-5_b32_mb8_ga4_a1.0_beta3.5_delta0_gamma0.125_e10/checkpoint-120/evals/TOFU_SUMMARY.json,saves/unlearn/tofu/forget10/Llama-2-7b-chat-hf/SimNPO/lr6e-5_b32_mb8_ga4_a1.0_beta3.5_delta0_gamma0.125_e10/checkpoint-120/evals/TOFU_EVAL.json
forget10,SimNPO,lr6e-5_b32_mb8_ga4_a1.0_beta3.5_delta0_gamma0.25_e10,6e-5,32,8,4,1.0,3.5,0,0.25,10,checkpoint-13,13,1.4921665744660114e-16,0.5701697105133248,0.9166989105939866,0.39836190915132696,0.5818714781416463,0.5540243854363311,0.41778976120491335,0.5398552764672343,-0.08736069935933188,saves/unlearn/tofu/forget10/Llama-2-7b-chat-hf/SimNPO/lr6e-5_b32_mb8_ga4_a1.0_beta3.5_delta0_gamma0.25_e10/checkpoint-13/evals/TOFU_SUMMARY.json,saves/unlearn/tofu/forget10/Llama-2-7b-chat-hf/SimNPO/lr6e-5_b32_mb8_ga4_a1.0_beta3.5_delta0_gamma0.25_e10/checkpoint-13/evals/TOFU_EVAL.json
forget10,SimNPO,lr6e-5_b32_mb8_ga4_a1.0_beta3.5_delta0_gamma0.25_e10,6e-5,32,8,4,1.0,3.5,0,0.25,10,checkpoint-26,26,4.2606809322061477e-10,0.5757054716790863,0.8065450751781463,0.13706522024116036,0.6225020684396264,0.6148955561045141,0.4026867340206895,0.5821530835200999,0.10390032439550098,saves/unlearn/tofu/forget10/Llama-2-7b-chat-hf/SimNPO/lr6e-5_b32_mb8_ga4_a1.0_beta3.5_delta0_gamma0.25_e10/checkpoint-26/evals/TOFU_SUMMARY.json,saves/unlearn/tofu/forget10/Llama-2-7b-chat-hf/SimNPO/lr6e-5_b32_mb8_ga4_a1.0_beta3.5_delta0_gamma0.25_e10/checkpoint-26/evals/TOFU_EVAL.json
forget10,SimNPO,lr6e-5_b32_mb8_ga4_a1.0_beta3.5_delta0_gamma0.25_e10,6e-5,32,8,4,1.0,3.5,0,0.25,10,checkpoint-39,39,1.4629553806612078e-06,0.5826368546809809,0.7711999569833279,0.10960389613720309,0.6412952900933209,0.6209934226143349,0.409835289038731,0.5925809566520167,0.14223639107609604,saves/unlearn/tofu/forget10/Llama-2-7b-chat-hf/SimNPO/lr6e-5_b32_mb8_ga4_a1.0_beta3.5_delta0_gamma0.25_e10/checkpoint-39/evals/TOFU_SUMMARY.json,saves/unlearn/tofu/forget10/Llama-2-7b-chat-hf/SimNPO/lr6e-5_b32_mb8_ga4_a1.0_beta3.5_delta0_gamma0.25_e10/checkpoint-39/evals/TOFU_EVAL.json
forget10,SimNPO,lr6e-5_b32_mb8_ga4_a1.0_beta3.5_delta0_gamma0.25_e10,6e-5,32,8,4,1.0,3.5,0,0.25,10,checkpoint-52,52,1.830133064154361e-05,0.5834466045195741,0.7608978387713432,0.10455055008117942,0.6385561290380661,0.6105251186848978,0.4216553078769728,0.5700686644958846,0.1507407114239543,saves/unlearn/tofu/forget10/Llama-2-7b-chat-hf/SimNPO/lr6e-5_b32_mb8_ga4_a1.0_beta3.5_delta0_gamma0.25_e10/checkpoint-52/evals/TOFU_SUMMARY.json,saves/unlearn/tofu/forget10/Llama-2-7b-chat-hf/SimNPO/lr6e-5_b32_mb8_ga4_a1.0_beta3.5_delta0_gamma0.25_e10/checkpoint-52/evals/TOFU_EVAL.json
forget10,SimNPO,lr6e-5_b32_mb8_ga4_a1.0_beta3.5_delta0_gamma0.25_e10,6e-5,32,8,4,1.0,3.5,0,0.25,10,checkpoint-65,65,1.4629553806612078e-06,0.5852126274208033,0.7652035015821457,0.10058102330785175,0.6365522809966074,0.6083602459395773,0.4163950722749349,0.5633515014139792,0.15232182793118518,saves/unlearn/tofu/forget10/Llama-2-7b-chat-hf/SimNPO/lr6e-5_b32_mb8_ga4_a1.0_beta3.5_delta0_gamma0.25_e10/checkpoint-65/evals/TOFU_SUMMARY.json,saves/unlearn/tofu/forget10/Llama-2-7b-chat-hf/SimNPO/lr6e-5_b32_mb8_ga4_a1.0_beta3.5_delta0_gamma0.25_e10/checkpoint-65/evals/TOFU_EVAL.json
forget10,SimNPO,lr6e-5_b32_mb8_ga4_a1.0_beta3.5_delta0_gamma0.25_e10,6e-5,32,8,4,1.0,3.5,0,0.25,10,checkpoint-78,78,1.830133064154361e-05,0.5968601504770158,0.7641480409353971,0.09850203423229044,0.6446645995502395,0.6191187174742813,0.411835455959637,0.5754390300865455,0.16555341422381353,saves/unlearn/tofu/forget10/Llama-2-7b-chat-hf/SimNPO/lr6e-5_b32_mb8_ga4_a1.0_beta3.5_delta0_gamma0.25_e10/checkpoint-78/evals/TOFU_SUMMARY.json,saves/unlearn/tofu/forget10/Llama-2-7b-chat-hf/SimNPO/lr6e-5_b32_mb8_ga4_a1.0_beta3.5_delta0_gamma0.25_e10/checkpoint-78/evals/TOFU_EVAL.json
forget10,SimNPO,lr6e-5_b32_mb8_ga4_a1.0_beta3.5_delta0_gamma0.25_e10,6e-5,32,8,4,1.0,3.5,0,0.25,10,checkpoint-91,91,1.830133064154361e-05,0.6011746820293367,0.7606138964742422,0.09796219506987994,0.64189148452203,0.6190186263104056,0.4182987759299271,0.5743910822526441,0.17190493758791714,saves/unlearn/tofu/forget10/Llama-2-7b-chat-hf/SimNPO/lr6e-5_b32_mb8_ga4_a1.0_beta3.5_delta0_gamma0.25_e10/checkpoint-91/evals/TOFU_SUMMARY.json,saves/unlearn/tofu/forget10/Llama-2-7b-chat-hf/SimNPO/lr6e-5_b32_mb8_ga4_a1.0_beta3.5_delta0_gamma0.25_e10/checkpoint-91/evals/TOFU_EVAL.json
forget10,SimNPO,lr6e-5_b32_mb8_ga4_a1.0_beta3.5_delta0_gamma0.25_e10,6e-5,32,8,4,1.0,3.5,0,0.25,10,checkpoint-104,104,3.596289960343452e-05,0.6022854933576866,0.7622296046465635,0.09775326715953031,0.6383880339555006,0.6100795501289938,0.4236030359119063,0.563143544006654,0.17233002035424302,saves/unlearn/tofu/forget10/Llama-2-7b-chat-hf/SimNPO/lr6e-5_b32_mb8_ga4_a1.0_beta3.5_delta0_gamma0.25_e10/checkpoint-104/evals/TOFU_SUMMARY.json,saves/unlearn/tofu/forget10/Llama-2-7b-chat-hf/SimNPO/lr6e-5_b32_mb8_ga4_a1.0_beta3.5_delta0_gamma0.25_e10/checkpoint-104/evals/TOFU_EVAL.json
forget10,SimNPO,lr6e-5_b32_mb8_ga4_a1.0_beta3.5_delta0_gamma0.25_e10,6e-5,32,8,4,1.0,3.5,0,0.25,10,checkpoint-117,117,1.2955312948811258e-05,0.6017948998543352,0.7629441830515862,0.09911951265595657,0.6374841312714539,0.6071919343352705,0.42520362661404476,0.5619108667597629,0.17077600731351258,saves/unlearn/tofu/forget10/Llama-2-7b-chat-hf/SimNPO/lr6e-5_b32_mb8_ga4_a1.0_beta3.5_delta0_gamma0.25_e10/checkpoint-117/evals/TOFU_SUMMARY.json,saves/unlearn/tofu/forget10/Llama-2-7b-chat-hf/SimNPO/lr6e-5_b32_mb8_ga4_a1.0_beta3.5_delta0_gamma0.25_e10/checkpoint-117/evals/TOFU_EVAL.json
forget10,SimNPO,lr6e-5_b32_mb8_ga4_a1.0_beta3.5_delta0_gamma0.25_e10,6e-5,32,8,4,1.0,3.5,0,0.25,10,checkpoint-120,120,2.5720789009736948e-05,0.6011723102132164,0.7625582130253314,0.09868772325404737,0.6374608824200341,0.6080594295487509,0.4249780248284891,0.5616223193320661,0.1705750628625367,saves/unlearn/tofu/forget10/Llama-2-7b-chat-hf/SimNPO/lr6e-5_b32_mb8_ga4_a1.0_beta3.5_delta0_gamma0.25_e10/checkpoint-120/evals/TOFU_SUMMARY.json,saves/unlearn/tofu/forget10/Llama-2-7b-chat-hf/SimNPO/lr6e-5_b32_mb8_ga4_a1.0_beta3.5_delta0_gamma0.25_e10/checkpoint-120/evals/TOFU_EVAL.json
forget10,SimNPO,lr6e-5_b32_mb8_ga4_a1.0_beta3.5_delta1_gamma0.125_e10,6e-5,32,8,4,1.0,3.5,1,0.125,10,checkpoint-13,13,5.137999089404319e-16,0.5674541890548362,0.9071231926977634,0.3712600472959843,0.581192874462717,0.5497089040003713,0.42074076311446357,0.5364385889515089,-0.07173743094203705,saves/unlearn/tofu/forget10/Llama-2-7b-chat-hf/SimNPO/lr6e-5_b32_mb8_ga4_a1.0_beta3.5_delta1_gamma0.125_e10/checkpoint-13/evals/TOFU_SUMMARY.json,saves/unlearn/tofu/forget10/Llama-2-7b-chat-hf/SimNPO/lr6e-5_b32_mb8_ga4_a1.0_beta3.5_delta1_gamma0.125_e10/checkpoint-13/evals/TOFU_EVAL.json
forget10,SimNPO,lr6e-5_b32_mb8_ga4_a1.0_beta3.5_delta1_gamma0.125_e10,6e-5,32,8,4,1.0,3.5,1,0.125,10,checkpoint-26,26,0.04457247091405896,0.5819154807118952,0.6885123062273487,0.08829414829306044,0.6538255249198289,0.6329575291451153,0.39945672683913286,0.6031648783053125,0.2380847243657496,saves/unlearn/tofu/forget10/Llama-2-7b-chat-hf/SimNPO/lr6e-5_b32_mb8_ga4_a1.0_beta3.5_delta1_gamma0.125_e10/checkpoint-26/evals/TOFU_SUMMARY.json,saves/unlearn/tofu/forget10/Llama-2-7b-chat-hf/SimNPO/lr6e-5_b32_mb8_ga4_a1.0_beta3.5_delta1_gamma0.125_e10/checkpoint-26/evals/TOFU_EVAL.json
forget10,SimNPO,lr6e-5_b32_mb8_ga4_a1.0_beta3.5_delta1_gamma0.125_e10,6e-5,32,8,4,1.0,3.5,1,0.125,10,checkpoint-39,39,0.28118158736530297,0.5772623712716666,0.6201713597495109,0.06365400813865142,0.6513561154047426,0.6073718042620811,0.41703457494334756,0.5844911579843279,0.5165312746928884,saves/unlearn/tofu/forget10/Llama-2-7b-chat-hf/SimNPO/lr6e-5_b32_mb8_ga4_a1.0_beta3.5_delta1_gamma0.125_e10/checkpoint-39/evals/TOFU_SUMMARY.json,saves/unlearn/tofu/forget10/Llama-2-7b-chat-hf/SimNPO/lr6e-5_b32_mb8_ga4_a1.0_beta3.5_delta1_gamma0.125_e10/checkpoint-39/evals/TOFU_EVAL.json
forget10,SimNPO,lr6e-5_b32_mb8_ga4_a1.0_beta3.5_delta1_gamma0.125_e10,6e-5,32,8,4,1.0,3.5,1,0.125,10,checkpoint-52,52,0.32218506015364723,0.5928478012332083,0.6177248992677778,0.06434490081572754,0.6458500546945687,0.6258283915084426,0.42539719100949797,0.5913697690826867,0.573997961345103,saves/unlearn/tofu/forget10/Llama-2-7b-chat-hf/SimNPO/lr6e-5_b32_mb8_ga4_a1.0_beta3.5_delta1_gamma0.125_e10/checkpoint-52/evals/TOFU_SUMMARY.json,saves/unlearn/tofu/forget10/Llama-2-7b-chat-hf/SimNPO/lr6e-5_b32_mb8_ga4_a1.0_beta3.5_delta1_gamma0.125_e10/checkpoint-52/evals/TOFU_EVAL.json
forget10,SimNPO,lr6e-5_b32_mb8_ga4_a1.0_beta3.5_delta1_gamma0.125_e10,6e-5,32,8,4,1.0,3.5,1,0.125,10,checkpoint-65,65,0.15461291961180293,0.5913889154852185,0.6286820979230106,0.06412234334253557,0.6451189170440605,0.6172142170918121,0.4172287091254775,0.578943433023499,0.3995996144642484,saves/unlearn/tofu/forget10/Llama-2-7b-chat-hf/SimNPO/lr6e-5_b32_mb8_ga4_a1.0_beta3.5_delta1_gamma0.125_e10/checkpoint-65/evals/TOFU_SUMMARY.json,saves/unlearn/tofu/forget10/Llama-2-7b-chat-hf/SimNPO/lr6e-5_b32_mb8_ga4_a1.0_beta3.5_delta1_gamma0.125_e10/checkpoint-65/evals/TOFU_EVAL.json
forget10,SimNPO,lr6e-5_b32_mb8_ga4_a1.0_beta3.5_delta1_gamma0.125_e10,6e-5,32,8,4,1.0,3.5,1,0.125,10,checkpoint-78,78,0.07829787069468755,0.6011400758918566,0.6239064021781087,0.06208459616819615,0.6483044752889332,0.631121806898552,0.41521027322836984,0.5836461521891785,0.3364424474133917,saves/unlearn/tofu/forget10/Llama-2-7b-chat-hf/SimNPO/lr6e-5_b32_mb8_ga4_a1.0_beta3.5_delta1_gamma0.125_e10/checkpoint-78/evals/TOFU_SUMMARY.json,saves/unlearn/tofu/forget10/Llama-2-7b-chat-hf/SimNPO/lr6e-5_b32_mb8_ga4_a1.0_beta3.5_delta1_gamma0.125_e10/checkpoint-78/evals/TOFU_EVAL.json
forget10,SimNPO,lr6e-5_b32_mb8_ga4_a1.0_beta3.5_delta1_gamma0.125_e10,6e-5,32,8,4,1.0,3.5,1,0.125,10,checkpoint-91,91,0.09352461409425458,0.6099919871023439,0.6195006075128913,0.0600206174465095,0.6478330942594346,0.6373716199522714,0.4223718047508271,0.5884885889036657,0.3637559887168981,saves/unlearn/tofu/forget10/Llama-2-7b-chat-hf/SimNPO/lr6e-5_b32_mb8_ga4_a1.0_beta3.5_delta1_gamma0.125_e10/checkpoint-91/evals/TOFU_SUMMARY.json,saves/unlearn/tofu/forget10/Llama-2-7b-chat-hf/SimNPO/lr6e-5_b32_mb8_ga4_a1.0_beta3.5_delta1_gamma0.125_e10/checkpoint-91/evals/TOFU_EVAL.json
forget10,SimNPO,lr6e-5_b32_mb8_ga4_a1.0_beta3.5_delta1_gamma0.125_e10,6e-5,32,8,4,1.0,3.5,1,0.125,10,checkpoint-104,104,0.06521994354498474,0.6099603007593205,0.6208352576009929,0.06126981001429341,0.6420653909283309,0.6297507647141204,0.4277217284827246,0.5789521217561489,0.33412771049666207,saves/unlearn/tofu/forget10/Llama-2-7b-chat-hf/SimNPO/lr6e-5_b32_mb8_ga4_a1.0_beta3.5_delta1_gamma0.125_e10/checkpoint-104/evals/TOFU_SUMMARY.json,saves/unlearn/tofu/forget10/Llama-2-7b-chat-hf/SimNPO/lr6e-5_b32_mb8_ga4_a1.0_beta3.5_delta1_gamma0.125_e10/checkpoint-104/evals/TOFU_EVAL.json
forget10,SimNPO,lr6e-5_b32_mb8_ga4_a1.0_beta3.5_delta1_gamma0.125_e10,6e-5,32,8,4,1.0,3.5,1,0.125,10,checkpoint-117,117,0.06521994354498474,0.6092844348267515,0.6214631759934127,0.06123584354599092,0.6413837535669324,0.6276599075832647,0.4294585657685598,0.5758822163109266,0.33315486860203447,saves/unlearn/tofu/forget10/Llama-2-7b-chat-hf/SimNPO/lr6e-5_b32_mb8_ga4_a1.0_beta3.5_delta1_gamma0.125_e10/checkpoint-117/evals/TOFU_SUMMARY.json,saves/unlearn/tofu/forget10/Llama-2-7b-chat-hf/SimNPO/lr6e-5_b32_mb8_ga4_a1.0_beta3.5_delta1_gamma0.125_e10/checkpoint-117/evals/TOFU_EVAL.json
forget10,SimNPO,lr6e-5_b32_mb8_ga4_a1.0_beta3.5_delta1_gamma0.125_e10,6e-5,32,8,4,1.0,3.5,1,0.125,10,checkpoint-120,120,0.054052912731737235,0.609340867964885,0.6213949396647513,0.06128043539377124,0.6415566233768512,0.6266928649093724,0.4294105419854654,0.5760482628157628,0.32205609316736084,saves/unlearn/tofu/forget10/Llama-2-7b-chat-hf/SimNPO/lr6e-5_b32_mb8_ga4_a1.0_beta3.5_delta1_gamma0.125_e10/checkpoint-120/evals/TOFU_SUMMARY.json,saves/unlearn/tofu/forget10/Llama-2-7b-chat-hf/SimNPO/lr6e-5_b32_mb8_ga4_a1.0_beta3.5_delta1_gamma0.125_e10/checkpoint-120/evals/TOFU_EVAL.json
forget10,SimNPO,lr6e-5_b32_mb8_ga4_a1.0_beta3.5_delta1_gamma0.25_e10,6e-5,32,8,4,1.0,3.5,1,0.25,10,checkpoint-13,13,2.6338754853638006e-10,0.5484796983320289,0.8409359964728356,0.20665988360398502,0.6004134415167663,0.5333644878849072,0.4340589043046134,0.5368813276995142,0.02468175855700616,saves/unlearn/tofu/forget10/Llama-2-7b-chat-hf/SimNPO/lr6e-5_b32_mb8_ga4_a1.0_beta3.5_delta1_gamma0.25_e10/checkpoint-13/evals/TOFU_SUMMARY.json,saves/unlearn/tofu/forget10/Llama-2-7b-chat-hf/SimNPO/lr6e-5_b32_mb8_ga4_a1.0_beta3.5_delta1_gamma0.25_e10/checkpoint-13/evals/TOFU_EVAL.json
forget10,SimNPO,lr6e-5_b32_mb8_ga4_a1.0_beta3.5_delta1_gamma0.25_e10,6e-5,32,8,4,1.0,3.5,1,0.25,10,checkpoint-26,26,3.596289960343452e-05,0.5721071473239984,0.5515866271825507,0.057266542501777006,0.6404560125381238,0.5980564384068803,0.4082643631569216,0.6050665888360424,0.2677165253814379,saves/unlearn/tofu/forget10/Llama-2-7b-chat-hf/SimNPO/lr6e-5_b32_mb8_ga4_a1.0_beta3.5_delta1_gamma0.25_e10/checkpoint-26/evals/TOFU_SUMMARY.json,saves/unlearn/tofu/forget10/Llama-2-7b-chat-hf/SimNPO/lr6e-5_b32_mb8_ga4_a1.0_beta3.5_delta1_gamma0.25_e10/checkpoint-26/evals/TOFU_EVAL.json
forget10,SimNPO,lr6e-5_b32_mb8_ga4_a1.0_beta3.5_delta1_gamma0.25_e10,6e-5,32,8,4,1.0,3.5,1,0.25,10,checkpoint-39,39,2.061070745515147e-07,0.5841891014698689,0.5219839067198336,0.04868584868038262,0.6296494389373885,0.614829252135949,0.42033193316690104,0.6017164972634206,0.2988544298768353,saves/unlearn/tofu/forget10/Llama-2-7b-chat-hf/SimNPO/lr6e-5_b32_mb8_ga4_a1.0_beta3.5_delta1_gamma0.25_e10/checkpoint-39/evals/TOFU_SUMMARY.json,saves/unlearn/tofu/forget10/Llama-2-7b-chat-hf/SimNPO/lr6e-5_b32_mb8_ga4_a1.0_beta3.5_delta1_gamma0.25_e10/checkpoint-39/evals/TOFU_EVAL.json
forget10,SimNPO,lr6e-5_b32_mb8_ga4_a1.0_beta3.5_delta1_gamma0.25_e10,6e-5,32,8,4,1.0,3.5,1,0.25,10,checkpoint-52,52,4.5846770167841434e-07,0.595411363296557,0.5372867935523391,0.05318309272370905,0.6197098783193469,0.6320946642946341,0.42143520181229804,0.6051266312904843,0.3001768786262346,saves/unlearn/tofu/forget10/Llama-2-7b-chat-hf/SimNPO/lr6e-5_b32_mb8_ga4_a1.0_beta3.5_delta1_gamma0.25_e10/checkpoint-52/evals/TOFU_SUMMARY.json,saves/unlearn/tofu/forget10/Llama-2-7b-chat-hf/SimNPO/lr6e-5_b32_mb8_ga4_a1.0_beta3.5_delta1_gamma0.25_e10/checkpoint-52/evals/TOFU_EVAL.json
forget10,SimNPO,lr6e-5_b32_mb8_ga4_a1.0_beta3.5_delta1_gamma0.25_e10,6e-5,32,8,4,1.0,3.5,1,0.25,10,checkpoint-65,65,9.074891594369707e-08,0.5977957637406408,0.5560792517196387,0.05746679689373872,0.6296328510488121,0.6265902801754172,0.4133927118859427,0.5990056862042484,0.29102283018286806,saves/unlearn/tofu/forget10/Llama-2-7b-chat-hf/SimNPO/lr6e-5_b32_mb8_ga4_a1.0_beta3.5_delta1_gamma0.25_e10/checkpoint-65/evals/TOFU_SUMMARY.json,saves/unlearn/tofu/forget10/Llama-2-7b-chat-hf/SimNPO/lr6e-5_b32_mb8_ga4_a1.0_beta3.5_delta1_gamma0.25_e10/checkpoint-65/evals/TOFU_EVAL.json
forget10,SimNPO,lr6e-5_b32_mb8_ga4_a1.0_beta3.5_delta1_gamma0.25_e10,6e-5,32,8,4,1.0,3.5,1,0.25,10,checkpoint-78,78,3.081974946564706e-07,0.6070039089013631,0.5458728827722371,0.05416028150667938,0.6190259198410955,0.6375342762280681,0.42384642533905537,0.5999681016938433,0.3069876349593995,saves/unlearn/tofu/forget10/Llama-2-7b-chat-hf/SimNPO/lr6e-5_b32_mb8_ga4_a1.0_beta3.5_delta1_gamma0.25_e10/checkpoint-78/evals/TOFU_SUMMARY.json,saves/unlearn/tofu/forget10/Llama-2-7b-chat-hf/SimNPO/lr6e-5_b32_mb8_ga4_a1.0_beta3.5_delta1_gamma0.25_e10/checkpoint-78/evals/TOFU_EVAL.json
forget10,SimNPO,lr6e-5_b32_mb8_ga4_a1.0_beta3.5_delta1_gamma0.25_e10,6e-5,32,8,4,1.0,3.5,1,0.25,10,checkpoint-91,91,6.784754222980868e-07,0.6152717565004693,0.5481315525714308,0.056233534622586345,0.6153480124826904,0.6400237724082521,0.4311669390409786,0.6009492290901162,0.313089891378883,saves/unlearn/tofu/forget10/Llama-2-7b-chat-hf/SimNPO/lr6e-5_b32_mb8_ga4_a1.0_beta3.5_delta1_gamma0.25_e10/checkpoint-91/evals/TOFU_SUMMARY.json,saves/unlearn/tofu/forget10/Llama-2-7b-chat-hf/SimNPO/lr6e-5_b32_mb8_ga4_a1.0_beta3.5_delta1_gamma0.25_e10/checkpoint-91/evals/TOFU_EVAL.json
forget10,SimNPO,lr6e-5_b32_mb8_ga4_a1.0_beta3.5_delta1_gamma0.25_e10,6e-5,32,8,4,1.0,3.5,1,0.25,10,checkpoint-104,104,2.1316067663008397e-06,0.6165756133680889,0.5501812005415558,0.056300809537942254,0.6140483897078355,0.6339492300885528,0.4345790572475204,0.5980230621503058,0.31333673993510613,saves/unlearn/tofu/forget10/Llama-2-7b-chat-hf/SimNPO/lr6e-5_b32_mb8_ga4_a1.0_beta3.5_delta1_gamma0.25_e10/checkpoint-104/evals/TOFU_SUMMARY.json,saves/unlearn/tofu/forget10/Llama-2-7b-chat-hf/SimNPO/lr6e-5_b32_mb8_ga4_a1.0_beta3.5_delta1_gamma0.25_e10/checkpoint-104/evals/TOFU_EVAL.json
forget10,SimNPO,lr6e-5_b32_mb8_ga4_a1.0_beta3.5_delta1_gamma0.25_e10,6e-5,32,8,4,1.0,3.5,1,0.25,10,checkpoint-117,117,2.1316067663008397e-06,0.6179255078097999,0.5487215066701174,0.05638022995073632,0.6138903004884112,0.6337042180866497,0.43635216429632906,0.5956015809524582,0.3153767711061394,saves/unlearn/tofu/forget10/Llama-2-7b-chat-hf/SimNPO/lr6e-5_b32_mb8_ga4_a1.0_beta3.5_delta1_gamma0.25_e10/checkpoint-117/evals/TOFU_SUMMARY.json,saves/unlearn/tofu/forget10/Llama-2-7b-chat-hf/SimNPO/lr6e-5_b32_mb8_ga4_a1.0_beta3.5_delta1_gamma0.25_e10/checkpoint-117/evals/TOFU_EVAL.json
forget10,SimNPO,lr6e-5_b32_mb8_ga4_a1.0_beta3.5_delta1_gamma0.25_e10,6e-5,32,8,4,1.0,3.5,1,0.25,10,checkpoint-120,120,1.4629553806612078e-06,0.6176576476883884,0.5492571976408362,0.056760224431484145,0.6139683672428435,0.6335523694625422,0.4357922942984458,0.5963651566171112,0.3146503996076088,saves/unlearn/tofu/forget10/Llama-2-7b-chat-hf/SimNPO/lr6e-5_b32_mb8_ga4_a1.0_beta3.5_delta1_gamma0.25_e10/checkpoint-120/evals/TOFU_SUMMARY.json,saves/unlearn/tofu/forget10/Llama-2-7b-chat-hf/SimNPO/lr6e-5_b32_mb8_ga4_a1.0_beta3.5_delta1_gamma0.25_e10/checkpoint-120/evals/TOFU_EVAL.json
forget10,SimNPO,lr6e-5_b32_mb8_ga4_a1.0_beta4.5_delta0_gamma0.125_e10,6e-5,32,8,4,1.0,4.5,0,0.125,10,checkpoint-13,13,2.8138576976529647e-20,0.5763406638143453,0.940993532538414,0.4995541285901473,0.5646777446861008,0.5599379229979743,0.4207001831284446,0.5398215075501631,-0.1439331667499353,saves/unlearn/tofu/forget10/Llama-2-7b-chat-hf/SimNPO/lr6e-5_b32_mb8_ga4_a1.0_beta4.5_delta0_gamma0.125_e10/checkpoint-13/evals/TOFU_SUMMARY.json,saves/unlearn/tofu/forget10/Llama-2-7b-chat-hf/SimNPO/lr6e-5_b32_mb8_ga4_a1.0_beta4.5_delta0_gamma0.125_e10/checkpoint-13/evals/TOFU_EVAL.json
forget10,SimNPO,lr6e-5_b32_mb8_ga4_a1.0_beta4.5_delta0_gamma0.125_e10,6e-5,32,8,4,1.0,4.5,0,0.125,10,checkpoint-26,26,2.776495661774257e-16,0.577534825598303,0.872864099740982,0.22597088115788203,0.5969875448449102,0.6130536099260386,0.3980833269962614,0.584114466647036,0.028117335148871367,saves/unlearn/tofu/forget10/Llama-2-7b-chat-hf/SimNPO/lr6e-5_b32_mb8_ga4_a1.0_beta4.5_delta0_gamma0.125_e10/checkpoint-26/evals/TOFU_SUMMARY.json,saves/unlearn/tofu/forget10/Llama-2-7b-chat-hf/SimNPO/lr6e-5_b32_mb8_ga4_a1.0_beta4.5_delta0_gamma0.125_e10/checkpoint-26/evals/TOFU_EVAL.json
forget10,SimNPO,lr6e-5_b32_mb8_ga4_a1.0_beta4.5_delta0_gamma0.125_e10,6e-5,32,8,4,1.0,4.5,0,0.125,10,checkpoint-39,39,5.7046977773929285e-15,0.5801312753557585,0.8453754223883152,0.1624521445526628,0.6015412941354314,0.6119931871236619,0.4094820883174685,0.5865968015045148,0.07621749188527514,saves/unlearn/tofu/forget10/Llama-2-7b-chat-hf/SimNPO/lr6e-5_b32_mb8_ga4_a1.0_beta4.5_delta0_gamma0.125_e10/checkpoint-39/evals/TOFU_SUMMARY.json,saves/unlearn/tofu/forget10/Llama-2-7b-chat-hf/SimNPO/lr6e-5_b32_mb8_ga4_a1.0_beta4.5_delta0_gamma0.125_e10/checkpoint-39/evals/TOFU_EVAL.json
forget10,SimNPO,lr6e-5_b32_mb8_ga4_a1.0_beta4.5_delta0_gamma0.125_e10,6e-5,32,8,4,1.0,4.5,0,0.125,10,checkpoint-52,52,3.647961791830168e-11,0.5714691080691944,0.8377409343421459,0.15483672808492643,0.6112119697729369,0.5834938447123481,0.40983460316383075,0.5608138272039684,0.0751802768921378,saves/unlearn/tofu/forget10/Llama-2-7b-chat-hf/SimNPO/lr6e-5_b32_mb8_ga4_a1.0_beta4.5_delta0_gamma0.125_e10/checkpoint-52/evals/TOFU_SUMMARY.json,saves/unlearn/tofu/forget10/Llama-2-7b-chat-hf/SimNPO/lr6e-5_b32_mb8_ga4_a1.0_beta4.5_delta0_gamma0.125_e10/checkpoint-52/evals/TOFU_EVAL.json
forget10,SimNPO,lr6e-5_b32_mb8_ga4_a1.0_beta4.5_delta0_gamma0.125_e10,6e-5,32,8,4,1.0,4.5,0,0.125,10,checkpoint-65,65,7.832452544383501e-12,0.5821220719517194,0.8398078574240208,0.1493704446104792,0.6055166958130556,0.5956148040226134,0.41383920083794346,0.5617312241115229,0.0875329209423018,saves/unlearn/tofu/forget10/Llama-2-7b-chat-hf/SimNPO/lr6e-5_b32_mb8_ga4_a1.0_beta4.5_delta0_gamma0.125_e10/checkpoint-65/evals/TOFU_SUMMARY.json,saves/unlearn/tofu/forget10/Llama-2-7b-chat-hf/SimNPO/lr6e-5_b32_mb8_ga4_a1.0_beta4.5_delta0_gamma0.125_e10/checkpoint-65/evals/TOFU_EVAL.json
forget10,SimNPO,lr6e-5_b32_mb8_ga4_a1.0_beta4.5_delta0_gamma0.125_e10,6e-5,32,8,4,1.0,4.5,0,0.125,10,checkpoint-78,78,2.734462451060329e-12,0.5882180410171455,0.8356002004444599,0.14027903781870318,0.6085408683218109,0.5991032486480389,0.41532904705124607,0.5663439699258201,0.1002784218882984,saves/unlearn/tofu/forget10/Llama-2-7b-chat-hf/SimNPO/lr6e-5_b32_mb8_ga4_a1.0_beta4.5_delta0_gamma0.125_e10/checkpoint-78/evals/TOFU_SUMMARY.json,saves/unlearn/tofu/forget10/Llama-2-7b-chat-hf/SimNPO/lr6e-5_b32_mb8_ga4_a1.0_beta4.5_delta0_gamma0.125_e10/checkpoint-78/evals/TOFU_EVAL.json
forget10,SimNPO,lr6e-5_b32_mb8_ga4_a1.0_beta4.5_delta0_gamma0.125_e10,6e-5,32,8,4,1.0,4.5,0,0.125,10,checkpoint-91,91,1.6027740307205098e-12,0.5944196972140201,0.8339871793985367,0.13601869953728107,0.6050028321105718,0.5983034660750748,0.42160720621772213,0.5672576240638503,0.10941675774771403,saves/unlearn/tofu/forget10/Llama-2-7b-chat-hf/SimNPO/lr6e-5_b32_mb8_ga4_a1.0_beta4.5_delta0_gamma0.125_e10/checkpoint-91/evals/TOFU_SUMMARY.json,saves/unlearn/tofu/forget10/Llama-2-7b-chat-hf/SimNPO/lr6e-5_b32_mb8_ga4_a1.0_beta4.5_delta0_gamma0.125_e10/checkpoint-91/evals/TOFU_EVAL.json
forget10,SimNPO,lr6e-5_b32_mb8_ga4_a1.0_beta4.5_delta0_gamma0.125_e10,6e-5,32,8,4,1.0,4.5,0,0.125,10,checkpoint-104,104,9.344235949852775e-13,0.5952451886652483,0.8345247101783753,0.13599786441693418,0.6021242122781432,0.5916414830146315,0.42505399018313966,0.564961613604462,0.10998390136852809,saves/unlearn/tofu/forget10/Llama-2-7b-chat-hf/SimNPO/lr6e-5_b32_mb8_ga4_a1.0_beta4.5_delta0_gamma0.125_e10/checkpoint-104/evals/TOFU_SUMMARY.json,saves/unlearn/tofu/forget10/Llama-2-7b-chat-hf/SimNPO/lr6e-5_b32_mb8_ga4_a1.0_beta4.5_delta0_gamma0.125_e10/checkpoint-104/evals/TOFU_EVAL.json
forget10,SimNPO,lr6e-5_b32_mb8_ga4_a1.0_beta4.5_delta0_gamma0.125_e10,6e-5,32,8,4,1.0,4.5,0,0.125,10,checkpoint-117,117,5.418551024174982e-13,0.5970304665414671,0.8346689556539059,0.13541607747622156,0.6017408473474779,0.5924486737878688,0.426310259589953,0.5649765062683858,0.11198794997694526,saves/unlearn/tofu/forget10/Llama-2-7b-chat-hf/SimNPO/lr6e-5_b32_mb8_ga4_a1.0_beta4.5_delta0_gamma0.125_e10/checkpoint-117/evals/TOFU_SUMMARY.json,saves/unlearn/tofu/forget10/Llama-2-7b-chat-hf/SimNPO/lr6e-5_b32_mb8_ga4_a1.0_beta4.5_delta0_gamma0.125_e10/checkpoint-117/evals/TOFU_EVAL.json
forget10,SimNPO,lr6e-5_b32_mb8_ga4_a1.0_beta4.5_delta0_gamma0.125_e10,6e-5,32,8,4,1.0,4.5,0,0.125,10,checkpoint-120,120,3.1252666340221845e-13,0.5962771227196437,0.8348869729042053,0.13641965976265738,0.6016283476464452,0.592971989862087,0.4265713937695893,0.5641461993482267,0.1106238063865249,saves/unlearn/tofu/forget10/Llama-2-7b-chat-hf/SimNPO/lr6e-5_b32_mb8_ga4_a1.0_beta4.5_delta0_gamma0.125_e10/checkpoint-120/evals/TOFU_SUMMARY.json,saves/unlearn/tofu/forget10/Llama-2-7b-chat-hf/SimNPO/lr6e-5_b32_mb8_ga4_a1.0_beta4.5_delta0_gamma0.125_e10/checkpoint-120/evals/TOFU_EVAL.json
forget10,SimNPO,lr6e-5_b32_mb8_ga4_a1.0_beta4.5_delta0_gamma0.25_e10,6e-5,32,8,4,1.0,4.5,0,0.25,10,checkpoint-13,13,2.241003819205479e-17,0.5690838444173713,0.9187918409705162,0.39528880458964827,0.5751433910758489,0.546798821637973,0.41957724300420024,0.5370234680580394,-0.087956478362711,saves/unlearn/tofu/forget10/Llama-2-7b-chat-hf/SimNPO/lr6e-5_b32_mb8_ga4_a1.0_beta4.5_delta0_gamma0.25_e10/checkpoint-13/evals/TOFU_SUMMARY.json,saves/unlearn/tofu/forget10/Llama-2-7b-chat-hf/SimNPO/lr6e-5_b32_mb8_ga4_a1.0_beta4.5_delta0_gamma0.25_e10/checkpoint-13/evals/TOFU_EVAL.json
forget10,SimNPO,lr6e-5_b32_mb8_ga4_a1.0_beta4.5_delta0_gamma0.25_e10,6e-5,32,8,4,1.0,4.5,0,0.25,10,checkpoint-26,26,5.805666105234786e-14,0.5829062287179083,0.8307295741140842,0.1596853299526632,0.610006857264436,0.6200905857568333,0.40346972870769643,0.6005203587288532,0.08769877668459267,saves/unlearn/tofu/forget10/Llama-2-7b-chat-hf/SimNPO/lr6e-5_b32_mb8_ga4_a1.0_beta4.5_delta0_gamma0.25_e10/checkpoint-26/evals/TOFU_SUMMARY.json,saves/unlearn/tofu/forget10/Llama-2-7b-chat-hf/SimNPO/lr6e-5_b32_mb8_ga4_a1.0_beta4.5_delta0_gamma0.25_e10/checkpoint-26/evals/TOFU_EVAL.json
forget10,SimNPO,lr6e-5_b32_mb8_ga4_a1.0_beta4.5_delta0_gamma0.25_e10,6e-5,32,8,4,1.0,4.5,0,0.25,10,checkpoint-39,39,1.0973970510505411e-09,0.5792100063607807,0.8084524287283421,0.13210404774871468,0.6231104491257735,0.5979587094763639,0.4189195900776015,0.5817137237831455,0.10893176921964935,saves/unlearn/tofu/forget10/Llama-2-7b-chat-hf/SimNPO/lr6e-5_b32_mb8_ga4_a1.0_beta4.5_delta0_gamma0.25_e10/checkpoint-39/evals/TOFU_SUMMARY.json,saves/unlearn/tofu/forget10/Llama-2-7b-chat-hf/SimNPO/lr6e-5_b32_mb8_ga4_a1.0_beta4.5_delta0_gamma0.25_e10/checkpoint-39/evals/TOFU_EVAL.json
forget10,SimNPO,lr6e-5_b32_mb8_ga4_a1.0_beta4.5_delta0_gamma0.25_e10,6e-5,32,8,4,1.0,4.5,0,0.25,10,checkpoint-52,52,2.5496506594547965e-08,0.5756209159471346,0.8030377833545208,0.12796312970613538,0.6340676600374955,0.5864660203619123,0.41337363827897905,0.5730767968828642,0.11012048491331308,saves/unlearn/tofu/forget10/Llama-2-7b-chat-hf/SimNPO/lr6e-5_b32_mb8_ga4_a1.0_beta4.5_delta0_gamma0.25_e10/checkpoint-52/evals/TOFU_SUMMARY.json,saves/unlearn/tofu/forget10/Llama-2-7b-chat-hf/SimNPO/lr6e-5_b32_mb8_ga4_a1.0_beta4.5_delta0_gamma0.25_e10/checkpoint-52/evals/TOFU_EVAL.json
forget10,SimNPO,lr6e-5_b32_mb8_ga4_a1.0_beta4.5_delta0_gamma0.25_e10,6e-5,32,8,4,1.0,4.5,0,0.25,10,checkpoint-65,65,1.652551353350331e-08,0.5845036750724326,0.8035545879602433,0.12491722748638523,0.6288986389040616,0.5900049850802147,0.41213066893730854,0.5764827836756194,0.12026778387463188,saves/unlearn/tofu/forget10/Llama-2-7b-chat-hf/SimNPO/lr6e-5_b32_mb8_ga4_a1.0_beta4.5_delta0_gamma0.25_e10/checkpoint-65/evals/TOFU_SUMMARY.json,saves/unlearn/tofu/forget10/Llama-2-7b-chat-hf/SimNPO/lr6e-5_b32_mb8_ga4_a1.0_beta4.5_delta0_gamma0.25_e10/checkpoint-65/evals/TOFU_EVAL.json
forget10,SimNPO,lr6e-5_b32_mb8_ga4_a1.0_beta4.5_delta0_gamma0.25_e10,6e-5,32,8,4,1.0,4.5,0,0.25,10,checkpoint-78,78,1.652551353350331e-08,0.592183508388333,0.8028607651591301,0.11994337612354702,0.6327368539402555,0.6060154679027049,0.4160886004748818,0.576745196448511,0.13078145427250798,saves/unlearn/tofu/forget10/Llama-2-7b-chat-hf/SimNPO/lr6e-5_b32_mb8_ga4_a1.0_beta4.5_delta0_gamma0.25_e10/checkpoint-78/evals/TOFU_SUMMARY.json,saves/unlearn/tofu/forget10/Llama-2-7b-chat-hf/SimNPO/lr6e-5_b32_mb8_ga4_a1.0_beta4.5_delta0_gamma0.25_e10/checkpoint-78/evals/TOFU_EVAL.json
forget10,SimNPO,lr6e-5_b32_mb8_ga4_a1.0_beta4.5_delta0_gamma0.25_e10,6e-5,32,8,4,1.0,4.5,0,0.25,10,checkpoint-91,91,3.913229651378406e-08,0.594358462410394,0.8001254318654537,0.11579515322579798,0.6310890406374502,0.5983742944409868,0.42002726226681575,0.5681022696684661,0.1363982089970647,saves/unlearn/tofu/forget10/Llama-2-7b-chat-hf/SimNPO/lr6e-5_b32_mb8_ga4_a1.0_beta4.5_delta0_gamma0.25_e10/checkpoint-91/evals/TOFU_SUMMARY.json,saves/unlearn/tofu/forget10/Llama-2-7b-chat-hf/SimNPO/lr6e-5_b32_mb8_ga4_a1.0_beta4.5_delta0_gamma0.25_e10/checkpoint-91/evals/TOFU_EVAL.json
forget10,SimNPO,lr6e-5_b32_mb8_ga4_a1.0_beta4.5_delta0_gamma0.25_e10,6e-5,32,8,4,1.0,4.5,0,0.25,10,checkpoint-104,104,5.974773347845895e-08,0.5982540463690723,0.8016631622612477,0.11746966367150533,0.6275750092322929,0.5975046452121765,0.425201669624731,0.5610974707477766,0.13868769315042923,saves/unlearn/tofu/forget10/Llama-2-7b-chat-hf/SimNPO/lr6e-5_b32_mb8_ga4_a1.0_beta4.5_delta0_gamma0.25_e10/checkpoint-104/evals/TOFU_SUMMARY.json,saves/unlearn/tofu/forget10/Llama-2-7b-chat-hf/SimNPO/lr6e-5_b32_mb8_ga4_a1.0_beta4.5_delta0_gamma0.25_e10/checkpoint-104/evals/TOFU_EVAL.json
forget10,SimNPO,lr6e-5_b32_mb8_ga4_a1.0_beta4.5_delta0_gamma0.25_e10,6e-5,32,8,4,1.0,4.5,0,0.25,10,checkpoint-117,117,2.5496506594547965e-08,0.5985643093787405,0.8013167907297611,0.11713224051150065,0.6265370327004793,0.5964200243779537,0.42683511701285143,0.5604171772991628,0.1393398192546162,saves/unlearn/tofu/forget10/Llama-2-7b-chat-hf/SimNPO/lr6e-5_b32_mb8_ga4_a1.0_beta4.5_delta0_gamma0.25_e10/checkpoint-117/evals/TOFU_SUMMARY.json,saves/unlearn/tofu/forget10/Llama-2-7b-chat-hf/SimNPO/lr6e-5_b32_mb8_ga4_a1.0_beta4.5_delta0_gamma0.25_e10/checkpoint-117/evals/TOFU_EVAL.json
forget10,SimNPO,lr6e-5_b32_mb8_ga4_a1.0_beta4.5_delta0_gamma0.25_e10,6e-5,32,8,4,1.0,4.5,0,0.25,10,checkpoint-120,120,1.0655053900451827e-08,0.598324383456295,0.8014162620902061,0.11764114032746567,0.6266795544661831,0.5954454382111541,0.4268088389780455,0.5610063619695974,0.1387956929025131,saves/unlearn/tofu/forget10/Llama-2-7b-chat-hf/SimNPO/lr6e-5_b32_mb8_ga4_a1.0_beta4.5_delta0_gamma0.25_e10/checkpoint-120/evals/TOFU_SUMMARY.json,saves/unlearn/tofu/forget10/Llama-2-7b-chat-hf/SimNPO/lr6e-5_b32_mb8_ga4_a1.0_beta4.5_delta0_gamma0.25_e10/checkpoint-120/evals/TOFU_EVAL.json
forget10,SimNPO,lr6e-5_b32_mb8_ga4_a1.0_beta4.5_delta1_gamma0.125_e10,6e-5,32,8,4,1.0,4.5,1,0.125,10,checkpoint-13,13,1.730834713171486e-15,0.5698914339718703,0.9031116093695164,0.3596476992936492,0.5832906765091161,0.5537542748359674,0.4234644976608903,0.5405853219816791,-0.06148822035971077,saves/unlearn/tofu/forget10/Llama-2-7b-chat-hf/SimNPO/lr6e-5_b32_mb8_ga4_a1.0_beta4.5_delta1_gamma0.125_e10/checkpoint-13/evals/TOFU_SUMMARY.json,saves/unlearn/tofu/forget10/Llama-2-7b-chat-hf/SimNPO/lr6e-5_b32_mb8_ga4_a1.0_beta4.5_delta1_gamma0.125_e10/checkpoint-13/evals/TOFU_EVAL.json
forget10,SimNPO,lr6e-5_b32_mb8_ga4_a1.0_beta4.5_delta1_gamma0.125_e10,6e-5,32,8,4,1.0,4.5,1,0.125,10,checkpoint-26,26,0.06521994354498474,0.587730918597709,0.6884536791127175,0.08873109397487447,0.6485508251153407,0.6413420378028092,0.4050431343042271,0.6104906707265596,0.26435847559889775,saves/unlearn/tofu/forget10/Llama-2-7b-chat-hf/SimNPO/lr6e-5_b32_mb8_ga4_a1.0_beta4.5_delta1_gamma0.125_e10/checkpoint-26/evals/TOFU_SUMMARY.json,saves/unlearn/tofu/forget10/Llama-2-7b-chat-hf/SimNPO/lr6e-5_b32_mb8_ga4_a1.0_beta4.5_delta1_gamma0.125_e10/checkpoint-26/evals/TOFU_EVAL.json
forget10,SimNPO,lr6e-5_b32_mb8_ga4_a1.0_beta4.5_delta1_gamma0.125_e10,6e-5,32,8,4,1.0,4.5,1,0.125,10,checkpoint-39,39,0.415788823500893,0.5920575271058043,0.6367971150344238,0.06874134155290436,0.6576754122793315,0.6416994748213233,0.4182397568202423,0.6037747786206856,0.6550771223130332,saves/unlearn/tofu/forget10/Llama-2-7b-chat-hf/SimNPO/lr6e-5_b32_mb8_ga4_a1.0_beta4.5_delta1_gamma0.125_e10/checkpoint-39/evals/TOFU_SUMMARY.json,saves/unlearn/tofu/forget10/Llama-2-7b-chat-hf/SimNPO/lr6e-5_b32_mb8_ga4_a1.0_beta4.5_delta1_gamma0.125_e10/checkpoint-39/evals/TOFU_EVAL.json
forget10,SimNPO,lr6e-5_b32_mb8_ga4_a1.0_beta4.5_delta1_gamma0.125_e10,6e-5,32,8,4,1.0,4.5,1,0.125,10,checkpoint-52,52,0.32218506015364723,0.5944966497924338,0.6345250809006393,0.06715368884227044,0.6554210403014289,0.6324664364243328,0.4264232943012495,0.5907843232526616,0.5658423250746262,saves/unlearn/tofu/forget10/Llama-2-7b-chat-hf/SimNPO/lr6e-5_b32_mb8_ga4_a1.0_beta4.5_delta1_gamma0.125_e10/checkpoint-52/evals/TOFU_SUMMARY.json,saves/unlearn/tofu/forget10/Llama-2-7b-chat-hf/SimNPO/lr6e-5_b32_mb8_ga4_a1.0_beta4.5_delta1_gamma0.125_e10/checkpoint-52/evals/TOFU_EVAL.json
forget10,SimNPO,lr6e-5_b32_mb8_ga4_a1.0_beta4.5_delta1_gamma0.125_e10,6e-5,32,8,4,1.0,4.5,1,0.125,10,checkpoint-65,65,0.21070561249668102,0.5920244026151568,0.6503600265178829,0.07207796493591043,0.6552396889459802,0.6262354299708034,0.41024740138475196,0.5789249500128094,0.44151101938494103,saves/unlearn/tofu/forget10/Llama-2-7b-chat-hf/SimNPO/lr6e-5_b32_mb8_ga4_a1.0_beta4.5_delta1_gamma0.125_e10/checkpoint-65/evals/TOFU_SUMMARY.json,saves/unlearn/tofu/forget10/Llama-2-7b-chat-hf/SimNPO/lr6e-5_b32_mb8_ga4_a1.0_beta4.5_delta1_gamma0.125_e10/checkpoint-65/evals/TOFU_EVAL.json
forget10,SimNPO,lr6e-5_b32_mb8_ga4_a1.0_beta4.5_delta1_gamma0.125_e10,6e-5,32,8,4,1.0,4.5,1,0.125,10,checkpoint-78,78,0.09352461409425458,0.6045623612528841,0.6478760405443609,0.06921414482956026,0.6571200951187359,0.6425200612397794,0.4092127790436655,0.5906742496955802,0.33954188266017815,saves/unlearn/tofu/forget10/Llama-2-7b-chat-hf/SimNPO/lr6e-5_b32_mb8_ga4_a1.0_beta4.5_delta1_gamma0.125_e10/checkpoint-78/evals/TOFU_SUMMARY.json,saves/unlearn/tofu/forget10/Llama-2-7b-chat-hf/SimNPO/lr6e-5_b32_mb8_ga4_a1.0_beta4.5_delta1_gamma0.125_e10/checkpoint-78/evals/TOFU_EVAL.json
forget10,SimNPO,lr6e-5_b32_mb8_ga4_a1.0_beta4.5_delta1_gamma0.125_e10,6e-5,32,8,4,1.0,4.5,1,0.125,10,checkpoint-91,91,0.15461291961180293,0.6115411032245477,0.646481309607625,0.06878557696231882,0.6517796001010308,0.6409944526661472,0.42119795723316505,0.5894473893843728,0.4085205795513787,saves/unlearn/tofu/forget10/Llama-2-7b-chat-hf/SimNPO/lr6e-5_b32_mb8_ga4_a1.0_beta4.5_delta1_gamma0.125_e10/checkpoint-91/evals/TOFU_SUMMARY.json,saves/unlearn/tofu/forget10/Llama-2-7b-chat-hf/SimNPO/lr6e-5_b32_mb8_ga4_a1.0_beta4.5_delta1_gamma0.125_e10/checkpoint-91/evals/TOFU_EVAL.json
forget10,SimNPO,lr6e-5_b32_mb8_ga4_a1.0_beta4.5_delta1_gamma0.125_e10,6e-5,32,8,4,1.0,4.5,1,0.125,10,checkpoint-104,104,0.15461291961180293,0.6124525002465253,0.6483596028760076,0.06913136360713851,0.6477978988121288,0.6328779330053238,0.4263522618141448,0.5819198982713921,0.40831993661675514,saves/unlearn/tofu/forget10/Llama-2-7b-chat-hf/SimNPO/lr6e-5_b32_mb8_ga4_a1.0_beta4.5_delta1_gamma0.125_e10/checkpoint-104/evals/TOFU_SUMMARY.json,saves/unlearn/tofu/forget10/Llama-2-7b-chat-hf/SimNPO/lr6e-5_b32_mb8_ga4_a1.0_beta4.5_delta1_gamma0.125_e10/checkpoint-104/evals/TOFU_EVAL.json
forget10,SimNPO,lr6e-5_b32_mb8_ga4_a1.0_beta4.5_delta1_gamma0.125_e10,6e-5,32,8,4,1.0,4.5,1,0.125,10,checkpoint-117,117,0.24405687970418488,0.6125175744033013,0.6488355151563883,0.06897464039099362,0.648224741797737,0.6330316373646702,0.42795909750715,0.579226911704698,0.49766937633379527,saves/unlearn/tofu/forget10/Llama-2-7b-chat-hf/SimNPO/lr6e-5_b32_mb8_ga4_a1.0_beta4.5_delta1_gamma0.125_e10/checkpoint-117/evals/TOFU_SUMMARY.json,saves/unlearn/tofu/forget10/Llama-2-7b-chat-hf/SimNPO/lr6e-5_b32_mb8_ga4_a1.0_beta4.5_delta1_gamma0.125_e10/checkpoint-117/evals/TOFU_EVAL.json
forget10,SimNPO,lr6e-5_b32_mb8_ga4_a1.0_beta4.5_delta1_gamma0.125_e10,6e-5,32,8,4,1.0,4.5,1,0.125,10,checkpoint-120,120,0.21070561249668102,0.612750858315206,0.6484211909025908,0.06853476898788692,0.6475208574242481,0.6325176828351402,0.4280632836936685,0.5794178939385585,0.46497849086664816,saves/unlearn/tofu/forget10/Llama-2-7b-chat-hf/SimNPO/lr6e-5_b32_mb8_ga4_a1.0_beta4.5_delta1_gamma0.125_e10/checkpoint-120/evals/TOFU_SUMMARY.json,saves/unlearn/tofu/forget10/Llama-2-7b-chat-hf/SimNPO/lr6e-5_b32_mb8_ga4_a1.0_beta4.5_delta1_gamma0.125_e10/checkpoint-120/evals/TOFU_EVAL.json
forget10,SimNPO,lr6e-5_b32_mb8_ga4_a1.0_beta4.5_delta1_gamma0.25_e10,6e-5,32,8,4,1.0,4.5,1,0.25,10,checkpoint-13,13,4.360395687512671e-09,0.5432031106448684,0.8367238010466099,0.20464141253862286,0.6028098810243347,0.5164037094220353,0.43280861643637253,0.5283769600845339,0.022520508212647686,saves/unlearn/tofu/forget10/Llama-2-7b-chat-hf/SimNPO/lr6e-5_b32_mb8_ga4_a1.0_beta4.5_delta1_gamma0.25_e10/checkpoint-13/evals/TOFU_SUMMARY.json,saves/unlearn/tofu/forget10/Llama-2-7b-chat-hf/SimNPO/lr6e-5_b32_mb8_ga4_a1.0_beta4.5_delta1_gamma0.25_e10/checkpoint-13/evals/TOFU_EVAL.json
forget10,SimNPO,lr6e-5_b32_mb8_ga4_a1.0_beta4.5_delta1_gamma0.25_e10,6e-5,32,8,4,1.0,4.5,1,0.25,10,checkpoint-26,26,0.001024214776236788,0.5791749745381181,0.5647389899659901,0.0557367333998579,0.650820407833534,0.6364107964785867,0.40739460095308344,0.6133842740906761,0.2699613276314309,saves/unlearn/tofu/forget10/Llama-2-7b-chat-hf/SimNPO/lr6e-5_b32_mb8_ga4_a1.0_beta4.5_delta1_gamma0.25_e10/checkpoint-26/evals/TOFU_SUMMARY.json,saves/unlearn/tofu/forget10/Llama-2-7b-chat-hf/SimNPO/lr6e-5_b32_mb8_ga4_a1.0_beta4.5_delta1_gamma0.25_e10/checkpoint-26/evals/TOFU_EVAL.json
forget10,SimNPO,lr6e-5_b32_mb8_ga4_a1.0_beta4.5_delta1_gamma0.25_e10,6e-5,32,8,4,1.0,4.5,1,0.25,10,checkpoint-39,39,3.596289960343452e-05,0.5897265141600099,0.5399204770801589,0.05373988486205286,0.6271487833767625,0.6488364059354395,0.41559122234932533,0.6153178739957215,0.2929322960885074,saves/unlearn/tofu/forget10/Llama-2-7b-chat-hf/SimNPO/lr6e-5_b32_mb8_ga4_a1.0_beta4.5_delta1_gamma0.25_e10/checkpoint-39/evals/TOFU_SUMMARY.json,saves/unlearn/tofu/forget10/Llama-2-7b-chat-hf/SimNPO/lr6e-5_b32_mb8_ga4_a1.0_beta4.5_delta1_gamma0.25_e10/checkpoint-39/evals/TOFU_EVAL.json
forget10,SimNPO,lr6e-5_b32_mb8_ga4_a1.0_beta4.5_delta1_gamma0.25_e10,6e-5,32,8,4,1.0,4.5,1,0.25,10,checkpoint-52,52,0.00024128267657124152,0.5895874942348835,0.5529766334593296,0.05884485983882351,0.6238577009050263,0.6162724616709082,0.4223812715652169,0.5919481042993887,0.2839180302623782,saves/unlearn/tofu/forget10/Llama-2-7b-chat-hf/SimNPO/lr6e-5_b32_mb8_ga4_a1.0_beta4.5_delta1_gamma0.25_e10/checkpoint-52/evals/TOFU_SUMMARY.json,saves/unlearn/tofu/forget10/Llama-2-7b-chat-hf/SimNPO/lr6e-5_b32_mb8_ga4_a1.0_beta4.5_delta1_gamma0.25_e10/checkpoint-52/evals/TOFU_EVAL.json
forget10,SimNPO,lr6e-5_b32_mb8_ga4_a1.0_beta4.5_delta1_gamma0.25_e10,6e-5,32,8,4,1.0,4.5,1,0.25,10,checkpoint-65,65,0.0001305755477065129,0.5951277834854258,0.5636051955539734,0.06017841603420411,0.6323459002086763,0.6214029822882258,0.4083313480663739,0.5912144963004472,0.28336655323904353,saves/unlearn/tofu/forget10/Llama-2-7b-chat-hf/SimNPO/lr6e-5_b32_mb8_ga4_a1.0_beta4.5_delta1_gamma0.25_e10/checkpoint-65/evals/TOFU_SUMMARY.json,saves/unlearn/tofu/forget10/Llama-2-7b-chat-hf/SimNPO/lr6e-5_b32_mb8_ga4_a1.0_beta4.5_delta1_gamma0.25_e10/checkpoint-65/evals/TOFU_EVAL.json
forget10,SimNPO,lr6e-5_b32_mb8_ga4_a1.0_beta4.5_delta1_gamma0.25_e10,6e-5,32,8,4,1.0,4.5,1,0.25,10,checkpoint-78,78,6.923241573443553e-05,0.6054157771949638,0.5603460757061839,0.05954138686018812,0.6194309181093822,0.6245569722739985,0.4238757277973342,0.5881598342518162,0.2955412783275122,saves/unlearn/tofu/forget10/Llama-2-7b-chat-hf/SimNPO/lr6e-5_b32_mb8_ga4_a1.0_beta4.5_delta1_gamma0.25_e10/checkpoint-78/evals/TOFU_SUMMARY.json,saves/unlearn/tofu/forget10/Llama-2-7b-chat-hf/SimNPO/lr6e-5_b32_mb8_ga4_a1.0_beta4.5_delta1_gamma0.25_e10/checkpoint-78/evals/TOFU_EVAL.json
forget10,SimNPO,lr6e-5_b32_mb8_ga4_a1.0_beta4.5_delta1_gamma0.25_e10,6e-5,32,8,4,1.0,4.5,1,0.25,10,checkpoint-91,91,6.923241573443553e-05,0.6083278870935901,0.5610609489772469,0.0583141323965544,0.6131480977169942,0.6192842764851594,0.42967262827511604,0.5821135131661684,0.2987095788224239,saves/unlearn/tofu/forget10/Llama-2-7b-chat-hf/SimNPO/lr6e-5_b32_mb8_ga4_a1.0_beta4.5_delta1_gamma0.25_e10/checkpoint-91/evals/TOFU_SUMMARY.json,saves/unlearn/tofu/forget10/Llama-2-7b-chat-hf/SimNPO/lr6e-5_b32_mb8_ga4_a1.0_beta4.5_delta1_gamma0.25_e10/checkpoint-91/evals/TOFU_EVAL.json
forget10,SimNPO,lr6e-5_b32_mb8_ga4_a1.0_beta4.5_delta1_gamma0.25_e10,6e-5,32,8,4,1.0,4.5,1,0.25,10,checkpoint-104,104,6.923241573443553e-05,0.6103250687178935,0.5647962052468211,0.05926557157239608,0.6126067425061283,0.6123037633840989,0.4322231427327105,0.5786896114811134,0.29836341272401934,saves/unlearn/tofu/forget10/Llama-2-7b-chat-hf/SimNPO/lr6e-5_b32_mb8_ga4_a1.0_beta4.5_delta1_gamma0.25_e10/checkpoint-104/evals/TOFU_SUMMARY.json,saves/unlearn/tofu/forget10/Llama-2-7b-chat-hf/SimNPO/lr6e-5_b32_mb8_ga4_a1.0_beta4.5_delta1_gamma0.25_e10/checkpoint-104/evals/TOFU_EVAL.json
forget10,SimNPO,lr6e-5_b32_mb8_ga4_a1.0_beta4.5_delta1_gamma0.25_e10,6e-5,32,8,4,1.0,4.5,1,0.25,10,checkpoint-117,117,6.923241573443553e-05,0.610347208691376,0.5643838590476662,0.059118192793298226,0.6116572693819602,0.6111850445261662,0.4336574227507684,0.5771356141942785,0.29866541518662826,saves/unlearn/tofu/forget10/Llama-2-7b-chat-hf/SimNPO/lr6e-5_b32_mb8_ga4_a1.0_beta4.5_delta1_gamma0.25_e10/checkpoint-117/evals/TOFU_SUMMARY.json,saves/unlearn/tofu/forget10/Llama-2-7b-chat-hf/SimNPO/lr6e-5_b32_mb8_ga4_a1.0_beta4.5_delta1_gamma0.25_e10/checkpoint-117/evals/TOFU_EVAL.json
forget10,SimNPO,lr6e-5_b32_mb8_ga4_a1.0_beta4.5_delta1_gamma0.25_e10,6e-5,32,8,4,1.0,4.5,1,0.25,10,checkpoint-120,120,6.923241573443553e-05,0.6098090200409504,0.5641210542339832,0.05907354993615538,0.611641841342746,0.6119370718471276,0.43381046816161345,0.5760836910356131,0.2982809503716155,saves/unlearn/tofu/forget10/Llama-2-7b-chat-hf/SimNPO/lr6e-5_b32_mb8_ga4_a1.0_beta4.5_delta1_gamma0.25_e10/checkpoint-120/evals/TOFU_SUMMARY.json,saves/unlearn/tofu/forget10/Llama-2-7b-chat-hf/SimNPO/lr6e-5_b32_mb8_ga4_a1.0_beta4.5_delta1_gamma0.25_e10/checkpoint-120/evals/TOFU_EVAL.json
