rank,run,checkpoint,step,exact_memorization,extraction_strength,forget_Q_A_Prob,forget_Q_A_ROUGE,forget_quality,forget_truth_ratio,model_utility,privleak,checkpoint_path,summary_path,composite_score
1,lr5e-5_b16_mb8_ga2_a1.0_beta3.5_delta1_gamma0.25_e10,checkpoint-78,78,0.6408950553834438,0.0735124767662814,0.0308027600808964,0.2622001762606453,0.9238374197330624,0.6421945995734268,0.5987347224972661,52.6938492288124,saves/unlearn/tofu/forget05/Llama-2-7b-chat-hf/SimNPO/lr5e-5_b16_mb8_ga2_a1.0_beta3.5_delta1_gamma0.25_e10/checkpoint-78,saves/unlearn/tofu/forget05/Llama-2-7b-chat-hf/SimNPO/lr5e-5_b16_mb8_ga2_a1.0_beta3.5_delta1_gamma0.25_e10/checkpoint-78/evals/TOFU_SUMMARY.json,0.8207047840092061
2,lr5e-5_b16_mb8_ga2_a1.0_beta3.5_delta1_gamma0.25_e10,checkpoint-120,120,0.6464679878950119,0.0757223468704049,0.030274301781319,0.2587011428487353,0.9646522162314058,0.6466007564153716,0.5952366388499826,53.17943578646839,saves/unlearn/tofu/forget05/Llama-2-7b-chat-hf/SimNPO/lr5e-5_b16_mb8_ga2_a1.0_beta3.5_delta1_gamma0.25_e10/checkpoint-120,saves/unlearn/tofu/forget05/Llama-2-7b-chat-hf/SimNPO/lr5e-5_b16_mb8_ga2_a1.0_beta3.5_delta1_gamma0.25_e10/checkpoint-120/evals/TOFU_SUMMARY.json,0.818664534923526
3,lr5e-5_b16_mb8_ga2_a1.0_beta3.5_delta1_gamma0.25_e10,checkpoint-91,91,0.6462008009850979,0.0761131271767088,0.0310060417701606,0.2618051335281929,0.9646522162314058,0.6468922685990748,0.5950372966402238,53.04455063156396,saves/unlearn/tofu/forget05/Llama-2-7b-chat-hf/SimNPO/lr5e-5_b16_mb8_ga2_a1.0_beta3.5_delta1_gamma0.25_e10/checkpoint-91,saves/unlearn/tofu/forget05/Llama-2-7b-chat-hf/SimNPO/lr5e-5_b16_mb8_ga2_a1.0_beta3.5_delta1_gamma0.25_e10/checkpoint-91/evals/TOFU_SUMMARY.json,0.8173845763895392
4,lr5e-5_b16_mb8_ga2_a1.0_beta3.5_delta1_gamma0.25_e10,checkpoint-117,117,0.6465165910124778,0.0759150301783466,0.0302949681281825,0.2606320938498762,0.9646522162314058,0.6466441870855851,0.5947020134477402,53.1755819248997,saves/unlearn/tofu/forget05/Llama-2-7b-chat-hf/SimNPO/lr5e-5_b16_mb8_ga2_a1.0_beta3.5_delta1_gamma0.25_e10/checkpoint-117,saves/unlearn/tofu/forget05/Llama-2-7b-chat-hf/SimNPO/lr5e-5_b16_mb8_ga2_a1.0_beta3.5_delta1_gamma0.25_e10/checkpoint-117/evals/TOFU_SUMMARY.json,0.8162946687336587
5,lr5e-5_b16_mb8_ga2_a1.0_beta3.5_delta1_gamma0.25_e10,checkpoint-104,104,0.647663907557726,0.0759624059830282,0.0306243595167325,0.2612855782412284,0.9646522162314058,0.6466007418015498,0.5944796311553742,53.106212416663126,saves/unlearn/tofu/forget05/Llama-2-7b-chat-hf/SimNPO/lr5e-5_b16_mb8_ga2_a1.0_beta3.5_delta1_gamma0.25_e10/checkpoint-104,saves/unlearn/tofu/forget05/Llama-2-7b-chat-hf/SimNPO/lr5e-5_b16_mb8_ga2_a1.0_beta3.5_delta1_gamma0.25_e10/checkpoint-104/evals/TOFU_SUMMARY.json,0.8150359771961029
6,lr5e-5_b32_mb8_ga4_a1.0_beta4.5_delta1_gamma0.25_e10,checkpoint-14,14,0.700886266976595,0.0858328865449127,0.098352048714878,0.2907985151863656,0.9646522162314058,0.6739618247883763,0.5971676469722682,25.470171107527328,saves/unlearn/tofu/forget05/Llama-2-7b-chat-hf/SimNPO/lr5e-5_b32_mb8_ga4_a1.0_beta4.5_delta1_gamma0.25_e10/checkpoint-14,saves/unlearn/tofu/forget05/Llama-2-7b-chat-hf/SimNPO/lr5e-5_b32_mb8_ga4_a1.0_beta4.5_delta1_gamma0.25_e10/checkpoint-14/evals/TOFU_SUMMARY.json,0.8001160629445416
7,lr5e-5_b32_mb8_ga4_a1.0_beta3.5_delta1_gamma0.25_e10,checkpoint-14,14,0.6935638669133186,0.0825989166682868,0.0865133649681229,0.2852186613608456,0.9877895282790692,0.6717674148786729,0.5929417721457232,28.64189917856606,saves/unlearn/tofu/forget05/Llama-2-7b-chat-hf/SimNPO/lr5e-5_b32_mb8_ga4_a1.0_beta3.5_delta1_gamma0.25_e10/checkpoint-14,saves/unlearn/tofu/forget05/Llama-2-7b-chat-hf/SimNPO/lr5e-5_b32_mb8_ga4_a1.0_beta3.5_delta1_gamma0.25_e10/checkpoint-14/evals/TOFU_SUMMARY.json,0.7951155265330454
8,lr6e-5_b32_mb8_ga4_a1.0_beta3.5_delta1_gamma0.125_e10,checkpoint-42,42,0.692540020942688,0.0767721879673374,0.0742657550226431,0.2956681712403282,0.9646522162314058,0.6690229567604093,0.5926478848980055,42.07260674547978,saves/unlearn/tofu/forget05/Llama-2-7b-chat-hf/SimNPO/lr6e-5_b32_mb8_ga4_a1.0_beta3.5_delta1_gamma0.125_e10/checkpoint-42,saves/unlearn/tofu/forget05/Llama-2-7b-chat-hf/SimNPO/lr6e-5_b32_mb8_ga4_a1.0_beta3.5_delta1_gamma0.125_e10/checkpoint-42/evals/TOFU_SUMMARY.json,0.7877032376163564
9,lr6e-5_b32_mb8_ga4_a1.0_beta3.5_delta1_gamma0.125_e10,checkpoint-56,56,0.6891461712121963,0.0772342145720551,0.0695569378780783,0.2981042994695325,0.8655265369450457,0.665742750031358,0.597506130531907,44.02651456080984,saves/unlearn/tofu/forget05/Llama-2-7b-chat-hf/SimNPO/lr6e-5_b32_mb8_ga4_a1.0_beta3.5_delta1_gamma0.125_e10/checkpoint-56,saves/unlearn/tofu/forget05/Llama-2-7b-chat-hf/SimNPO/lr6e-5_b32_mb8_ga4_a1.0_beta3.5_delta1_gamma0.125_e10/checkpoint-56/evals/TOFU_SUMMARY.json,0.7771344681800706
10,lr5e-5_b16_mb8_ga2_a1.0_beta3.5_delta1_gamma0.25_e10,checkpoint-65,65,0.6487563624978065,0.0743267571917088,0.0366133213500143,0.2517247117567494,0.8655265369450457,0.6428851640711817,0.5914470555681323,51.92307691507273,saves/unlearn/tofu/forget05/Llama-2-7b-chat-hf/SimNPO/lr5e-5_b16_mb8_ga2_a1.0_beta3.5_delta1_gamma0.25_e10/checkpoint-65,saves/unlearn/tofu/forget05/Llama-2-7b-chat-hf/SimNPO/lr5e-5_b16_mb8_ga2_a1.0_beta3.5_delta1_gamma0.25_e10/checkpoint-65/evals/TOFU_SUMMARY.json,0.773982743888976
11,lr5e-5_b16_mb8_ga2_a1.0_beta4.5_delta1_gamma0.25_e10,checkpoint-91,91,0.6676576873660087,0.0784227731369768,0.0408436680900194,0.28310207874401,0.9238374197330624,0.6360720808974036,0.5888109676818677,50.870972706818094,saves/unlearn/tofu/forget05/Llama-2-7b-chat-hf/SimNPO/lr5e-5_b16_mb8_ga2_a1.0_beta4.5_delta1_gamma0.25_e10/checkpoint-91,saves/unlearn/tofu/forget05/Llama-2-7b-chat-hf/SimNPO/lr5e-5_b16_mb8_ga2_a1.0_beta4.5_delta1_gamma0.25_e10/checkpoint-91/evals/TOFU_SUMMARY.json,0.7716265035174323
12,lr6e-5_b32_mb8_ga4_a1.0_beta3.5_delta1_gamma0.125_e10,checkpoint-49,49,0.6906452307105064,0.0775544760099636,0.0702478138951119,0.2979367758947114,0.8655265369450457,0.6670340188101775,0.596091597148815,43.660397711783496,saves/unlearn/tofu/forget05/Llama-2-7b-chat-hf/SimNPO/lr6e-5_b32_mb8_ga4_a1.0_beta3.5_delta1_gamma0.125_e10/checkpoint-49,saves/unlearn/tofu/forget05/Llama-2-7b-chat-hf/SimNPO/lr6e-5_b32_mb8_ga4_a1.0_beta3.5_delta1_gamma0.125_e10/checkpoint-49/evals/TOFU_SUMMARY.json,0.7712651659368321
13,lr5e-5_b16_mb8_ga2_a1.0_beta4.5_delta1_gamma0.25_e10,checkpoint-104,104,0.6702897138893604,0.080094303428071,0.0413577107479795,0.2895383446210302,0.9238374197330624,0.6355154028550365,0.5877866300556321,50.77077230603193,saves/unlearn/tofu/forget05/Llama-2-7b-chat-hf/SimNPO/lr5e-5_b16_mb8_ga2_a1.0_beta4.5_delta1_gamma0.25_e10/checkpoint-104,saves/unlearn/tofu/forget05/Llama-2-7b-chat-hf/SimNPO/lr5e-5_b16_mb8_ga2_a1.0_beta4.5_delta1_gamma0.25_e10/checkpoint-104/evals/TOFU_SUMMARY.json,0.7658830944102829
14,lr5e-5_b16_mb8_ga2_a1.0_beta3.5_delta1_gamma0.25_e10,checkpoint-52,52,0.6539660139381885,0.0753305155923799,0.0378903765350332,0.273069800665072,0.9646522162314058,0.6436329715068552,0.5803213217535877,51.56852165075249,saves/unlearn/tofu/forget05/Llama-2-7b-chat-hf/SimNPO/lr5e-5_b16_mb8_ga2_a1.0_beta3.5_delta1_gamma0.25_e10/checkpoint-52,saves/unlearn/tofu/forget05/Llama-2-7b-chat-hf/SimNPO/lr5e-5_b16_mb8_ga2_a1.0_beta3.5_delta1_gamma0.25_e10/checkpoint-52/evals/TOFU_SUMMARY.json,0.7568011145517896
15,lr6e-5_b32_mb8_ga4_a1.0_beta3.5_delta1_gamma0.125_e10,checkpoint-60,60,0.6888827231526374,0.0779572537877413,0.069531371537887,0.2992697460090703,0.7933622419382523,0.6649812047626369,0.5977291470879778,44.01109911453504,saves/unlearn/tofu/forget05/Llama-2-7b-chat-hf/SimNPO/lr6e-5_b32_mb8_ga4_a1.0_beta3.5_delta1_gamma0.125_e10/checkpoint-60,saves/unlearn/tofu/forget05/Llama-2-7b-chat-hf/SimNPO/lr6e-5_b32_mb8_ga4_a1.0_beta3.5_delta1_gamma0.125_e10/checkpoint-60/evals/TOFU_SUMMARY.json,0.7558805185146127
16,lr5e-5_b16_mb8_ga2_a1.0_beta4.5_delta1_gamma0.25_e10,checkpoint-78,78,0.6656471940875054,0.0751010605816909,0.0403992392268264,0.2804101870999821,0.8655265369450457,0.6366906164313831,0.5886159753638515,50.11176197778451,saves/unlearn/tofu/forget05/Llama-2-7b-chat-hf/SimNPO/lr5e-5_b16_mb8_ga2_a1.0_beta4.5_delta1_gamma0.25_e10/checkpoint-78,saves/unlearn/tofu/forget05/Llama-2-7b-chat-hf/SimNPO/lr5e-5_b16_mb8_ga2_a1.0_beta4.5_delta1_gamma0.25_e10/checkpoint-78/evals/TOFU_SUMMARY.json,0.7544835123180638
17,lr6e-5_b32_mb8_ga4_a1.0_beta3.5_delta1_gamma0.125_e10,checkpoint-35,35,0.6992966803908348,0.0820882922707584,0.0886212208558572,0.3088947520603601,0.9646522162314058,0.6771615379420516,0.5845752531711291,38.25342993089973,saves/unlearn/tofu/forget05/Llama-2-7b-chat-hf/SimNPO/lr6e-5_b32_mb8_ga4_a1.0_beta3.5_delta1_gamma0.125_e10/checkpoint-35,saves/unlearn/tofu/forget05/Llama-2-7b-chat-hf/SimNPO/lr6e-5_b32_mb8_ga4_a1.0_beta3.5_delta1_gamma0.125_e10/checkpoint-35/evals/TOFU_SUMMARY.json,0.7510251849552647
18,lr5e-5_b16_mb8_ga2_a1.0_beta4.5_delta1_gamma0.25_e10,checkpoint-117,117,0.6691893316805363,0.0798487317694559,0.0409060469165342,0.2918149622493498,0.8655265369450457,0.6366128418096868,0.5883090040184652,50.87868042995549,saves/unlearn/tofu/forget05/Llama-2-7b-chat-hf/SimNPO/lr5e-5_b16_mb8_ga2_a1.0_beta4.5_delta1_gamma0.25_e10/checkpoint-117,saves/unlearn/tofu/forget05/Llama-2-7b-chat-hf/SimNPO/lr5e-5_b16_mb8_ga2_a1.0_beta4.5_delta1_gamma0.25_e10/checkpoint-117/evals/TOFU_SUMMARY.json,0.7501837045005468
19,lr5e-5_b16_mb8_ga2_a1.0_beta4.5_delta1_gamma0.25_e10,checkpoint-120,120,0.6692860026657581,0.0798487317694559,0.040934562370312,0.2916952251304048,0.8655265369450457,0.6360184143404882,0.5879567136155304,50.88253429152417,saves/unlearn/tofu/forget05/Llama-2-7b-chat-hf/SimNPO/lr5e-5_b16_mb8_ga2_a1.0_beta4.5_delta1_gamma0.25_e10/checkpoint-120,saves/unlearn/tofu/forget05/Llama-2-7b-chat-hf/SimNPO/lr5e-5_b16_mb8_ga2_a1.0_beta4.5_delta1_gamma0.25_e10/checkpoint-120/evals/TOFU_SUMMARY.json,0.7488232749618191
20,lr6e-5_b16_mb8_ga2_a1.0_beta3.5_delta1_gamma0.125_e10,checkpoint-117,117,0.6260492163151503,0.0693022194585119,0.0562005697210889,0.2635445319999049,0.9238374197330624,0.6452193434691011,0.5742200823566671,49.984584546017466,saves/unlearn/tofu/forget05/Llama-2-7b-chat-hf/SimNPO/lr6e-5_b16_mb8_ga2_a1.0_beta3.5_delta1_gamma0.125_e10/checkpoint-117,saves/unlearn/tofu/forget05/Llama-2-7b-chat-hf/SimNPO/lr6e-5_b16_mb8_ga2_a1.0_beta3.5_delta1_gamma0.125_e10/checkpoint-117/evals/TOFU_SUMMARY.json,0.7276900221404485
21,lr6e-5_b32_mb8_ga4_a1.0_beta4.5_delta1_gamma0.125_e10,checkpoint-42,42,0.6855017940700054,0.0776889737068394,0.0864048089506104,0.2982633698222998,0.7125821300149116,0.6508701952566273,0.594980138775647,37.64066594147668,saves/unlearn/tofu/forget05/Llama-2-7b-chat-hf/SimNPO/lr6e-5_b32_mb8_ga4_a1.0_beta4.5_delta1_gamma0.125_e10/checkpoint-42,saves/unlearn/tofu/forget05/Llama-2-7b-chat-hf/SimNPO/lr6e-5_b32_mb8_ga4_a1.0_beta4.5_delta1_gamma0.125_e10/checkpoint-42/evals/TOFU_SUMMARY.json,0.7199583852317184
22,lr5e-5_b16_mb8_ga2_a1.0_beta4.5_delta1_gamma0.25_e10,checkpoint-39,39,0.6486185956001281,0.0717033386807273,0.0390114112634182,0.2690168138222709,0.9238374197330624,0.6400598530565373,0.5721264480936055,49.69169106679639,saves/unlearn/tofu/forget05/Llama-2-7b-chat-hf/SimNPO/lr5e-5_b16_mb8_ga2_a1.0_beta4.5_delta1_gamma0.25_e10/checkpoint-39,saves/unlearn/tofu/forget05/Llama-2-7b-chat-hf/SimNPO/lr5e-5_b16_mb8_ga2_a1.0_beta4.5_delta1_gamma0.25_e10/checkpoint-39/evals/TOFU_SUMMARY.json,0.7151173615676435
23,lr5e-5_b16_mb8_ga2_a1.0_beta4.5_delta1_gamma0.25_e10,checkpoint-26,26,0.6501936112344265,0.0766074809592162,0.055975372183384,0.2809845656567682,0.7933622419382523,0.6467761245103145,0.583008451721987,44.64313241180157,saves/unlearn/tofu/forget05/Llama-2-7b-chat-hf/SimNPO/lr5e-5_b16_mb8_ga2_a1.0_beta4.5_delta1_gamma0.25_e10/checkpoint-26,saves/unlearn/tofu/forget05/Llama-2-7b-chat-hf/SimNPO/lr5e-5_b16_mb8_ga2_a1.0_beta4.5_delta1_gamma0.25_e10/checkpoint-26/evals/TOFU_SUMMARY.json,0.7127309141967871
24,lr6e-5_b32_mb8_ga4_a1.0_beta4.5_delta1_gamma0.125_e10,checkpoint-35,35,0.6886159969866276,0.0767239719737306,0.0944544187525752,0.3093056341530432,0.7933622419382523,0.6556370877289421,0.5874997845363716,35.7638353575206,saves/unlearn/tofu/forget05/Llama-2-7b-chat-hf/SimNPO/lr6e-5_b32_mb8_ga4_a1.0_beta4.5_delta1_gamma0.125_e10/checkpoint-35,saves/unlearn/tofu/forget05/Llama-2-7b-chat-hf/SimNPO/lr6e-5_b32_mb8_ga4_a1.0_beta4.5_delta1_gamma0.125_e10/checkpoint-35/evals/TOFU_SUMMARY.json,0.7126996254385791
25,lr6e-5_b16_mb8_ga2_a1.0_beta3.5_delta1_gamma0.125_e10,checkpoint-120,120,0.6258414006978273,0.0692252740462007,0.0562051053260739,0.2632515576782693,0.8655265369450457,0.6461136759128985,0.5746557015203924,49.984584546017466,saves/unlearn/tofu/forget05/Llama-2-7b-chat-hf/SimNPO/lr6e-5_b16_mb8_ga2_a1.0_beta3.5_delta1_gamma0.125_e10/checkpoint-120,saves/unlearn/tofu/forget05/Llama-2-7b-chat-hf/SimNPO/lr6e-5_b16_mb8_ga2_a1.0_beta3.5_delta1_gamma0.125_e10/checkpoint-120/evals/TOFU_SUMMARY.json,0.7117526812513204
26,lr5e-5_b16_mb8_ga2_a1.0_beta3.5_delta1_gamma0.25_e10,checkpoint-39,39,0.6362736093997955,0.0746382618033265,0.0321013263879285,0.2608160290524315,0.8655265369450457,0.6359073716144377,0.5736089146500002,51.35270540290537,saves/unlearn/tofu/forget05/Llama-2-7b-chat-hf/SimNPO/lr5e-5_b16_mb8_ga2_a1.0_beta3.5_delta1_gamma0.25_e10/checkpoint-39,saves/unlearn/tofu/forget05/Llama-2-7b-chat-hf/SimNPO/lr5e-5_b16_mb8_ga2_a1.0_beta3.5_delta1_gamma0.25_e10/checkpoint-39/evals/TOFU_SUMMARY.json,0.7075690520737985
27,lr6e-5_b16_mb8_ga2_a1.0_beta3.5_delta1_gamma0.125_e10,checkpoint-104,104,0.6254389684647321,0.0685936602895869,0.0565853320029077,0.2578966612629254,0.7933622419382523,0.6451303736095197,0.5737970442743975,49.818868498563454,saves/unlearn/tofu/forget05/Llama-2-7b-chat-hf/SimNPO/lr6e-5_b16_mb8_ga2_a1.0_beta3.5_delta1_gamma0.125_e10/checkpoint-104,saves/unlearn/tofu/forget05/Llama-2-7b-chat-hf/SimNPO/lr6e-5_b16_mb8_ga2_a1.0_beta3.5_delta1_gamma0.125_e10/checkpoint-104/evals/TOFU_SUMMARY.json,0.6874495349030149
28,lr6e-5_b16_mb8_ga2_a1.0_beta3.5_delta1_gamma0.125_e10,checkpoint-91,91,0.6230886483192444,0.068287232766887,0.0580663147580867,0.2547243995659076,0.7125821300149116,0.6448994224402333,0.5772409831836176,49.6878372052277,saves/unlearn/tofu/forget05/Llama-2-7b-chat-hf/SimNPO/lr6e-5_b16_mb8_ga2_a1.0_beta3.5_delta1_gamma0.125_e10/checkpoint-91,saves/unlearn/tofu/forget05/Llama-2-7b-chat-hf/SimNPO/lr6e-5_b16_mb8_ga2_a1.0_beta3.5_delta1_gamma0.125_e10/checkpoint-91/evals/TOFU_SUMMARY.json,0.6770250772272608
29,lr5e-5_b16_mb8_ga2_a1.0_beta4.5_delta1_gamma0.25_e10,checkpoint-52,52,0.6640320640802383,0.0755870018958031,0.0472121303610038,0.2844299803222417,0.7933622419382523,0.6397900880559446,0.5720787431318284,49.64929858954071,saves/unlearn/tofu/forget05/Llama-2-7b-chat-hf/SimNPO/lr5e-5_b16_mb8_ga2_a1.0_beta4.5_delta1_gamma0.25_e10/checkpoint-52,saves/unlearn/tofu/forget05/Llama-2-7b-chat-hf/SimNPO/lr5e-5_b16_mb8_ga2_a1.0_beta4.5_delta1_gamma0.25_e10/checkpoint-52/evals/TOFU_SUMMARY.json,0.6680996335157477
30,lr6e-5_b32_mb8_ga4_a1.0_beta3.5_delta1_gamma0.125_e10,checkpoint-28,28,0.6955232368409634,0.0798924470494991,0.0944545205635949,0.3026245228218847,0.7125821300149116,0.6746364768228207,0.5821977448444966,33.775242788072255,saves/unlearn/tofu/forget05/Llama-2-7b-chat-hf/SimNPO/lr6e-5_b32_mb8_ga4_a1.0_beta3.5_delta1_gamma0.125_e10/checkpoint-28,saves/unlearn/tofu/forget05/Llama-2-7b-chat-hf/SimNPO/lr6e-5_b32_mb8_ga4_a1.0_beta3.5_delta1_gamma0.125_e10/checkpoint-28/evals/TOFU_SUMMARY.json,0.6667828673031878
31,lr6e-5_b32_mb8_ga4_a1.0_beta4.5_delta1_gamma0.125_e10,checkpoint-56,56,0.6829000717401504,0.0758869959694531,0.0813126657181419,0.2986501408348815,0.4662863907356359,0.6446578051902385,0.5997159254071318,38.95097887483413,saves/unlearn/tofu/forget05/Llama-2-7b-chat-hf/SimNPO/lr6e-5_b32_mb8_ga4_a1.0_beta4.5_delta1_gamma0.125_e10/checkpoint-56,saves/unlearn/tofu/forget05/Llama-2-7b-chat-hf/SimNPO/lr6e-5_b32_mb8_ga4_a1.0_beta4.5_delta1_gamma0.125_e10/checkpoint-56/evals/TOFU_SUMMARY.json,0.6646518167712288
32,lr6e-5_b32_mb8_ga4_a1.0_beta4.5_delta1_gamma0.125_e10,checkpoint-49,49,0.6834451881051063,0.0759894142808266,0.0826064120797673,0.2920513517475927,0.4662863907356359,0.6446574835588234,0.5995384142338764,38.5154925175712,saves/unlearn/tofu/forget05/Llama-2-7b-chat-hf/SimNPO/lr6e-5_b32_mb8_ga4_a1.0_beta4.5_delta1_gamma0.125_e10/checkpoint-49,saves/unlearn/tofu/forget05/Llama-2-7b-chat-hf/SimNPO/lr6e-5_b32_mb8_ga4_a1.0_beta4.5_delta1_gamma0.125_e10/checkpoint-49/evals/TOFU_SUMMARY.json,0.6646513157795352
33,lr6e-5_b32_mb8_ga4_a1.0_beta4.5_delta1_gamma0.125_e10,checkpoint-60,60,0.6830566489696502,0.0758869959694531,0.0812973742763279,0.2970347545985579,0.4662863907356359,0.6434332437923109,0.5993363384050694,38.96639432110892,saves/unlearn/tofu/forget05/Llama-2-7b-chat-hf/SimNPO/lr6e-5_b32_mb8_ga4_a1.0_beta4.5_delta1_gamma0.125_e10/checkpoint-60,saves/unlearn/tofu/forget05/Llama-2-7b-chat-hf/SimNPO/lr6e-5_b32_mb8_ga4_a1.0_beta4.5_delta1_gamma0.125_e10/checkpoint-60/evals/TOFU_SUMMARY.json,0.6633948199489184
34,lr5e-5_b16_mb8_ga2_a1.0_beta3.5_delta1_gamma0.125_e10,checkpoint-104,104,0.6397052818536758,0.0815632993603789,0.0523068406138081,0.2540066048070857,0.2704743832803917,0.6230092798685536,0.6062566632780633,47.83412979068379,saves/unlearn/tofu/forget05/Llama-2-7b-chat-hf/SimNPO/lr5e-5_b16_mb8_ga2_a1.0_beta3.5_delta1_gamma0.125_e10/checkpoint-104,saves/unlearn/tofu/forget05/Llama-2-7b-chat-hf/SimNPO/lr5e-5_b16_mb8_ga2_a1.0_beta3.5_delta1_gamma0.125_e10/checkpoint-104/evals/TOFU_SUMMARY.json,0.6493277147964127
35,lr5e-5_b16_mb8_ga2_a1.0_beta3.5_delta1_gamma0.125_e10,checkpoint-120,120,0.640697681158781,0.0817746964192024,0.0517567269574845,0.2571441985230437,0.2704743832803917,0.6229315562047101,0.6063302952030629,47.98057653029433,saves/unlearn/tofu/forget05/Llama-2-7b-chat-hf/SimNPO/lr5e-5_b16_mb8_ga2_a1.0_beta3.5_delta1_gamma0.125_e10/checkpoint-120,saves/unlearn/tofu/forget05/Llama-2-7b-chat-hf/SimNPO/lr5e-5_b16_mb8_ga2_a1.0_beta3.5_delta1_gamma0.125_e10/checkpoint-120/evals/TOFU_SUMMARY.json,0.6489545028086818
36,lr6e-5_b32_mb8_ga4_a1.0_beta3.5_delta1_gamma0.25_e10,checkpoint-14,14,0.6359007209539413,0.0714402013174718,0.0794715113315032,0.2560502461278849,0.7125821300149116,0.7043077263303742,0.5704361690926814,38.47695390188422,saves/unlearn/tofu/forget05/Llama-2-7b-chat-hf/SimNPO/lr6e-5_b32_mb8_ga4_a1.0_beta3.5_delta1_gamma0.25_e10/checkpoint-14,saves/unlearn/tofu/forget05/Llama-2-7b-chat-hf/SimNPO/lr6e-5_b32_mb8_ga4_a1.0_beta3.5_delta1_gamma0.25_e10/checkpoint-14/evals/TOFU_SUMMARY.json,0.64503141275903
37,lr5e-5_b16_mb8_ga2_a1.0_beta3.5_delta1_gamma0.125_e10,checkpoint-91,91,0.6384380228817463,0.0804558781520503,0.0528231191612282,0.2521168430105158,0.220541217580421,0.6222535935378436,0.607710337042297,47.88808385264558,saves/unlearn/tofu/forget05/Llama-2-7b-chat-hf/SimNPO/lr5e-5_b16_mb8_ga2_a1.0_beta3.5_delta1_gamma0.125_e10/checkpoint-91,saves/unlearn/tofu/forget05/Llama-2-7b-chat-hf/SimNPO/lr5e-5_b16_mb8_ga2_a1.0_beta3.5_delta1_gamma0.125_e10/checkpoint-91/evals/TOFU_SUMMARY.json,0.6403933589138511
38,lr5e-5_b16_mb8_ga2_a1.0_beta3.5_delta1_gamma0.125_e10,checkpoint-117,117,0.640324892103672,0.0812555342088638,0.0517506530834186,0.2557067795037247,0.220541217580421,0.6230561837047679,0.606676426590086,48.02296900755002,saves/unlearn/tofu/forget05/Llama-2-7b-chat-hf/SimNPO/lr5e-5_b16_mb8_ga2_a1.0_beta3.5_delta1_gamma0.125_e10/checkpoint-117,saves/unlearn/tofu/forget05/Llama-2-7b-chat-hf/SimNPO/lr5e-5_b16_mb8_ga2_a1.0_beta3.5_delta1_gamma0.125_e10/checkpoint-117/evals/TOFU_SUMMARY.json,0.6354781904845123
39,lr5e-5_b16_mb8_ga2_a1.0_beta4.5_delta1_gamma0.125_e10,checkpoint-117,117,0.6768501515313983,0.0842915058030315,0.067218621862703,0.3004210159023278,0.3935274335772095,0.6535869870885346,0.5965016124981509,40.54262370270653,saves/unlearn/tofu/forget05/Llama-2-7b-chat-hf/SimNPO/lr5e-5_b16_mb8_ga2_a1.0_beta4.5_delta1_gamma0.125_e10/checkpoint-117,saves/unlearn/tofu/forget05/Llama-2-7b-chat-hf/SimNPO/lr5e-5_b16_mb8_ga2_a1.0_beta4.5_delta1_gamma0.125_e10/checkpoint-117/evals/TOFU_SUMMARY.json,0.6318670346968942
40,lr5e-5_b16_mb8_ga2_a1.0_beta4.5_delta1_gamma0.25_e10,checkpoint-65,65,0.6669287377595902,0.076289116118397,0.0471096901167766,0.2722014421934356,0.5452713464323318,0.6404474165976702,0.581593070038459,49.48743640365538,saves/unlearn/tofu/forget05/Llama-2-7b-chat-hf/SimNPO/lr5e-5_b16_mb8_ga2_a1.0_beta4.5_delta1_gamma0.25_e10/checkpoint-65,saves/unlearn/tofu/forget05/Llama-2-7b-chat-hf/SimNPO/lr5e-5_b16_mb8_ga2_a1.0_beta4.5_delta1_gamma0.25_e10/checkpoint-65/evals/TOFU_SUMMARY.json,0.6302941218220103
41,lr5e-5_b16_mb8_ga2_a1.0_beta4.5_delta1_gamma0.125_e10,checkpoint-78,78,0.6715310825034976,0.0818623843702278,0.0654109377156419,0.294363119789337,0.3935274335772095,0.6526255668817305,0.5947271391883432,40.180360715248895,saves/unlearn/tofu/forget05/Llama-2-7b-chat-hf/SimNPO/lr5e-5_b16_mb8_ga2_a1.0_beta4.5_delta1_gamma0.125_e10/checkpoint-78,saves/unlearn/tofu/forget05/Llama-2-7b-chat-hf/SimNPO/lr5e-5_b16_mb8_ga2_a1.0_beta4.5_delta1_gamma0.125_e10/checkpoint-78/evals/TOFU_SUMMARY.json,0.6276743380085216
42,lr5e-5_b32_mb8_ga4_a1.0_beta3.5_delta1_gamma0.25_e10,checkpoint-21,21,0.6786951486766338,0.0766004797396392,0.0519887220850068,0.2748334126533992,0.3935274335772095,0.6788288369962998,0.5933577876729863,47.42562046440178,saves/unlearn/tofu/forget05/Llama-2-7b-chat-hf/SimNPO/lr5e-5_b32_mb8_ga4_a1.0_beta3.5_delta1_gamma0.25_e10/checkpoint-21,saves/unlearn/tofu/forget05/Llama-2-7b-chat-hf/SimNPO/lr5e-5_b32_mb8_ga4_a1.0_beta3.5_delta1_gamma0.25_e10/checkpoint-21/evals/TOFU_SUMMARY.json,0.6256592035290476
43,lr5e-5_b16_mb8_ga2_a1.0_beta4.5_delta1_gamma0.125_e10,checkpoint-52,52,0.673174110352993,0.0848104323475637,0.0803096512335469,0.3021978809990002,0.6284308022715471,0.6683520935404078,0.5747903943050149,35.2705410767272,saves/unlearn/tofu/forget05/Llama-2-7b-chat-hf/SimNPO/lr5e-5_b16_mb8_ga2_a1.0_beta4.5_delta1_gamma0.125_e10/checkpoint-52,saves/unlearn/tofu/forget05/Llama-2-7b-chat-hf/SimNPO/lr5e-5_b16_mb8_ga2_a1.0_beta4.5_delta1_gamma0.125_e10/checkpoint-52/evals/TOFU_SUMMARY.json,0.6190162488541522
44,lr5e-5_b16_mb8_ga2_a1.0_beta3.5_delta1_gamma0.125_e10,checkpoint-78,78,0.6357702157646418,0.0772520949021866,0.0503471431433584,0.2578764431069528,0.1779335278829341,0.6156613534843224,0.6051380829115814,47.79559117499681,saves/unlearn/tofu/forget05/Llama-2-7b-chat-hf/SimNPO/lr5e-5_b16_mb8_ga2_a1.0_beta3.5_delta1_gamma0.125_e10/checkpoint-78,saves/unlearn/tofu/forget05/Llama-2-7b-chat-hf/SimNPO/lr5e-5_b16_mb8_ga2_a1.0_beta3.5_delta1_gamma0.125_e10/checkpoint-78/evals/TOFU_SUMMARY.json,0.6180237533978231
45,lr6e-5_b32_mb8_ga4_a1.0_beta4.5_delta1_gamma0.25_e10,checkpoint-56,56,0.564030158855021,0.0594044441562267,0.0322789223826839,0.2173301205168143,0.0878382826713132,0.6793482887332806,0.6052758514284889,50.71296438250145,saves/unlearn/tofu/forget05/Llama-2-7b-chat-hf/SimNPO/lr6e-5_b32_mb8_ga4_a1.0_beta4.5_delta1_gamma0.25_e10/checkpoint-56,saves/unlearn/tofu/forget05/Llama-2-7b-chat-hf/SimNPO/lr6e-5_b32_mb8_ga4_a1.0_beta4.5_delta1_gamma0.25_e10/checkpoint-56/evals/TOFU_SUMMARY.json,0.6180192133666838
46,lr6e-5_b32_mb8_ga4_a1.0_beta4.5_delta1_gamma0.25_e10,checkpoint-49,49,0.5634055233374238,0.0589751039527369,0.032662950752674,0.2179328392119243,0.0680192046111927,0.6788094898998724,0.6060965223269628,50.65901032053968,saves/unlearn/tofu/forget05/Llama-2-7b-chat-hf/SimNPO/lr6e-5_b32_mb8_ga4_a1.0_beta4.5_delta1_gamma0.25_e10/checkpoint-49,saves/unlearn/tofu/forget05/Llama-2-7b-chat-hf/SimNPO/lr6e-5_b32_mb8_ga4_a1.0_beta4.5_delta1_gamma0.25_e10/checkpoint-49/evals/TOFU_SUMMARY.json,0.6152196681362484
47,lr6e-5_b16_mb8_ga2_a1.0_beta4.5_delta1_gamma0.125_e10,checkpoint-91,91,0.6225568477064372,0.0641578475380733,0.067015755413888,0.2575742112479404,0.4662863907356359,0.6376468117356562,0.5804597672995563,45.13257283102625,saves/unlearn/tofu/forget05/Llama-2-7b-chat-hf/SimNPO/lr6e-5_b16_mb8_ga2_a1.0_beta4.5_delta1_gamma0.125_e10/checkpoint-91,saves/unlearn/tofu/forget05/Llama-2-7b-chat-hf/SimNPO/lr6e-5_b16_mb8_ga2_a1.0_beta4.5_delta1_gamma0.125_e10/checkpoint-91/evals/TOFU_SUMMARY.json,0.6138300114832085
48,lr6e-5_b32_mb8_ga4_a1.0_beta4.5_delta1_gamma0.125_e10,checkpoint-28,28,0.6879896825551987,0.079724697174202,0.0982305217860266,0.3040387696890599,0.4662863907356359,0.6562366494128452,0.5874586604994134,31.97548943549013,saves/unlearn/tofu/forget05/Llama-2-7b-chat-hf/SimNPO/lr6e-5_b32_mb8_ga4_a1.0_beta4.5_delta1_gamma0.125_e10/checkpoint-28,saves/unlearn/tofu/forget05/Llama-2-7b-chat-hf/SimNPO/lr6e-5_b32_mb8_ga4_a1.0_beta4.5_delta1_gamma0.125_e10/checkpoint-28/evals/TOFU_SUMMARY.json,0.6133489098098869
49,lr6e-5_b16_mb8_ga2_a1.0_beta4.5_delta1_gamma0.125_e10,checkpoint-120,120,0.6233193486183882,0.0668420550626025,0.0640433765791112,0.2724527228784636,0.4662863907356359,0.6344697050985387,0.5805284661677539,45.44473561809082,saves/unlearn/tofu/forget05/Llama-2-7b-chat-hf/SimNPO/lr6e-5_b16_mb8_ga2_a1.0_beta4.5_delta1_gamma0.125_e10/checkpoint-120,saves/unlearn/tofu/forget05/Llama-2-7b-chat-hf/SimNPO/lr6e-5_b16_mb8_ga2_a1.0_beta4.5_delta1_gamma0.125_e10/checkpoint-120/evals/TOFU_SUMMARY.json,0.6117427989905289
50,lr6e-5_b32_mb8_ga4_a1.0_beta4.5_delta1_gamma0.25_e10,checkpoint-42,42,0.5640803527832031,0.0596807845042229,0.0325544609384087,0.2132420956546074,0.0878382826713132,0.6786306650547845,0.6031363738771827,50.41236318014298,saves/unlearn/tofu/forget05/Llama-2-7b-chat-hf/SimNPO/lr6e-5_b32_mb8_ga4_a1.0_beta4.5_delta1_gamma0.25_e10/checkpoint-42,saves/unlearn/tofu/forget05/Llama-2-7b-chat-hf/SimNPO/lr6e-5_b32_mb8_ga4_a1.0_beta4.5_delta1_gamma0.25_e10/checkpoint-42/evals/TOFU_SUMMARY.json,0.6103273916167515
51,lr6e-5_b32_mb8_ga4_a1.0_beta4.5_delta1_gamma0.25_e10,checkpoint-60,60,0.5639603734388947,0.0592615870133696,0.0322636777342995,0.2171864706913935,0.0680192046111927,0.679903622550072,0.6048227563627606,50.72837982877624,saves/unlearn/tofu/forget05/Llama-2-7b-chat-hf/SimNPO/lr6e-5_b32_mb8_ga4_a1.0_beta4.5_delta1_gamma0.25_e10/checkpoint-60,saves/unlearn/tofu/forget05/Llama-2-7b-chat-hf/SimNPO/lr6e-5_b32_mb8_ga4_a1.0_beta4.5_delta1_gamma0.25_e10/checkpoint-60/evals/TOFU_SUMMARY.json,0.6103172552602376
52,lr5e-5_b32_mb8_ga4_a1.0_beta4.5_delta1_gamma0.25_e10,checkpoint-28,28,0.686505126953125,0.0792826452605863,0.0567234929158348,0.2758545061209915,0.2704743832803917,0.6718025616134671,0.599355273512218,45.06320332278969,saves/unlearn/tofu/forget05/Llama-2-7b-chat-hf/SimNPO/lr5e-5_b32_mb8_ga4_a1.0_beta4.5_delta1_gamma0.25_e10/checkpoint-28,saves/unlearn/tofu/forget05/Llama-2-7b-chat-hf/SimNPO/lr5e-5_b32_mb8_ga4_a1.0_beta4.5_delta1_gamma0.25_e10/checkpoint-28/evals/TOFU_SUMMARY.json,0.6084917876526389
53,lr6e-5_b16_mb8_ga2_a1.0_beta4.5_delta1_gamma0.125_e10,checkpoint-39,39,0.6158718442171812,0.065615330108365,0.0840910184679143,0.2495100042906556,0.6284308022715471,0.6476434845756764,0.5655627891221573,34.5845537174989,saves/unlearn/tofu/forget05/Llama-2-7b-chat-hf/SimNPO/lr6e-5_b16_mb8_ga2_a1.0_beta4.5_delta1_gamma0.125_e10/checkpoint-39,saves/unlearn/tofu/forget05/Llama-2-7b-chat-hf/SimNPO/lr6e-5_b16_mb8_ga2_a1.0_beta4.5_delta1_gamma0.125_e10/checkpoint-39/evals/TOFU_SUMMARY.json,0.6066308497139973
54,lr6e-5_b16_mb8_ga2_a1.0_beta4.5_delta1_gamma0.125_e10,checkpoint-78,78,0.6233173738420009,0.0651869672662638,0.0693055677011793,0.2513203156945027,0.3935274335772095,0.6403540155785712,0.584222530182063,43.61415137295912,saves/unlearn/tofu/forget05/Llama-2-7b-chat-hf/SimNPO/lr6e-5_b16_mb8_ga2_a1.0_beta4.5_delta1_gamma0.125_e10/checkpoint-78,saves/unlearn/tofu/forget05/Llama-2-7b-chat-hf/SimNPO/lr6e-5_b16_mb8_ga2_a1.0_beta4.5_delta1_gamma0.125_e10/checkpoint-78/evals/TOFU_SUMMARY.json,0.6065348282344551
55,lr5e-5_b32_mb8_ga4_a1.0_beta4.5_delta1_gamma0.25_e10,checkpoint-49,49,0.6733493211865426,0.0756626885676674,0.0471430193842775,0.2634744685644261,0.0521390871888477,0.67968047218388,0.6144273464750589,47.15199629302418,saves/unlearn/tofu/forget05/Llama-2-7b-chat-hf/SimNPO/lr5e-5_b32_mb8_ga4_a1.0_beta4.5_delta1_gamma0.25_e10/checkpoint-49,saves/unlearn/tofu/forget05/Llama-2-7b-chat-hf/SimNPO/lr5e-5_b32_mb8_ga4_a1.0_beta4.5_delta1_gamma0.25_e10/checkpoint-49/evals/TOFU_SUMMARY.json,0.6063829089529843
56,lr6e-5_b16_mb8_ga2_a1.0_beta3.5_delta1_gamma0.125_e10,checkpoint-78,78,0.6209389474242926,0.067873407836071,0.0584685826097063,0.2449750794382954,0.4662863907356359,0.6420415145340631,0.5773788822662057,48.11160782363008,saves/unlearn/tofu/forget05/Llama-2-7b-chat-hf/SimNPO/lr6e-5_b16_mb8_ga2_a1.0_beta3.5_delta1_gamma0.125_e10/checkpoint-78,saves/unlearn/tofu/forget05/Llama-2-7b-chat-hf/SimNPO/lr6e-5_b16_mb8_ga2_a1.0_beta3.5_delta1_gamma0.125_e10/checkpoint-78/evals/TOFU_SUMMARY.json,0.6046816392122887
57,lr2e-5_b16_mb8_ga2_a1.0_beta3.5_delta1_gamma0.25_e10,checkpoint-104,104,0.8060030061006546,0.1338433378350363,0.0814425846072845,0.3677523654853522,4.7487878961137165e-05,0.5759552461049178,0.6328520639064211,11.345768458247898,saves/unlearn/tofu/forget05/Llama-2-7b-chat-hf/SimNPO/lr2e-5_b16_mb8_ga2_a1.0_beta3.5_delta1_gamma0.25_e10/checkpoint-104,saves/unlearn/tofu/forget05/Llama-2-7b-chat-hf/SimNPO/lr2e-5_b16_mb8_ga2_a1.0_beta3.5_delta1_gamma0.25_e10/checkpoint-104/evals/TOFU_SUMMARY.json,0.6042457096491811
58,lr5e-5_b32_mb8_ga4_a1.0_beta3.5_delta1_gamma0.25_e10,checkpoint-56,56,0.6648330837488174,0.0691717550178179,0.0370195020081882,0.2617585220644925,0.0521390871888477,0.6796073065487164,0.6125915984264013,50.921072907211176,saves/unlearn/tofu/forget05/Llama-2-7b-chat-hf/SimNPO/lr5e-5_b32_mb8_ga4_a1.0_beta3.5_delta1_gamma0.25_e10/checkpoint-56,saves/unlearn/tofu/forget05/Llama-2-7b-chat-hf/SimNPO/lr5e-5_b32_mb8_ga4_a1.0_beta3.5_delta1_gamma0.25_e10/checkpoint-56/evals/TOFU_SUMMARY.json,0.6034592654917819
59,lr5e-5_b16_mb8_ga2_a1.0_beta4.5_delta1_gamma0.125_e10,checkpoint-39,39,0.6677553495764732,0.088404305870476,0.0952764270313491,0.2986933668519969,0.4662863907356359,0.6647305614242405,0.583376043271208,26.930784642064,saves/unlearn/tofu/forget05/Llama-2-7b-chat-hf/SimNPO/lr5e-5_b16_mb8_ga2_a1.0_beta4.5_delta1_gamma0.125_e10/checkpoint-39,saves/unlearn/tofu/forget05/Llama-2-7b-chat-hf/SimNPO/lr5e-5_b16_mb8_ga2_a1.0_beta4.5_delta1_gamma0.125_e10/checkpoint-39/evals/TOFU_SUMMARY.json,0.602462074102336
60,lr2e-5_b16_mb8_ga2_a1.0_beta3.5_delta1_gamma0.25_e10,checkpoint-91,91,0.8072728630900383,0.1351086003502988,0.0841871167742647,0.3679430451904554,1.8266119303942767e-05,0.5777273158084454,0.6325871929926924,9.646215506451936,saves/unlearn/tofu/forget05/Llama-2-7b-chat-hf/SimNPO/lr2e-5_b16_mb8_ga2_a1.0_beta3.5_delta1_gamma0.25_e10/checkpoint-91,saves/unlearn/tofu/forget05/Llama-2-7b-chat-hf/SimNPO/lr2e-5_b16_mb8_ga2_a1.0_beta3.5_delta1_gamma0.25_e10/checkpoint-91/evals/TOFU_SUMMARY.json,0.6024464391913321
61,lr5e-5_b16_mb8_ga2_a1.0_beta4.5_delta1_gamma0.125_e10,checkpoint-91,91,0.6770185419544578,0.0843029777410491,0.0690644765557954,0.2935867576084798,0.2704743832803917,0.6550648676975916,0.5982591146227675,40.33451517799682,saves/unlearn/tofu/forget05/Llama-2-7b-chat-hf/SimNPO/lr5e-5_b16_mb8_ga2_a1.0_beta4.5_delta1_gamma0.125_e10/checkpoint-91,saves/unlearn/tofu/forget05/Llama-2-7b-chat-hf/SimNPO/lr5e-5_b16_mb8_ga2_a1.0_beta4.5_delta1_gamma0.125_e10/checkpoint-91/evals/TOFU_SUMMARY.json,0.6019954790537546
62,lr2e-5_b16_mb8_ga2_a1.0_beta3.5_delta1_gamma0.25_e10,checkpoint-117,117,0.8057420971989632,0.1337540521207506,0.0812704791477881,0.3667020726993267,2.9607827368482373e-05,0.5756720999270736,0.6321865890933805,11.542315398251516,saves/unlearn/tofu/forget05/Llama-2-7b-chat-hf/SimNPO/lr2e-5_b16_mb8_ga2_a1.0_beta3.5_delta1_gamma0.25_e10/checkpoint-117,saves/unlearn/tofu/forget05/Llama-2-7b-chat-hf/SimNPO/lr2e-5_b16_mb8_ga2_a1.0_beta3.5_delta1_gamma0.25_e10/checkpoint-117/evals/TOFU_SUMMARY.json,0.601929402897974
63,lr5e-5_b32_mb8_ga4_a1.0_beta4.5_delta1_gamma0.25_e10,checkpoint-35,35,0.6791696783900261,0.0791130810142621,0.0535584744770221,0.268997453638881,0.1779335278829341,0.6778381705866604,0.6041202201592071,46.41205487183412,saves/unlearn/tofu/forget05/Llama-2-7b-chat-hf/SimNPO/lr5e-5_b32_mb8_ga4_a1.0_beta4.5_delta1_gamma0.25_e10/checkpoint-35,saves/unlearn/tofu/forget05/Llama-2-7b-chat-hf/SimNPO/lr5e-5_b32_mb8_ga4_a1.0_beta4.5_delta1_gamma0.25_e10/checkpoint-35/evals/TOFU_SUMMARY.json,0.6017520981301949
64,lr5e-5_b16_mb8_ga2_a1.0_beta3.5_delta1_gamma0.25_e10,checkpoint-26,26,0.6493629491329194,0.0805286614624321,0.0607838237263968,0.2645652557413483,0.4662863907356359,0.6499872064179633,0.5795515583147007,42.78942499725766,saves/unlearn/tofu/forget05/Llama-2-7b-chat-hf/SimNPO/lr5e-5_b16_mb8_ga2_a1.0_beta3.5_delta1_gamma0.25_e10/checkpoint-26,saves/unlearn/tofu/forget05/Llama-2-7b-chat-hf/SimNPO/lr5e-5_b16_mb8_ga2_a1.0_beta3.5_delta1_gamma0.25_e10/checkpoint-26/evals/TOFU_SUMMARY.json,0.6017175506439929
65,lr5e-5_b32_mb8_ga4_a1.0_beta4.5_delta1_gamma0.25_e10,checkpoint-60,60,0.6756689028441906,0.0743276646290323,0.0474162050868221,0.2615321685766705,0.039562025848995,0.6796656382562614,0.6141577619072522,47.078772923218914,saves/unlearn/tofu/forget05/Llama-2-7b-chat-hf/SimNPO/lr5e-5_b32_mb8_ga4_a1.0_beta4.5_delta1_gamma0.25_e10/checkpoint-60,saves/unlearn/tofu/forget05/Llama-2-7b-chat-hf/SimNPO/lr5e-5_b32_mb8_ga4_a1.0_beta4.5_delta1_gamma0.25_e10/checkpoint-60/evals/TOFU_SUMMARY.json,0.6014002550746977
66,lr6e-5_b16_mb8_ga2_a1.0_beta3.5_delta1_gamma0.125_e10,checkpoint-52,52,0.6194498281925916,0.0663807497323835,0.0682868199277766,0.2504664940179982,0.6284308022715471,0.6490648150646804,0.5639953815118453,44.07276089963421,saves/unlearn/tofu/forget05/Llama-2-7b-chat-hf/SimNPO/lr6e-5_b16_mb8_ga2_a1.0_beta3.5_delta1_gamma0.125_e10/checkpoint-52,saves/unlearn/tofu/forget05/Llama-2-7b-chat-hf/SimNPO/lr6e-5_b16_mb8_ga2_a1.0_beta3.5_delta1_gamma0.125_e10/checkpoint-52/evals/TOFU_SUMMARY.json,0.6012385020845934
67,lr5e-5_b32_mb8_ga4_a1.0_beta4.5_delta1_gamma0.25_e10,checkpoint-56,56,0.6765327383577824,0.075654378675855,0.0474662202279387,0.2662571705742674,0.039562025848995,0.6791270660089066,0.6140896895448388,47.09804223106241,saves/unlearn/tofu/forget05/Llama-2-7b-chat-hf/SimNPO/lr5e-5_b32_mb8_ga4_a1.0_beta4.5_delta1_gamma0.25_e10/checkpoint-56,saves/unlearn/tofu/forget05/Llama-2-7b-chat-hf/SimNPO/lr5e-5_b32_mb8_ga4_a1.0_beta4.5_delta1_gamma0.25_e10/checkpoint-56/evals/TOFU_SUMMARY.json,0.6000823247798859
68,lr2e-5_b16_mb8_ga2_a1.0_beta3.5_delta1_gamma0.25_e10,checkpoint-120,120,0.8061612614989281,0.1331056329170035,0.0812055938923731,0.3680728175173469,4.7487878961137165e-05,0.5761595596920998,0.6315470534456465,11.746570061392532,saves/unlearn/tofu/forget05/Llama-2-7b-chat-hf/SimNPO/lr2e-5_b16_mb8_ga2_a1.0_beta3.5_delta1_gamma0.25_e10/checkpoint-120,saves/unlearn/tofu/forget05/Llama-2-7b-chat-hf/SimNPO/lr2e-5_b16_mb8_ga2_a1.0_beta3.5_delta1_gamma0.25_e10/checkpoint-120/evals/TOFU_SUMMARY.json,0.599268447734059
69,lr2e-5_b16_mb8_ga2_a1.0_beta3.5_delta1_gamma0.25_e10,checkpoint-78,78,0.8070088770985603,0.1354058586475571,0.0863405906758271,0.3667496075884737,6.734842895808746e-06,0.5763431608547702,0.631635474061048,7.056420532286646,saves/unlearn/tofu/forget05/Llama-2-7b-chat-hf/SimNPO/lr2e-5_b16_mb8_ga2_a1.0_beta3.5_delta1_gamma0.25_e10/checkpoint-78,saves/unlearn/tofu/forget05/Llama-2-7b-chat-hf/SimNPO/lr2e-5_b16_mb8_ga2_a1.0_beta3.5_delta1_gamma0.25_e10/checkpoint-78/evals/TOFU_SUMMARY.json,0.5987585460893317
70,lr6e-5_b16_mb8_ga2_a1.0_beta4.5_delta1_gamma0.125_e10,checkpoint-52,52,0.6148949114233255,0.0635389820704508,0.0737331437992248,0.2565649817067709,0.6284308022715471,0.6426930128089208,0.5633260433055697,40.59657776466832,saves/unlearn/tofu/forget05/Llama-2-7b-chat-hf/SimNPO/lr6e-5_b16_mb8_ga2_a1.0_beta4.5_delta1_gamma0.125_e10/checkpoint-52,saves/unlearn/tofu/forget05/Llama-2-7b-chat-hf/SimNPO/lr6e-5_b16_mb8_ga2_a1.0_beta4.5_delta1_gamma0.125_e10/checkpoint-52/evals/TOFU_SUMMARY.json,0.598612361805589
71,lr5e-5_b32_mb8_ga4_a1.0_beta3.5_delta1_gamma0.25_e10,checkpoint-60,60,0.6647456231713295,0.0694165864705045,0.0369483199213209,0.2603365531874321,0.0297148244707607,0.6791868173089438,0.6130251108329745,50.92492676877987,saves/unlearn/tofu/forget05/Llama-2-7b-chat-hf/SimNPO/lr5e-5_b32_mb8_ga4_a1.0_beta3.5_delta1_gamma0.25_e10/checkpoint-60,saves/unlearn/tofu/forget05/Llama-2-7b-chat-hf/SimNPO/lr5e-5_b32_mb8_ga4_a1.0_beta3.5_delta1_gamma0.25_e10/checkpoint-60/evals/TOFU_SUMMARY.json,0.5985178605166721
72,lr5e-5_b32_mb8_ga4_a1.0_beta3.5_delta1_gamma0.25_e10,checkpoint-49,49,0.6630933204293251,0.068882065983448,0.0365975252522548,0.263537347486917,0.039562025848995,0.6798328691853049,0.612045932449775,50.95190379976076,saves/unlearn/tofu/forget05/Llama-2-7b-chat-hf/SimNPO/lr5e-5_b32_mb8_ga4_a1.0_beta3.5_delta1_gamma0.25_e10/checkpoint-49,saves/unlearn/tofu/forget05/Llama-2-7b-chat-hf/SimNPO/lr5e-5_b32_mb8_ga4_a1.0_beta3.5_delta1_gamma0.25_e10/checkpoint-49/evals/TOFU_SUMMARY.json,0.59777491345096
73,lr2e-5_b16_mb8_ga2_a1.0_beta4.5_delta1_gamma0.25_e10,checkpoint-120,120,0.8142715644836426,0.1441951109740415,0.1012467272207141,0.3851347579966047,7.536785951251345e-05,0.5850688970071188,0.6317019919852596,-5.202713117742769,saves/unlearn/tofu/forget05/Llama-2-7b-chat-hf/SimNPO/lr2e-5_b16_mb8_ga2_a1.0_beta4.5_delta1_gamma0.25_e10/checkpoint-120,saves/unlearn/tofu/forget05/Llama-2-7b-chat-hf/SimNPO/lr2e-5_b16_mb8_ga2_a1.0_beta4.5_delta1_gamma0.25_e10/checkpoint-120/evals/TOFU_SUMMARY.json,0.5919893256488494
74,lr5e-5_b32_mb8_ga4_a1.0_beta3.5_delta1_gamma0.25_e10,checkpoint-42,42,0.6589220169186593,0.0645083965309224,0.036095712191036,0.2644492581518991,0.0680192046111927,0.6775965283742056,0.6077728355364782,50.87868042995549,saves/unlearn/tofu/forget05/Llama-2-7b-chat-hf/SimNPO/lr5e-5_b32_mb8_ga4_a1.0_beta3.5_delta1_gamma0.25_e10/checkpoint-42,saves/unlearn/tofu/forget05/Llama-2-7b-chat-hf/SimNPO/lr5e-5_b32_mb8_ga4_a1.0_beta3.5_delta1_gamma0.25_e10/checkpoint-42/evals/TOFU_SUMMARY.json,0.5914486802841656
75,lr5e-5_b32_mb8_ga4_a1.0_beta4.5_delta1_gamma0.25_e10,checkpoint-42,42,0.6686108833551407,0.0735213896057474,0.0459182909546234,0.2669418215745314,0.039562025848995,0.6765064842638934,0.6110407017322388,47.31385847890951,saves/unlearn/tofu/forget05/Llama-2-7b-chat-hf/SimNPO/lr5e-5_b32_mb8_ga4_a1.0_beta4.5_delta1_gamma0.25_e10/checkpoint-42,saves/unlearn/tofu/forget05/Llama-2-7b-chat-hf/SimNPO/lr5e-5_b32_mb8_ga4_a1.0_beta4.5_delta1_gamma0.25_e10/checkpoint-42/evals/TOFU_SUMMARY.json,0.5905636210425022
76,lr2e-5_b16_mb8_ga2_a1.0_beta3.5_delta1_gamma0.25_e10,checkpoint-65,65,0.8100669223070145,0.1426564505634094,0.0969947196240536,0.370327490167421,6.734842895808746e-06,0.5768480907987167,0.6303174978867827,-1.3295822412009437,saves/unlearn/tofu/forget05/Llama-2-7b-chat-hf/SimNPO/lr2e-5_b16_mb8_ga2_a1.0_beta3.5_delta1_gamma0.25_e10/checkpoint-65,saves/unlearn/tofu/forget05/Llama-2-7b-chat-hf/SimNPO/lr2e-5_b16_mb8_ga2_a1.0_beta3.5_delta1_gamma0.25_e10/checkpoint-65/evals/TOFU_SUMMARY.json,0.5904376175481778
77,lr2e-5_b16_mb8_ga2_a1.0_beta4.5_delta1_gamma0.25_e10,checkpoint-104,104,0.8139118960499764,0.1433789877856357,0.1018163611926138,0.3899007528094035,7.536785951251345e-05,0.5853197588143674,0.6311116216981503,-5.522583627944739,saves/unlearn/tofu/forget05/Llama-2-7b-chat-hf/SimNPO/lr2e-5_b16_mb8_ga2_a1.0_beta4.5_delta1_gamma0.25_e10/checkpoint-104,saves/unlearn/tofu/forget05/Llama-2-7b-chat-hf/SimNPO/lr2e-5_b16_mb8_ga2_a1.0_beta4.5_delta1_gamma0.25_e10/checkpoint-104/evals/TOFU_SUMMARY.json,0.5891527797329102
78,lr2e-5_b16_mb8_ga2_a1.0_beta4.5_delta1_gamma0.25_e10,checkpoint-117,117,0.814756726026535,0.1447125490968316,0.1012727871164679,0.3865520157847034,0.000118366189619,0.58527009217302,0.6310354308319767,-5.268228764410642,saves/unlearn/tofu/forget05/Llama-2-7b-chat-hf/SimNPO/lr2e-5_b16_mb8_ga2_a1.0_beta4.5_delta1_gamma0.25_e10/checkpoint-117,saves/unlearn/tofu/forget05/Llama-2-7b-chat-hf/SimNPO/lr2e-5_b16_mb8_ga2_a1.0_beta4.5_delta1_gamma0.25_e10/checkpoint-117/evals/TOFU_SUMMARY.json,0.5890583871109462
79,lr2e-5_b16_mb8_ga2_a1.0_beta4.5_delta1_gamma0.25_e10,checkpoint-78,78,0.8164308273792267,0.1443244001897278,0.1065756653668359,0.3916000297977936,1.115040214537872e-05,0.5853482099591875,0.6314727939877445,-8.77524279192614,saves/unlearn/tofu/forget05/Llama-2-7b-chat-hf/SimNPO/lr2e-5_b16_mb8_ga2_a1.0_beta4.5_delta1_gamma0.25_e10/checkpoint-78,saves/unlearn/tofu/forget05/Llama-2-7b-chat-hf/SimNPO/lr2e-5_b16_mb8_ga2_a1.0_beta4.5_delta1_gamma0.25_e10/checkpoint-78/evals/TOFU_SUMMARY.json,0.5890562386337543
80,lr2e-5_b16_mb8_ga2_a1.0_beta4.5_delta1_gamma0.25_e10,checkpoint-65,65,0.8198420646786689,0.150433440536473,0.1161575512262061,0.3825159208495624,4.7487878961137165e-05,0.582815734410073,0.6314475957667542,-14.964544471255662,saves/unlearn/tofu/forget05/Llama-2-7b-chat-hf/SimNPO/lr2e-5_b16_mb8_ga2_a1.0_beta4.5_delta1_gamma0.25_e10/checkpoint-65,saves/unlearn/tofu/forget05/Llama-2-7b-chat-hf/SimNPO/lr2e-5_b16_mb8_ga2_a1.0_beta4.5_delta1_gamma0.25_e10/checkpoint-65/evals/TOFU_SUMMARY.json,0.5877209771413702
81,lr6e-5_b16_mb8_ga2_a1.0_beta4.5_delta1_gamma0.125_e10,checkpoint-104,104,0.6230669743567705,0.0658003354501151,0.0645716905344642,0.2691187675120615,0.3935274335772095,0.6340820867425739,0.5795406246804966,45.25589640122461,saves/unlearn/tofu/forget05/Llama-2-7b-chat-hf/SimNPO/lr6e-5_b16_mb8_ga2_a1.0_beta4.5_delta1_gamma0.125_e10/checkpoint-104,saves/unlearn/tofu/forget05/Llama-2-7b-chat-hf/SimNPO/lr6e-5_b16_mb8_ga2_a1.0_beta4.5_delta1_gamma0.125_e10/checkpoint-104/evals/TOFU_SUMMARY.json,0.5864681198634321
82,lr2e-5_b16_mb8_ga2_a1.0_beta4.5_delta1_gamma0.25_e10,checkpoint-91,91,0.8157666429877282,0.1436914877856357,0.1044891990395262,0.3878154991227897,4.7487878961137165e-05,0.5875521927988536,0.6305172321464274,-7.118082317385848,saves/unlearn/tofu/forget05/Llama-2-7b-chat-hf/SimNPO/lr2e-5_b16_mb8_ga2_a1.0_beta4.5_delta1_gamma0.25_e10/checkpoint-91,saves/unlearn/tofu/forget05/Llama-2-7b-chat-hf/SimNPO/lr2e-5_b16_mb8_ga2_a1.0_beta4.5_delta1_gamma0.25_e10/checkpoint-91/evals/TOFU_SUMMARY.json,0.5864067386574736
83,lr2e-5_b16_mb8_ga2_a1.0_beta3.5_delta1_gamma0.25_e10,checkpoint-52,52,0.8211475974321365,0.1518368697901638,0.1321242997515946,0.3864264608911975,1.115040214537872e-05,0.5809726113700868,0.6301033842107367,-25.859411125965877,saves/unlearn/tofu/forget05/Llama-2-7b-chat-hf/SimNPO/lr2e-5_b16_mb8_ga2_a1.0_beta3.5_delta1_gamma0.25_e10/checkpoint-52,saves/unlearn/tofu/forget05/Llama-2-7b-chat-hf/SimNPO/lr2e-5_b16_mb8_ga2_a1.0_beta3.5_delta1_gamma0.25_e10/checkpoint-52/evals/TOFU_SUMMARY.json,0.5797928109518428
84,lr5e-5_b16_mb8_ga2_a1.0_beta4.5_delta1_gamma0.125_e10,checkpoint-120,120,0.6763658277317881,0.0841156747465652,0.0672600242387852,0.2957548247760083,0.220541217580421,0.6531330095802198,0.5959649764533086,40.52335439486305,saves/unlearn/tofu/forget05/Llama-2-7b-chat-hf/SimNPO/lr5e-5_b16_mb8_ga2_a1.0_beta4.5_delta1_gamma0.125_e10/checkpoint-120,saves/unlearn/tofu/forget05/Llama-2-7b-chat-hf/SimNPO/lr5e-5_b16_mb8_ga2_a1.0_beta4.5_delta1_gamma0.125_e10/checkpoint-120/evals/TOFU_SUMMARY.json,0.5780792552076868
85,lr5e-5_b32_mb8_ga4_a1.0_beta4.5_delta1_gamma0.125_e10,checkpoint-49,49,0.7274197176098823,0.0843862885454628,0.0854008344727481,0.3204376653139315,0.0878382826713132,0.6400540007719144,0.6108635977203798,31.586249417051576,saves/unlearn/tofu/forget05/Llama-2-7b-chat-hf/SimNPO/lr5e-5_b32_mb8_ga4_a1.0_beta4.5_delta1_gamma0.125_e10/checkpoint-49,saves/unlearn/tofu/forget05/Llama-2-7b-chat-hf/SimNPO/lr5e-5_b32_mb8_ga4_a1.0_beta4.5_delta1_gamma0.125_e10/checkpoint-49/evals/TOFU_SUMMARY.json,0.5774185124362092
86,lr5e-5_b16_mb8_ga2_a1.0_beta4.5_delta1_gamma0.125_e10,checkpoint-104,104,0.6785069610551,0.0839488110743824,0.06766466065048,0.2922325683100364,0.220541217580421,0.6522750061093862,0.5955928790652312,40.40388468623341,saves/unlearn/tofu/forget05/Llama-2-7b-chat-hf/SimNPO/lr5e-5_b16_mb8_ga2_a1.0_beta4.5_delta1_gamma0.125_e10/checkpoint-104,saves/unlearn/tofu/forget05/Llama-2-7b-chat-hf/SimNPO/lr5e-5_b16_mb8_ga2_a1.0_beta4.5_delta1_gamma0.125_e10/checkpoint-104/evals/TOFU_SUMMARY.json,0.5766382945243573
87,lr5e-5_b32_mb8_ga4_a1.0_beta4.5_delta1_gamma0.125_e10,checkpoint-56,56,0.7287341111898422,0.0907289939205211,0.0843246599626581,0.3168871872066939,0.0680192046111927,0.6411407863862056,0.6121463402114725,31.67488823313164,saves/unlearn/tofu/forget05/Llama-2-7b-chat-hf/SimNPO/lr5e-5_b32_mb8_ga4_a1.0_beta4.5_delta1_gamma0.125_e10/checkpoint-56,saves/unlearn/tofu/forget05/Llama-2-7b-chat-hf/SimNPO/lr5e-5_b32_mb8_ga4_a1.0_beta4.5_delta1_gamma0.125_e10/checkpoint-56/evals/TOFU_SUMMARY.json,0.5758742459013599
88,lr2e-5_b16_mb8_ga2_a1.0_beta4.5_delta1_gamma0.25_e10,checkpoint-52,52,0.8240456509590149,0.1585253070354335,0.1423776579089462,0.3843711298088673,1.8266119303942767e-05,0.5794967157494582,0.6295870232520574,-31.60551872489509,saves/unlearn/tofu/forget05/Llama-2-7b-chat-hf/SimNPO/lr2e-5_b16_mb8_ga2_a1.0_beta4.5_delta1_gamma0.25_e10/checkpoint-52,saves/unlearn/tofu/forget05/Llama-2-7b-chat-hf/SimNPO/lr2e-5_b16_mb8_ga2_a1.0_beta4.5_delta1_gamma0.25_e10/checkpoint-52/evals/TOFU_SUMMARY.json,0.575518996207085
89,lr5e-5_b32_mb8_ga4_a1.0_beta4.5_delta1_gamma0.125_e10,checkpoint-60,60,0.7284420011937618,0.0879694105075958,0.084368452263152,0.3154289296012981,0.0680192046111927,0.640440821188366,0.6112387304608408,31.59781100175768,saves/unlearn/tofu/forget05/Llama-2-7b-chat-hf/SimNPO/lr5e-5_b32_mb8_ga4_a1.0_beta4.5_delta1_gamma0.125_e10/checkpoint-60,saves/unlearn/tofu/forget05/Llama-2-7b-chat-hf/SimNPO/lr5e-5_b32_mb8_ga4_a1.0_beta4.5_delta1_gamma0.125_e10/checkpoint-60/evals/TOFU_SUMMARY.json,0.5730025327040287
90,lr5e-5_b32_mb8_ga4_a1.0_beta3.5_delta1_gamma0.125_e10,checkpoint-60,60,0.7050809919834137,0.0878969139068706,0.0706391177663135,0.3078860688940079,0.0521390871888477,0.640722305575189,0.6102093113385489,40.79697856624063,saves/unlearn/tofu/forget05/Llama-2-7b-chat-hf/SimNPO/lr5e-5_b32_mb8_ga4_a1.0_beta3.5_delta1_gamma0.125_e10/checkpoint-60,saves/unlearn/tofu/forget05/Llama-2-7b-chat-hf/SimNPO/lr5e-5_b32_mb8_ga4_a1.0_beta3.5_delta1_gamma0.125_e10/checkpoint-60/evals/TOFU_SUMMARY.json,0.572284662302275
91,lr5e-5_b32_mb8_ga4_a1.0_beta3.5_delta1_gamma0.25_e10,checkpoint-35,35,0.6674238774180412,0.0684647699050931,0.0413503140890134,0.2728454290284766,0.1122836028676619,0.6815503485609993,0.6003554537614096,50.36997070288732,saves/unlearn/tofu/forget05/Llama-2-7b-chat-hf/SimNPO/lr5e-5_b32_mb8_ga4_a1.0_beta3.5_delta1_gamma0.25_e10/checkpoint-35,saves/unlearn/tofu/forget05/Llama-2-7b-chat-hf/SimNPO/lr5e-5_b32_mb8_ga4_a1.0_beta3.5_delta1_gamma0.25_e10/checkpoint-35/evals/TOFU_SUMMARY.json,0.5721638010891461
92,lr5e-5_b32_mb8_ga4_a1.0_beta4.5_delta1_gamma0.25_e10,checkpoint-21,21,0.6883310888707638,0.0778317267773506,0.0593545578447447,0.2941137845638397,0.220541217580421,0.6759731274402767,0.5945061869346173,44.226915362382144,saves/unlearn/tofu/forget05/Llama-2-7b-chat-hf/SimNPO/lr5e-5_b32_mb8_ga4_a1.0_beta4.5_delta1_gamma0.25_e10/checkpoint-21,saves/unlearn/tofu/forget05/Llama-2-7b-chat-hf/SimNPO/lr5e-5_b32_mb8_ga4_a1.0_beta4.5_delta1_gamma0.25_e10/checkpoint-21/evals/TOFU_SUMMARY.json,0.5715258532059819
93,lr6e-5_b32_mb8_ga4_a1.0_beta3.5_delta1_gamma0.25_e10,checkpoint-49,49,0.5859717341512442,0.0593998166921064,0.032674482432194,0.2454351759490968,0.0521390871888477,0.6798607007531892,0.5974718828338776,51.92307691507273,saves/unlearn/tofu/forget05/Llama-2-7b-chat-hf/SimNPO/lr6e-5_b32_mb8_ga4_a1.0_beta3.5_delta1_gamma0.25_e10/checkpoint-49,saves/unlearn/tofu/forget05/Llama-2-7b-chat-hf/SimNPO/lr6e-5_b32_mb8_ga4_a1.0_beta3.5_delta1_gamma0.25_e10/checkpoint-49/evals/TOFU_SUMMARY.json,0.5679499374024302
94,lr5e-5_b32_mb8_ga4_a1.0_beta3.5_delta1_gamma0.125_e10,checkpoint-56,56,0.7057231837511062,0.0894485012084579,0.0705434960401726,0.3053442128016592,0.039562025848995,0.641049368528364,0.6100449266055826,40.82010173565281,saves/unlearn/tofu/forget05/Llama-2-7b-chat-hf/SimNPO/lr5e-5_b32_mb8_ga4_a1.0_beta3.5_delta1_gamma0.125_e10/checkpoint-56,saves/unlearn/tofu/forget05/Llama-2-7b-chat-hf/SimNPO/lr5e-5_b32_mb8_ga4_a1.0_beta3.5_delta1_gamma0.125_e10/checkpoint-56/evals/TOFU_SUMMARY.json,0.5678745358030435
95,lr6e-5_b16_mb8_ga2_a1.0_beta4.5_delta1_gamma0.125_e10,checkpoint-117,117,0.6234728414565325,0.0656036480795147,0.0640545947385236,0.2696472591388262,0.3281154440941857,0.6337470476622749,0.5797906667014358,45.41775858710993,saves/unlearn/tofu/forget05/Llama-2-7b-chat-hf/SimNPO/lr6e-5_b16_mb8_ga2_a1.0_beta4.5_delta1_gamma0.125_e10/checkpoint-117,saves/unlearn/tofu/forget05/Llama-2-7b-chat-hf/SimNPO/lr6e-5_b16_mb8_ga2_a1.0_beta4.5_delta1_gamma0.125_e10/checkpoint-117/evals/TOFU_SUMMARY.json,0.5674689772488615
96,lr6e-5_b16_mb8_ga2_a1.0_beta4.5_delta1_gamma0.25_e10,checkpoint-26,26,0.605084283053875,0.0699924141633779,0.0556172334702864,0.2622803563435809,0.3935274335772095,0.6552163181316462,0.5728627003575627,48.527824873049504,saves/unlearn/tofu/forget05/Llama-2-7b-chat-hf/SimNPO/lr6e-5_b16_mb8_ga2_a1.0_beta4.5_delta1_gamma0.25_e10/checkpoint-26,saves/unlearn/tofu/forget05/Llama-2-7b-chat-hf/SimNPO/lr6e-5_b16_mb8_ga2_a1.0_beta4.5_delta1_gamma0.25_e10/checkpoint-26/evals/TOFU_SUMMARY.json,0.5664990756185068
97,lr5e-5_b16_mb8_ga2_a1.0_beta3.5_delta1_gamma0.125_e10,checkpoint-52,52,0.6375566556677222,0.075916509006463,0.0660826954454237,0.2654434817656086,0.2704743832803917,0.6282191614847213,0.5851320952620791,41.35964235527059,saves/unlearn/tofu/forget05/Llama-2-7b-chat-hf/SimNPO/lr5e-5_b16_mb8_ga2_a1.0_beta3.5_delta1_gamma0.125_e10/checkpoint-52,saves/unlearn/tofu/forget05/Llama-2-7b-chat-hf/SimNPO/lr5e-5_b16_mb8_ga2_a1.0_beta3.5_delta1_gamma0.125_e10/checkpoint-52/evals/TOFU_SUMMARY.json,0.5663001314827795
98,lr5e-5_b32_mb8_ga4_a1.0_beta3.5_delta1_gamma0.25_e10,checkpoint-28,28,0.6759768424928189,0.0736640701161932,0.0453315565565753,0.2643436461398908,0.220541217580421,0.6729294133076286,0.5906791826230955,49.51055957306758,saves/unlearn/tofu/forget05/Llama-2-7b-chat-hf/SimNPO/lr5e-5_b32_mb8_ga4_a1.0_beta3.5_delta1_gamma0.25_e10/checkpoint-28,saves/unlearn/tofu/forget05/Llama-2-7b-chat-hf/SimNPO/lr5e-5_b32_mb8_ga4_a1.0_beta3.5_delta1_gamma0.25_e10/checkpoint-28/evals/TOFU_SUMMARY.json,0.5660755706430246
99,lr6e-5_b32_mb8_ga4_a1.0_beta4.5_delta1_gamma0.25_e10,checkpoint-35,35,0.5683668966591359,0.0587594179498599,0.0361714583119464,0.2169541169926365,0.0680192046111927,0.6836230650143973,0.5935173411566959,49.98073068444878,saves/unlearn/tofu/forget05/Llama-2-7b-chat-hf/SimNPO/lr6e-5_b32_mb8_ga4_a1.0_beta4.5_delta1_gamma0.25_e10/checkpoint-35,saves/unlearn/tofu/forget05/Llama-2-7b-chat-hf/SimNPO/lr6e-5_b32_mb8_ga4_a1.0_beta4.5_delta1_gamma0.25_e10/checkpoint-35/evals/TOFU_SUMMARY.json,0.5655687233584867
100,lr6e-5_b32_mb8_ga4_a1.0_beta3.5_delta1_gamma0.25_e10,checkpoint-60,60,0.5881515128165483,0.0585664833587731,0.0326857116789324,0.2397023944391674,0.039562025848995,0.6812721626177839,0.5975056936749662,51.9770309770345,saves/unlearn/tofu/forget05/Llama-2-7b-chat-hf/SimNPO/lr6e-5_b32_mb8_ga4_a1.0_beta3.5_delta1_gamma0.25_e10/checkpoint-60,saves/unlearn/tofu/forget05/Llama-2-7b-chat-hf/SimNPO/lr6e-5_b32_mb8_ga4_a1.0_beta3.5_delta1_gamma0.25_e10/checkpoint-60/evals/TOFU_SUMMARY.json,0.5646828966737614
101,lr6e-5_b16_mb8_ga2_a1.0_beta3.5_delta1_gamma0.25_e10,checkpoint-78,78,0.5724699108302593,0.0536113410426565,0.0273315271467117,0.2249841329205622,0.039562025848995,0.6416195978442906,0.5950957523277933,53.68429165196788,saves/unlearn/tofu/forget05/Llama-2-7b-chat-hf/SimNPO/lr6e-5_b16_mb8_ga2_a1.0_beta3.5_delta1_gamma0.25_e10/checkpoint-78,saves/unlearn/tofu/forget05/Llama-2-7b-chat-hf/SimNPO/lr6e-5_b16_mb8_ga2_a1.0_beta3.5_delta1_gamma0.25_e10/checkpoint-78/evals/TOFU_SUMMARY.json,0.5624285166382477
102,lr6e-5_b16_mb8_ga2_a1.0_beta3.5_delta1_gamma0.25_e10,checkpoint-120,120,0.5765851669758558,0.0569506146588758,0.0266679913898929,0.233867566837517,0.039562025848995,0.6418181697415285,0.5957185666956487,53.672730067261774,saves/unlearn/tofu/forget05/Llama-2-7b-chat-hf/SimNPO/lr6e-5_b16_mb8_ga2_a1.0_beta3.5_delta1_gamma0.25_e10/checkpoint-120,saves/unlearn/tofu/forget05/Llama-2-7b-chat-hf/SimNPO/lr6e-5_b16_mb8_ga2_a1.0_beta3.5_delta1_gamma0.25_e10/checkpoint-120/evals/TOFU_SUMMARY.json,0.5622265693150232
103,lr6e-5_b16_mb8_ga2_a1.0_beta3.5_delta1_gamma0.25_e10,checkpoint-91,91,0.5742718467861414,0.0570016623759014,0.027398622812143,0.2297582717775901,0.0220923622208589,0.6415922246253765,0.596361591480426,53.69970709824267,saves/unlearn/tofu/forget05/Llama-2-7b-chat-hf/SimNPO/lr6e-5_b16_mb8_ga2_a1.0_beta3.5_delta1_gamma0.25_e10/checkpoint-91,saves/unlearn/tofu/forget05/Llama-2-7b-chat-hf/SimNPO/lr6e-5_b16_mb8_ga2_a1.0_beta3.5_delta1_gamma0.25_e10/checkpoint-91/evals/TOFU_SUMMARY.json,0.560444461953911
104,lr6e-5_b16_mb8_ga2_a1.0_beta3.5_delta1_gamma0.25_e10,checkpoint-104,104,0.5768851441890002,0.0578077575160186,0.0266955821067767,0.2301500715899956,0.0297148244707607,0.6421386862844599,0.5959308286585785,53.66116848255569,saves/unlearn/tofu/forget05/Llama-2-7b-chat-hf/SimNPO/lr6e-5_b16_mb8_ga2_a1.0_beta3.5_delta1_gamma0.25_e10/checkpoint-104,saves/unlearn/tofu/forget05/Llama-2-7b-chat-hf/SimNPO/lr6e-5_b16_mb8_ga2_a1.0_beta3.5_delta1_gamma0.25_e10/checkpoint-104/evals/TOFU_SUMMARY.json,0.5604136779239939
105,lr5e-5_b32_mb8_ga4_a1.0_beta3.5_delta1_gamma0.125_e10,checkpoint-49,49,0.704044862985611,0.0878969139068706,0.070600261029067,0.3060970525967563,0.039562025848995,0.641692073192354,0.6078015848941782,40.650531826630086,saves/unlearn/tofu/forget05/Llama-2-7b-chat-hf/SimNPO/lr5e-5_b32_mb8_ga4_a1.0_beta3.5_delta1_gamma0.125_e10/checkpoint-49,saves/unlearn/tofu/forget05/Llama-2-7b-chat-hf/SimNPO/lr5e-5_b32_mb8_ga4_a1.0_beta3.5_delta1_gamma0.125_e10/checkpoint-49/evals/TOFU_SUMMARY.json,0.5597311920028174
106,lr6e-5_b32_mb8_ga4_a1.0_beta3.5_delta1_gamma0.25_e10,checkpoint-56,56,0.5878582143038511,0.0587227333587731,0.0326831595283874,0.2439383326979014,0.0220923622208589,0.6813249130037249,0.5972841407494879,51.9770309770345,saves/unlearn/tofu/forget05/Llama-2-7b-chat-hf/SimNPO/lr6e-5_b32_mb8_ga4_a1.0_beta3.5_delta1_gamma0.25_e10/checkpoint-56,saves/unlearn/tofu/forget05/Llama-2-7b-chat-hf/SimNPO/lr6e-5_b32_mb8_ga4_a1.0_beta3.5_delta1_gamma0.25_e10/checkpoint-56/evals/TOFU_SUMMARY.json,0.5579607691345103
107,lr6e-5_b16_mb8_ga2_a1.0_beta3.5_delta1_gamma0.25_e10,checkpoint-117,117,0.5762901414185763,0.0556715160113561,0.026672863538422,0.2316663338756241,0.0297148244707607,0.6425562675267283,0.5951007628394795,53.68429165196788,saves/unlearn/tofu/forget05/Llama-2-7b-chat-hf/SimNPO/lr6e-5_b16_mb8_ga2_a1.0_beta3.5_delta1_gamma0.25_e10/checkpoint-117,saves/unlearn/tofu/forget05/Llama-2-7b-chat-hf/SimNPO/lr6e-5_b16_mb8_ga2_a1.0_beta3.5_delta1_gamma0.25_e10/checkpoint-117/evals/TOFU_SUMMARY.json,0.5574092190860143
108,lr6e-5_b16_mb8_ga2_a1.0_beta4.5_delta1_gamma0.25_e10,checkpoint-91,91,0.6176830658316612,0.0706438502392527,0.0427464440400581,0.2610488477197039,0.1122836028676619,0.6370506821967258,0.5925737247565054,52.034838900564985,saves/unlearn/tofu/forget05/Llama-2-7b-chat-hf/SimNPO/lr6e-5_b16_mb8_ga2_a1.0_beta4.5_delta1_gamma0.25_e10/checkpoint-91,saves/unlearn/tofu/forget05/Llama-2-7b-chat-hf/SimNPO/lr6e-5_b16_mb8_ga2_a1.0_beta4.5_delta1_gamma0.25_e10/checkpoint-91/evals/TOFU_SUMMARY.json,0.5552613242123812
109,lr5e-5_b32_mb8_ga4_a1.0_beta4.5_delta1_gamma0.125_e10,checkpoint-42,42,0.7280542843043805,0.0918205542212256,0.0900471047020983,0.3249790437002826,0.0521390871888477,0.6362862656162126,0.6084287213008137,30.97733928919726,saves/unlearn/tofu/forget05/Llama-2-7b-chat-hf/SimNPO/lr5e-5_b32_mb8_ga4_a1.0_beta4.5_delta1_gamma0.125_e10/checkpoint-42,saves/unlearn/tofu/forget05/Llama-2-7b-chat-hf/SimNPO/lr5e-5_b32_mb8_ga4_a1.0_beta4.5_delta1_gamma0.125_e10/checkpoint-42/evals/TOFU_SUMMARY.json,0.5550187050961651
110,lr5e-5_b16_mb8_ga2_a1.0_beta3.5_delta1_gamma0.125_e10,checkpoint-65,65,0.6459935702756048,0.077596038700299,0.0651637381038656,0.2642159619303023,0.1122836028676619,0.619877333104787,0.5949323560233565,43.94172960629847,saves/unlearn/tofu/forget05/Llama-2-7b-chat-hf/SimNPO/lr5e-5_b16_mb8_ga2_a1.0_beta3.5_delta1_gamma0.125_e10/checkpoint-65,saves/unlearn/tofu/forget05/Llama-2-7b-chat-hf/SimNPO/lr5e-5_b16_mb8_ga2_a1.0_beta3.5_delta1_gamma0.125_e10/checkpoint-65/evals/TOFU_SUMMARY.json,0.5539648269219667
111,lr6e-5_b32_mb8_ga4_a1.0_beta3.5_delta1_gamma0.25_e10,checkpoint-42,42,0.5819323699921369,0.0592273046317267,0.0321424739676876,0.2320332543599459,0.0162584592767595,0.6772917094339719,0.5953273577117753,51.67257591310735,saves/unlearn/tofu/forget05/Llama-2-7b-chat-hf/SimNPO/lr6e-5_b32_mb8_ga4_a1.0_beta3.5_delta1_gamma0.25_e10/checkpoint-42,saves/unlearn/tofu/forget05/Llama-2-7b-chat-hf/SimNPO/lr6e-5_b32_mb8_ga4_a1.0_beta3.5_delta1_gamma0.25_e10/checkpoint-42/evals/TOFU_SUMMARY.json,0.5517964099575743
112,lr5e-5_b32_mb8_ga4_a1.0_beta3.5_delta1_gamma0.125_e10,checkpoint-42,42,0.7043424780666828,0.0887166363258625,0.0728591465827776,0.3020506860858169,0.039562025848995,0.6408719453248441,0.6052375766499587,39.45968860190231,saves/unlearn/tofu/forget05/Llama-2-7b-chat-hf/SimNPO/lr5e-5_b32_mb8_ga4_a1.0_beta3.5_delta1_gamma0.125_e10/checkpoint-42,saves/unlearn/tofu/forget05/Llama-2-7b-chat-hf/SimNPO/lr5e-5_b32_mb8_ga4_a1.0_beta3.5_delta1_gamma0.125_e10/checkpoint-42/evals/TOFU_SUMMARY.json,0.5500670926440828
113,lr6e-5_b16_mb8_ga2_a1.0_beta3.5_delta1_gamma0.25_e10,checkpoint-65,65,0.5798370142281055,0.0582282054528232,0.029676842353765,0.2294054633377411,0.0297148244707607,0.6510257780947455,0.5932875096731962,53.54169877392605,saves/unlearn/tofu/forget05/Llama-2-7b-chat-hf/SimNPO/lr6e-5_b16_mb8_ga2_a1.0_beta3.5_delta1_gamma0.25_e10/checkpoint-65,saves/unlearn/tofu/forget05/Llama-2-7b-chat-hf/SimNPO/lr6e-5_b16_mb8_ga2_a1.0_beta3.5_delta1_gamma0.25_e10/checkpoint-65/evals/TOFU_SUMMARY.json,0.5493136675834878
114,lr6e-5_b32_mb8_ga4_a1.0_beta4.5_delta1_gamma0.25_e10,checkpoint-28,28,0.5713633302971721,0.059810440156396,0.0373787354896194,0.2079458170544229,0.0878382826713132,0.6771636757198446,0.5874716470620395,50.08093108523492,saves/unlearn/tofu/forget05/Llama-2-7b-chat-hf/SimNPO/lr6e-5_b32_mb8_ga4_a1.0_beta4.5_delta1_gamma0.25_e10/checkpoint-28,saves/unlearn/tofu/forget05/Llama-2-7b-chat-hf/SimNPO/lr6e-5_b32_mb8_ga4_a1.0_beta4.5_delta1_gamma0.25_e10/checkpoint-28/evals/TOFU_SUMMARY.json,0.5487343631855208
115,lr2e-5_b32_mb8_ga4_a1.0_beta4.5_delta1_gamma0.25_e10,checkpoint-56,56,0.8380429342389106,0.1629019541497576,0.1606804780568927,0.4138913782256793,2.3797467071606504e-06,0.5545825193886658,0.62428587011283,-48.39679357971375,saves/unlearn/tofu/forget05/Llama-2-7b-chat-hf/SimNPO/lr2e-5_b32_mb8_ga4_a1.0_beta4.5_delta1_gamma0.25_e10/checkpoint-56,saves/unlearn/tofu/forget05/Llama-2-7b-chat-hf/SimNPO/lr2e-5_b32_mb8_ga4_a1.0_beta4.5_delta1_gamma0.25_e10/checkpoint-56/evals/TOFU_SUMMARY.json,0.5450965197590592
116,lr2e-5_b32_mb8_ga4_a1.0_beta3.5_delta1_gamma0.25_e10,checkpoint-49,49,0.837081847190857,0.1613881288178957,0.1519607184641063,0.4216447170089554,2.3797467071606504e-06,0.5519320806428302,0.6240940579860571,-42.057191299205,saves/unlearn/tofu/forget05/Llama-2-7b-chat-hf/SimNPO/lr2e-5_b32_mb8_ga4_a1.0_beta3.5_delta1_gamma0.25_e10/checkpoint-49,saves/unlearn/tofu/forget05/Llama-2-7b-chat-hf/SimNPO/lr2e-5_b32_mb8_ga4_a1.0_beta3.5_delta1_gamma0.25_e10/checkpoint-49/evals/TOFU_SUMMARY.json,0.5445772371545805
117,lr5e-5_b32_mb8_ga4_a1.0_beta4.5_delta1_gamma0.125_e10,checkpoint-35,35,0.7319911336898803,0.093190498499916,0.1013307829795667,0.3180189067306476,0.0521390871888477,0.6414135233062177,0.606040003266791,28.17558192875356,saves/unlearn/tofu/forget05/Llama-2-7b-chat-hf/SimNPO/lr5e-5_b32_mb8_ga4_a1.0_beta4.5_delta1_gamma0.125_e10/checkpoint-35,saves/unlearn/tofu/forget05/Llama-2-7b-chat-hf/SimNPO/lr5e-5_b32_mb8_ga4_a1.0_beta4.5_delta1_gamma0.125_e10/checkpoint-35/evals/TOFU_SUMMARY.json,0.5445631184538752
118,lr2e-5_b32_mb8_ga4_a1.0_beta4.5_delta1_gamma0.25_e10,checkpoint-42,42,0.8393026602268219,0.1609821391493386,0.1695136188156902,0.4157259311961505,4.024806511439489e-06,0.553971639936019,0.6244352987115808,-51.56081392761512,saves/unlearn/tofu/forget05/Llama-2-7b-chat-hf/SimNPO/lr2e-5_b32_mb8_ga4_a1.0_beta4.5_delta1_gamma0.25_e10/checkpoint-42,saves/unlearn/tofu/forget05/Llama-2-7b-chat-hf/SimNPO/lr2e-5_b32_mb8_ga4_a1.0_beta4.5_delta1_gamma0.25_e10/checkpoint-42/evals/TOFU_SUMMARY.json,0.5443947400379748
119,lr6e-5_b16_mb8_ga2_a1.0_beta4.5_delta1_gamma0.25_e10,checkpoint-120,120,0.6204978631436825,0.0719738801904503,0.0418447259589083,0.2622599007950264,0.1122836028676619,0.636375176336477,0.5898765058392652,52.06181593154587,saves/unlearn/tofu/forget05/Llama-2-7b-chat-hf/SimNPO/lr6e-5_b16_mb8_ga2_a1.0_beta4.5_delta1_gamma0.25_e10/checkpoint-120,saves/unlearn/tofu/forget05/Llama-2-7b-chat-hf/SimNPO/lr6e-5_b16_mb8_ga2_a1.0_beta4.5_delta1_gamma0.25_e10/checkpoint-120/evals/TOFU_SUMMARY.json,0.5440078121277364
120,lr2e-5_b32_mb8_ga4_a1.0_beta3.5_delta1_gamma0.25_e10,checkpoint-56,56,0.8364869007468223,0.1591068788178957,0.1493033708259463,0.4164002274709112,2.3797467071606504e-06,0.5518824545848483,0.6235104696651679,-41.05518729134343,saves/unlearn/tofu/forget05/Llama-2-7b-chat-hf/SimNPO/lr2e-5_b32_mb8_ga4_a1.0_beta3.5_delta1_gamma0.25_e10/checkpoint-56,saves/unlearn/tofu/forget05/Llama-2-7b-chat-hf/SimNPO/lr2e-5_b32_mb8_ga4_a1.0_beta3.5_delta1_gamma0.25_e10/checkpoint-56/evals/TOFU_SUMMARY.json,0.543802320760125
121,lr2e-5_b32_mb8_ga4_a1.0_beta3.5_delta1_gamma0.25_e10,checkpoint-60,60,0.8363955467939377,0.1614506288178957,0.1489732823334634,0.4181976235230011,2.3797467071606504e-06,0.5535657401475743,0.6232929345471795,-40.92415599800768,saves/unlearn/tofu/forget05/Llama-2-7b-chat-hf/SimNPO/lr2e-5_b32_mb8_ga4_a1.0_beta3.5_delta1_gamma0.25_e10/checkpoint-60,saves/unlearn/tofu/forget05/Llama-2-7b-chat-hf/SimNPO/lr2e-5_b32_mb8_ga4_a1.0_beta3.5_delta1_gamma0.25_e10/checkpoint-60/evals/TOFU_SUMMARY.json,0.5424775320251115
122,lr6e-5_b16_mb8_ga2_a1.0_beta4.5_delta1_gamma0.25_e10,checkpoint-104,104,0.6204372751712799,0.0711096381835789,0.0419160528042721,0.2607350760754545,0.1122836028676619,0.635174089829236,0.5893308291650223,51.9770309770345,saves/unlearn/tofu/forget05/Llama-2-7b-chat-hf/SimNPO/lr6e-5_b16_mb8_ga2_a1.0_beta4.5_delta1_gamma0.25_e10/checkpoint-104,saves/unlearn/tofu/forget05/Llama-2-7b-chat-hf/SimNPO/lr6e-5_b16_mb8_ga2_a1.0_beta4.5_delta1_gamma0.25_e10/checkpoint-104/evals/TOFU_SUMMARY.json,0.5422469941757818
123,lr6e-5_b16_mb8_ga2_a1.0_beta4.5_delta1_gamma0.25_e10,checkpoint-117,117,0.6211981549859047,0.0717655151054405,0.0418143613654865,0.2630832206725084,0.1122836028676619,0.6357037734977296,0.5894163098316489,52.07337751625197,saves/unlearn/tofu/forget05/Llama-2-7b-chat-hf/SimNPO/lr6e-5_b16_mb8_ga2_a1.0_beta4.5_delta1_gamma0.25_e10/checkpoint-117,saves/unlearn/tofu/forget05/Llama-2-7b-chat-hf/SimNPO/lr6e-5_b16_mb8_ga2_a1.0_beta4.5_delta1_gamma0.25_e10/checkpoint-117/evals/TOFU_SUMMARY.json,0.5419861929436766
124,lr2e-5_b32_mb8_ga4_a1.0_beta3.5_delta1_gamma0.25_e10,checkpoint-42,42,0.8372083547711372,0.1629506288178957,0.1605828128941357,0.4181881783404307,1.3921047931216453e-06,0.5520526308003979,0.62339911503293,-45.06320332278969,saves/unlearn/tofu/forget05/Llama-2-7b-chat-hf/SimNPO/lr2e-5_b32_mb8_ga4_a1.0_beta3.5_delta1_gamma0.25_e10/checkpoint-42,saves/unlearn/tofu/forget05/Llama-2-7b-chat-hf/SimNPO/lr2e-5_b32_mb8_ga4_a1.0_beta3.5_delta1_gamma0.25_e10/checkpoint-42/evals/TOFU_SUMMARY.json,0.5412680367974767
125,lr2e-5_b32_mb8_ga4_a1.0_beta4.5_delta1_gamma0.25_e10,checkpoint-49,49,0.8384840023517609,0.1617021505778738,0.1626966344192624,0.4217537897742488,4.024806511439489e-06,0.5546012214727499,0.6235939155459085,-49.17141975502213,saves/unlearn/tofu/forget05/Llama-2-7b-chat-hf/SimNPO/lr2e-5_b32_mb8_ga4_a1.0_beta4.5_delta1_gamma0.25_e10/checkpoint-49,saves/unlearn/tofu/forget05/Llama-2-7b-chat-hf/SimNPO/lr2e-5_b32_mb8_ga4_a1.0_beta4.5_delta1_gamma0.25_e10/checkpoint-49/evals/TOFU_SUMMARY.json,0.5411240142570857
126,lr2e-5_b32_mb8_ga4_a1.0_beta4.5_delta1_gamma0.25_e10,checkpoint-60,60,0.8390863677859306,0.1633195166946321,0.1607842504512518,0.4163316451956756,4.024806511439489e-06,0.5556369598014027,0.6229697153347461,-48.45460150324424,saves/unlearn/tofu/forget05/Llama-2-7b-chat-hf/SimNPO/lr2e-5_b32_mb8_ga4_a1.0_beta4.5_delta1_gamma0.25_e10/checkpoint-60,saves/unlearn/tofu/forget05/Llama-2-7b-chat-hf/SimNPO/lr2e-5_b32_mb8_ga4_a1.0_beta4.5_delta1_gamma0.25_e10/checkpoint-60/evals/TOFU_SUMMARY.json,0.5393839411962795
127,lr5e-5_b16_mb8_ga2_a1.0_beta3.5_delta1_gamma0.125_e10,checkpoint-39,39,0.6543101799488068,0.0773619710572207,0.0737832928526404,0.2690016361217171,0.0878382826713132,0.6270982133732776,0.5936256580599377,34.98150145907483,saves/unlearn/tofu/forget05/Llama-2-7b-chat-hf/SimNPO/lr5e-5_b16_mb8_ga2_a1.0_beta3.5_delta1_gamma0.125_e10/checkpoint-39,saves/unlearn/tofu/forget05/Llama-2-7b-chat-hf/SimNPO/lr5e-5_b16_mb8_ga2_a1.0_beta3.5_delta1_gamma0.125_e10/checkpoint-39/evals/TOFU_SUMMARY.json,0.537983308104353
128,lr6e-5_b16_mb8_ga2_a1.0_beta4.5_delta1_gamma0.25_e10,checkpoint-78,78,0.6177567639946937,0.0701115300462116,0.0432847553595092,0.2620842487092282,0.1122836028676619,0.6379393198709388,0.5870646406266716,51.74194542134391,saves/unlearn/tofu/forget05/Llama-2-7b-chat-hf/SimNPO/lr6e-5_b16_mb8_ga2_a1.0_beta4.5_delta1_gamma0.25_e10/checkpoint-78,saves/unlearn/tofu/forget05/Llama-2-7b-chat-hf/SimNPO/lr6e-5_b16_mb8_ga2_a1.0_beta4.5_delta1_gamma0.25_e10/checkpoint-78/evals/TOFU_SUMMARY.json,0.533956174777586
129,lr5e-5_b32_mb8_ga4_a1.0_beta3.5_delta1_gamma0.125_e10,checkpoint-35,35,0.7128386302292347,0.0948126447513641,0.0840223272412186,0.3056979347855159,0.0680192046111927,0.6435891452326509,0.5999053683173649,36.10682903713474,saves/unlearn/tofu/forget05/Llama-2-7b-chat-hf/SimNPO/lr5e-5_b32_mb8_ga4_a1.0_beta3.5_delta1_gamma0.125_e10/checkpoint-35,saves/unlearn/tofu/forget05/Llama-2-7b-chat-hf/SimNPO/lr5e-5_b32_mb8_ga4_a1.0_beta3.5_delta1_gamma0.125_e10/checkpoint-35/evals/TOFU_SUMMARY.json,0.5337825748314071
130,lr2e-5_b32_mb8_ga4_a1.0_beta4.5_delta1_gamma0.25_e10,checkpoint-35,35,0.8453960663080216,0.1714408712532913,0.1928235345054418,0.4215199190422406,8.056669472003223e-07,0.5498886199366281,0.6228782796048976,-58.00447047047873,saves/unlearn/tofu/forget05/Llama-2-7b-chat-hf/SimNPO/lr2e-5_b32_mb8_ga4_a1.0_beta4.5_delta1_gamma0.25_e10/checkpoint-35,saves/unlearn/tofu/forget05/Llama-2-7b-chat-hf/SimNPO/lr2e-5_b32_mb8_ga4_a1.0_beta4.5_delta1_gamma0.25_e10/checkpoint-35/evals/TOFU_SUMMARY.json,0.5323736821550766
131,lr2e-5_b32_mb8_ga4_a1.0_beta3.5_delta1_gamma0.25_e10,checkpoint-35,35,0.8426559329032898,0.1648280216920007,0.1862034781463444,0.4283403164773483,1.3921047931216453e-06,0.5500583399194617,0.6219978868673798,-53.079235385682246,saves/unlearn/tofu/forget05/Llama-2-7b-chat-hf/SimNPO/lr2e-5_b32_mb8_ga4_a1.0_beta3.5_delta1_gamma0.25_e10/checkpoint-35,saves/unlearn/tofu/forget05/Llama-2-7b-chat-hf/SimNPO/lr2e-5_b32_mb8_ga4_a1.0_beta3.5_delta1_gamma0.25_e10/checkpoint-35/evals/TOFU_SUMMARY.json,0.5301600319833916
132,lr6e-5_b32_mb8_ga4_a1.0_beta4.5_delta1_gamma0.25_e10,checkpoint-14,14,0.5880236173421145,0.0622940487175074,0.0545186198255396,0.2353681142717228,0.220541217580421,0.7010035875349416,0.5742075332784983,46.35424694830363,saves/unlearn/tofu/forget05/Llama-2-7b-chat-hf/SimNPO/lr6e-5_b32_mb8_ga4_a1.0_beta4.5_delta1_gamma0.25_e10/checkpoint-14,saves/unlearn/tofu/forget05/Llama-2-7b-chat-hf/SimNPO/lr6e-5_b32_mb8_ga4_a1.0_beta4.5_delta1_gamma0.25_e10/checkpoint-14/evals/TOFU_SUMMARY.json,0.5280930244786128
133,lr5e-5_b16_mb8_ga2_a1.0_beta4.5_delta1_gamma0.125_e10,checkpoint-65,65,0.6804479854181409,0.0850022593248611,0.0822732998267747,0.2965936037036871,0.1779335278829341,0.6647011104909641,0.5868199032392191,36.8853090740118,saves/unlearn/tofu/forget05/Llama-2-7b-chat-hf/SimNPO/lr5e-5_b16_mb8_ga2_a1.0_beta4.5_delta1_gamma0.125_e10/checkpoint-65,saves/unlearn/tofu/forget05/Llama-2-7b-chat-hf/SimNPO/lr5e-5_b16_mb8_ga2_a1.0_beta4.5_delta1_gamma0.125_e10/checkpoint-65/evals/TOFU_SUMMARY.json,0.5272423230321286
134,lr6e-5_b32_mb8_ga4_a1.0_beta3.5_delta1_gamma0.25_e10,checkpoint-35,35,0.5889671146124601,0.0587541024938687,0.0358082555733199,0.2377393277517849,0.0297148244707607,0.6804492710224612,0.588283869937033,50.91721904564247,saves/unlearn/tofu/forget05/Llama-2-7b-chat-hf/SimNPO/lr6e-5_b32_mb8_ga4_a1.0_beta3.5_delta1_gamma0.25_e10/checkpoint-35,saves/unlearn/tofu/forget05/Llama-2-7b-chat-hf/SimNPO/lr6e-5_b32_mb8_ga4_a1.0_beta3.5_delta1_gamma0.25_e10/checkpoint-35/evals/TOFU_SUMMARY.json,0.5260346976499379
135,lr6e-5_b32_mb8_ga4_a1.0_beta4.5_delta1_gamma0.25_e10,checkpoint-21,21,0.5680935815349222,0.0605769285816679,0.035744964472251,0.2204343465513221,0.0680192046111927,0.672818730046912,0.5831994301614541,49.9383382071931,saves/unlearn/tofu/forget05/Llama-2-7b-chat-hf/SimNPO/lr6e-5_b32_mb8_ga4_a1.0_beta4.5_delta1_gamma0.25_e10/checkpoint-21,saves/unlearn/tofu/forget05/Llama-2-7b-chat-hf/SimNPO/lr6e-5_b32_mb8_ga4_a1.0_beta4.5_delta1_gamma0.25_e10/checkpoint-21/evals/TOFU_SUMMARY.json,0.525350123687329
136,lr2e-5_b16_mb8_ga2_a1.0_beta3.5_delta1_gamma0.125_e10,checkpoint-117,117,0.8346886160969734,0.1610591726956887,0.1284875994408503,0.4205663333902403,1.115040214537872e-05,0.5652763018423328,0.61820157280265,-22.43718205296175,saves/unlearn/tofu/forget05/Llama-2-7b-chat-hf/SimNPO/lr2e-5_b16_mb8_ga2_a1.0_beta3.5_delta1_gamma0.125_e10/checkpoint-117,saves/unlearn/tofu/forget05/Llama-2-7b-chat-hf/SimNPO/lr2e-5_b16_mb8_ga2_a1.0_beta3.5_delta1_gamma0.125_e10/checkpoint-117/evals/TOFU_SUMMARY.json,0.5252392582519989
137,lr6e-5_b32_mb8_ga4_a1.0_beta3.5_delta1_gamma0.25_e10,checkpoint-28,28,0.5948218289762736,0.0641846906875413,0.0400556440446234,0.2231857450616907,0.0521390871888477,0.6781498480682732,0.5862409053885113,50.53954061191004,saves/unlearn/tofu/forget05/Llama-2-7b-chat-hf/SimNPO/lr6e-5_b32_mb8_ga4_a1.0_beta3.5_delta1_gamma0.25_e10/checkpoint-28,saves/unlearn/tofu/forget05/Llama-2-7b-chat-hf/SimNPO/lr6e-5_b32_mb8_ga4_a1.0_beta3.5_delta1_gamma0.25_e10/checkpoint-28/evals/TOFU_SUMMARY.json,0.5246316973727364
138,lr2e-5_b16_mb8_ga2_a1.0_beta3.5_delta1_gamma0.125_e10,checkpoint-104,104,0.8350155603885651,0.1616129636792953,0.13035275102593,0.4229594059406619,2.3797467071606504e-06,0.5643032975421788,0.6177770026742369,-23.169415751014423,saves/unlearn/tofu/forget05/Llama-2-7b-chat-hf/SimNPO/lr2e-5_b16_mb8_ga2_a1.0_beta3.5_delta1_gamma0.125_e10/checkpoint-104,saves/unlearn/tofu/forget05/Llama-2-7b-chat-hf/SimNPO/lr2e-5_b16_mb8_ga2_a1.0_beta3.5_delta1_gamma0.125_e10/checkpoint-104/evals/TOFU_SUMMARY.json,0.52291490263236
139,lr2e-5_b16_mb8_ga2_a1.0_beta3.5_delta1_gamma0.125_e10,checkpoint-120,120,0.8337565666437149,0.1620817136792953,0.1285283419210463,0.4214484035222777,4.024806511439489e-06,0.5646656067501631,0.6175412072127199,-22.502697699629607,saves/unlearn/tofu/forget05/Llama-2-7b-chat-hf/SimNPO/lr2e-5_b16_mb8_ga2_a1.0_beta3.5_delta1_gamma0.125_e10/checkpoint-120,saves/unlearn/tofu/forget05/Llama-2-7b-chat-hf/SimNPO/lr2e-5_b16_mb8_ga2_a1.0_beta3.5_delta1_gamma0.125_e10/checkpoint-120/evals/TOFU_SUMMARY.json,0.5226639880314956
140,lr2e-5_b16_mb8_ga2_a1.0_beta3.5_delta1_gamma0.125_e10,checkpoint-91,91,0.836598109304905,0.1610892027860491,0.1388160716090351,0.4224371414462946,4.024806511439489e-06,0.5650603386430142,0.6174746167025883,-25.42392476870295,saves/unlearn/tofu/forget05/Llama-2-7b-chat-hf/SimNPO/lr2e-5_b16_mb8_ga2_a1.0_beta3.5_delta1_gamma0.125_e10/checkpoint-91,saves/unlearn/tofu/forget05/Llama-2-7b-chat-hf/SimNPO/lr2e-5_b16_mb8_ga2_a1.0_beta3.5_delta1_gamma0.125_e10/checkpoint-91/evals/TOFU_SUMMARY.json,0.5206158818883383
141,lr2e-5_b16_mb8_ga2_a1.0_beta4.5_delta1_gamma0.125_e10,checkpoint-120,120,0.8425668957829475,0.1634081387425353,0.142838171403855,0.4332568957575001,1.8266119303942767e-05,0.5653327694779334,0.6181895329125032,-32.125790036669386,saves/unlearn/tofu/forget05/Llama-2-7b-chat-hf/SimNPO/lr2e-5_b16_mb8_ga2_a1.0_beta4.5_delta1_gamma0.125_e10/checkpoint-120,saves/unlearn/tofu/forget05/Llama-2-7b-chat-hf/SimNPO/lr2e-5_b16_mb8_ga2_a1.0_beta4.5_delta1_gamma0.125_e10/checkpoint-120/evals/TOFU_SUMMARY.json,0.519677199572549
142,lr2e-5_b16_mb8_ga2_a1.0_beta4.5_delta1_gamma0.125_e10,checkpoint-104,104,0.843191100358963,0.1634081387425353,0.1438249683845788,0.4302199794435032,1.115040214537872e-05,0.5643568974493923,0.6179243887223471,-32.34546014608518,saves/unlearn/tofu/forget05/Llama-2-7b-chat-hf/SimNPO/lr2e-5_b16_mb8_ga2_a1.0_beta4.5_delta1_gamma0.125_e10/checkpoint-104,saves/unlearn/tofu/forget05/Llama-2-7b-chat-hf/SimNPO/lr2e-5_b16_mb8_ga2_a1.0_beta4.5_delta1_gamma0.125_e10/checkpoint-104/evals/TOFU_SUMMARY.json,0.5188469398793637
143,lr5e-5_b32_mb8_ga4_a1.0_beta4.5_delta1_gamma0.125_e10,checkpoint-28,28,0.7383045218884945,0.1041542522162793,0.1097298336845415,0.3213471925589711,0.0878382826713132,0.6435646675589688,0.5974158995876391,20.097888080761837,saves/unlearn/tofu/forget05/Llama-2-7b-chat-hf/SimNPO/lr5e-5_b32_mb8_ga4_a1.0_beta4.5_delta1_gamma0.125_e10/checkpoint-28,saves/unlearn/tofu/forget05/Llama-2-7b-chat-hf/SimNPO/lr5e-5_b32_mb8_ga4_a1.0_beta4.5_delta1_gamma0.125_e10/checkpoint-28/evals/TOFU_SUMMARY.json,0.5181056888172948
144,lr6e-5_b16_mb8_ga2_a1.0_beta3.5_delta1_gamma0.25_e10,checkpoint-39,39,0.5876159603893757,0.0562094173249819,0.0329878589407371,0.2367811235604804,0.039562025848995,0.6391099409963859,0.5851556517400447,51.14459687819567,saves/unlearn/tofu/forget05/Llama-2-7b-chat-hf/SimNPO/lr6e-5_b16_mb8_ga2_a1.0_beta3.5_delta1_gamma0.25_e10/checkpoint-39,saves/unlearn/tofu/forget05/Llama-2-7b-chat-hf/SimNPO/lr6e-5_b16_mb8_ga2_a1.0_beta3.5_delta1_gamma0.25_e10/checkpoint-39/evals/TOFU_SUMMARY.json,0.5180873637499419
145,lr2e-5_b16_mb8_ga2_a1.0_beta4.5_delta1_gamma0.125_e10,checkpoint-117,117,0.8429354819655418,0.1634081387425353,0.1425872691394761,0.4331702497791357,1.8266119303942767e-05,0.5658781425077362,0.6172398522950416,-31.96007398921534,saves/unlearn/tofu/forget05/Llama-2-7b-chat-hf/SimNPO/lr2e-5_b16_mb8_ga2_a1.0_beta4.5_delta1_gamma0.125_e10/checkpoint-117,saves/unlearn/tofu/forget05/Llama-2-7b-chat-hf/SimNPO/lr2e-5_b16_mb8_ga2_a1.0_beta4.5_delta1_gamma0.125_e10/checkpoint-117/evals/TOFU_SUMMARY.json,0.515985326302423
146,lr2e-5_b16_mb8_ga2_a1.0_beta4.5_delta1_gamma0.125_e10,checkpoint-91,91,0.8437920302152634,0.1608642437899183,0.1493820292316377,0.4397161891564616,6.734842895808746e-06,0.5661464696045111,0.6169528442471891,-33.77138892650356,saves/unlearn/tofu/forget05/Llama-2-7b-chat-hf/SimNPO/lr2e-5_b16_mb8_ga2_a1.0_beta4.5_delta1_gamma0.125_e10/checkpoint-91,saves/unlearn/tofu/forget05/Llama-2-7b-chat-hf/SimNPO/lr2e-5_b16_mb8_ga2_a1.0_beta4.5_delta1_gamma0.125_e10/checkpoint-91/evals/TOFU_SUMMARY.json,0.513308251769159
147,lr6e-5_b16_mb8_ga2_a1.0_beta4.5_delta1_gamma0.25_e10,checkpoint-52,52,0.6228333164751529,0.0671824652976194,0.0520071507696593,0.275608038640369,0.2704743832803917,0.6535144620026281,0.5698583022703946,50.18498534758977,saves/unlearn/tofu/forget05/Llama-2-7b-chat-hf/SimNPO/lr6e-5_b16_mb8_ga2_a1.0_beta4.5_delta1_gamma0.25_e10/checkpoint-52,saves/unlearn/tofu/forget05/Llama-2-7b-chat-hf/SimNPO/lr6e-5_b16_mb8_ga2_a1.0_beta4.5_delta1_gamma0.25_e10/checkpoint-52/evals/TOFU_SUMMARY.json,0.5122243479322559
148,lr2e-5_b32_mb8_ga4_a1.0_beta4.5_delta1_gamma0.25_e10,checkpoint-28,28,0.8516538494825363,0.1860257590872539,0.24326615229249,0.44072190562999,8.056669472003223e-07,0.5448267918458127,0.6205950298695475,-67.50038537575143,saves/unlearn/tofu/forget05/Llama-2-7b-chat-hf/SimNPO/lr2e-5_b32_mb8_ga4_a1.0_beta4.5_delta1_gamma0.25_e10/checkpoint-28,saves/unlearn/tofu/forget05/Llama-2-7b-chat-hf/SimNPO/lr2e-5_b32_mb8_ga4_a1.0_beta4.5_delta1_gamma0.25_e10/checkpoint-28/evals/TOFU_SUMMARY.json,0.512165717168046
149,lr6e-5_b16_mb8_ga2_a1.0_beta4.5_delta1_gamma0.125_e10,checkpoint-65,65,0.6290507926046849,0.0686669651077097,0.0778003597902308,0.2539954860872129,0.1779335278829341,0.6459286887164535,0.5770466735066793,40.73917064271015,saves/unlearn/tofu/forget05/Llama-2-7b-chat-hf/SimNPO/lr6e-5_b16_mb8_ga2_a1.0_beta4.5_delta1_gamma0.125_e10/checkpoint-65,saves/unlearn/tofu/forget05/Llama-2-7b-chat-hf/SimNPO/lr6e-5_b16_mb8_ga2_a1.0_beta4.5_delta1_gamma0.125_e10/checkpoint-65/evals/TOFU_SUMMARY.json,0.5104476083324027
150,lr2e-5_b16_mb8_ga2_a1.0_beta4.5_delta1_gamma0.25_e10,checkpoint-39,39,0.8459355953335762,0.1917619295133965,0.230831701438874,0.4194449477560835,2.612740390966732e-07,0.5614750210587492,0.6185684528652138,-60.22814859561768,saves/unlearn/tofu/forget05/Llama-2-7b-chat-hf/SimNPO/lr2e-5_b16_mb8_ga2_a1.0_beta4.5_delta1_gamma0.25_e10/checkpoint-39,saves/unlearn/tofu/forget05/Llama-2-7b-chat-hf/SimNPO/lr2e-5_b16_mb8_ga2_a1.0_beta4.5_delta1_gamma0.25_e10/checkpoint-39/evals/TOFU_SUMMARY.json,0.50945833533961
151,lr2e-5_b16_mb8_ga2_a1.0_beta3.5_delta1_gamma0.25_e10,checkpoint-39,39,0.8451132968068122,0.1953269042244761,0.2310169174149632,0.4251794851515194,1.4639479233432268e-07,0.559550537769208,0.6186788819892363,-59.0141822014777,saves/unlearn/tofu/forget05/Llama-2-7b-chat-hf/SimNPO/lr2e-5_b16_mb8_ga2_a1.0_beta3.5_delta1_gamma0.25_e10/checkpoint-39,saves/unlearn/tofu/forget05/Llama-2-7b-chat-hf/SimNPO/lr2e-5_b16_mb8_ga2_a1.0_beta3.5_delta1_gamma0.25_e10/checkpoint-39/evals/TOFU_SUMMARY.json,0.5087870974075063
152,lr6e-5_b32_mb8_ga4_a1.0_beta4.5_delta1_gamma0.125_e10,checkpoint-21,21,0.7059739284217358,0.0844678930277478,0.1225217793311458,0.3151033777353615,0.1779335278829341,0.6477707990719155,0.5852510797054618,15.500231229304717,saves/unlearn/tofu/forget05/Llama-2-7b-chat-hf/SimNPO/lr6e-5_b32_mb8_ga4_a1.0_beta4.5_delta1_gamma0.125_e10/checkpoint-21,saves/unlearn/tofu/forget05/Llama-2-7b-chat-hf/SimNPO/lr6e-5_b32_mb8_ga4_a1.0_beta4.5_delta1_gamma0.125_e10/checkpoint-21/evals/TOFU_SUMMARY.json,0.5082922434580657
153,lr2e-5_b16_mb8_ga2_a1.0_beta3.5_delta1_gamma0.125_e10,checkpoint-78,78,0.8389854469895363,0.1690160943502938,0.1530614079535007,0.4315475237317895,4.6128382074998843e-07,0.5642339610781403,0.6151414773198542,-30.19115152918281,saves/unlearn/tofu/forget05/Llama-2-7b-chat-hf/SimNPO/lr2e-5_b16_mb8_ga2_a1.0_beta3.5_delta1_gamma0.125_e10/checkpoint-78,saves/unlearn/tofu/forget05/Llama-2-7b-chat-hf/SimNPO/lr2e-5_b16_mb8_ga2_a1.0_beta3.5_delta1_gamma0.125_e10/checkpoint-78/evals/TOFU_SUMMARY.json,0.5072827212493689
154,lr2e-5_b32_mb8_ga4_a1.0_beta3.5_delta1_gamma0.25_e10,checkpoint-28,28,0.8528674060106277,0.1842144062725073,0.2401002992596477,0.4388502749832038,1.3921047931216453e-06,0.5462899454078902,0.619096831552449,-65.09557575688369,saves/unlearn/tofu/forget05/Llama-2-7b-chat-hf/SimNPO/lr2e-5_b32_mb8_ga4_a1.0_beta3.5_delta1_gamma0.25_e10/checkpoint-28,saves/unlearn/tofu/forget05/Llama-2-7b-chat-hf/SimNPO/lr2e-5_b32_mb8_ga4_a1.0_beta3.5_delta1_gamma0.25_e10/checkpoint-28/evals/TOFU_SUMMARY.json,0.5069633037718754
155,lr5e-5_b32_mb8_ga4_a1.0_beta3.5_delta1_gamma0.125_e10,checkpoint-28,28,0.7225787733495236,0.0983146714855237,0.1003770932420593,0.312797410580459,0.0680192046111927,0.643605183680408,0.5943384222372113,26.0058578655764,saves/unlearn/tofu/forget05/Llama-2-7b-chat-hf/SimNPO/lr5e-5_b32_mb8_ga4_a1.0_beta3.5_delta1_gamma0.125_e10/checkpoint-28,saves/unlearn/tofu/forget05/Llama-2-7b-chat-hf/SimNPO/lr5e-5_b32_mb8_ga4_a1.0_beta3.5_delta1_gamma0.125_e10/checkpoint-28/evals/TOFU_SUMMARY.json,0.5069195743041683
156,lr2e-5_b16_mb8_ga2_a1.0_beta4.5_delta1_gamma0.125_e10,checkpoint-78,78,0.84383052110672,0.1640994613402954,0.1643210593983531,0.4360345679008672,6.734842895808746e-06,0.5629635708249289,0.6156366906077861,-37.2051795842138,saves/unlearn/tofu/forget05/Llama-2-7b-chat-hf/SimNPO/lr2e-5_b16_mb8_ga2_a1.0_beta4.5_delta1_gamma0.125_e10/checkpoint-78,saves/unlearn/tofu/forget05/Llama-2-7b-chat-hf/SimNPO/lr2e-5_b16_mb8_ga2_a1.0_beta4.5_delta1_gamma0.125_e10/checkpoint-78/evals/TOFU_SUMMARY.json,0.5067874939759968
157,lr6e-5_b32_mb8_ga4_a1.0_beta3.5_delta1_gamma0.25_e10,checkpoint-21,21,0.5860268142074346,0.0585137308037405,0.0380229168235382,0.2253184812606924,0.039562025848995,0.678477326607962,0.5818767533070877,50.56651764289092,saves/unlearn/tofu/forget05/Llama-2-7b-chat-hf/SimNPO/lr6e-5_b32_mb8_ga4_a1.0_beta3.5_delta1_gamma0.25_e10/checkpoint-21,saves/unlearn/tofu/forget05/Llama-2-7b-chat-hf/SimNPO/lr6e-5_b32_mb8_ga4_a1.0_beta3.5_delta1_gamma0.25_e10/checkpoint-21/evals/TOFU_SUMMARY.json,0.5067222180351575
158,lr6e-5_b16_mb8_ga2_a1.0_beta3.5_delta1_gamma0.125_e10,checkpoint-39,39,0.6026677238196134,0.06040503262522,0.0658209958408059,0.2524160127396003,0.3935274335772095,0.6411784787641227,0.5566543137097972,39.72945891171119,saves/unlearn/tofu/forget05/Llama-2-7b-chat-hf/SimNPO/lr6e-5_b16_mb8_ga2_a1.0_beta3.5_delta1_gamma0.125_e10/checkpoint-39,saves/unlearn/tofu/forget05/Llama-2-7b-chat-hf/SimNPO/lr6e-5_b16_mb8_ga2_a1.0_beta3.5_delta1_gamma0.125_e10/checkpoint-39/evals/TOFU_SUMMARY.json,0.5063640407461762
159,lr6e-5_b32_mb8_ga4_a1.0_beta3.5_delta1_gamma0.125_e10,checkpoint-21,21,0.7041461837291717,0.0845584938512092,0.1310273492889246,0.3193989607213474,0.220541217580421,0.6544115137063161,0.5811236703872346,13.149375672398728,saves/unlearn/tofu/forget05/Llama-2-7b-chat-hf/SimNPO/lr6e-5_b32_mb8_ga4_a1.0_beta3.5_delta1_gamma0.125_e10/checkpoint-21,saves/unlearn/tofu/forget05/Llama-2-7b-chat-hf/SimNPO/lr6e-5_b32_mb8_ga4_a1.0_beta3.5_delta1_gamma0.125_e10/checkpoint-21/evals/TOFU_SUMMARY.json,0.5042718627962824
160,lr2e-5_b16_mb8_ga2_a1.0_beta3.5_delta1_gamma0.125_e10,checkpoint-65,65,0.8487443155050278,0.1803233214218855,0.1945261032413691,0.4479712422917679,1.3921047931216453e-06,0.5586585002109404,0.6168075687970441,-41.17851086154178,saves/unlearn/tofu/forget05/Llama-2-7b-chat-hf/SimNPO/lr2e-5_b16_mb8_ga2_a1.0_beta3.5_delta1_gamma0.125_e10/checkpoint-65,saves/unlearn/tofu/forget05/Llama-2-7b-chat-hf/SimNPO/lr2e-5_b16_mb8_ga2_a1.0_beta3.5_delta1_gamma0.125_e10/checkpoint-65/evals/TOFU_SUMMARY.json,0.5031777576134169
161,lr2e-5_b16_mb8_ga2_a1.0_beta4.5_delta1_gamma0.125_e10,checkpoint-65,65,0.8533535897731781,0.1851421082721694,0.2068030338920652,0.4554918592222485,4.024806511439489e-06,0.5608796779539296,0.6170135828090378,-46.4660089337959,saves/unlearn/tofu/forget05/Llama-2-7b-chat-hf/SimNPO/lr2e-5_b16_mb8_ga2_a1.0_beta4.5_delta1_gamma0.125_e10/checkpoint-65,saves/unlearn/tofu/forget05/Llama-2-7b-chat-hf/SimNPO/lr2e-5_b16_mb8_ga2_a1.0_beta4.5_delta1_gamma0.125_e10/checkpoint-65/evals/TOFU_SUMMARY.json,0.49989154659678914
162,lr6e-5_b16_mb8_ga2_a1.0_beta3.5_delta1_gamma0.25_e10,checkpoint-52,52,0.5737958789616823,0.0558265333002925,0.0324537264701621,0.238387193843707,0.0521390871888477,0.6579362537306639,0.578362527904717,53.23724370999887,saves/unlearn/tofu/forget05/Llama-2-7b-chat-hf/SimNPO/lr6e-5_b16_mb8_ga2_a1.0_beta3.5_delta1_gamma0.25_e10/checkpoint-52,saves/unlearn/tofu/forget05/Llama-2-7b-chat-hf/SimNPO/lr6e-5_b16_mb8_ga2_a1.0_beta3.5_delta1_gamma0.25_e10/checkpoint-52/evals/TOFU_SUMMARY.json,0.49894542355553567
163,lr6e-5_b16_mb8_ga2_a1.0_beta4.5_delta1_gamma0.25_e10,checkpoint-65,65,0.6184875002503395,0.0632268193983718,0.045173674419384,0.2651641834340307,0.0680192046111927,0.6497053102376691,0.5813027786917601,51.77663017546219,saves/unlearn/tofu/forget05/Llama-2-7b-chat-hf/SimNPO/lr6e-5_b16_mb8_ga2_a1.0_beta4.5_delta1_gamma0.25_e10/checkpoint-65,saves/unlearn/tofu/forget05/Llama-2-7b-chat-hf/SimNPO/lr6e-5_b16_mb8_ga2_a1.0_beta4.5_delta1_gamma0.25_e10/checkpoint-65/evals/TOFU_SUMMARY.json,0.4984142147838871
164,lr6e-5_b16_mb8_ga2_a1.0_beta4.5_delta1_gamma0.25_e10,checkpoint-39,39,0.6032434935867786,0.0672509154485965,0.0428493576415348,0.2451842972077235,0.1122836028676619,0.6333225178736627,0.5761641288499492,49.1868352012969,saves/unlearn/tofu/forget05/Llama-2-7b-chat-hf/SimNPO/lr6e-5_b16_mb8_ga2_a1.0_beta4.5_delta1_gamma0.25_e10/checkpoint-39,saves/unlearn/tofu/forget05/Llama-2-7b-chat-hf/SimNPO/lr6e-5_b16_mb8_ga2_a1.0_beta4.5_delta1_gamma0.25_e10/checkpoint-39/evals/TOFU_SUMMARY.json,0.4983752715687501
165,lr5e-5_b16_mb8_ga2_a1.0_beta3.5_delta0_gamma0.25_e10,checkpoint-78,78,0.7642625606060028,0.1129740155397789,0.2143091144924983,0.3628928525237305,7.536785951251345e-05,0.6167950674321149,0.6043978949419685,-37.56358871010274,saves/unlearn/tofu/forget05/Llama-2-7b-chat-hf/SimNPO/lr5e-5_b16_mb8_ga2_a1.0_beta3.5_delta0_gamma0.25_e10/checkpoint-78,saves/unlearn/tofu/forget05/Llama-2-7b-chat-hf/SimNPO/lr5e-5_b16_mb8_ga2_a1.0_beta3.5_delta0_gamma0.25_e10/checkpoint-78/evals/TOFU_SUMMARY.json,0.4938310705232952
166,lr6e-5_b16_mb8_ga2_a1.0_beta3.5_delta1_gamma0.25_e10,checkpoint-26,26,0.5844873870164156,0.0608087800451777,0.0451413727353993,0.2441036140639546,0.1122836028676619,0.6673340078750559,0.5734345930607933,50.75150299818845,saves/unlearn/tofu/forget05/Llama-2-7b-chat-hf/SimNPO/lr6e-5_b16_mb8_ga2_a1.0_beta3.5_delta1_gamma0.25_e10/checkpoint-26,saves/unlearn/tofu/forget05/Llama-2-7b-chat-hf/SimNPO/lr6e-5_b16_mb8_ga2_a1.0_beta3.5_delta1_gamma0.25_e10/checkpoint-26/evals/TOFU_SUMMARY.json,0.492992578708312
167,lr5e-5_b16_mb8_ga2_a1.0_beta3.5_delta0_gamma0.25_e10,checkpoint-91,91,0.7683913673460484,0.1143061248646533,0.2164484166633337,0.3638563153864433,4.7487878961137165e-05,0.6215432055414322,0.6035482006385395,-36.70417758028301,saves/unlearn/tofu/forget05/Llama-2-7b-chat-hf/SimNPO/lr5e-5_b16_mb8_ga2_a1.0_beta3.5_delta0_gamma0.25_e10/checkpoint-91,saves/unlearn/tofu/forget05/Llama-2-7b-chat-hf/SimNPO/lr5e-5_b16_mb8_ga2_a1.0_beta3.5_delta0_gamma0.25_e10/checkpoint-91/evals/TOFU_SUMMARY.json,0.4890615851407003
168,lr5e-5_b16_mb8_ga2_a1.0_beta4.5_delta0_gamma0.125_e10,checkpoint-91,91,0.8343269836902618,0.1539233424923265,0.4230766807496547,0.4118969280351395,1.2940880677508261e-08,0.5921822899269185,0.6162925417598717,-84.51518420155462,saves/unlearn/tofu/forget05/Llama-2-7b-chat-hf/SimNPO/lr5e-5_b16_mb8_ga2_a1.0_beta4.5_delta0_gamma0.125_e10/checkpoint-91,saves/unlearn/tofu/forget05/Llama-2-7b-chat-hf/SimNPO/lr5e-5_b16_mb8_ga2_a1.0_beta4.5_delta0_gamma0.125_e10/checkpoint-91/evals/TOFU_SUMMARY.json,0.4885328958199253
169,lr5e-5_b16_mb8_ga2_a1.0_beta4.5_delta0_gamma0.125_e10,checkpoint-117,117,0.8348417764902115,0.157941451543035,0.4132081351429224,0.4124335313261258,4.4486735702923544e-08,0.5920293059410071,0.6150570027652547,-83.82919684232628,saves/unlearn/tofu/forget05/Llama-2-7b-chat-hf/SimNPO/lr5e-5_b16_mb8_ga2_a1.0_beta4.5_delta0_gamma0.125_e10/checkpoint-117,saves/unlearn/tofu/forget05/Llama-2-7b-chat-hf/SimNPO/lr5e-5_b16_mb8_ga2_a1.0_beta4.5_delta0_gamma0.125_e10/checkpoint-117/evals/TOFU_SUMMARY.json,0.4841612632123767
170,lr2e-5_b16_mb8_ga2_a1.0_beta4.5_delta1_gamma0.125_e10,checkpoint-52,52,0.8720369535684586,0.2227830234538422,0.2896904641669243,0.5005440336279956,4.6128382074998843e-07,0.5575380423580178,0.6192423507662516,-63.33821488155723,saves/unlearn/tofu/forget05/Llama-2-7b-chat-hf/SimNPO/lr2e-5_b16_mb8_ga2_a1.0_beta4.5_delta1_gamma0.125_e10/checkpoint-52,saves/unlearn/tofu/forget05/Llama-2-7b-chat-hf/SimNPO/lr2e-5_b16_mb8_ga2_a1.0_beta4.5_delta1_gamma0.125_e10/checkpoint-52/evals/TOFU_SUMMARY.json,0.48404106877451286
171,lr5e-5_b16_mb8_ga2_a1.0_beta3.5_delta0_gamma0.25_e10,checkpoint-104,104,0.7682303574681282,0.1133008506066066,0.212547976821661,0.3663122430532725,7.536785951251345e-05,0.6228293955894368,0.6020740496660494,-35.363033754375984,saves/unlearn/tofu/forget05/Llama-2-7b-chat-hf/SimNPO/lr5e-5_b16_mb8_ga2_a1.0_beta3.5_delta0_gamma0.25_e10/checkpoint-104,saves/unlearn/tofu/forget05/Llama-2-7b-chat-hf/SimNPO/lr5e-5_b16_mb8_ga2_a1.0_beta3.5_delta0_gamma0.25_e10/checkpoint-104/evals/TOFU_SUMMARY.json,0.48363327841671844
172,lr5e-5_b32_mb8_ga4_a1.0_beta3.5_delta1_gamma0.125_e10,checkpoint-21,21,0.7336441433429718,0.1047248180058195,0.1285122988655348,0.322710579708156,0.0297148244707607,0.6317358096133298,0.5932341283266765,5.418529365589869,saves/unlearn/tofu/forget05/Llama-2-7b-chat-hf/SimNPO/lr5e-5_b32_mb8_ga4_a1.0_beta3.5_delta1_gamma0.125_e10/checkpoint-21,saves/unlearn/tofu/forget05/Llama-2-7b-chat-hf/SimNPO/lr5e-5_b32_mb8_ga4_a1.0_beta3.5_delta1_gamma0.125_e10/checkpoint-21/evals/TOFU_SUMMARY.json,0.48321402046277795
173,lr5e-5_b16_mb8_ga2_a1.0_beta3.5_delta0_gamma0.25_e10,checkpoint-120,120,0.7680008772015572,0.1127334471004374,0.2109035588800907,0.3718985997623025,0.000118366189619,0.6237896445738313,0.601845961530457,-35.02004007476182,saves/unlearn/tofu/forget05/Llama-2-7b-chat-hf/SimNPO/lr5e-5_b16_mb8_ga2_a1.0_beta3.5_delta0_gamma0.25_e10/checkpoint-120,saves/unlearn/tofu/forget05/Llama-2-7b-chat-hf/SimNPO/lr5e-5_b16_mb8_ga2_a1.0_beta3.5_delta0_gamma0.25_e10/checkpoint-120/evals/TOFU_SUMMARY.json,0.4822575609594437
174,lr5e-5_b16_mb8_ga2_a1.0_beta3.5_delta0_gamma0.25_e10,checkpoint-117,117,0.7679140481352806,0.1131908997436972,0.210865334700793,0.3708523022175474,0.000118366189619,0.6233469337930708,0.6017340233750501,-35.01618621319312,saves/unlearn/tofu/forget05/Llama-2-7b-chat-hf/SimNPO/lr5e-5_b16_mb8_ga2_a1.0_beta3.5_delta0_gamma0.25_e10/checkpoint-117,saves/unlearn/tofu/forget05/Llama-2-7b-chat-hf/SimNPO/lr5e-5_b16_mb8_ga2_a1.0_beta3.5_delta0_gamma0.25_e10/checkpoint-117/evals/TOFU_SUMMARY.json,0.4819489057970525
175,lr6e-5_b16_mb8_ga2_a1.0_beta3.5_delta1_gamma0.125_e10,checkpoint-65,65,0.6260885934531689,0.0705960367521212,0.0661367461833594,0.2489608798583412,0.1779335278829341,0.6489732848624999,0.5688935661572972,45.14798827730106,saves/unlearn/tofu/forget05/Llama-2-7b-chat-hf/SimNPO/lr6e-5_b16_mb8_ga2_a1.0_beta3.5_delta1_gamma0.125_e10/checkpoint-65,saves/unlearn/tofu/forget05/Llama-2-7b-chat-hf/SimNPO/lr6e-5_b16_mb8_ga2_a1.0_beta3.5_delta1_gamma0.125_e10/checkpoint-65/evals/TOFU_SUMMARY.json,0.4815981658377819
176,lr5e-5_b16_mb8_ga2_a1.0_beta4.5_delta0_gamma0.125_e10,checkpoint-120,120,0.8350922733545303,0.154983646300249,0.4131805913895368,0.4136775649301894,4.4486735702923544e-08,0.5919860140713438,0.6139795420192955,-83.8484661501698,saves/unlearn/tofu/forget05/Llama-2-7b-chat-hf/SimNPO/lr5e-5_b16_mb8_ga2_a1.0_beta4.5_delta0_gamma0.125_e10/checkpoint-120,saves/unlearn/tofu/forget05/Llama-2-7b-chat-hf/SimNPO/lr5e-5_b16_mb8_ga2_a1.0_beta4.5_delta0_gamma0.125_e10/checkpoint-120/evals/TOFU_SUMMARY.json,0.4801491283986517
177,lr5e-5_b16_mb8_ga2_a1.0_beta4.5_delta0_gamma0.125_e10,checkpoint-104,104,0.8345860633254051,0.1562801016491994,0.4164388160407543,0.4140372452609648,4.4486735702923544e-08,0.5922010540468828,0.6136367934261906,-83.94095882781858,saves/unlearn/tofu/forget05/Llama-2-7b-chat-hf/SimNPO/lr5e-5_b16_mb8_ga2_a1.0_beta4.5_delta0_gamma0.125_e10/checkpoint-104,saves/unlearn/tofu/forget05/Llama-2-7b-chat-hf/SimNPO/lr5e-5_b16_mb8_ga2_a1.0_beta4.5_delta0_gamma0.125_e10/checkpoint-104/evals/TOFU_SUMMARY.json,0.47839282996689764
178,lr2e-5_b16_mb8_ga2_a1.0_beta3.5_delta1_gamma0.125_e10,checkpoint-52,52,0.8693738806247712,0.2184429668350044,0.2901467098807916,0.4982946428986612,4.6128382074998843e-07,0.5546737755449302,0.6170197976622344,-61.973947886238015,saves/unlearn/tofu/forget05/Llama-2-7b-chat-hf/SimNPO/lr2e-5_b16_mb8_ga2_a1.0_beta3.5_delta1_gamma0.125_e10/checkpoint-52,saves/unlearn/tofu/forget05/Llama-2-7b-chat-hf/SimNPO/lr2e-5_b16_mb8_ga2_a1.0_beta3.5_delta1_gamma0.125_e10/checkpoint-52/evals/TOFU_SUMMARY.json,0.47694164813464845
179,lr5e-5_b16_mb8_ga2_a1.0_beta4.5_delta0_gamma0.125_e10,checkpoint-78,78,0.8307088434696197,0.153396664309219,0.4258445113524794,0.4189156052518819,8.114129962716336e-08,0.5895340519419603,0.613158149029037,-85.42084167019873,saves/unlearn/tofu/forget05/Llama-2-7b-chat-hf/SimNPO/lr5e-5_b16_mb8_ga2_a1.0_beta4.5_delta0_gamma0.125_e10/checkpoint-78,saves/unlearn/tofu/forget05/Llama-2-7b-chat-hf/SimNPO/lr5e-5_b16_mb8_ga2_a1.0_beta4.5_delta0_gamma0.125_e10/checkpoint-78/evals/TOFU_SUMMARY.json,0.4760976510320999
180,lr5e-5_b16_mb8_ga2_a1.0_beta4.5_delta0_gamma0.125_e10,checkpoint-65,65,0.839481466114521,0.1605815045478961,0.4591731645539403,0.4150249093515579,2.412549897735469e-08,0.5926564538280729,0.6137204910328152,-86.51533835570908,saves/unlearn/tofu/forget05/Llama-2-7b-chat-hf/SimNPO/lr5e-5_b16_mb8_ga2_a1.0_beta4.5_delta0_gamma0.125_e10/checkpoint-65,saves/unlearn/tofu/forget05/Llama-2-7b-chat-hf/SimNPO/lr5e-5_b16_mb8_ga2_a1.0_beta4.5_delta0_gamma0.125_e10/checkpoint-65/evals/TOFU_SUMMARY.json,0.4723163769793426
181,lr5e-5_b32_mb8_ga4_a1.0_beta4.5_delta1_gamma0.125_e10,checkpoint-21,21,0.7409476464986802,0.105731793692868,0.1292435770126758,0.3339098976647713,0.0220923622208589,0.6336361334938078,0.5914988090874306,4.971481423620842,saves/unlearn/tofu/forget05/Llama-2-7b-chat-hf/SimNPO/lr5e-5_b32_mb8_ga4_a1.0_beta4.5_delta1_gamma0.125_e10/checkpoint-21,saves/unlearn/tofu/forget05/Llama-2-7b-chat-hf/SimNPO/lr5e-5_b32_mb8_ga4_a1.0_beta4.5_delta1_gamma0.125_e10/checkpoint-21/evals/TOFU_SUMMARY.json,0.47069618236625466
182,lr5e-5_b32_mb8_ga4_a1.0_beta3.5_delta0_gamma0.25_e10,checkpoint-60,60,0.7939055609703064,0.1301933062370695,0.2421643763780593,0.3788551729748738,0.0004306111484986,0.61798212411029,0.6017921485059562,-52.81717279901079,saves/unlearn/tofu/forget05/Llama-2-7b-chat-hf/SimNPO/lr5e-5_b32_mb8_ga4_a1.0_beta3.5_delta0_gamma0.25_e10/checkpoint-60,saves/unlearn/tofu/forget05/Llama-2-7b-chat-hf/SimNPO/lr5e-5_b32_mb8_ga4_a1.0_beta3.5_delta0_gamma0.25_e10/checkpoint-60/evals/TOFU_SUMMARY.json,0.46958248220459975
183,lr2e-5_b32_mb8_ga4_a1.0_beta4.5_delta1_gamma0.125_e10,checkpoint-60,60,0.8743401461839676,0.2261441910225077,0.2765128810331225,0.4994962165501431,2.612740390966732e-07,0.5449255550548918,0.6150456581244669,-68.63342067694876,saves/unlearn/tofu/forget05/Llama-2-7b-chat-hf/SimNPO/lr2e-5_b32_mb8_ga4_a1.0_beta4.5_delta1_gamma0.125_e10/checkpoint-60,saves/unlearn/tofu/forget05/Llama-2-7b-chat-hf/SimNPO/lr2e-5_b32_mb8_ga4_a1.0_beta4.5_delta1_gamma0.125_e10/checkpoint-60/evals/TOFU_SUMMARY.json,0.4685501159084383
184,lr5e-5_b16_mb8_ga2_a1.0_beta3.5_delta0_gamma0.25_e10,checkpoint-65,65,0.7708058987557888,0.1153903413947509,0.2396600984921678,0.3723492748497387,4.7487878961137165e-05,0.6196812241185493,0.5991067461413264,-41.38661938625148,saves/unlearn/tofu/forget05/Llama-2-7b-chat-hf/SimNPO/lr5e-5_b16_mb8_ga2_a1.0_beta3.5_delta0_gamma0.25_e10/checkpoint-65,saves/unlearn/tofu/forget05/Llama-2-7b-chat-hf/SimNPO/lr5e-5_b16_mb8_ga2_a1.0_beta3.5_delta0_gamma0.25_e10/checkpoint-65/evals/TOFU_SUMMARY.json,0.4675923401921713
185,lr5e-5_b32_mb8_ga4_a1.0_beta3.5_delta0_gamma0.25_e10,checkpoint-56,56,0.7945124679803848,0.1327035106907671,0.2423289059288799,0.380113411757053,0.000282922200874,0.6188973689906523,0.60113390254337,-52.95591181548392,saves/unlearn/tofu/forget05/Llama-2-7b-chat-hf/SimNPO/lr5e-5_b32_mb8_ga4_a1.0_beta3.5_delta0_gamma0.25_e10/checkpoint-56,saves/unlearn/tofu/forget05/Llama-2-7b-chat-hf/SimNPO/lr5e-5_b32_mb8_ga4_a1.0_beta3.5_delta0_gamma0.25_e10/checkpoint-56/evals/TOFU_SUMMARY.json,0.46636274576384895
186,lr2e-5_b32_mb8_ga4_a1.0_beta4.5_delta1_gamma0.125_e10,checkpoint-56,56,0.8744016769528389,0.2234161208470691,0.2769995586574078,0.501632569680286,8.114129962716336e-08,0.5447067420008195,0.614254200797668,-68.62956681538009,saves/unlearn/tofu/forget05/Llama-2-7b-chat-hf/SimNPO/lr2e-5_b32_mb8_ga4_a1.0_beta4.5_delta1_gamma0.125_e10/checkpoint-56,saves/unlearn/tofu/forget05/Llama-2-7b-chat-hf/SimNPO/lr2e-5_b32_mb8_ga4_a1.0_beta4.5_delta1_gamma0.125_e10/checkpoint-56/evals/TOFU_SUMMARY.json,0.4654670466433458
187,lr2e-5_b32_mb8_ga4_a1.0_beta4.5_delta1_gamma0.125_e10,checkpoint-49,49,0.8753801807761192,0.2322817484245085,0.2837640372850001,0.5013253163074802,2.412549897735469e-08,0.5445268185200315,0.6147555443495185,-69.35023892872665,saves/unlearn/tofu/forget05/Llama-2-7b-chat-hf/SimNPO/lr2e-5_b32_mb8_ga4_a1.0_beta4.5_delta1_gamma0.125_e10/checkpoint-49,saves/unlearn/tofu/forget05/Llama-2-7b-chat-hf/SimNPO/lr2e-5_b32_mb8_ga4_a1.0_beta4.5_delta1_gamma0.125_e10/checkpoint-49/evals/TOFU_SUMMARY.json,0.4654020810907624
188,lr2e-5_b32_mb8_ga4_a1.0_beta3.5_delta1_gamma0.125_e10,checkpoint-60,60,0.8741275551915169,0.2303854190012096,0.2727585096657276,0.5035996112587547,2.612740390966732e-07,0.5440622719449544,0.613927068610442,-66.50608909102728,saves/unlearn/tofu/forget05/Llama-2-7b-chat-hf/SimNPO/lr2e-5_b32_mb8_ga4_a1.0_beta3.5_delta1_gamma0.125_e10/checkpoint-60,saves/unlearn/tofu/forget05/Llama-2-7b-chat-hf/SimNPO/lr2e-5_b32_mb8_ga4_a1.0_beta3.5_delta1_gamma0.125_e10/checkpoint-60/evals/TOFU_SUMMARY.json,0.4635962828223511
189,lr5e-5_b32_mb8_ga4_a1.0_beta3.5_delta0_gamma0.125_e10,checkpoint-56,56,0.839873763024807,0.1694979624866311,0.4022592983394861,0.4230028653308123,4.6128382074998843e-07,0.5841218295008401,0.6104353550118773,-83.82919684232634,saves/unlearn/tofu/forget05/Llama-2-7b-chat-hf/SimNPO/lr5e-5_b32_mb8_ga4_a1.0_beta3.5_delta0_gamma0.125_e10/checkpoint-56,saves/unlearn/tofu/forget05/Llama-2-7b-chat-hf/SimNPO/lr5e-5_b32_mb8_ga4_a1.0_beta3.5_delta0_gamma0.125_e10/checkpoint-56/evals/TOFU_SUMMARY.json,0.4634734285515993
190,lr5e-5_b16_mb8_ga2_a1.0_beta3.5_delta0_gamma0.125_e10,checkpoint-91,91,0.8126978275179862,0.1387268906854831,0.3369891512952745,0.3981346334455993,4.024806511439489e-06,0.6076072625207868,0.6048748670883013,-73.44689377625299,saves/unlearn/tofu/forget05/Llama-2-7b-chat-hf/SimNPO/lr5e-5_b16_mb8_ga2_a1.0_beta3.5_delta0_gamma0.125_e10/checkpoint-91,saves/unlearn/tofu/forget05/Llama-2-7b-chat-hf/SimNPO/lr5e-5_b16_mb8_ga2_a1.0_beta3.5_delta0_gamma0.125_e10/checkpoint-91/evals/TOFU_SUMMARY.json,0.4628667349840112
191,lr2e-5_b32_mb8_ga4_a1.0_beta3.5_delta1_gamma0.125_e10,checkpoint-56,56,0.8740634444355965,0.2287625775569396,0.2730675445497036,0.497093617902417,1.4639479233432268e-07,0.5429552665585196,0.613390578801353,-66.51379681416465,saves/unlearn/tofu/forget05/Llama-2-7b-chat-hf/SimNPO/lr2e-5_b32_mb8_ga4_a1.0_beta3.5_delta1_gamma0.125_e10/checkpoint-56,saves/unlearn/tofu/forget05/Llama-2-7b-chat-hf/SimNPO/lr2e-5_b32_mb8_ga4_a1.0_beta3.5_delta1_gamma0.125_e10/checkpoint-56/evals/TOFU_SUMMARY.json,0.4626628851893345
192,lr2e-5_b32_mb8_ga4_a1.0_beta4.5_delta1_gamma0.125_e10,checkpoint-42,42,0.8798694998025894,0.2438049296605461,0.3061031682230532,0.5100637284224954,1.4639479233432268e-07,0.5432081527500272,0.6153582495139309,-71.69338676249521,saves/unlearn/tofu/forget05/Llama-2-7b-chat-hf/SimNPO/lr2e-5_b32_mb8_ga4_a1.0_beta4.5_delta1_gamma0.125_e10/checkpoint-42,saves/unlearn/tofu/forget05/Llama-2-7b-chat-hf/SimNPO/lr2e-5_b32_mb8_ga4_a1.0_beta4.5_delta1_gamma0.125_e10/checkpoint-42/evals/TOFU_SUMMARY.json,0.4615936477006278
193,lr5e-5_b16_mb8_ga2_a1.0_beta3.5_delta0_gamma0.125_e10,checkpoint-104,104,0.8121538406610489,0.1372331322509352,0.332811970775947,0.4056707596646899,1.115040214537872e-05,0.6062683811815032,0.6044470209574235,-72.5026976919219,saves/unlearn/tofu/forget05/Llama-2-7b-chat-hf/SimNPO/lr5e-5_b16_mb8_ga2_a1.0_beta3.5_delta0_gamma0.125_e10/checkpoint-104,saves/unlearn/tofu/forget05/Llama-2-7b-chat-hf/SimNPO/lr5e-5_b16_mb8_ga2_a1.0_beta3.5_delta0_gamma0.125_e10/checkpoint-104/evals/TOFU_SUMMARY.json,0.4608879233772639
194,lr2e-5_b32_mb8_ga4_a1.0_beta3.5_delta1_gamma0.125_e10,checkpoint-49,49,0.8744774517416954,0.2283084959242866,0.2805085569992661,0.504393601780656,1.4639479233432268e-07,0.5431626210281091,0.6134084836714953,-67.24988437378605,saves/unlearn/tofu/forget05/Llama-2-7b-chat-hf/SimNPO/lr2e-5_b32_mb8_ga4_a1.0_beta3.5_delta1_gamma0.125_e10/checkpoint-49,saves/unlearn/tofu/forget05/Llama-2-7b-chat-hf/SimNPO/lr2e-5_b32_mb8_ga4_a1.0_beta3.5_delta1_gamma0.125_e10/checkpoint-49/evals/TOFU_SUMMARY.json,0.4608300397047532
195,lr5e-5_b16_mb8_ga2_a1.0_beta3.5_delta0_gamma0.125_e10,checkpoint-120,120,0.8120115318894386,0.1366081322509352,0.3299809551052749,0.4117910849215563,1.115040214537872e-05,0.6060348264201736,0.604549751992173,-72.12116539662077,saves/unlearn/tofu/forget05/Llama-2-7b-chat-hf/SimNPO/lr5e-5_b16_mb8_ga2_a1.0_beta3.5_delta0_gamma0.125_e10/checkpoint-120,saves/unlearn/tofu/forget05/Llama-2-7b-chat-hf/SimNPO/lr5e-5_b16_mb8_ga2_a1.0_beta3.5_delta0_gamma0.125_e10/checkpoint-120/evals/TOFU_SUMMARY.json,0.46080500460840246
196,lr5e-5_b16_mb8_ga2_a1.0_beta3.5_delta0_gamma0.125_e10,checkpoint-117,117,0.8121532571315765,0.1360675917103947,0.3300946719944477,0.4067516776145069,1.115040214537872e-05,0.6069189475436422,0.6042549582514052,-72.22521965897562,saves/unlearn/tofu/forget05/Llama-2-7b-chat-hf/SimNPO/lr5e-5_b16_mb8_ga2_a1.0_beta3.5_delta0_gamma0.125_e10/checkpoint-117,saves/unlearn/tofu/forget05/Llama-2-7b-chat-hf/SimNPO/lr5e-5_b16_mb8_ga2_a1.0_beta3.5_delta0_gamma0.125_e10/checkpoint-117/evals/TOFU_SUMMARY.json,0.4604269263209049
197,lr5e-5_b32_mb8_ga4_a1.0_beta3.5_delta0_gamma0.125_e10,checkpoint-60,60,0.8401298317313194,0.168293480693914,0.4021901215240359,0.4245990579201223,4.6128382074998843e-07,0.5845490113155156,0.6096061005356549,-83.87929704271939,saves/unlearn/tofu/forget05/Llama-2-7b-chat-hf/SimNPO/lr5e-5_b32_mb8_ga4_a1.0_beta3.5_delta0_gamma0.125_e10/checkpoint-60,saves/unlearn/tofu/forget05/Llama-2-7b-chat-hf/SimNPO/lr5e-5_b32_mb8_ga4_a1.0_beta3.5_delta0_gamma0.125_e10/checkpoint-60/evals/TOFU_SUMMARY.json,0.4601524741671621
198,lr5e-5_b32_mb8_ga4_a1.0_beta3.5_delta0_gamma0.125_e10,checkpoint-49,49,0.8403290697932243,0.1723706408835031,0.4079692792147398,0.4272481295622844,8.114129962716336e-08,0.5841073093286339,0.6099984119971243,-84.25312161488314,saves/unlearn/tofu/forget05/Llama-2-7b-chat-hf/SimNPO/lr5e-5_b32_mb8_ga4_a1.0_beta3.5_delta0_gamma0.125_e10/checkpoint-49,saves/unlearn/tofu/forget05/Llama-2-7b-chat-hf/SimNPO/lr5e-5_b32_mb8_ga4_a1.0_beta3.5_delta0_gamma0.125_e10/checkpoint-49/evals/TOFU_SUMMARY.json,0.4601101005996871
199,lr5e-5_b32_mb8_ga4_a1.0_beta3.5_delta0_gamma0.25_e10,checkpoint-49,49,0.7928871405124664,0.1308926858384096,0.243746755477041,0.3861472313652803,0.0004306111484986,0.6180473038758343,0.599569180608662,-53.1563126170562,saves/unlearn/tofu/forget05/Llama-2-7b-chat-hf/SimNPO/lr5e-5_b32_mb8_ga4_a1.0_beta3.5_delta0_gamma0.25_e10/checkpoint-49,saves/unlearn/tofu/forget05/Llama-2-7b-chat-hf/SimNPO/lr5e-5_b32_mb8_ga4_a1.0_beta3.5_delta0_gamma0.25_e10/checkpoint-49/evals/TOFU_SUMMARY.json,0.45997388253164667
200,lr2e-5_b16_mb8_ga2_a1.0_beta3.5_delta0_gamma0.25_e10,checkpoint-104,104,0.8799031677842141,0.2208736526775397,0.313887358084321,0.5023963020483628,2.412549897735469e-08,0.5552781462269011,0.6137516689675476,-78.33359024536249,saves/unlearn/tofu/forget05/Llama-2-7b-chat-hf/SimNPO/lr2e-5_b16_mb8_ga2_a1.0_beta3.5_delta0_gamma0.25_e10/checkpoint-104,saves/unlearn/tofu/forget05/Llama-2-7b-chat-hf/SimNPO/lr2e-5_b16_mb8_ga2_a1.0_beta3.5_delta0_gamma0.25_e10/checkpoint-104/evals/TOFU_SUMMARY.json,0.4584909357959053
201,lr6e-5_b16_mb8_ga2_a1.0_beta4.5_delta1_gamma0.125_e10,checkpoint-26,26,0.6631465036422014,0.0850926397085509,0.1400615400074821,0.2974914481813181,0.1779335278829341,0.6450696008732527,0.5691927587663137,10.467088020584688,saves/unlearn/tofu/forget05/Llama-2-7b-chat-hf/SimNPO/lr6e-5_b16_mb8_ga2_a1.0_beta4.5_delta1_gamma0.125_e10/checkpoint-26,saves/unlearn/tofu/forget05/Llama-2-7b-chat-hf/SimNPO/lr6e-5_b16_mb8_ga2_a1.0_beta4.5_delta1_gamma0.125_e10/checkpoint-26/evals/TOFU_SUMMARY.json,0.45730630459865207
202,lr5e-5_b16_mb8_ga2_a1.0_beta4.5_delta0_gamma0.25_e10,checkpoint-91,91,0.8067243584990501,0.1297051590541377,0.3050112240668386,0.3904811666258699,8.056669472003223e-07,0.6011876294343944,0.6014679784986647,-64.47510404432325,saves/unlearn/tofu/forget05/Llama-2-7b-chat-hf/SimNPO/lr5e-5_b16_mb8_ga2_a1.0_beta4.5_delta0_gamma0.25_e10/checkpoint-91,saves/unlearn/tofu/forget05/Llama-2-7b-chat-hf/SimNPO/lr5e-5_b16_mb8_ga2_a1.0_beta4.5_delta0_gamma0.25_e10/checkpoint-91/evals/TOFU_SUMMARY.json,0.45683091190434444
203,lr2e-5_b16_mb8_ga2_a1.0_beta3.5_delta0_gamma0.25_e10,checkpoint-117,117,0.8798562824726105,0.2208736526775397,0.3120271227136254,0.5035777901625633,4.4486735702923544e-08,0.5560609679854926,0.6132362503657408,-78.18328964418323,saves/unlearn/tofu/forget05/Llama-2-7b-chat-hf/SimNPO/lr2e-5_b16_mb8_ga2_a1.0_beta3.5_delta0_gamma0.25_e10/checkpoint-117,saves/unlearn/tofu/forget05/Llama-2-7b-chat-hf/SimNPO/lr2e-5_b16_mb8_ga2_a1.0_beta3.5_delta0_gamma0.25_e10/checkpoint-117/evals/TOFU_SUMMARY.json,0.4565513456665905
204,lr2e-5_b16_mb8_ga2_a1.0_beta3.5_delta0_gamma0.25_e10,checkpoint-120,120,0.88037606716156,0.2212582680621551,0.3119895834848284,0.4990280825342318,2.412549897735469e-08,0.5564776393997167,0.6130898618678557,-78.17558192104585,saves/unlearn/tofu/forget05/Llama-2-7b-chat-hf/SimNPO/lr2e-5_b16_mb8_ga2_a1.0_beta3.5_delta0_gamma0.25_e10/checkpoint-120,saves/unlearn/tofu/forget05/Llama-2-7b-chat-hf/SimNPO/lr2e-5_b16_mb8_ga2_a1.0_beta3.5_delta0_gamma0.25_e10/checkpoint-120/evals/TOFU_SUMMARY.json,0.4564865968340328
205,lr5e-5_b32_mb8_ga4_a1.0_beta4.5_delta0_gamma0.25_e10,checkpoint-60,60,0.8178615313768387,0.1474455006525044,0.3266265165619552,0.4046054321104557,1.115040214537872e-05,0.6058730347056328,0.6031410406718452,-73.57792506958873,saves/unlearn/tofu/forget05/Llama-2-7b-chat-hf/SimNPO/lr5e-5_b32_mb8_ga4_a1.0_beta4.5_delta0_gamma0.25_e10/checkpoint-60,saves/unlearn/tofu/forget05/Llama-2-7b-chat-hf/SimNPO/lr5e-5_b32_mb8_ga4_a1.0_beta4.5_delta0_gamma0.25_e10/checkpoint-60/evals/TOFU_SUMMARY.json,0.4541124318755931
206,lr5e-5_b16_mb8_ga2_a1.0_beta4.5_delta0_gamma0.25_e10,checkpoint-78,78,0.8060986226797104,0.1187387083616674,0.3004795098025352,0.3870940339773601,4.6128382074998843e-07,0.5979803586552592,0.6000505643923891,-65.62740865336406,saves/unlearn/tofu/forget05/Llama-2-7b-chat-hf/SimNPO/lr5e-5_b16_mb8_ga2_a1.0_beta4.5_delta0_gamma0.25_e10/checkpoint-78,saves/unlearn/tofu/forget05/Llama-2-7b-chat-hf/SimNPO/lr5e-5_b16_mb8_ga2_a1.0_beta4.5_delta0_gamma0.25_e10/checkpoint-78/evals/TOFU_SUMMARY.json,0.45385069967843983
207,lr2e-5_b16_mb8_ga2_a1.0_beta3.5_delta0_gamma0.25_e10,checkpoint-65,65,0.8938737761974335,0.2552455163372455,0.3870295483991504,0.5309610773954723,4.4486735702923544e-08,0.5513824642559658,0.6174068680556555,-83.4206875160443,saves/unlearn/tofu/forget05/Llama-2-7b-chat-hf/SimNPO/lr2e-5_b16_mb8_ga2_a1.0_beta3.5_delta0_gamma0.25_e10/checkpoint-65,saves/unlearn/tofu/forget05/Llama-2-7b-chat-hf/SimNPO/lr2e-5_b16_mb8_ga2_a1.0_beta3.5_delta0_gamma0.25_e10/checkpoint-65/evals/TOFU_SUMMARY.json,0.4530624429665513
208,lr2e-5_b32_mb8_ga4_a1.0_beta3.5_delta1_gamma0.125_e10,checkpoint-42,42,0.8783517727255821,0.2398255971678589,0.3044381354562938,0.5067907950865052,4.6128382074998843e-07,0.5429685754868154,0.6126879396851576,-70.33682749031341,saves/unlearn/tofu/forget05/Llama-2-7b-chat-hf/SimNPO/lr2e-5_b32_mb8_ga4_a1.0_beta3.5_delta1_gamma0.125_e10/checkpoint-42,saves/unlearn/tofu/forget05/Llama-2-7b-chat-hf/SimNPO/lr2e-5_b32_mb8_ga4_a1.0_beta3.5_delta1_gamma0.125_e10/checkpoint-42/evals/TOFU_SUMMARY.json,0.4528396792955764
209,lr5e-5_b32_mb8_ga4_a1.0_beta4.5_delta0_gamma0.25_e10,checkpoint-56,56,0.8176040402054787,0.1465550896936003,0.3268520188331604,0.4071018039995743,6.734842895808746e-06,0.6062920856994648,0.6027132564349184,-73.60875596213833,saves/unlearn/tofu/forget05/Llama-2-7b-chat-hf/SimNPO/lr5e-5_b32_mb8_ga4_a1.0_beta4.5_delta0_gamma0.25_e10/checkpoint-56,saves/unlearn/tofu/forget05/Llama-2-7b-chat-hf/SimNPO/lr5e-5_b32_mb8_ga4_a1.0_beta4.5_delta0_gamma0.25_e10/checkpoint-56/evals/TOFU_SUMMARY.json,0.4522506757492528
210,lr2e-5_b16_mb8_ga2_a1.0_beta3.5_delta0_gamma0.25_e10,checkpoint-78,78,0.8845536664128304,0.2351134740518734,0.3374640547856689,0.5091575799215713,4.4486735702923544e-08,0.5546294333006194,0.6137603887390819,-80.15261290578812,saves/unlearn/tofu/forget05/Llama-2-7b-chat-hf/SimNPO/lr2e-5_b16_mb8_ga2_a1.0_beta3.5_delta0_gamma0.25_e10/checkpoint-78,saves/unlearn/tofu/forget05/Llama-2-7b-chat-hf/SimNPO/lr2e-5_b16_mb8_ga2_a1.0_beta3.5_delta0_gamma0.25_e10/checkpoint-78/evals/TOFU_SUMMARY.json,0.45218915150446554
211,lr2e-5_b16_mb8_ga2_a1.0_beta3.5_delta0_gamma0.25_e10,checkpoint-91,91,0.8816853109002113,0.2266544622282983,0.3216953897476196,0.509769188518987,4.4486735702923544e-08,0.5551284508287024,0.612749986682176,-79.00416215831599,saves/unlearn/tofu/forget05/Llama-2-7b-chat-hf/SimNPO/lr2e-5_b16_mb8_ga2_a1.0_beta3.5_delta0_gamma0.25_e10/checkpoint-91,saves/unlearn/tofu/forget05/Llama-2-7b-chat-hf/SimNPO/lr2e-5_b16_mb8_ga2_a1.0_beta3.5_delta0_gamma0.25_e10/checkpoint-91/evals/TOFU_SUMMARY.json,0.45161523934251446
212,lr2e-5_b32_mb8_ga4_a1.0_beta4.5_delta1_gamma0.125_e10,checkpoint-35,35,0.8867695286870003,0.2591914598966366,0.360179787222296,0.5258556155547847,1.2940880677508261e-08,0.5407018546112181,0.6156730281498173,-76.88839215710061,saves/unlearn/tofu/forget05/Llama-2-7b-chat-hf/SimNPO/lr2e-5_b32_mb8_ga4_a1.0_beta4.5_delta1_gamma0.125_e10/checkpoint-35,saves/unlearn/tofu/forget05/Llama-2-7b-chat-hf/SimNPO/lr2e-5_b32_mb8_ga4_a1.0_beta4.5_delta1_gamma0.125_e10/checkpoint-35/evals/TOFU_SUMMARY.json,0.45121525225939063
213,lr2e-5_b32_mb8_ga4_a1.0_beta4.5_delta1_gamma0.25_e10,checkpoint-21,21,0.862611649632454,0.2201687103366937,0.3194121637754142,0.437717107610476,1.4639479233432268e-07,0.5351462585474188,0.6082285759174831,-77.46647139240534,saves/unlearn/tofu/forget05/Llama-2-7b-chat-hf/SimNPO/lr2e-5_b32_mb8_ga4_a1.0_beta4.5_delta1_gamma0.25_e10/checkpoint-21,saves/unlearn/tofu/forget05/Llama-2-7b-chat-hf/SimNPO/lr2e-5_b32_mb8_ga4_a1.0_beta4.5_delta1_gamma0.25_e10/checkpoint-21/evals/TOFU_SUMMARY.json,0.45024871558217044
214,lr5e-5_b32_mb8_ga4_a1.0_beta4.5_delta0_gamma0.25_e10,checkpoint-49,49,0.8169055986404419,0.1459718038567129,0.3299846220947802,0.4100622010516364,6.734842895808746e-06,0.6068030573081342,0.6018719774467052,-73.92477261077156,saves/unlearn/tofu/forget05/Llama-2-7b-chat-hf/SimNPO/lr5e-5_b32_mb8_ga4_a1.0_beta4.5_delta0_gamma0.25_e10/checkpoint-49,saves/unlearn/tofu/forget05/Llama-2-7b-chat-hf/SimNPO/lr5e-5_b32_mb8_ga4_a1.0_beta4.5_delta0_gamma0.25_e10/checkpoint-49/evals/TOFU_SUMMARY.json,0.4484900133447624
215,lr5e-5_b32_mb8_ga4_a1.0_beta3.5_delta0_gamma0.25_e10,checkpoint-42,42,0.7940373879671097,0.134192561385847,0.2516954462043941,0.3872701920175653,0.000282922200874,0.6182284201087384,0.5968373488940801,-54.84815784571477,saves/unlearn/tofu/forget05/Llama-2-7b-chat-hf/SimNPO/lr5e-5_b32_mb8_ga4_a1.0_beta3.5_delta0_gamma0.25_e10/checkpoint-42,saves/unlearn/tofu/forget05/Llama-2-7b-chat-hf/SimNPO/lr5e-5_b32_mb8_ga4_a1.0_beta3.5_delta0_gamma0.25_e10/checkpoint-42/evals/TOFU_SUMMARY.json,0.44775697978790097
216,lr5e-5_b32_mb8_ga4_a1.0_beta3.5_delta0_gamma0.25_e10,checkpoint-35,35,0.7973157772421837,0.1329596564964826,0.2800979397818446,0.3813353999166851,0.000118366189619,0.6208773045795618,0.5974556491044232,-58.74441189166881,saves/unlearn/tofu/forget05/Llama-2-7b-chat-hf/SimNPO/lr5e-5_b32_mb8_ga4_a1.0_beta3.5_delta0_gamma0.25_e10/checkpoint-35,saves/unlearn/tofu/forget05/Llama-2-7b-chat-hf/SimNPO/lr5e-5_b32_mb8_ga4_a1.0_beta3.5_delta0_gamma0.25_e10/checkpoint-35/evals/TOFU_SUMMARY.json,0.4472789108882138
217,lr2e-5_b32_mb8_ga4_a1.0_beta3.5_delta1_gamma0.125_e10,checkpoint-35,35,0.8869416585564613,0.2579253168046806,0.3640951447188854,0.5300198690942618,8.114129962716336e-08,0.5397400119458811,0.6148594947223743,-76.31031292179586,saves/unlearn/tofu/forget05/Llama-2-7b-chat-hf/SimNPO/lr2e-5_b32_mb8_ga4_a1.0_beta3.5_delta1_gamma0.125_e10/checkpoint-35,saves/unlearn/tofu/forget05/Llama-2-7b-chat-hf/SimNPO/lr2e-5_b32_mb8_ga4_a1.0_beta3.5_delta1_gamma0.125_e10/checkpoint-35/evals/TOFU_SUMMARY.json,0.44718102710701335
218,lr5e-5_b16_mb8_ga2_a1.0_beta3.5_delta0_gamma0.125_e10,checkpoint-78,78,0.8125017240643502,0.1360366792828512,0.3420073265489191,0.3998745376408169,2.3797467071606504e-06,0.603118827948486,0.6008083258622209,-74.97687681902622,saves/unlearn/tofu/forget05/Llama-2-7b-chat-hf/SimNPO/lr5e-5_b16_mb8_ga2_a1.0_beta3.5_delta0_gamma0.125_e10/checkpoint-78,saves/unlearn/tofu/forget05/Llama-2-7b-chat-hf/SimNPO/lr5e-5_b16_mb8_ga2_a1.0_beta3.5_delta0_gamma0.125_e10/checkpoint-78/evals/TOFU_SUMMARY.json,0.44684070924654495
219,lr2e-5_b32_mb8_ga4_a1.0_beta3.5_delta1_gamma0.25_e10,checkpoint-21,21,0.8630889132618904,0.2247904455316303,0.3248696714825928,0.4489357507555108,4.4486735702923544e-08,0.5335786575670697,0.6076513651917534,-77.6206258551533,saves/unlearn/tofu/forget05/Llama-2-7b-chat-hf/SimNPO/lr2e-5_b32_mb8_ga4_a1.0_beta3.5_delta1_gamma0.25_e10/checkpoint-21,saves/unlearn/tofu/forget05/Llama-2-7b-chat-hf/SimNPO/lr2e-5_b32_mb8_ga4_a1.0_beta3.5_delta1_gamma0.25_e10/checkpoint-21/evals/TOFU_SUMMARY.json,0.4451418574514164
220,lr5e-5_b16_mb8_ga2_a1.0_beta3.5_delta0_gamma0.125_e10,checkpoint-65,65,0.8204662266373635,0.1412140653494456,0.3870144490990788,0.3971208550527507,8.056669472003223e-07,0.6012001978451488,0.6016648013473673,-79.10821642067086,saves/unlearn/tofu/forget05/Llama-2-7b-chat-hf/SimNPO/lr5e-5_b16_mb8_ga2_a1.0_beta3.5_delta0_gamma0.125_e10/checkpoint-65,saves/unlearn/tofu/forget05/Llama-2-7b-chat-hf/SimNPO/lr5e-5_b16_mb8_ga2_a1.0_beta3.5_delta0_gamma0.125_e10/checkpoint-65/evals/TOFU_SUMMARY.json,0.44320397270569367
221,lr5e-5_b16_mb8_ga2_a1.0_beta4.5_delta0_gamma0.25_e10,checkpoint-104,104,0.8063492399454116,0.1308181354516284,0.3031922477390617,0.3939553602892981,1.3921047931216453e-06,0.6024477075285536,0.5977806803358674,-64.13981808784648,saves/unlearn/tofu/forget05/Llama-2-7b-chat-hf/SimNPO/lr5e-5_b16_mb8_ga2_a1.0_beta4.5_delta0_gamma0.25_e10/checkpoint-104,saves/unlearn/tofu/forget05/Llama-2-7b-chat-hf/SimNPO/lr5e-5_b16_mb8_ga2_a1.0_beta4.5_delta0_gamma0.25_e10/checkpoint-104/evals/TOFU_SUMMARY.json,0.4423211554644201
222,lr5e-5_b16_mb8_ga2_a1.0_beta4.5_delta0_gamma0.25_e10,checkpoint-117,117,0.8067629307508468,0.1299748117641542,0.3009256213158369,0.393568658718771,4.024806511439489e-06,0.6026996865439643,0.5969337406543183,-63.83921688548803,saves/unlearn/tofu/forget05/Llama-2-7b-chat-hf/SimNPO/lr5e-5_b16_mb8_ga2_a1.0_beta4.5_delta0_gamma0.25_e10/checkpoint-117,saves/unlearn/tofu/forget05/Llama-2-7b-chat-hf/SimNPO/lr5e-5_b16_mb8_ga2_a1.0_beta4.5_delta0_gamma0.25_e10/checkpoint-117/evals/TOFU_SUMMARY.json,0.4393762721315746
223,lr2e-5_b16_mb8_ga2_a1.0_beta4.5_delta1_gamma0.125_e10,checkpoint-39,39,0.8868455219268799,0.2855843350226762,0.41684211358428,0.5039297229994639,1.4639479233432268e-07,0.5441913525681589,0.6139200079343405,-79.95221210421577,saves/unlearn/tofu/forget05/Llama-2-7b-chat-hf/SimNPO/lr2e-5_b16_mb8_ga2_a1.0_beta4.5_delta1_gamma0.125_e10/checkpoint-39,saves/unlearn/tofu/forget05/Llama-2-7b-chat-hf/SimNPO/lr2e-5_b16_mb8_ga2_a1.0_beta4.5_delta1_gamma0.125_e10/checkpoint-39/evals/TOFU_SUMMARY.json,0.4383700895562537
224,lr5e-5_b16_mb8_ga2_a1.0_beta4.5_delta0_gamma0.25_e10,checkpoint-120,120,0.8063283357024192,0.1287590360144802,0.3009907913580537,0.398327656582253,2.3797467071606504e-06,0.6027855451419871,0.5967805584603464,-63.97024817882375,saves/unlearn/tofu/forget05/Llama-2-7b-chat-hf/SimNPO/lr5e-5_b16_mb8_ga2_a1.0_beta4.5_delta0_gamma0.25_e10/checkpoint-120,saves/unlearn/tofu/forget05/Llama-2-7b-chat-hf/SimNPO/lr5e-5_b16_mb8_ga2_a1.0_beta4.5_delta0_gamma0.25_e10/checkpoint-120/evals/TOFU_SUMMARY.json,0.4383385144861694
225,lr5e-5_b16_mb8_ga2_a1.0_beta3.5_delta1_gamma0.125_e10,checkpoint-26,26,0.7174112339317799,0.1054847936670721,0.1819476376024249,0.3380150199574284,0.0162584592767595,0.6251237044904755,0.5837067176132348,-8.497764758979855,saves/unlearn/tofu/forget05/Llama-2-7b-chat-hf/SimNPO/lr5e-5_b16_mb8_ga2_a1.0_beta3.5_delta1_gamma0.125_e10/checkpoint-26,saves/unlearn/tofu/forget05/Llama-2-7b-chat-hf/SimNPO/lr5e-5_b16_mb8_ga2_a1.0_beta3.5_delta1_gamma0.125_e10/checkpoint-26/evals/TOFU_SUMMARY.json,0.43831786622700547
226,lr2e-5_b16_mb8_ga2_a1.0_beta3.5_delta0_gamma0.25_e10,checkpoint-52,52,0.903057163655758,0.286631028399604,0.4640428571775555,0.5394786102821613,1.2940880677508261e-08,0.5502155951683004,0.6174549246946895,-88.253429923192,saves/unlearn/tofu/forget05/Llama-2-7b-chat-hf/SimNPO/lr2e-5_b16_mb8_ga2_a1.0_beta3.5_delta0_gamma0.25_e10/checkpoint-52,saves/unlearn/tofu/forget05/Llama-2-7b-chat-hf/SimNPO/lr2e-5_b16_mb8_ga2_a1.0_beta3.5_delta0_gamma0.25_e10/checkpoint-52/evals/TOFU_SUMMARY.json,0.4377762552666421
227,lr6e-5_b32_mb8_ga4_a1.0_beta3.5_delta0_gamma0.25_e10,checkpoint-56,56,0.7585067471861839,0.0995249672444551,0.2405358146317303,0.3487537303608273,0.0020827633834865,0.6453740324537637,0.5889509293802166,-44.13827654630212,saves/unlearn/tofu/forget05/Llama-2-7b-chat-hf/SimNPO/lr6e-5_b32_mb8_ga4_a1.0_beta3.5_delta0_gamma0.25_e10/checkpoint-56,saves/unlearn/tofu/forget05/Llama-2-7b-chat-hf/SimNPO/lr6e-5_b32_mb8_ga4_a1.0_beta3.5_delta0_gamma0.25_e10/checkpoint-56/evals/TOFU_SUMMARY.json,0.43738466077552207
228,lr5e-5_b16_mb8_ga2_a1.0_beta4.5_delta0_gamma0.25_e10,checkpoint-65,65,0.8087896683812141,0.1271450826007712,0.325401377491653,0.3910780069067476,2.612740390966732e-07,0.6051301130129599,0.59689657210581,-67.73547093144204,saves/unlearn/tofu/forget05/Llama-2-7b-chat-hf/SimNPO/lr5e-5_b16_mb8_ga2_a1.0_beta4.5_delta0_gamma0.25_e10/checkpoint-65,saves/unlearn/tofu/forget05/Llama-2-7b-chat-hf/SimNPO/lr5e-5_b16_mb8_ga2_a1.0_beta4.5_delta0_gamma0.25_e10/checkpoint-65/evals/TOFU_SUMMARY.json,0.4368392493459585
229,lr2e-5_b16_mb8_ga2_a1.0_beta4.5_delta0_gamma0.25_e10,checkpoint-120,120,0.8954633519053459,0.2540630104691715,0.3882110936939716,0.5306988067889014,4.4486735702923544e-08,0.554497435862646,0.6131471905339668,-86.39586864707942,saves/unlearn/tofu/forget05/Llama-2-7b-chat-hf/SimNPO/lr2e-5_b16_mb8_ga2_a1.0_beta4.5_delta0_gamma0.25_e10/checkpoint-120,saves/unlearn/tofu/forget05/Llama-2-7b-chat-hf/SimNPO/lr2e-5_b16_mb8_ga2_a1.0_beta4.5_delta0_gamma0.25_e10/checkpoint-120/evals/TOFU_SUMMARY.json,0.4363960758978914
230,lr5e-5_b32_mb8_ga4_a1.0_beta4.5_delta1_gamma0.125_e10,checkpoint-14,14,0.8053375354409218,0.1660569261207421,0.3307329766452312,0.4009782152444489,6.734842895808746e-06,0.6103851963107997,0.5982376917242,-46.87451826007793,saves/unlearn/tofu/forget05/Llama-2-7b-chat-hf/SimNPO/lr5e-5_b32_mb8_ga4_a1.0_beta4.5_delta1_gamma0.125_e10/checkpoint-14,saves/unlearn/tofu/forget05/Llama-2-7b-chat-hf/SimNPO/lr5e-5_b32_mb8_ga4_a1.0_beta4.5_delta1_gamma0.125_e10/checkpoint-14/evals/TOFU_SUMMARY.json,0.4360504320510609
231,lr5e-5_b32_mb8_ga4_a1.0_beta3.5_delta0_gamma0.125_e10,checkpoint-42,42,0.8438374546170234,0.1788624517527643,0.4238886204361916,0.4371884471093868,8.114129962716336e-08,0.5815534613245575,0.6048065123422118,-85.08555571372196,saves/unlearn/tofu/forget05/Llama-2-7b-chat-hf/SimNPO/lr5e-5_b32_mb8_ga4_a1.0_beta3.5_delta0_gamma0.125_e10/checkpoint-42,saves/unlearn/tofu/forget05/Llama-2-7b-chat-hf/SimNPO/lr5e-5_b32_mb8_ga4_a1.0_beta3.5_delta0_gamma0.125_e10/checkpoint-42/evals/TOFU_SUMMARY.json,0.43541742084599633
232,lr6e-5_b32_mb8_ga4_a1.0_beta3.5_delta0_gamma0.25_e10,checkpoint-60,60,0.7591675326228142,0.1010446255310379,0.2403588441386819,0.3479004570691563,0.0020827633834865,0.6452611952663873,0.588336691930881,-44.15369199257691,saves/unlearn/tofu/forget05/Llama-2-7b-chat-hf/SimNPO/lr6e-5_b32_mb8_ga4_a1.0_beta3.5_delta0_gamma0.25_e10/checkpoint-60,saves/unlearn/tofu/forget05/Llama-2-7b-chat-hf/SimNPO/lr6e-5_b32_mb8_ga4_a1.0_beta3.5_delta0_gamma0.25_e10/checkpoint-60/evals/TOFU_SUMMARY.json,0.43483035890426947
233,lr2e-5_b16_mb8_ga2_a1.0_beta3.5_delta1_gamma0.125_e10,checkpoint-39,39,0.8900429046154023,0.2900421886841207,0.4199922221153974,0.5027086037124097,1.4639479233432268e-07,0.5410197259992809,0.6133015451480435,-79.30861722224316,saves/unlearn/tofu/forget05/Llama-2-7b-chat-hf/SimNPO/lr2e-5_b16_mb8_ga2_a1.0_beta3.5_delta1_gamma0.125_e10/checkpoint-39,saves/unlearn/tofu/forget05/Llama-2-7b-chat-hf/SimNPO/lr2e-5_b16_mb8_ga2_a1.0_beta3.5_delta1_gamma0.125_e10/checkpoint-39/evals/TOFU_SUMMARY.json,0.43454390310444646
234,lr2e-5_b16_mb8_ga2_a1.0_beta4.5_delta0_gamma0.25_e10,checkpoint-104,104,0.8951972678303719,0.2518481425483873,0.3902241118252277,0.532617366941679,4.4486735702923544e-08,0.5542348884947615,0.6125991811466642,-86.52304607884645,saves/unlearn/tofu/forget05/Llama-2-7b-chat-hf/SimNPO/lr2e-5_b16_mb8_ga2_a1.0_beta4.5_delta0_gamma0.25_e10/checkpoint-104,saves/unlearn/tofu/forget05/Llama-2-7b-chat-hf/SimNPO/lr2e-5_b16_mb8_ga2_a1.0_beta4.5_delta0_gamma0.25_e10/checkpoint-104/evals/TOFU_SUMMARY.json,0.4341297977695822
235,lr5e-5_b32_mb8_ga4_a1.0_beta4.5_delta0_gamma0.25_e10,checkpoint-42,42,0.8194244602322578,0.1490577601840421,0.3387036931701004,0.414248319620689,4.6128382074998843e-07,0.6091359066213959,0.5987177073310093,-74.51826729235113,saves/unlearn/tofu/forget05/Llama-2-7b-chat-hf/SimNPO/lr5e-5_b32_mb8_ga4_a1.0_beta4.5_delta0_gamma0.25_e10/checkpoint-42,saves/unlearn/tofu/forget05/Llama-2-7b-chat-hf/SimNPO/lr5e-5_b32_mb8_ga4_a1.0_beta4.5_delta0_gamma0.25_e10/checkpoint-42/evals/TOFU_SUMMARY.json,0.4338716589914348
236,lr6e-5_b32_mb8_ga4_a1.0_beta3.5_delta0_gamma0.25_e10,checkpoint-49,49,0.7594470837712288,0.1010655289334083,0.2428634742461144,0.3572565685385583,0.0014264303851701,0.6455015421372042,0.5883191957518026,-44.70864805846948,saves/unlearn/tofu/forget05/Llama-2-7b-chat-hf/SimNPO/lr6e-5_b32_mb8_ga4_a1.0_beta3.5_delta0_gamma0.25_e10/checkpoint-49,saves/unlearn/tofu/forget05/Llama-2-7b-chat-hf/SimNPO/lr6e-5_b32_mb8_ga4_a1.0_beta3.5_delta0_gamma0.25_e10/checkpoint-49/evals/TOFU_SUMMARY.json,0.43286630624095573
237,lr2e-5_b16_mb8_ga2_a1.0_beta4.5_delta0_gamma0.25_e10,checkpoint-117,117,0.8948716405034065,0.251577872278117,0.3884103450924158,0.5318552455783939,4.4486735702923544e-08,0.5545771193708974,0.6121594032751608,-86.51148449414036,saves/unlearn/tofu/forget05/Llama-2-7b-chat-hf/SimNPO/lr2e-5_b16_mb8_ga2_a1.0_beta4.5_delta0_gamma0.25_e10/checkpoint-117,saves/unlearn/tofu/forget05/Llama-2-7b-chat-hf/SimNPO/lr2e-5_b16_mb8_ga2_a1.0_beta4.5_delta0_gamma0.25_e10/checkpoint-117/evals/TOFU_SUMMARY.json,0.4328564952144025
238,lr5e-5_b32_mb8_ga4_a1.0_beta4.5_delta0_gamma0.25_e10,checkpoint-35,35,0.8213113820552826,0.151241680587038,0.3554578884691,0.4076891805426399,4.024806511439489e-06,0.6096611976062094,0.5982297947554898,-76.02127330414348,saves/unlearn/tofu/forget05/Llama-2-7b-chat-hf/SimNPO/lr5e-5_b32_mb8_ga4_a1.0_beta4.5_delta0_gamma0.25_e10/checkpoint-35,saves/unlearn/tofu/forget05/Llama-2-7b-chat-hf/SimNPO/lr5e-5_b32_mb8_ga4_a1.0_beta4.5_delta0_gamma0.25_e10/checkpoint-35/evals/TOFU_SUMMARY.json,0.4304492599102554
239,lr5e-5_b16_mb8_ga2_a1.0_beta4.5_delta0_gamma0.125_e10,checkpoint-52,52,0.8396651324629784,0.1603087856785332,0.4671698662638664,0.4166378434798875,4.6128382074998843e-07,0.5921270226885987,0.6028853457548954,-86.78896252708661,saves/unlearn/tofu/forget05/Llama-2-7b-chat-hf/SimNPO/lr5e-5_b16_mb8_ga2_a1.0_beta4.5_delta0_gamma0.125_e10/checkpoint-52,saves/unlearn/tofu/forget05/Llama-2-7b-chat-hf/SimNPO/lr5e-5_b16_mb8_ga2_a1.0_beta4.5_delta0_gamma0.125_e10/checkpoint-52/evals/TOFU_SUMMARY.json,0.4296283063619567
240,lr2e-5_b32_mb8_ga4_a1.0_beta4.5_delta1_gamma0.125_e10,checkpoint-28,28,0.8999347567558289,0.3071101738192424,0.4456211145594716,0.5398964406102269,3.602472544567432e-09,0.5369178064150527,0.6150955971900995,-83.80221981134542,saves/unlearn/tofu/forget05/Llama-2-7b-chat-hf/SimNPO/lr2e-5_b32_mb8_ga4_a1.0_beta4.5_delta1_gamma0.125_e10/checkpoint-28,saves/unlearn/tofu/forget05/Llama-2-7b-chat-hf/SimNPO/lr2e-5_b32_mb8_ga4_a1.0_beta4.5_delta1_gamma0.125_e10/checkpoint-28/evals/TOFU_SUMMARY.json,0.42887534917667164
241,lr2e-5_b32_mb8_ga4_a1.0_beta3.5_delta1_gamma0.125_e10,checkpoint-28,28,0.902278788089752,0.321036604553298,0.4580136032588779,0.5426657153545641,6.8655817334872084e-09,0.5354635602999342,0.6160926943136198,-84.27239092272661,saves/unlearn/tofu/forget05/Llama-2-7b-chat-hf/SimNPO/lr2e-5_b32_mb8_ga4_a1.0_beta3.5_delta1_gamma0.125_e10/checkpoint-28,saves/unlearn/tofu/forget05/Llama-2-7b-chat-hf/SimNPO/lr2e-5_b32_mb8_ga4_a1.0_beta3.5_delta1_gamma0.125_e10/checkpoint-28/evals/TOFU_SUMMARY.json,0.42872600223445934
242,lr2e-5_b16_mb8_ga2_a1.0_beta4.5_delta0_gamma0.25_e10,checkpoint-65,65,0.9028467842936516,0.2850669671316339,0.4475288757681847,0.5447237050965148,2.412549897735469e-08,0.5514501615766914,0.6147261512672775,-89.2284569000727,saves/unlearn/tofu/forget05/Llama-2-7b-chat-hf/SimNPO/lr2e-5_b16_mb8_ga2_a1.0_beta4.5_delta0_gamma0.25_e10/checkpoint-65,saves/unlearn/tofu/forget05/Llama-2-7b-chat-hf/SimNPO/lr2e-5_b16_mb8_ga2_a1.0_beta4.5_delta0_gamma0.25_e10/checkpoint-65/evals/TOFU_SUMMARY.json,0.42855063839898494
243,lr2e-5_b16_mb8_ga2_a1.0_beta4.5_delta0_gamma0.25_e10,checkpoint-91,91,0.8956849083304406,0.2613463272832741,0.3968044435977936,0.5364053202068612,8.114129962716336e-08,0.5540813232182756,0.6116909412861494,-86.92770154355976,saves/unlearn/tofu/forget05/Llama-2-7b-chat-hf/SimNPO/lr2e-5_b16_mb8_ga2_a1.0_beta4.5_delta0_gamma0.25_e10/checkpoint-91,saves/unlearn/tofu/forget05/Llama-2-7b-chat-hf/SimNPO/lr2e-5_b16_mb8_ga2_a1.0_beta4.5_delta0_gamma0.25_e10/checkpoint-91/evals/TOFU_SUMMARY.json,0.4281169565216323
244,lr5e-5_b32_mb8_ga4_a1.0_beta4.5_delta0_gamma0.125_e10,checkpoint-60,60,0.8571482583880424,0.1949012473536358,0.4795553785562515,0.4414638932990326,2.412549897735469e-08,0.5760400320807515,0.6052845675138234,-91.38661937854374,saves/unlearn/tofu/forget05/Llama-2-7b-chat-hf/SimNPO/lr5e-5_b32_mb8_ga4_a1.0_beta4.5_delta0_gamma0.125_e10/checkpoint-60,saves/unlearn/tofu/forget05/Llama-2-7b-chat-hf/SimNPO/lr5e-5_b32_mb8_ga4_a1.0_beta4.5_delta0_gamma0.125_e10/checkpoint-60/evals/TOFU_SUMMARY.json,0.42558769752052666
245,lr5e-5_b32_mb8_ga4_a1.0_beta4.5_delta0_gamma0.125_e10,checkpoint-56,56,0.8573481461405754,0.1990483007903952,0.4800799208506942,0.4459854379051884,2.412549897735469e-08,0.5757682334151281,0.6054219923012766,-91.48296591776122,saves/unlearn/tofu/forget05/Llama-2-7b-chat-hf/SimNPO/lr5e-5_b32_mb8_ga4_a1.0_beta4.5_delta0_gamma0.125_e10/checkpoint-56,saves/unlearn/tofu/forget05/Llama-2-7b-chat-hf/SimNPO/lr5e-5_b32_mb8_ga4_a1.0_beta4.5_delta0_gamma0.125_e10/checkpoint-56/evals/TOFU_SUMMARY.json,0.42484962291764927
246,lr5e-5_b32_mb8_ga4_a1.0_beta4.5_delta0_gamma0.125_e10,checkpoint-49,49,0.8585722908377648,0.2000552452348396,0.4851227658987045,0.4444011394049151,2.412549897735469e-08,0.5751208449821137,0.6055876107165503,-92.0340681220851,saves/unlearn/tofu/forget05/Llama-2-7b-chat-hf/SimNPO/lr5e-5_b32_mb8_ga4_a1.0_beta4.5_delta0_gamma0.125_e10/checkpoint-49,saves/unlearn/tofu/forget05/Llama-2-7b-chat-hf/SimNPO/lr5e-5_b32_mb8_ga4_a1.0_beta4.5_delta0_gamma0.125_e10/checkpoint-49/evals/TOFU_SUMMARY.json,0.4247653584044341
247,lr6e-5_b16_mb8_ga2_a1.0_beta3.5_delta0_gamma0.25_e10,checkpoint-117,117,0.7413750727474689,0.0972820321234955,0.2070868156198412,0.33815263461364,0.0043049933800331,0.6395767185800623,0.5828840039443869,-26.83058424127785,saves/unlearn/tofu/forget05/Llama-2-7b-chat-hf/SimNPO/lr6e-5_b16_mb8_ga2_a1.0_beta3.5_delta0_gamma0.25_e10/checkpoint-117,saves/unlearn/tofu/forget05/Llama-2-7b-chat-hf/SimNPO/lr6e-5_b16_mb8_ga2_a1.0_beta3.5_delta0_gamma0.25_e10/checkpoint-117/evals/TOFU_SUMMARY.json,0.4241931928842355
248,lr5e-5_b32_mb8_ga4_a1.0_beta3.5_delta1_gamma0.125_e10,checkpoint-14,14,0.8060724200308322,0.1754028946853186,0.3446287169773132,0.3940853139937054,1.115040214537872e-05,0.604143154562714,0.595550929034672,-51.040542615840856,saves/unlearn/tofu/forget05/Llama-2-7b-chat-hf/SimNPO/lr5e-5_b32_mb8_ga4_a1.0_beta3.5_delta1_gamma0.125_e10/checkpoint-14,saves/unlearn/tofu/forget05/Llama-2-7b-chat-hf/SimNPO/lr5e-5_b32_mb8_ga4_a1.0_beta3.5_delta1_gamma0.125_e10/checkpoint-14/evals/TOFU_SUMMARY.json,0.42394246278029124
249,lr5e-5_b16_mb8_ga2_a1.0_beta4.5_delta0_gamma0.125_e10,checkpoint-39,39,0.8531516033411026,0.1852725687616004,0.5255567527934909,0.4267490436718101,6.8655817334872084e-09,0.5843547847164665,0.6050207705838968,-91.92615999816152,saves/unlearn/tofu/forget05/Llama-2-7b-chat-hf/SimNPO/lr5e-5_b16_mb8_ga2_a1.0_beta4.5_delta0_gamma0.125_e10/checkpoint-39,saves/unlearn/tofu/forget05/Llama-2-7b-chat-hf/SimNPO/lr5e-5_b16_mb8_ga2_a1.0_beta4.5_delta0_gamma0.125_e10/checkpoint-39/evals/TOFU_SUMMARY.json,0.4238916357898667
250,lr6e-5_b32_mb8_ga4_a1.0_beta3.5_delta0_gamma0.25_e10,checkpoint-42,42,0.7602029079198838,0.103154241093247,0.2551572103239596,0.3543480933444136,0.000648608042418,0.6435505976292824,0.5863629865750131,-48.32742407147721,saves/unlearn/tofu/forget05/Llama-2-7b-chat-hf/SimNPO/lr6e-5_b32_mb8_ga4_a1.0_beta3.5_delta0_gamma0.25_e10/checkpoint-42,saves/unlearn/tofu/forget05/Llama-2-7b-chat-hf/SimNPO/lr6e-5_b32_mb8_ga4_a1.0_beta3.5_delta0_gamma0.25_e10/checkpoint-42/evals/TOFU_SUMMARY.json,0.42379527374193837
251,lr2e-5_b16_mb8_ga2_a1.0_beta4.5_delta0_gamma0.25_e10,checkpoint-78,78,0.8994148945808411,0.2693784745125458,0.4102360981330275,0.5443924373692497,2.412549897735469e-08,0.5529203540658088,0.6113410939238986,-87.62525048749417,saves/unlearn/tofu/forget05/Llama-2-7b-chat-hf/SimNPO/lr2e-5_b16_mb8_ga2_a1.0_beta4.5_delta0_gamma0.25_e10/checkpoint-78,saves/unlearn/tofu/forget05/Llama-2-7b-chat-hf/SimNPO/lr2e-5_b16_mb8_ga2_a1.0_beta4.5_delta0_gamma0.25_e10/checkpoint-78/evals/TOFU_SUMMARY.json,0.42231989841687567
252,lr5e-5_b16_mb8_ga2_a1.0_beta4.5_delta1_gamma0.125_e10,checkpoint-26,26,0.6977792749553919,0.098201492122971,0.1748472755157854,0.3271730312476188,0.039562025848995,0.6454825836678681,0.5751466329598038,-7.580545705629631,saves/unlearn/tofu/forget05/Llama-2-7b-chat-hf/SimNPO/lr5e-5_b16_mb8_ga2_a1.0_beta4.5_delta1_gamma0.125_e10/checkpoint-26,saves/unlearn/tofu/forget05/Llama-2-7b-chat-hf/SimNPO/lr5e-5_b16_mb8_ga2_a1.0_beta4.5_delta1_gamma0.125_e10/checkpoint-26/evals/TOFU_SUMMARY.json,0.420369295409809
253,lr6e-5_b16_mb8_ga2_a1.0_beta3.5_delta0_gamma0.25_e10,checkpoint-120,120,0.7429223515093326,0.0969116617531252,0.2074300696607679,0.342112060601222,0.0030098470801667,0.6384965883419739,0.5822179797724041,-26.915369195789225,saves/unlearn/tofu/forget05/Llama-2-7b-chat-hf/SimNPO/lr6e-5_b16_mb8_ga2_a1.0_beta3.5_delta0_gamma0.25_e10/checkpoint-120,saves/unlearn/tofu/forget05/Llama-2-7b-chat-hf/SimNPO/lr6e-5_b16_mb8_ga2_a1.0_beta3.5_delta0_gamma0.25_e10/checkpoint-120/evals/TOFU_SUMMARY.json,0.4203131263105444
254,lr6e-5_b16_mb8_ga2_a1.0_beta3.5_delta0_gamma0.25_e10,checkpoint-91,91,0.7436577798426152,0.0986776939235691,0.2153612079005688,0.3396625520398287,0.0030098470801667,0.6385044687294588,0.5824079815198503,-28.42993679228767,saves/unlearn/tofu/forget05/Llama-2-7b-chat-hf/SimNPO/lr6e-5_b16_mb8_ga2_a1.0_beta3.5_delta0_gamma0.25_e10/checkpoint-91,saves/unlearn/tofu/forget05/Llama-2-7b-chat-hf/SimNPO/lr6e-5_b16_mb8_ga2_a1.0_beta3.5_delta0_gamma0.25_e10/checkpoint-91/evals/TOFU_SUMMARY.json,0.42016078089908154
255,lr6e-5_b16_mb8_ga2_a1.0_beta3.5_delta0_gamma0.25_e10,checkpoint-104,104,0.742591485530138,0.0973544958916115,0.2081629170384258,0.3322185245542274,0.0030098470801667,0.6385953094576334,0.5816412903042759,-27.25450901383468,saves/unlearn/tofu/forget05/Llama-2-7b-chat-hf/SimNPO/lr6e-5_b16_mb8_ga2_a1.0_beta3.5_delta0_gamma0.25_e10/checkpoint-104,saves/unlearn/tofu/forget05/Llama-2-7b-chat-hf/SimNPO/lr6e-5_b16_mb8_ga2_a1.0_beta3.5_delta0_gamma0.25_e10/checkpoint-104/evals/TOFU_SUMMARY.json,0.41948390378277717
256,lr5e-5_b16_mb8_ga2_a1.0_beta3.5_delta0_gamma0.25_e10,checkpoint-52,52,0.7745692789554596,0.1182072853366452,0.2576942758914083,0.3741635636352166,0.000282922200874,0.6314544170933556,0.5873406781810129,-44.56605518042763,saves/unlearn/tofu/forget05/Llama-2-7b-chat-hf/SimNPO/lr5e-5_b16_mb8_ga2_a1.0_beta3.5_delta0_gamma0.25_e10/checkpoint-52,saves/unlearn/tofu/forget05/Llama-2-7b-chat-hf/SimNPO/lr5e-5_b16_mb8_ga2_a1.0_beta3.5_delta0_gamma0.25_e10/checkpoint-52/evals/TOFU_SUMMARY.json,0.4190816015948642
257,lr6e-5_b32_mb8_ga4_a1.0_beta4.5_delta0_gamma0.25_e10,checkpoint-56,56,0.7965749382972718,0.1113048817157897,0.3372929694503546,0.3788076172256325,1.8266119303942767e-05,0.6166038429742464,0.5908453152794941,-72.10189608877728,saves/unlearn/tofu/forget05/Llama-2-7b-chat-hf/SimNPO/lr6e-5_b32_mb8_ga4_a1.0_beta4.5_delta0_gamma0.25_e10/checkpoint-56,saves/unlearn/tofu/forget05/Llama-2-7b-chat-hf/SimNPO/lr6e-5_b32_mb8_ga4_a1.0_beta4.5_delta0_gamma0.25_e10/checkpoint-56/evals/TOFU_SUMMARY.json,0.4189211115971177
258,lr2e-5_b16_mb8_ga2_a1.0_beta4.5_delta0_gamma0.25_e10,checkpoint-52,52,0.9106939515471458,0.3139837634324056,0.5107454403489828,0.5612618233521409,1.8694649189611293e-09,0.5489873187405344,0.6159282159798196,-91.93772158286764,saves/unlearn/tofu/forget05/Llama-2-7b-chat-hf/SimNPO/lr2e-5_b16_mb8_ga2_a1.0_beta4.5_delta0_gamma0.25_e10/checkpoint-52,saves/unlearn/tofu/forget05/Llama-2-7b-chat-hf/SimNPO/lr2e-5_b16_mb8_ga2_a1.0_beta4.5_delta0_gamma0.25_e10/checkpoint-52/evals/TOFU_SUMMARY.json,0.4186202789666051
259,lr2e-5_b32_mb8_ga4_a1.0_beta3.5_delta0_gamma0.25_e10,checkpoint-60,60,0.9066372174024582,0.3011978437679508,0.443374398946762,0.5554044521703165,1.2940880677508261e-08,0.5382135390552163,0.6131638767959098,-90.01849852165581,saves/unlearn/tofu/forget05/Llama-2-7b-chat-hf/SimNPO/lr2e-5_b32_mb8_ga4_a1.0_beta3.5_delta0_gamma0.25_e10/checkpoint-60,saves/unlearn/tofu/forget05/Llama-2-7b-chat-hf/SimNPO/lr2e-5_b32_mb8_ga4_a1.0_beta3.5_delta0_gamma0.25_e10/checkpoint-60/evals/TOFU_SUMMARY.json,0.41859440241074974
260,lr6e-5_b32_mb8_ga4_a1.0_beta4.5_delta0_gamma0.25_e10,checkpoint-49,49,0.7955826824903488,0.1118846162218853,0.3388470520451665,0.3795580931392996,1.115040214537872e-05,0.6168594386107863,0.5907811238560113,-72.5104054150593,saves/unlearn/tofu/forget05/Llama-2-7b-chat-hf/SimNPO/lr6e-5_b32_mb8_ga4_a1.0_beta4.5_delta0_gamma0.25_e10/checkpoint-49,saves/unlearn/tofu/forget05/Llama-2-7b-chat-hf/SimNPO/lr6e-5_b32_mb8_ga4_a1.0_beta4.5_delta0_gamma0.25_e10/checkpoint-49/evals/TOFU_SUMMARY.json,0.41855887870324876
261,lr5e-5_b16_mb8_ga2_a1.0_beta3.5_delta0_gamma0.125_e10,checkpoint-52,52,0.8246873366832733,0.143970079240597,0.4143836984969675,0.4127043158344349,1.3921047931216453e-06,0.6080494955966372,0.596815291425209,-80.37228301520392,saves/unlearn/tofu/forget05/Llama-2-7b-chat-hf/SimNPO/lr5e-5_b16_mb8_ga2_a1.0_beta3.5_delta0_gamma0.125_e10/checkpoint-52,saves/unlearn/tofu/forget05/Llama-2-7b-chat-hf/SimNPO/lr5e-5_b16_mb8_ga2_a1.0_beta3.5_delta0_gamma0.125_e10/checkpoint-52/evals/TOFU_SUMMARY.json,0.41806448796713547
262,lr6e-5_b32_mb8_ga4_a1.0_beta4.5_delta0_gamma0.25_e10,checkpoint-60,60,0.7957315382361412,0.1120191674300754,0.3370236939564347,0.3807671966477133,1.115040214537872e-05,0.617098250242813,0.5905941378669098,-72.10574995034598,saves/unlearn/tofu/forget05/Llama-2-7b-chat-hf/SimNPO/lr6e-5_b32_mb8_ga4_a1.0_beta4.5_delta0_gamma0.25_e10/checkpoint-60,saves/unlearn/tofu/forget05/Llama-2-7b-chat-hf/SimNPO/lr6e-5_b32_mb8_ga4_a1.0_beta4.5_delta0_gamma0.25_e10/checkpoint-60/evals/TOFU_SUMMARY.json,0.41780958868208784
263,lr2e-5_b32_mb8_ga4_a1.0_beta3.5_delta0_gamma0.25_e10,checkpoint-42,42,0.9098696365952492,0.3071676181174867,0.4688521394878626,0.5550296732150024,3.602472544567432e-09,0.5376800272571483,0.6139681770737159,-90.97811005226175,saves/unlearn/tofu/forget05/Llama-2-7b-chat-hf/SimNPO/lr2e-5_b32_mb8_ga4_a1.0_beta3.5_delta0_gamma0.25_e10/checkpoint-42,saves/unlearn/tofu/forget05/Llama-2-7b-chat-hf/SimNPO/lr2e-5_b32_mb8_ga4_a1.0_beta3.5_delta0_gamma0.25_e10/checkpoint-42/evals/TOFU_SUMMARY.json,0.41751926468236766
264,lr2e-5_b16_mb8_ga2_a1.0_beta3.5_delta0_gamma0.25_e10,checkpoint-39,39,0.9184374299645424,0.3523129089279361,0.5651711858436466,0.5679920730097234,6.8655817334872084e-09,0.5396737301343216,0.6188683261060778,-92.98211806798489,saves/unlearn/tofu/forget05/Llama-2-7b-chat-hf/SimNPO/lr2e-5_b16_mb8_ga2_a1.0_beta3.5_delta0_gamma0.25_e10/checkpoint-39,saves/unlearn/tofu/forget05/Llama-2-7b-chat-hf/SimNPO/lr2e-5_b16_mb8_ga2_a1.0_beta3.5_delta0_gamma0.25_e10/checkpoint-39/evals/TOFU_SUMMARY.json,0.4166087420641663
265,lr2e-5_b32_mb8_ga4_a1.0_beta3.5_delta0_gamma0.25_e10,checkpoint-56,56,0.9068362912535668,0.3015204244131121,0.4438378093391656,0.5561475794376035,1.2940880677508261e-08,0.5374144174888797,0.6126045699354739,-89.99922921381234,saves/unlearn/tofu/forget05/Llama-2-7b-chat-hf/SimNPO/lr2e-5_b32_mb8_ga4_a1.0_beta3.5_delta0_gamma0.25_e10/checkpoint-56,saves/unlearn/tofu/forget05/Llama-2-7b-chat-hf/SimNPO/lr2e-5_b32_mb8_ga4_a1.0_beta3.5_delta0_gamma0.25_e10/checkpoint-56/evals/TOFU_SUMMARY.json,0.41620401080611136
266,lr6e-5_b16_mb8_ga2_a1.0_beta4.5_delta0_gamma0.25_e10,checkpoint-91,91,0.7823779711127281,0.10631093150693,0.3078285427205264,0.385999089770064,1.8266119303942767e-05,0.6200358588947734,0.5885171161621202,-60.44011098189609,saves/unlearn/tofu/forget05/Llama-2-7b-chat-hf/SimNPO/lr6e-5_b16_mb8_ga2_a1.0_beta4.5_delta0_gamma0.25_e10/checkpoint-91,saves/unlearn/tofu/forget05/Llama-2-7b-chat-hf/SimNPO/lr6e-5_b16_mb8_ga2_a1.0_beta4.5_delta0_gamma0.25_e10/checkpoint-91/evals/TOFU_SUMMARY.json,0.41603565359569217
267,lr2e-5_b32_mb8_ga4_a1.0_beta3.5_delta0_gamma0.25_e10,checkpoint-49,49,0.9068124899268152,0.3012798109810655,0.4494429063796997,0.5580259505785324,3.602472544567432e-09,0.5378649087966223,0.6127462540247168,-90.17265298440375,saves/unlearn/tofu/forget05/Llama-2-7b-chat-hf/SimNPO/lr2e-5_b32_mb8_ga4_a1.0_beta3.5_delta0_gamma0.25_e10/checkpoint-49,saves/unlearn/tofu/forget05/Llama-2-7b-chat-hf/SimNPO/lr2e-5_b32_mb8_ga4_a1.0_beta3.5_delta0_gamma0.25_e10/checkpoint-49/evals/TOFU_SUMMARY.json,0.41590838898593074
268,lr6e-5_b16_mb8_ga2_a1.0_beta3.5_delta0_gamma0.25_e10,checkpoint-78,78,0.74700809776783,0.0960408043145581,0.2275654363818466,0.3546340828870522,0.0009668691315127,0.6361600562574078,0.5824196437594122,-32.37243717706607,saves/unlearn/tofu/forget05/Llama-2-7b-chat-hf/SimNPO/lr6e-5_b16_mb8_ga2_a1.0_beta3.5_delta0_gamma0.25_e10/checkpoint-78,saves/unlearn/tofu/forget05/Llama-2-7b-chat-hf/SimNPO/lr6e-5_b16_mb8_ga2_a1.0_beta3.5_delta0_gamma0.25_e10/checkpoint-78/evals/TOFU_SUMMARY.json,0.41563400130665523
269,lr6e-5_b32_mb8_ga4_a1.0_beta3.5_delta0_gamma0.125_e10,checkpoint-60,60,0.8089182433485985,0.1348431575433155,0.3804888338036835,0.3993622910094551,4.024806511439489e-06,0.6080341491042373,0.592123574037186,-80.42238321559698,saves/unlearn/tofu/forget05/Llama-2-7b-chat-hf/SimNPO/lr6e-5_b32_mb8_ga4_a1.0_beta3.5_delta0_gamma0.125_e10/checkpoint-60,saves/unlearn/tofu/forget05/Llama-2-7b-chat-hf/SimNPO/lr6e-5_b32_mb8_ga4_a1.0_beta3.5_delta0_gamma0.125_e10/checkpoint-60/evals/TOFU_SUMMARY.json,0.41044188629189654
270,lr6e-5_b16_mb8_ga2_a1.0_beta4.5_delta0_gamma0.25_e10,checkpoint-117,117,0.7828127205371856,0.1086276525420442,0.2977978371270001,0.3858872512445764,2.9607827368482373e-05,0.6185070300184577,0.5866516912838006,-59.25697548030568,saves/unlearn/tofu/forget05/Llama-2-7b-chat-hf/SimNPO/lr6e-5_b16_mb8_ga2_a1.0_beta4.5_delta0_gamma0.25_e10/checkpoint-117,saves/unlearn/tofu/forget05/Llama-2-7b-chat-hf/SimNPO/lr6e-5_b16_mb8_ga2_a1.0_beta4.5_delta0_gamma0.25_e10/checkpoint-117/evals/TOFU_SUMMARY.json,0.4095874482952876
271,lr6e-5_b32_mb8_ga4_a1.0_beta3.5_delta0_gamma0.125_e10,checkpoint-56,56,0.8088971430063248,0.1348431575433155,0.3811163785308599,0.4036407105423088,6.734842895808746e-06,0.6073537690011487,0.5919549675118815,-80.44165252344047,saves/unlearn/tofu/forget05/Llama-2-7b-chat-hf/SimNPO/lr6e-5_b32_mb8_ga4_a1.0_beta3.5_delta0_gamma0.125_e10/checkpoint-56,saves/unlearn/tofu/forget05/Llama-2-7b-chat-hf/SimNPO/lr6e-5_b32_mb8_ga4_a1.0_beta3.5_delta0_gamma0.125_e10/checkpoint-56/evals/TOFU_SUMMARY.json,0.40911092111504754
272,lr6e-5_b16_mb8_ga2_a1.0_beta4.5_delta0_gamma0.25_e10,checkpoint-120,120,0.7833104571700096,0.1088280437439922,0.2977758142352104,0.3854752153182901,1.8266119303942767e-05,0.618301275258029,0.5864806894687268,-59.28780637285528,saves/unlearn/tofu/forget05/Llama-2-7b-chat-hf/SimNPO/lr6e-5_b16_mb8_ga2_a1.0_beta4.5_delta0_gamma0.25_e10/checkpoint-120,saves/unlearn/tofu/forget05/Llama-2-7b-chat-hf/SimNPO/lr6e-5_b16_mb8_ga2_a1.0_beta4.5_delta0_gamma0.25_e10/checkpoint-120/evals/TOFU_SUMMARY.json,0.40884887754129295
273,lr6e-5_b16_mb8_ga2_a1.0_beta4.5_delta0_gamma0.25_e10,checkpoint-104,104,0.782539618909359,0.1081494723154208,0.2992940150760114,0.38362693745518,1.115040214537872e-05,0.6184760385336299,0.5863356358366967,-59.603823021488544,saves/unlearn/tofu/forget05/Llama-2-7b-chat-hf/SimNPO/lr6e-5_b16_mb8_ga2_a1.0_beta4.5_delta0_gamma0.25_e10/checkpoint-104,saves/unlearn/tofu/forget05/Llama-2-7b-chat-hf/SimNPO/lr6e-5_b16_mb8_ga2_a1.0_beta4.5_delta0_gamma0.25_e10/checkpoint-104/evals/TOFU_SUMMARY.json,0.4086593616929856
274,lr6e-5_b16_mb8_ga2_a1.0_beta4.5_delta0_gamma0.25_e10,checkpoint-78,78,0.7810056239366532,0.1062859447475733,0.3122868665121496,0.3818204172350972,6.734842895808746e-06,0.618599951013964,0.5863597436210696,-62.32850315055827,saves/unlearn/tofu/forget05/Llama-2-7b-chat-hf/SimNPO/lr6e-5_b16_mb8_ga2_a1.0_beta4.5_delta0_gamma0.25_e10/checkpoint-78,saves/unlearn/tofu/forget05/Llama-2-7b-chat-hf/SimNPO/lr6e-5_b16_mb8_ga2_a1.0_beta4.5_delta0_gamma0.25_e10/checkpoint-78/evals/TOFU_SUMMARY.json,0.4082065306305206
275,lr5e-5_b16_mb8_ga2_a1.0_beta3.5_delta0_gamma0.125_e10,checkpoint-39,39,0.8399995934963226,0.1698757720448587,0.4698389154672622,0.4204973154061637,1.4639479233432268e-07,0.5898940343523265,0.5976748815369997,-88.29967626201639,saves/unlearn/tofu/forget05/Llama-2-7b-chat-hf/SimNPO/lr5e-5_b16_mb8_ga2_a1.0_beta3.5_delta0_gamma0.125_e10/checkpoint-39,saves/unlearn/tofu/forget05/Llama-2-7b-chat-hf/SimNPO/lr5e-5_b16_mb8_ga2_a1.0_beta3.5_delta0_gamma0.125_e10/checkpoint-39/evals/TOFU_SUMMARY.json,0.40753962962246715
276,lr5e-5_b32_mb8_ga4_a1.0_beta3.5_delta0_gamma0.25_e10,checkpoint-28,28,0.8083046168088913,0.1461182974844921,0.3121658008918166,0.3868672282514812,0.000118366189619,0.613819741302077,0.5889611789265581,-65.19577615766985,saves/unlearn/tofu/forget05/Llama-2-7b-chat-hf/SimNPO/lr5e-5_b32_mb8_ga4_a1.0_beta3.5_delta0_gamma0.25_e10/checkpoint-28,saves/unlearn/tofu/forget05/Llama-2-7b-chat-hf/SimNPO/lr5e-5_b32_mb8_ga4_a1.0_beta3.5_delta0_gamma0.25_e10/checkpoint-28/evals/TOFU_SUMMARY.json,0.4062547825703495
277,lr2e-5_b16_mb8_ga2_a1.0_beta4.5_delta0_gamma0.25_e10,checkpoint-39,39,0.925160065293312,0.3757481715142691,0.6027747977524995,0.5813238338564692,1.8694649189611293e-09,0.5393320649142229,0.6188440845849189,-95.17496530057424,saves/unlearn/tofu/forget05/Llama-2-7b-chat-hf/SimNPO/lr2e-5_b16_mb8_ga2_a1.0_beta4.5_delta0_gamma0.25_e10/checkpoint-39,saves/unlearn/tofu/forget05/Llama-2-7b-chat-hf/SimNPO/lr2e-5_b16_mb8_ga2_a1.0_beta4.5_delta0_gamma0.25_e10/checkpoint-39/evals/TOFU_SUMMARY.json,0.4061155290476854
278,lr5e-5_b32_mb8_ga4_a1.0_beta4.5_delta0_gamma0.25_e10,checkpoint-28,28,0.8295951166749,0.1685880402189924,0.3864107090607285,0.4049680425219216,1.115040214537872e-05,0.6053709192475312,0.5936419294738412,-79.51672574695287,saves/unlearn/tofu/forget05/Llama-2-7b-chat-hf/SimNPO/lr5e-5_b32_mb8_ga4_a1.0_beta4.5_delta0_gamma0.25_e10/checkpoint-28,saves/unlearn/tofu/forget05/Llama-2-7b-chat-hf/SimNPO/lr5e-5_b32_mb8_ga4_a1.0_beta4.5_delta0_gamma0.25_e10/checkpoint-28/evals/TOFU_SUMMARY.json,0.40586580988863674
279,lr6e-5_b16_mb8_ga2_a1.0_beta3.5_delta0_gamma0.25_e10,checkpoint-65,65,0.7510761997103691,0.0999539886355888,0.2480709603615105,0.3390914213063166,0.000118366189619,0.6313722411974326,0.5800636647522033,-41.03591798349993,saves/unlearn/tofu/forget05/Llama-2-7b-chat-hf/SimNPO/lr6e-5_b16_mb8_ga2_a1.0_beta3.5_delta0_gamma0.25_e10/checkpoint-65,saves/unlearn/tofu/forget05/Llama-2-7b-chat-hf/SimNPO/lr6e-5_b16_mb8_ga2_a1.0_beta3.5_delta0_gamma0.25_e10/checkpoint-65/evals/TOFU_SUMMARY.json,0.4049655293477788
280,lr2e-5_b32_mb8_ga4_a1.0_beta4.5_delta0_gamma0.25_e10,checkpoint-42,42,0.9209900936484336,0.3450102087579348,0.5307456357777118,0.5813456507674708,4.869254633582969e-10,0.5382017403999849,0.6151761925482462,-94.08817633820132,saves/unlearn/tofu/forget05/Llama-2-7b-chat-hf/SimNPO/lr2e-5_b32_mb8_ga4_a1.0_beta4.5_delta0_gamma0.25_e10/checkpoint-42,saves/unlearn/tofu/forget05/Llama-2-7b-chat-hf/SimNPO/lr2e-5_b32_mb8_ga4_a1.0_beta4.5_delta0_gamma0.25_e10/checkpoint-42/evals/TOFU_SUMMARY.json,0.40447752941702964
281,lr2e-5_b32_mb8_ga4_a1.0_beta3.5_delta0_gamma0.25_e10,checkpoint-35,35,0.9165308582782744,0.3325973133342533,0.5159135783463716,0.5713223470736755,9.594235055800515e-10,0.5363161207989728,0.6134527122923656,-92.6391243883707,saves/unlearn/tofu/forget05/Llama-2-7b-chat-hf/SimNPO/lr2e-5_b32_mb8_ga4_a1.0_beta3.5_delta0_gamma0.25_e10/checkpoint-35,saves/unlearn/tofu/forget05/Llama-2-7b-chat-hf/SimNPO/lr2e-5_b32_mb8_ga4_a1.0_beta3.5_delta0_gamma0.25_e10/checkpoint-35/evals/TOFU_SUMMARY.json,0.40346747417008283
282,lr6e-5_b16_mb8_ga2_a1.0_beta3.5_delta0_gamma0.125_e10,checkpoint-65,65,0.786866238117218,0.1132234749084082,0.3564634643867612,0.3779223503708231,2.3797467071606504e-06,0.6219916256800658,0.5866923038840611,-70.63357483110318,saves/unlearn/tofu/forget05/Llama-2-7b-chat-hf/SimNPO/lr6e-5_b16_mb8_ga2_a1.0_beta3.5_delta0_gamma0.125_e10/checkpoint-65,saves/unlearn/tofu/forget05/Llama-2-7b-chat-hf/SimNPO/lr6e-5_b16_mb8_ga2_a1.0_beta3.5_delta0_gamma0.125_e10/checkpoint-65/evals/TOFU_SUMMARY.json,0.40309274673226553
283,lr2e-5_b32_mb8_ga4_a1.0_beta4.5_delta0_gamma0.25_e10,checkpoint-56,56,0.917661367058754,0.3303214816830024,0.5094957149401307,0.5816257079725562,4.869254633582969e-10,0.537678801308554,0.6135578733798589,-93.45999690250346,saves/unlearn/tofu/forget05/Llama-2-7b-chat-hf/SimNPO/lr2e-5_b32_mb8_ga4_a1.0_beta4.5_delta0_gamma0.25_e10/checkpoint-56,saves/unlearn/tofu/forget05/Llama-2-7b-chat-hf/SimNPO/lr2e-5_b32_mb8_ga4_a1.0_beta4.5_delta0_gamma0.25_e10/checkpoint-56/evals/TOFU_SUMMARY.json,0.40307253557474365
284,lr5e-5_b32_mb8_ga4_a1.0_beta4.5_delta0_gamma0.125_e10,checkpoint-42,42,0.8609327784180641,0.2029240310439919,0.4966310834139585,0.4476046917018426,4.4486735702923544e-08,0.5739611981409597,0.6005152969904467,-92.71620161974468,saves/unlearn/tofu/forget05/Llama-2-7b-chat-hf/SimNPO/lr5e-5_b32_mb8_ga4_a1.0_beta4.5_delta0_gamma0.125_e10/checkpoint-42,saves/unlearn/tofu/forget05/Llama-2-7b-chat-hf/SimNPO/lr5e-5_b32_mb8_ga4_a1.0_beta4.5_delta0_gamma0.125_e10/checkpoint-42/evals/TOFU_SUMMARY.json,0.4026946853253909
285,lr2e-5_b32_mb8_ga4_a1.0_beta4.5_delta0_gamma0.25_e10,checkpoint-49,49,0.9181122341752052,0.3357273483011534,0.5147735731303692,0.5779752656739043,9.594235055800515e-10,0.5379420527523083,0.6136252095744557,-93.6295668115262,saves/unlearn/tofu/forget05/Llama-2-7b-chat-hf/SimNPO/lr2e-5_b32_mb8_ga4_a1.0_beta4.5_delta0_gamma0.25_e10/checkpoint-49,saves/unlearn/tofu/forget05/Llama-2-7b-chat-hf/SimNPO/lr2e-5_b32_mb8_ga4_a1.0_beta4.5_delta0_gamma0.25_e10/checkpoint-49/evals/TOFU_SUMMARY.json,0.40253232908824355
286,lr2e-5_b32_mb8_ga4_a1.0_beta4.5_delta0_gamma0.25_e10,checkpoint-60,60,0.9170850476622582,0.3301525627640834,0.5087241737917065,0.5756397169598432,9.594235055800515e-10,0.537807997651808,0.6131241831216195,-93.44072759465998,saves/unlearn/tofu/forget05/Llama-2-7b-chat-hf/SimNPO/lr2e-5_b32_mb8_ga4_a1.0_beta4.5_delta0_gamma0.25_e10/checkpoint-60,saves/unlearn/tofu/forget05/Llama-2-7b-chat-hf/SimNPO/lr2e-5_b32_mb8_ga4_a1.0_beta4.5_delta0_gamma0.25_e10/checkpoint-60/evals/TOFU_SUMMARY.json,0.40251711879212987
287,lr5e-5_b32_mb8_ga4_a1.0_beta3.5_delta0_gamma0.125_e10,checkpoint-35,35,0.8507789850234986,0.1923071818273034,0.4527460839599371,0.4469934821504648,1.2940880677508261e-08,0.5814001628090825,0.5981370604788343,-86.25712963060627,saves/unlearn/tofu/forget05/Llama-2-7b-chat-hf/SimNPO/lr5e-5_b32_mb8_ga4_a1.0_beta3.5_delta0_gamma0.125_e10/checkpoint-35,saves/unlearn/tofu/forget05/Llama-2-7b-chat-hf/SimNPO/lr5e-5_b32_mb8_ga4_a1.0_beta3.5_delta0_gamma0.125_e10/checkpoint-35/evals/TOFU_SUMMARY.json,0.4020347713904251
288,lr6e-5_b32_mb8_ga4_a1.0_beta3.5_delta0_gamma0.125_e10,checkpoint-49,49,0.8108768317103386,0.1360524482526062,0.3857946882769465,0.4019856154547504,6.734842895808746e-06,0.6066161638662109,0.5902897075029272,-81.11607829796267,saves/unlearn/tofu/forget05/Llama-2-7b-chat-hf/SimNPO/lr6e-5_b32_mb8_ga4_a1.0_beta3.5_delta0_gamma0.125_e10/checkpoint-49,saves/unlearn/tofu/forget05/Llama-2-7b-chat-hf/SimNPO/lr6e-5_b32_mb8_ga4_a1.0_beta3.5_delta0_gamma0.125_e10/checkpoint-49/evals/TOFU_SUMMARY.json,0.40184718960483445
289,lr6e-5_b32_mb8_ga4_a1.0_beta4.5_delta1_gamma0.125_e10,checkpoint-14,14,0.7483920139074326,0.1046854028948035,0.2250093598803505,0.3579818022714307,0.0020827633834865,0.6401501748787354,0.5788562569277008,-19.095884072900272,saves/unlearn/tofu/forget05/Llama-2-7b-chat-hf/SimNPO/lr6e-5_b32_mb8_ga4_a1.0_beta4.5_delta1_gamma0.125_e10/checkpoint-14,saves/unlearn/tofu/forget05/Llama-2-7b-chat-hf/SimNPO/lr6e-5_b32_mb8_ga4_a1.0_beta4.5_delta1_gamma0.125_e10/checkpoint-14/evals/TOFU_SUMMARY.json,0.4007068785432964
290,lr6e-5_b32_mb8_ga4_a1.0_beta3.5_delta0_gamma0.25_e10,checkpoint-35,35,0.7644113400578498,0.0961646708521024,0.2823227040655911,0.3574791662620197,0.000648608042418,0.6443310402994953,0.5810605837737812,-52.96747340019,saves/unlearn/tofu/forget05/Llama-2-7b-chat-hf/SimNPO/lr6e-5_b32_mb8_ga4_a1.0_beta3.5_delta0_gamma0.25_e10/checkpoint-35,saves/unlearn/tofu/forget05/Llama-2-7b-chat-hf/SimNPO/lr6e-5_b32_mb8_ga4_a1.0_beta3.5_delta0_gamma0.25_e10/checkpoint-35/evals/TOFU_SUMMARY.json,0.3999395494180431
291,lr6e-5_b32_mb8_ga4_a1.0_beta4.5_delta0_gamma0.25_e10,checkpoint-42,42,0.7974692797660827,0.114040847956203,0.3526880579069257,0.3747375522708514,2.9607827368482373e-05,0.6208240184080281,0.5862481997238788,-74.92292275706443,saves/unlearn/tofu/forget05/Llama-2-7b-chat-hf/SimNPO/lr6e-5_b32_mb8_ga4_a1.0_beta4.5_delta0_gamma0.25_e10/checkpoint-42,saves/unlearn/tofu/forget05/Llama-2-7b-chat-hf/SimNPO/lr6e-5_b32_mb8_ga4_a1.0_beta4.5_delta0_gamma0.25_e10/checkpoint-42/evals/TOFU_SUMMARY.json,0.3996788651170943
292,lr6e-5_b16_mb8_ga2_a1.0_beta3.5_delta0_gamma0.125_e10,checkpoint-78,78,0.7856680929660798,0.1101369767545378,0.3327245430648327,0.3816054312992337,2.9607827368482373e-05,0.6164148636707861,0.5849311791571586,-69.05734544950558,saves/unlearn/tofu/forget05/Llama-2-7b-chat-hf/SimNPO/lr6e-5_b16_mb8_ga2_a1.0_beta3.5_delta0_gamma0.125_e10/checkpoint-78,saves/unlearn/tofu/forget05/Llama-2-7b-chat-hf/SimNPO/lr6e-5_b16_mb8_ga2_a1.0_beta3.5_delta0_gamma0.125_e10/checkpoint-78/evals/TOFU_SUMMARY.json,0.3990081876965591
293,lr5e-5_b16_mb8_ga2_a1.0_beta4.5_delta0_gamma0.25_e10,checkpoint-52,52,0.8105817535519599,0.1214642385288497,0.3337630638759583,0.3873071467143978,1.3921047931216453e-06,0.6114036729941104,0.5869511576488312,-67.43872359065226,saves/unlearn/tofu/forget05/Llama-2-7b-chat-hf/SimNPO/lr5e-5_b16_mb8_ga2_a1.0_beta4.5_delta0_gamma0.25_e10/checkpoint-52,saves/unlearn/tofu/forget05/Llama-2-7b-chat-hf/SimNPO/lr5e-5_b16_mb8_ga2_a1.0_beta4.5_delta0_gamma0.25_e10/checkpoint-52/evals/TOFU_SUMMARY.json,0.3985912615797813
294,lr6e-5_b16_mb8_ga2_a1.0_beta3.5_delta0_gamma0.125_e10,checkpoint-91,91,0.7887405756115914,0.1142967365414229,0.3309242392331362,0.384285393863588,7.536785951251345e-05,0.6215263544013849,0.5845224929919298,-66.61014335338213,saves/unlearn/tofu/forget05/Llama-2-7b-chat-hf/SimNPO/lr6e-5_b16_mb8_ga2_a1.0_beta3.5_delta0_gamma0.125_e10/checkpoint-91,saves/unlearn/tofu/forget05/Llama-2-7b-chat-hf/SimNPO/lr6e-5_b16_mb8_ga2_a1.0_beta3.5_delta0_gamma0.125_e10/checkpoint-91/evals/TOFU_SUMMARY.json,0.3960300336418647
295,lr2e-5_b32_mb8_ga4_a1.0_beta4.5_delta0_gamma0.25_e10,checkpoint-35,35,0.9270979243516922,0.3677739526769186,0.5654149106144906,0.5976887250457427,2.44374577116149e-10,0.5367350482917529,0.6155580256819554,-94.86665637507836,saves/unlearn/tofu/forget05/Llama-2-7b-chat-hf/SimNPO/lr2e-5_b32_mb8_ga4_a1.0_beta4.5_delta0_gamma0.25_e10/checkpoint-35,saves/unlearn/tofu/forget05/Llama-2-7b-chat-hf/SimNPO/lr2e-5_b32_mb8_ga4_a1.0_beta4.5_delta0_gamma0.25_e10/checkpoint-35/evals/TOFU_SUMMARY.json,0.3956454117550255
296,lr6e-5_b32_mb8_ga4_a1.0_beta4.5_delta0_gamma0.125_e10,checkpoint-56,56,0.8352988705039024,0.1511396545270097,0.4582462013140321,0.4117079504181757,1.2940880677508261e-08,0.5934142693260024,0.5930202303547097,-90.00308307538106,saves/unlearn/tofu/forget05/Llama-2-7b-chat-hf/SimNPO/lr6e-5_b32_mb8_ga4_a1.0_beta4.5_delta0_gamma0.125_e10/checkpoint-56,saves/unlearn/tofu/forget05/Llama-2-7b-chat-hf/SimNPO/lr6e-5_b32_mb8_ga4_a1.0_beta4.5_delta0_gamma0.125_e10/checkpoint-56/evals/TOFU_SUMMARY.json,0.39557880461558537
297,lr6e-5_b16_mb8_ga2_a1.0_beta3.5_delta0_gamma0.125_e10,checkpoint-120,120,0.7876727959513664,0.1138755956173254,0.3196864937990903,0.3876578380276643,4.7487878961137165e-05,0.6204379760662201,0.5839189858535345,-65.7738553929746,saves/unlearn/tofu/forget05/Llama-2-7b-chat-hf/SimNPO/lr6e-5_b16_mb8_ga2_a1.0_beta3.5_delta0_gamma0.125_e10/checkpoint-120,saves/unlearn/tofu/forget05/Llama-2-7b-chat-hf/SimNPO/lr6e-5_b16_mb8_ga2_a1.0_beta3.5_delta0_gamma0.125_e10/checkpoint-120/evals/TOFU_SUMMARY.json,0.3947214316306128
298,lr6e-5_b16_mb8_ga2_a1.0_beta3.5_delta0_gamma0.125_e10,checkpoint-117,117,0.7871576225757599,0.1132844811788255,0.319552260749042,0.3856223877370691,4.7487878961137165e-05,0.619698400209291,0.5836166905736214,-65.80854014709287,saves/unlearn/tofu/forget05/Llama-2-7b-chat-hf/SimNPO/lr6e-5_b16_mb8_ga2_a1.0_beta3.5_delta0_gamma0.125_e10/checkpoint-117,saves/unlearn/tofu/forget05/Llama-2-7b-chat-hf/SimNPO/lr6e-5_b16_mb8_ga2_a1.0_beta3.5_delta0_gamma0.125_e10/checkpoint-117/evals/TOFU_SUMMARY.json,0.39406440015048183
299,lr6e-5_b32_mb8_ga4_a1.0_beta3.5_delta0_gamma0.125_e10,checkpoint-42,42,0.8114214807748794,0.1398624428657906,0.3984682714939117,0.3970355348348917,1.3921047931216453e-06,0.6059820150293781,0.5885089310778825,-82.80406966505257,saves/unlearn/tofu/forget05/Llama-2-7b-chat-hf/SimNPO/lr6e-5_b32_mb8_ga4_a1.0_beta3.5_delta0_gamma0.125_e10/checkpoint-42,saves/unlearn/tofu/forget05/Llama-2-7b-chat-hf/SimNPO/lr6e-5_b32_mb8_ga4_a1.0_beta3.5_delta0_gamma0.125_e10/checkpoint-42/evals/TOFU_SUMMARY.json,0.3937803452629597
300,lr6e-5_b32_mb8_ga4_a1.0_beta4.5_delta0_gamma0.125_e10,checkpoint-60,60,0.8350657024979591,0.1498978244616503,0.4579554301872849,0.4129706046072486,2.412549897735469e-08,0.5935916014855763,0.5924001614440395,-89.97995990596885,saves/unlearn/tofu/forget05/Llama-2-7b-chat-hf/SimNPO/lr6e-5_b32_mb8_ga4_a1.0_beta4.5_delta0_gamma0.125_e10/checkpoint-60,saves/unlearn/tofu/forget05/Llama-2-7b-chat-hf/SimNPO/lr6e-5_b32_mb8_ga4_a1.0_beta4.5_delta0_gamma0.125_e10/checkpoint-60/evals/TOFU_SUMMARY.json,0.39325226714295247
301,lr5e-5_b32_mb8_ga4_a1.0_beta4.5_delta0_gamma0.25_e10,checkpoint-21,21,0.8334377345442772,0.1785387908104104,0.4213323678076267,0.4136971773055337,2.3797467071606504e-06,0.5928498670156113,0.592104412347889,-82.97749343564398,saves/unlearn/tofu/forget05/Llama-2-7b-chat-hf/SimNPO/lr5e-5_b32_mb8_ga4_a1.0_beta4.5_delta0_gamma0.25_e10/checkpoint-21,saves/unlearn/tofu/forget05/Llama-2-7b-chat-hf/SimNPO/lr5e-5_b32_mb8_ga4_a1.0_beta4.5_delta0_gamma0.25_e10/checkpoint-21/evals/TOFU_SUMMARY.json,0.39283540371927406
302,lr6e-5_b32_mb8_ga4_a1.0_beta4.5_delta0_gamma0.125_e10,checkpoint-49,49,0.8352919065952301,0.1509146725904065,0.4609567057713866,0.4123656334531408,3.602472544567432e-09,0.5926724606598294,0.5922525912794773,-90.23431476950296,saves/unlearn/tofu/forget05/Llama-2-7b-chat-hf/SimNPO/lr6e-5_b32_mb8_ga4_a1.0_beta4.5_delta0_gamma0.125_e10/checkpoint-49,saves/unlearn/tofu/forget05/Llama-2-7b-chat-hf/SimNPO/lr6e-5_b32_mb8_ga4_a1.0_beta4.5_delta0_gamma0.125_e10/checkpoint-49/evals/TOFU_SUMMARY.json,0.39227522982934443
303,lr5e-5_b32_mb8_ga4_a1.0_beta3.5_delta0_gamma0.125_e10,checkpoint-28,28,0.857016638815403,0.2066566879199233,0.505621839389205,0.4409218038897879,8.114129962716336e-08,0.5811831883048155,0.5973742813255075,-89.90673653616359,saves/unlearn/tofu/forget05/Llama-2-7b-chat-hf/SimNPO/lr5e-5_b32_mb8_ga4_a1.0_beta3.5_delta0_gamma0.125_e10/checkpoint-28,saves/unlearn/tofu/forget05/Llama-2-7b-chat-hf/SimNPO/lr5e-5_b32_mb8_ga4_a1.0_beta3.5_delta0_gamma0.125_e10/checkpoint-28/evals/TOFU_SUMMARY.json,0.391111138484751
304,lr5e-5_b32_mb8_ga4_a1.0_beta3.5_delta0_gamma0.25_e10,checkpoint-21,21,0.8130791878700256,0.154212324727184,0.3479935518652201,0.4029921262307478,2.9607827368482373e-05,0.6025993748206264,0.5870954154205067,-71.93618004132325,saves/unlearn/tofu/forget05/Llama-2-7b-chat-hf/SimNPO/lr5e-5_b32_mb8_ga4_a1.0_beta3.5_delta0_gamma0.25_e10/checkpoint-21,saves/unlearn/tofu/forget05/Llama-2-7b-chat-hf/SimNPO/lr5e-5_b32_mb8_ga4_a1.0_beta3.5_delta0_gamma0.25_e10/checkpoint-21/evals/TOFU_SUMMARY.json,0.3907747804296344
305,lr6e-5_b16_mb8_ga2_a1.0_beta3.5_delta1_gamma0.25_e10,checkpoint-13,13,0.8186322739720344,0.2103764599497901,0.4045937929581851,0.3898798212574694,1.2940880677508261e-08,0.5788744915653049,0.5902813651073457,-68.92246029460112,saves/unlearn/tofu/forget05/Llama-2-7b-chat-hf/SimNPO/lr6e-5_b16_mb8_ga2_a1.0_beta3.5_delta1_gamma0.25_e10/checkpoint-13,saves/unlearn/tofu/forget05/Llama-2-7b-chat-hf/SimNPO/lr6e-5_b16_mb8_ga2_a1.0_beta3.5_delta1_gamma0.25_e10/checkpoint-13/evals/TOFU_SUMMARY.json,0.3906937943704367
306,lr6e-5_b16_mb8_ga2_a1.0_beta3.5_delta0_gamma0.25_e10,checkpoint-39,39,0.7602022054791451,0.1010205379679062,0.2756996309757232,0.3501174418795122,0.0001839576450129,0.6269066483487328,0.5777936882279212,-50.007707715429696,saves/unlearn/tofu/forget05/Llama-2-7b-chat-hf/SimNPO/lr6e-5_b16_mb8_ga2_a1.0_beta3.5_delta0_gamma0.25_e10/checkpoint-39,saves/unlearn/tofu/forget05/Llama-2-7b-chat-hf/SimNPO/lr6e-5_b16_mb8_ga2_a1.0_beta3.5_delta0_gamma0.25_e10/checkpoint-39/evals/TOFU_SUMMARY.json,0.38943682439682664
307,lr6e-5_b16_mb8_ga2_a1.0_beta3.5_delta0_gamma0.125_e10,checkpoint-104,104,0.7870307698845863,0.1143530964696914,0.321781869456172,0.3881251064893337,4.7487878961137165e-05,0.6200615968016454,0.5824950898976688,-66.04362570278346,saves/unlearn/tofu/forget05/Llama-2-7b-chat-hf/SimNPO/lr6e-5_b16_mb8_ga2_a1.0_beta3.5_delta0_gamma0.125_e10/checkpoint-104,saves/unlearn/tofu/forget05/Llama-2-7b-chat-hf/SimNPO/lr6e-5_b16_mb8_ga2_a1.0_beta3.5_delta0_gamma0.125_e10/checkpoint-104/evals/TOFU_SUMMARY.json,0.3890561670604828
308,lr2e-5_b32_mb8_ga4_a1.0_beta3.5_delta0_gamma0.25_e10,checkpoint-28,28,0.9270048081874848,0.3799601974069279,0.5842736633494496,0.6217702706005058,1.2127544312107394e-10,0.5327584738381032,0.6155177734189795,-94.69323260448694,saves/unlearn/tofu/forget05/Llama-2-7b-chat-hf/SimNPO/lr2e-5_b32_mb8_ga4_a1.0_beta3.5_delta0_gamma0.25_e10/checkpoint-28,saves/unlearn/tofu/forget05/Llama-2-7b-chat-hf/SimNPO/lr2e-5_b32_mb8_ga4_a1.0_beta3.5_delta0_gamma0.25_e10/checkpoint-28/evals/TOFU_SUMMARY.json,0.38850452346358166
309,lr6e-5_b32_mb8_ga4_a1.0_beta3.5_delta1_gamma0.125_e10,checkpoint-14,14,0.7575582274794579,0.1126182767145693,0.2465811233432032,0.3562599798169323,0.0014264303851701,0.6359243470568122,0.576936997342449,-27.570525662467936,saves/unlearn/tofu/forget05/Llama-2-7b-chat-hf/SimNPO/lr6e-5_b32_mb8_ga4_a1.0_beta3.5_delta1_gamma0.125_e10/checkpoint-14,saves/unlearn/tofu/forget05/Llama-2-7b-chat-hf/SimNPO/lr6e-5_b32_mb8_ga4_a1.0_beta3.5_delta1_gamma0.125_e10/checkpoint-14/evals/TOFU_SUMMARY.json,0.38796363832898384
310,lr6e-5_b16_mb8_ga2_a1.0_beta4.5_delta0_gamma0.25_e10,checkpoint-65,65,0.7803954195976257,0.1061634874477992,0.3273436818644404,0.3770113013884634,1.3921047931216453e-06,0.6130029814383804,0.581046385081822,-65.72760905415021,saves/unlearn/tofu/forget05/Llama-2-7b-chat-hf/SimNPO/lr6e-5_b16_mb8_ga2_a1.0_beta4.5_delta0_gamma0.25_e10/checkpoint-65,saves/unlearn/tofu/forget05/Llama-2-7b-chat-hf/SimNPO/lr6e-5_b16_mb8_ga2_a1.0_beta4.5_delta0_gamma0.25_e10/checkpoint-65/evals/TOFU_SUMMARY.json,0.38705467259685816
311,lr2e-5_b32_mb8_ga4_a1.0_beta3.5_delta1_gamma0.125_e10,checkpoint-21,21,0.9274925956130028,0.4137198395572564,0.5988931787014008,0.611779414787842,4.869254633582969e-10,0.5263581034380658,0.6160294561945786,-91.90689069031804,saves/unlearn/tofu/forget05/Llama-2-7b-chat-hf/SimNPO/lr2e-5_b32_mb8_ga4_a1.0_beta3.5_delta1_gamma0.125_e10/checkpoint-21,saves/unlearn/tofu/forget05/Llama-2-7b-chat-hf/SimNPO/lr2e-5_b32_mb8_ga4_a1.0_beta3.5_delta1_gamma0.125_e10/checkpoint-21/evals/TOFU_SUMMARY.json,0.386130749447273
312,lr5e-5_b16_mb8_ga2_a1.0_beta3.5_delta0_gamma0.125_e10,checkpoint-26,26,0.8749808531999588,0.2608971845405788,0.5974834656529129,0.4555385646682673,2.412549897735469e-08,0.5830362644688624,0.6019154322119145,-93.76830582799931,saves/unlearn/tofu/forget05/Llama-2-7b-chat-hf/SimNPO/lr5e-5_b16_mb8_ga2_a1.0_beta3.5_delta0_gamma0.125_e10/checkpoint-26,saves/unlearn/tofu/forget05/Llama-2-7b-chat-hf/SimNPO/lr5e-5_b16_mb8_ga2_a1.0_beta3.5_delta0_gamma0.125_e10/checkpoint-26/evals/TOFU_SUMMARY.json,0.3857498178633882
313,lr2e-5_b32_mb8_ga4_a1.0_beta4.5_delta0_gamma0.25_e10,checkpoint-28,28,0.9330875799059868,0.3911355480256726,0.6199217855557799,0.6286704771805833,6.568964585936946e-12,0.5334532287079312,0.6163657866171106,-96.1461384158862,saves/unlearn/tofu/forget05/Llama-2-7b-chat-hf/SimNPO/lr2e-5_b32_mb8_ga4_a1.0_beta4.5_delta0_gamma0.25_e10/checkpoint-28,saves/unlearn/tofu/forget05/Llama-2-7b-chat-hf/SimNPO/lr2e-5_b32_mb8_ga4_a1.0_beta4.5_delta0_gamma0.25_e10/checkpoint-28/evals/TOFU_SUMMARY.json,0.38414644369910045
314,lr2e-5_b32_mb8_ga4_a1.0_beta4.5_delta1_gamma0.125_e10,checkpoint-21,21,0.92451943308115,0.4136437924454451,0.5826497539132833,0.6059006122256266,4.869254633582969e-10,0.5257939324313439,0.6146200405410689,-91.45598888678032,saves/unlearn/tofu/forget05/Llama-2-7b-chat-hf/SimNPO/lr2e-5_b32_mb8_ga4_a1.0_beta4.5_delta1_gamma0.125_e10/checkpoint-21,saves/unlearn/tofu/forget05/Llama-2-7b-chat-hf/SimNPO/lr2e-5_b32_mb8_ga4_a1.0_beta4.5_delta1_gamma0.125_e10/checkpoint-21/evals/TOFU_SUMMARY.json,0.3840246742798899
315,lr2e-5_b16_mb8_ga2_a1.0_beta4.5_delta1_gamma0.25_e10,checkpoint-26,26,0.8763493952155114,0.2681936325995129,0.4210717142838984,0.4556961400015689,1.2940880677508261e-08,0.5358023359868486,0.5968372599039496,-85.23971017646991,saves/unlearn/tofu/forget05/Llama-2-7b-chat-hf/SimNPO/lr2e-5_b16_mb8_ga2_a1.0_beta4.5_delta1_gamma0.25_e10/checkpoint-26,saves/unlearn/tofu/forget05/Llama-2-7b-chat-hf/SimNPO/lr2e-5_b16_mb8_ga2_a1.0_beta4.5_delta1_gamma0.25_e10/checkpoint-26/evals/TOFU_SUMMARY.json,0.3839450163666349
316,lr6e-5_b16_mb8_ga2_a1.0_beta4.5_delta0_gamma0.125_e10,checkpoint-78,78,0.8100101211667061,0.1227057819859948,0.4163253682479262,0.4025111347783167,2.612740390966732e-07,0.6067086850797956,0.5859468029995787,-82.6653306485794,saves/unlearn/tofu/forget05/Llama-2-7b-chat-hf/SimNPO/lr6e-5_b16_mb8_ga2_a1.0_beta4.5_delta0_gamma0.125_e10/checkpoint-78,saves/unlearn/tofu/forget05/Llama-2-7b-chat-hf/SimNPO/lr6e-5_b16_mb8_ga2_a1.0_beta4.5_delta0_gamma0.125_e10/checkpoint-78/evals/TOFU_SUMMARY.json,0.3836540060037343
317,lr6e-5_b16_mb8_ga2_a1.0_beta4.5_delta1_gamma0.25_e10,checkpoint-13,13,0.818506524860859,0.2080670673545205,0.3929837746825069,0.3885460470197773,8.114129962716336e-08,0.5802827382131984,0.5878472054501784,-67.28842298947303,saves/unlearn/tofu/forget05/Llama-2-7b-chat-hf/SimNPO/lr6e-5_b16_mb8_ga2_a1.0_beta4.5_delta1_gamma0.25_e10/checkpoint-13,saves/unlearn/tofu/forget05/Llama-2-7b-chat-hf/SimNPO/lr6e-5_b16_mb8_ga2_a1.0_beta4.5_delta1_gamma0.25_e10/checkpoint-13/evals/TOFU_SUMMARY.json,0.3831008641055029
318,lr5e-5_b32_mb8_ga4_a1.0_beta3.5_delta0_gamma0.125_e10,checkpoint-21,21,0.8695821115374565,0.2183131559696652,0.5624832906574011,0.4653501577730171,6.8655817334872084e-09,0.5706483551694543,0.598913312117014,-93.72591335074364,saves/unlearn/tofu/forget05/Llama-2-7b-chat-hf/SimNPO/lr5e-5_b32_mb8_ga4_a1.0_beta3.5_delta0_gamma0.125_e10/checkpoint-21,saves/unlearn/tofu/forget05/Llama-2-7b-chat-hf/SimNPO/lr5e-5_b32_mb8_ga4_a1.0_beta3.5_delta0_gamma0.125_e10/checkpoint-21/evals/TOFU_SUMMARY.json,0.38300220669185614
319,lr5e-5_b16_mb8_ga2_a1.0_beta3.5_delta0_gamma0.25_e10,checkpoint-39,39,0.7795779827237129,0.1244499672893181,0.269212074256502,0.3815541503529392,0.0004306111484986,0.6215993767848373,0.5781716414783096,-52.64760288998804,saves/unlearn/tofu/forget05/Llama-2-7b-chat-hf/SimNPO/lr5e-5_b16_mb8_ga2_a1.0_beta3.5_delta0_gamma0.25_e10/checkpoint-39,saves/unlearn/tofu/forget05/Llama-2-7b-chat-hf/SimNPO/lr5e-5_b16_mb8_ga2_a1.0_beta3.5_delta0_gamma0.25_e10/checkpoint-39/evals/TOFU_SUMMARY.json,0.37969057787035737
320,lr6e-5_b32_mb8_ga4_a1.0_beta4.5_delta0_gamma0.125_e10,checkpoint-42,42,0.8346306720376014,0.152591306704921,0.4698648704588413,0.409629072207936,2.412549897735469e-08,0.592978041801848,0.5890810381294739,-90.95498688284955,saves/unlearn/tofu/forget05/Llama-2-7b-chat-hf/SimNPO/lr6e-5_b32_mb8_ga4_a1.0_beta4.5_delta0_gamma0.125_e10/checkpoint-42,saves/unlearn/tofu/forget05/Llama-2-7b-chat-hf/SimNPO/lr6e-5_b32_mb8_ga4_a1.0_beta4.5_delta0_gamma0.125_e10/checkpoint-42/evals/TOFU_SUMMARY.json,0.37949632129541744
321,lr5e-5_b16_mb8_ga2_a1.0_beta4.5_delta0_gamma0.25_e10,checkpoint-26,26,0.8356497150659561,0.1703205063900997,0.4317198044992983,0.4189040605846577,4.6128382074998843e-07,0.595594638071683,0.588966578415887,-79.62078000930774,saves/unlearn/tofu/forget05/Llama-2-7b-chat-hf/SimNPO/lr5e-5_b16_mb8_ga2_a1.0_beta4.5_delta0_gamma0.25_e10/checkpoint-26,saves/unlearn/tofu/forget05/Llama-2-7b-chat-hf/SimNPO/lr5e-5_b16_mb8_ga2_a1.0_beta4.5_delta0_gamma0.25_e10/checkpoint-26/evals/TOFU_SUMMARY.json,0.3794018325950181
322,lr2e-5_b16_mb8_ga2_a1.0_beta3.5_delta1_gamma0.25_e10,checkpoint-26,26,0.8790985652804375,0.2708677474601398,0.4319671522080898,0.4644816185902962,3.602472544567432e-09,0.5345353348632039,0.5963683739844928,-85.86788961216774,saves/unlearn/tofu/forget05/Llama-2-7b-chat-hf/SimNPO/lr2e-5_b16_mb8_ga2_a1.0_beta3.5_delta1_gamma0.25_e10/checkpoint-26,saves/unlearn/tofu/forget05/Llama-2-7b-chat-hf/SimNPO/lr2e-5_b16_mb8_ga2_a1.0_beta3.5_delta1_gamma0.25_e10/checkpoint-26/evals/TOFU_SUMMARY.json,0.3787290333192307
323,lr2e-5_b32_mb8_ga4_a1.0_beta3.5_delta1_gamma0.25_e10,checkpoint-14,14,0.9062910029292106,0.3382943863480167,0.5357353149913251,0.5144438251583682,2.8873674273022316e-11,0.5202488379499595,0.6047387426584833,-91.983967921692,saves/unlearn/tofu/forget05/Llama-2-7b-chat-hf/SimNPO/lr2e-5_b32_mb8_ga4_a1.0_beta3.5_delta1_gamma0.25_e10/checkpoint-14,saves/unlearn/tofu/forget05/Llama-2-7b-chat-hf/SimNPO/lr2e-5_b32_mb8_ga4_a1.0_beta3.5_delta1_gamma0.25_e10/checkpoint-14/evals/TOFU_SUMMARY.json,0.3778779115587886
324,lr2e-5_b32_mb8_ga4_a1.0_beta3.5_delta0_gamma0.25_e10,checkpoint-21,21,0.9404139363765716,0.4456651691488236,0.6846755671873689,0.655756736555101,6.540866008411473e-13,0.5275035909189572,0.6195506603660184,-97.0787729155112,saves/unlearn/tofu/forget05/Llama-2-7b-chat-hf/SimNPO/lr2e-5_b32_mb8_ga4_a1.0_beta3.5_delta0_gamma0.25_e10/checkpoint-21,saves/unlearn/tofu/forget05/Llama-2-7b-chat-hf/SimNPO/lr2e-5_b32_mb8_ga4_a1.0_beta3.5_delta0_gamma0.25_e10/checkpoint-21/evals/TOFU_SUMMARY.json,0.3771320351147697
325,lr5e-5_b32_mb8_ga4_a1.0_beta4.5_delta1_gamma0.25_e10,checkpoint-7,7,0.8834639474749565,0.291022065974576,0.5534854597784579,0.4533229577376519,4.869254633582969e-10,0.5424252132238246,0.5994188211338384,-92.48882378719148,saves/unlearn/tofu/forget05/Llama-2-7b-chat-hf/SimNPO/lr5e-5_b32_mb8_ga4_a1.0_beta4.5_delta1_gamma0.25_e10/checkpoint-7,saves/unlearn/tofu/forget05/Llama-2-7b-chat-hf/SimNPO/lr5e-5_b32_mb8_ga4_a1.0_beta4.5_delta1_gamma0.25_e10/checkpoint-7/evals/TOFU_SUMMARY.json,0.3755524431220843
326,lr6e-5_b32_mb8_ga4_a1.0_beta3.5_delta0_gamma0.25_e10,checkpoint-28,28,0.7697450491786003,0.1087643120994528,0.302991913612932,0.3572674159746007,0.0009668691315127,0.6401813871201424,0.575967540395709,-57.73470016066984,saves/unlearn/tofu/forget05/Llama-2-7b-chat-hf/SimNPO/lr6e-5_b32_mb8_ga4_a1.0_beta3.5_delta0_gamma0.25_e10/checkpoint-28,saves/unlearn/tofu/forget05/Llama-2-7b-chat-hf/SimNPO/lr6e-5_b32_mb8_ga4_a1.0_beta3.5_delta0_gamma0.25_e10/checkpoint-28/evals/TOFU_SUMMARY.json,0.3755188838220307
327,lr6e-5_b32_mb8_ga4_a1.0_beta4.5_delta0_gamma0.25_e10,checkpoint-35,35,0.7988440430164337,0.1126442957194891,0.3750330961123109,0.3823142035296576,1.8266119303942767e-05,0.6265494847133806,0.5806321358372266,-76.8498535414136,saves/unlearn/tofu/forget05/Llama-2-7b-chat-hf/SimNPO/lr6e-5_b32_mb8_ga4_a1.0_beta4.5_delta0_gamma0.25_e10/checkpoint-35,saves/unlearn/tofu/forget05/Llama-2-7b-chat-hf/SimNPO/lr6e-5_b32_mb8_ga4_a1.0_beta4.5_delta0_gamma0.25_e10/checkpoint-35/evals/TOFU_SUMMARY.json,0.3744698785598582
328,lr6e-5_b16_mb8_ga2_a1.0_beta4.5_delta0_gamma0.125_e10,checkpoint-91,91,0.8137490394711494,0.1264095464027294,0.4166582529991865,0.4080217435704639,1.4639479233432268e-07,0.6076796758481674,0.5839673739087972,-81.61708030189348,saves/unlearn/tofu/forget05/Llama-2-7b-chat-hf/SimNPO/lr6e-5_b16_mb8_ga2_a1.0_beta4.5_delta0_gamma0.125_e10/checkpoint-91,saves/unlearn/tofu/forget05/Llama-2-7b-chat-hf/SimNPO/lr6e-5_b16_mb8_ga2_a1.0_beta4.5_delta0_gamma0.125_e10/checkpoint-91/evals/TOFU_SUMMARY.json,0.37389202214953127
329,lr2e-5_b32_mb8_ga4_a1.0_beta4.5_delta1_gamma0.25_e10,checkpoint-14,14,0.9039744761586188,0.3347144318539932,0.5310354445315898,0.5084920415313445,2.8873674273022316e-11,0.5223686743792995,0.6027348447471829,-91.88762138247452,saves/unlearn/tofu/forget05/Llama-2-7b-chat-hf/SimNPO/lr2e-5_b32_mb8_ga4_a1.0_beta4.5_delta1_gamma0.25_e10/checkpoint-14,saves/unlearn/tofu/forget05/Llama-2-7b-chat-hf/SimNPO/lr2e-5_b32_mb8_ga4_a1.0_beta4.5_delta1_gamma0.25_e10/checkpoint-14/evals/TOFU_SUMMARY.json,0.37253538372582573
330,lr5e-5_b32_mb8_ga4_a1.0_beta4.5_delta0_gamma0.125_e10,checkpoint-35,35,0.8647409421205521,0.2081167840231046,0.5219705460965633,0.4718680177718932,6.8655817334872084e-09,0.5764566998955555,0.5944207203436273,-93.57561274956444,saves/unlearn/tofu/forget05/Llama-2-7b-chat-hf/SimNPO/lr5e-5_b32_mb8_ga4_a1.0_beta4.5_delta0_gamma0.125_e10/checkpoint-35,saves/unlearn/tofu/forget05/Llama-2-7b-chat-hf/SimNPO/lr5e-5_b32_mb8_ga4_a1.0_beta4.5_delta0_gamma0.125_e10/checkpoint-35/evals/TOFU_SUMMARY.json,0.3715317424930896
331,lr5e-5_b32_mb8_ga4_a1.0_beta4.5_delta0_gamma0.25_e10,checkpoint-14,14,0.8702421933412552,0.2316256776717579,0.5673119926452637,0.4552496119509082,6.8655817334872084e-09,0.5868168326167985,0.5960559090357971,-92.72390934288208,saves/unlearn/tofu/forget05/Llama-2-7b-chat-hf/SimNPO/lr5e-5_b32_mb8_ga4_a1.0_beta4.5_delta0_gamma0.25_e10/checkpoint-14,saves/unlearn/tofu/forget05/Llama-2-7b-chat-hf/SimNPO/lr5e-5_b32_mb8_ga4_a1.0_beta4.5_delta0_gamma0.25_e10/checkpoint-14/evals/TOFU_SUMMARY.json,0.37121161855320634
332,lr5e-5_b32_mb8_ga4_a1.0_beta3.5_delta1_gamma0.25_e10,checkpoint-7,7,0.8844711133837699,0.2973671806144963,0.5578000828437507,0.4553297903063624,4.869254633582969e-10,0.5418337957801282,0.5984374869010175,-92.71620161974468,saves/unlearn/tofu/forget05/Llama-2-7b-chat-hf/SimNPO/lr5e-5_b32_mb8_ga4_a1.0_beta3.5_delta1_gamma0.25_e10/checkpoint-7,saves/unlearn/tofu/forget05/Llama-2-7b-chat-hf/SimNPO/lr5e-5_b32_mb8_ga4_a1.0_beta3.5_delta1_gamma0.25_e10/checkpoint-7/evals/TOFU_SUMMARY.json,0.37002301144734756
333,lr2e-5_b32_mb8_ga4_a1.0_beta4.5_delta0_gamma0.25_e10,checkpoint-21,21,0.9457594987750052,0.4685189494828312,0.7150120344758034,0.6779393320360179,3.079954091574832e-12,0.5272432938158095,0.6204049750079051,-97.784029582583,saves/unlearn/tofu/forget05/Llama-2-7b-chat-hf/SimNPO/lr2e-5_b32_mb8_ga4_a1.0_beta4.5_delta0_gamma0.25_e10/checkpoint-21,saves/unlearn/tofu/forget05/Llama-2-7b-chat-hf/SimNPO/lr2e-5_b32_mb8_ga4_a1.0_beta4.5_delta0_gamma0.25_e10/checkpoint-21/evals/TOFU_SUMMARY.json,0.3698963677647671
334,lr2e-5_b16_mb8_ga2_a1.0_beta3.5_delta0_gamma0.125_e10,checkpoint-104,104,0.926406717300415,0.3619147164672327,0.5416261681169271,0.6063954266534008,2.44374577116149e-10,0.5318610582334344,0.6081524894403347,-94.34638506330408,saves/unlearn/tofu/forget05/Llama-2-7b-chat-hf/SimNPO/lr2e-5_b16_mb8_ga2_a1.0_beta3.5_delta0_gamma0.125_e10/checkpoint-104,saves/unlearn/tofu/forget05/Llama-2-7b-chat-hf/SimNPO/lr2e-5_b16_mb8_ga2_a1.0_beta3.5_delta0_gamma0.125_e10/checkpoint-104/evals/TOFU_SUMMARY.json,0.36938208487541924
335,lr5e-5_b16_mb8_ga2_a1.0_beta4.5_delta0_gamma0.125_e10,checkpoint-26,26,0.8800761222839355,0.2713603055802313,0.6117233637720346,0.4611829674559564,2.412549897735469e-08,0.5796202888734624,0.5988910042116316,-94.64313240409383,saves/unlearn/tofu/forget05/Llama-2-7b-chat-hf/SimNPO/lr5e-5_b16_mb8_ga2_a1.0_beta4.5_delta0_gamma0.125_e10/checkpoint-26,saves/unlearn/tofu/forget05/Llama-2-7b-chat-hf/SimNPO/lr5e-5_b16_mb8_ga2_a1.0_beta4.5_delta0_gamma0.125_e10/checkpoint-26/evals/TOFU_SUMMARY.json,0.3693255947017605
336,lr6e-5_b32_mb8_ga4_a1.0_beta3.5_delta0_gamma0.25_e10,checkpoint-21,21,0.7839141774177552,0.119319436718294,0.3443179600685835,0.3962116222561543,4.7487878961137165e-05,0.6201002995420825,0.5782474622849014,-66.70263603103088,saves/unlearn/tofu/forget05/Llama-2-7b-chat-hf/SimNPO/lr6e-5_b32_mb8_ga4_a1.0_beta3.5_delta0_gamma0.25_e10/checkpoint-21,saves/unlearn/tofu/forget05/Llama-2-7b-chat-hf/SimNPO/lr6e-5_b32_mb8_ga4_a1.0_beta3.5_delta0_gamma0.25_e10/checkpoint-21/evals/TOFU_SUMMARY.json,0.3692869013376039
337,lr2e-5_b16_mb8_ga2_a1.0_beta3.5_delta0_gamma0.125_e10,checkpoint-117,117,0.9253093680739404,0.3595582852460957,0.5388041590899229,0.6080446442068397,4.869254633582969e-10,0.5318875244035989,0.6078478549997779,-94.28857713977362,saves/unlearn/tofu/forget05/Llama-2-7b-chat-hf/SimNPO/lr2e-5_b16_mb8_ga2_a1.0_beta3.5_delta0_gamma0.125_e10/checkpoint-117,saves/unlearn/tofu/forget05/Llama-2-7b-chat-hf/SimNPO/lr2e-5_b16_mb8_ga2_a1.0_beta3.5_delta0_gamma0.125_e10/checkpoint-117/evals/TOFU_SUMMARY.json,0.3688197099992516
338,lr6e-5_b16_mb8_ga2_a1.0_beta4.5_delta0_gamma0.125_e10,checkpoint-65,65,0.8101337867975235,0.1277518324992833,0.4311022812873125,0.3952926663296551,1.4639479233432268e-07,0.6128841125667744,0.5821331570307046,-82.82333897289604,saves/unlearn/tofu/forget05/Llama-2-7b-chat-hf/SimNPO/lr6e-5_b16_mb8_ga2_a1.0_beta4.5_delta0_gamma0.125_e10/checkpoint-65,saves/unlearn/tofu/forget05/Llama-2-7b-chat-hf/SimNPO/lr6e-5_b16_mb8_ga2_a1.0_beta4.5_delta0_gamma0.125_e10/checkpoint-65/evals/TOFU_SUMMARY.json,0.367839101372461
339,lr2e-5_b16_mb8_ga2_a1.0_beta3.5_delta0_gamma0.125_e10,checkpoint-120,120,0.925603152513504,0.3592805074683178,0.5382025220990181,0.607640927839161,2.44374577116149e-10,0.5316738763092276,0.6072795863814464,-94.29628486291102,saves/unlearn/tofu/forget05/Llama-2-7b-chat-hf/SimNPO/lr2e-5_b16_mb8_ga2_a1.0_beta3.5_delta0_gamma0.125_e10/checkpoint-120,saves/unlearn/tofu/forget05/Llama-2-7b-chat-hf/SimNPO/lr2e-5_b16_mb8_ga2_a1.0_beta3.5_delta0_gamma0.125_e10/checkpoint-120/evals/TOFU_SUMMARY.json,0.3667268054283176
340,lr5e-5_b32_mb8_ga4_a1.0_beta3.5_delta0_gamma0.25_e10,checkpoint-14,14,0.8566401383280754,0.2233997353770678,0.5282916767895222,0.4396368300978601,2.412549897735469e-08,0.5921298712413657,0.5920314901570245,-89.6485278110608,saves/unlearn/tofu/forget05/Llama-2-7b-chat-hf/SimNPO/lr5e-5_b32_mb8_ga4_a1.0_beta3.5_delta0_gamma0.25_e10/checkpoint-14,saves/unlearn/tofu/forget05/Llama-2-7b-chat-hf/SimNPO/lr5e-5_b32_mb8_ga4_a1.0_beta3.5_delta0_gamma0.25_e10/checkpoint-14/evals/TOFU_SUMMARY.json,0.36641149474389884
341,lr5e-5_b16_mb8_ga2_a1.0_beta4.5_delta0_gamma0.25_e10,checkpoint-39,39,0.8138187262415886,0.1372360492393363,0.3455386971123516,0.40494087382736,2.3797467071606504e-06,0.6033100592738185,0.5800751251436497,-71.43903189896113,saves/unlearn/tofu/forget05/Llama-2-7b-chat-hf/SimNPO/lr5e-5_b16_mb8_ga2_a1.0_beta4.5_delta0_gamma0.25_e10/checkpoint-39,saves/unlearn/tofu/forget05/Llama-2-7b-chat-hf/SimNPO/lr5e-5_b16_mb8_ga2_a1.0_beta4.5_delta0_gamma0.25_e10/checkpoint-39/evals/TOFU_SUMMARY.json,0.3656945541380897
342,lr6e-5_b16_mb8_ga2_a1.0_beta3.5_delta1_gamma0.125_e10,checkpoint-26,26,0.6605031761527062,0.0806063855223005,0.141131030567667,0.3005093162938034,0.0085394839498318,0.6318568676802999,0.5584973932398882,10.644365652744808,saves/unlearn/tofu/forget05/Llama-2-7b-chat-hf/SimNPO/lr6e-5_b16_mb8_ga2_a1.0_beta3.5_delta1_gamma0.125_e10/checkpoint-26,saves/unlearn/tofu/forget05/Llama-2-7b-chat-hf/SimNPO/lr6e-5_b16_mb8_ga2_a1.0_beta3.5_delta1_gamma0.125_e10/checkpoint-26/evals/TOFU_SUMMARY.json,0.365422378811946
343,lr2e-5_b16_mb8_ga2_a1.0_beta3.5_delta0_gamma0.125_e10,checkpoint-91,91,0.9279705372452736,0.3694004755558144,0.5554404414445162,0.6099581245376531,4.869254633582969e-10,0.5325925064979488,0.6078939505767045,-94.68552488134954,saves/unlearn/tofu/forget05/Llama-2-7b-chat-hf/SimNPO/lr2e-5_b16_mb8_ga2_a1.0_beta3.5_delta0_gamma0.125_e10/checkpoint-91,saves/unlearn/tofu/forget05/Llama-2-7b-chat-hf/SimNPO/lr2e-5_b16_mb8_ga2_a1.0_beta3.5_delta0_gamma0.125_e10/checkpoint-91/evals/TOFU_SUMMARY.json,0.3651124492474722
344,lr5e-5_b32_mb8_ga4_a1.0_beta4.5_delta0_gamma0.125_e10,checkpoint-21,21,0.8773437157273293,0.237271732449649,0.5985806948691607,0.4679690805027474,1.8694649189611293e-09,0.5674659274787384,0.5960063033643672,-95.47171264136402,saves/unlearn/tofu/forget05/Llama-2-7b-chat-hf/SimNPO/lr5e-5_b32_mb8_ga4_a1.0_beta4.5_delta0_gamma0.125_e10/checkpoint-21,saves/unlearn/tofu/forget05/Llama-2-7b-chat-hf/SimNPO/lr5e-5_b32_mb8_ga4_a1.0_beta4.5_delta0_gamma0.125_e10/checkpoint-21/evals/TOFU_SUMMARY.json,0.3634656589566525
345,lr5e-5_b32_mb8_ga4_a1.0_beta4.5_delta0_gamma0.125_e10,checkpoint-28,28,0.871516110599041,0.2317195586039722,0.5609954190999269,0.4591800201465553,6.8655817334872084e-09,0.576504866571712,0.5940344705868934,-94.45814704879636,saves/unlearn/tofu/forget05/Llama-2-7b-chat-hf/SimNPO/lr5e-5_b32_mb8_ga4_a1.0_beta4.5_delta0_gamma0.125_e10/checkpoint-28,saves/unlearn/tofu/forget05/Llama-2-7b-chat-hf/SimNPO/lr5e-5_b32_mb8_ga4_a1.0_beta4.5_delta0_gamma0.125_e10/checkpoint-28/evals/TOFU_SUMMARY.json,0.36324868928149656
346,lr6e-5_b16_mb8_ga2_a1.0_beta4.5_delta0_gamma0.125_e10,checkpoint-117,117,0.8135670578479767,0.1272629722570011,0.4071058181673288,0.4158119326736235,4.4486735702923544e-08,0.6047651698717774,0.580744120350802,-81.09295512855049,saves/unlearn/tofu/forget05/Llama-2-7b-chat-hf/SimNPO/lr6e-5_b16_mb8_ga2_a1.0_beta4.5_delta0_gamma0.125_e10/checkpoint-117,saves/unlearn/tofu/forget05/Llama-2-7b-chat-hf/SimNPO/lr6e-5_b16_mb8_ga2_a1.0_beta4.5_delta0_gamma0.125_e10/checkpoint-117/evals/TOFU_SUMMARY.json,0.36135091574752876
347,lr6e-5_b32_mb8_ga4_a1.0_beta4.5_delta0_gamma0.25_e10,checkpoint-28,28,0.7991855949163437,0.1193737422802043,0.390029831379652,0.3760832370266665,0.000118366189619,0.6269870116381276,0.5776047943605702,-77.01171572729892,saves/unlearn/tofu/forget05/Llama-2-7b-chat-hf/SimNPO/lr6e-5_b32_mb8_ga4_a1.0_beta4.5_delta0_gamma0.25_e10/checkpoint-28,saves/unlearn/tofu/forget05/Llama-2-7b-chat-hf/SimNPO/lr6e-5_b32_mb8_ga4_a1.0_beta4.5_delta0_gamma0.25_e10/checkpoint-28/evals/TOFU_SUMMARY.json,0.36128013177547685
348,lr6e-5_b16_mb8_ga2_a1.0_beta4.5_delta0_gamma0.125_e10,checkpoint-120,120,0.8135604310035706,0.1264127652176636,0.4072049245610833,0.4155346352186049,4.4486735702923544e-08,0.6042500506840685,0.5803768452814335,-81.11607829796266,saves/unlearn/tofu/forget05/Llama-2-7b-chat-hf/SimNPO/lr6e-5_b16_mb8_ga2_a1.0_beta4.5_delta0_gamma0.125_e10/checkpoint-120,saves/unlearn/tofu/forget05/Llama-2-7b-chat-hf/SimNPO/lr6e-5_b16_mb8_ga2_a1.0_beta4.5_delta0_gamma0.125_e10/checkpoint-120/evals/TOFU_SUMMARY.json,0.3600760194445214
349,lr2e-5_b16_mb8_ga2_a1.0_beta3.5_delta0_gamma0.125_e10,checkpoint-78,78,0.9320918881893158,0.3858730814414002,0.5885554374754429,0.6198479789541219,2.44374577116149e-10,0.5306031194499818,0.6086288130859511,-95.59503621156232,saves/unlearn/tofu/forget05/Llama-2-7b-chat-hf/SimNPO/lr2e-5_b16_mb8_ga2_a1.0_beta3.5_delta0_gamma0.125_e10/checkpoint-78,saves/unlearn/tofu/forget05/Llama-2-7b-chat-hf/SimNPO/lr2e-5_b16_mb8_ga2_a1.0_beta3.5_delta0_gamma0.125_e10/checkpoint-78/evals/TOFU_SUMMARY.json,0.35997208407628173
350,lr2e-5_b16_mb8_ga2_a1.0_beta4.5_delta0_gamma0.125_e10,checkpoint-104,104,0.9341450411081316,0.3876207886216083,0.5981313990801573,0.6271732891048638,1.2127544312107394e-10,0.5293404857056933,0.6092643894211514,-96.70494834334748,saves/unlearn/tofu/forget05/Llama-2-7b-chat-hf/SimNPO/lr2e-5_b16_mb8_ga2_a1.0_beta4.5_delta0_gamma0.125_e10/checkpoint-104,saves/unlearn/tofu/forget05/Llama-2-7b-chat-hf/SimNPO/lr2e-5_b16_mb8_ga2_a1.0_beta4.5_delta0_gamma0.125_e10/checkpoint-104/evals/TOFU_SUMMARY.json,0.35962496019997237
351,lr2e-5_b16_mb8_ga2_a1.0_beta4.5_delta0_gamma0.125_e10,checkpoint-120,120,0.9329384675621988,0.3840675478808675,0.5953764913976193,0.6280644453978002,2.44374577116149e-10,0.5291532391509043,0.6089785360400732,-96.647140419817,saves/unlearn/tofu/forget05/Llama-2-7b-chat-hf/SimNPO/lr2e-5_b16_mb8_ga2_a1.0_beta4.5_delta0_gamma0.125_e10/checkpoint-120,saves/unlearn/tofu/forget05/Llama-2-7b-chat-hf/SimNPO/lr2e-5_b16_mb8_ga2_a1.0_beta4.5_delta0_gamma0.125_e10/checkpoint-120/evals/TOFU_SUMMARY.json,0.3594090074195222
352,lr6e-5_b32_mb8_ga4_a1.0_beta3.5_delta0_gamma0.125_e10,checkpoint-35,35,0.8154218319058418,0.1378278443012714,0.4249066726863384,0.4091211224349477,2.3797467071606504e-06,0.608100066190637,0.580927435877325,-84.74256203410782,saves/unlearn/tofu/forget05/Llama-2-7b-chat-hf/SimNPO/lr6e-5_b32_mb8_ga4_a1.0_beta3.5_delta0_gamma0.125_e10/checkpoint-35,saves/unlearn/tofu/forget05/Llama-2-7b-chat-hf/SimNPO/lr6e-5_b32_mb8_ga4_a1.0_beta3.5_delta0_gamma0.125_e10/checkpoint-35/evals/TOFU_SUMMARY.json,0.3593988087249531
353,lr2e-5_b16_mb8_ga2_a1.0_beta4.5_delta0_gamma0.125_e10,checkpoint-117,117,0.933564418554306,0.3880895386216083,0.5953131128847599,0.6299565421706029,1.2127544312107394e-10,0.5293560634200568,0.6090042207545914,-96.72036378962224,saves/unlearn/tofu/forget05/Llama-2-7b-chat-hf/SimNPO/lr2e-5_b16_mb8_ga2_a1.0_beta4.5_delta0_gamma0.125_e10/checkpoint-117,saves/unlearn/tofu/forget05/Llama-2-7b-chat-hf/SimNPO/lr2e-5_b16_mb8_ga2_a1.0_beta4.5_delta0_gamma0.125_e10/checkpoint-117/evals/TOFU_SUMMARY.json,0.35860289088856684
354,lr2e-5_b16_mb8_ga2_a1.0_beta4.5_delta0_gamma0.125_e10,checkpoint-91,91,0.9354451417922972,0.3901072505844423,0.6122649163007736,0.6324421049144532,1.2127544312107394e-10,0.5292398441970417,0.6092616019399696,-96.89378756021368,saves/unlearn/tofu/forget05/Llama-2-7b-chat-hf/SimNPO/lr2e-5_b16_mb8_ga2_a1.0_beta4.5_delta0_gamma0.125_e10/checkpoint-91,saves/unlearn/tofu/forget05/Llama-2-7b-chat-hf/SimNPO/lr2e-5_b16_mb8_ga2_a1.0_beta4.5_delta0_gamma0.125_e10/checkpoint-91/evals/TOFU_SUMMARY.json,0.3567248085126088
355,lr2e-5_b16_mb8_ga2_a1.0_beta3.5_delta0_gamma0.125_e10,checkpoint-65,65,0.9410312855243684,0.4391657478426914,0.6570096322149038,0.641517006565572,1.3850840057169374e-11,0.5301503297522245,0.6126196217525982,-96.84754122138928,saves/unlearn/tofu/forget05/Llama-2-7b-chat-hf/SimNPO/lr2e-5_b16_mb8_ga2_a1.0_beta3.5_delta0_gamma0.125_e10/checkpoint-65,saves/unlearn/tofu/forget05/Llama-2-7b-chat-hf/SimNPO/lr2e-5_b16_mb8_ga2_a1.0_beta3.5_delta0_gamma0.125_e10/checkpoint-65/evals/TOFU_SUMMARY.json,0.3562143786985062
356,lr6e-5_b16_mb8_ga2_a1.0_beta4.5_delta0_gamma0.125_e10,checkpoint-104,104,0.8151708495616913,0.1279151461700446,0.4093471758812665,0.4154270845172548,4.4486735702923544e-08,0.6046915438486032,0.5795541580622445,-81.22784028345494,saves/unlearn/tofu/forget05/Llama-2-7b-chat-hf/SimNPO/lr6e-5_b16_mb8_ga2_a1.0_beta4.5_delta0_gamma0.125_e10/checkpoint-104,saves/unlearn/tofu/forget05/Llama-2-7b-chat-hf/SimNPO/lr6e-5_b16_mb8_ga2_a1.0_beta4.5_delta0_gamma0.125_e10/checkpoint-104/evals/TOFU_SUMMARY.json,0.35614392708264386
357,lr6e-5_b32_mb8_ga4_a1.0_beta4.5_delta0_gamma0.25_e10,checkpoint-21,21,0.8087139144539833,0.1306988384418652,0.4176029851287603,0.3977699269285845,6.734842895808746e-06,0.6093782025660205,0.5782009439991622,-80.84245412658511,saves/unlearn/tofu/forget05/Llama-2-7b-chat-hf/SimNPO/lr6e-5_b32_mb8_ga4_a1.0_beta4.5_delta0_gamma0.25_e10/checkpoint-21,saves/unlearn/tofu/forget05/Llama-2-7b-chat-hf/SimNPO/lr6e-5_b32_mb8_ga4_a1.0_beta4.5_delta0_gamma0.25_e10/checkpoint-21/evals/TOFU_SUMMARY.json,0.3538104770558552
358,lr6e-5_b16_mb8_ga2_a1.0_beta3.5_delta0_gamma0.25_e10,checkpoint-52,52,0.7557329761981965,0.0941791636521192,0.2521582236886024,0.3558258678017649,0.0009668691315127,0.6373052250692696,0.5673276066485264,-40.95498689055728,saves/unlearn/tofu/forget05/Llama-2-7b-chat-hf/SimNPO/lr6e-5_b16_mb8_ga2_a1.0_beta3.5_delta0_gamma0.25_e10/checkpoint-52,saves/unlearn/tofu/forget05/Llama-2-7b-chat-hf/SimNPO/lr6e-5_b16_mb8_ga2_a1.0_beta3.5_delta0_gamma0.25_e10/checkpoint-52/evals/TOFU_SUMMARY.json,0.3530796596322908
359,lr6e-5_b16_mb8_ga2_a1.0_beta3.5_delta1_gamma0.125_e10,checkpoint-13,13,0.8782620453834533,0.2827890844960239,0.5970880658458918,0.4780988606364896,2.44374577116149e-10,0.5702006845204185,0.5950667469715699,-88.31894556985988,saves/unlearn/tofu/forget05/Llama-2-7b-chat-hf/SimNPO/lr6e-5_b16_mb8_ga2_a1.0_beta3.5_delta1_gamma0.125_e10/checkpoint-13,saves/unlearn/tofu/forget05/Llama-2-7b-chat-hf/SimNPO/lr6e-5_b16_mb8_ga2_a1.0_beta3.5_delta1_gamma0.125_e10/checkpoint-13/evals/TOFU_SUMMARY.json,0.35279110898854066
360,lr2e-5_b16_mb8_ga2_a1.0_beta4.5_delta0_gamma0.125_e10,checkpoint-78,78,0.9398135671019554,0.4154525877095253,0.639867455586791,0.6399134214855566,1.2127544312107394e-10,0.5283226677567133,0.6099071893453653,-97.31771233277048,saves/unlearn/tofu/forget05/Llama-2-7b-chat-hf/SimNPO/lr2e-5_b16_mb8_ga2_a1.0_beta4.5_delta0_gamma0.125_e10/checkpoint-78,saves/unlearn/tofu/forget05/Llama-2-7b-chat-hf/SimNPO/lr2e-5_b16_mb8_ga2_a1.0_beta4.5_delta0_gamma0.125_e10/checkpoint-78/evals/TOFU_SUMMARY.json,0.3510469085535147
361,lr6e-5_b32_mb8_ga4_a1.0_beta4.5_delta0_gamma0.125_e10,checkpoint-35,35,0.8351195347309113,0.1503399987141432,0.4868255185708403,0.4112387385610818,2.412549897735469e-08,0.5952806550287514,0.5818399762693984,-91.34808076285675,saves/unlearn/tofu/forget05/Llama-2-7b-chat-hf/SimNPO/lr6e-5_b32_mb8_ga4_a1.0_beta4.5_delta0_gamma0.125_e10/checkpoint-35,saves/unlearn/tofu/forget05/Llama-2-7b-chat-hf/SimNPO/lr6e-5_b32_mb8_ga4_a1.0_beta4.5_delta0_gamma0.125_e10/checkpoint-35/evals/TOFU_SUMMARY.json,0.3498109808746752
362,lr6e-5_b16_mb8_ga2_a1.0_beta4.5_delta0_gamma0.25_e10,checkpoint-39,39,0.7832509276270866,0.1176497452006066,0.3413297185301781,0.3812839756390969,1.115040214537872e-05,0.622179765472742,0.5720924979328248,-68.02065668752574,saves/unlearn/tofu/forget05/Llama-2-7b-chat-hf/SimNPO/lr6e-5_b16_mb8_ga2_a1.0_beta4.5_delta0_gamma0.25_e10/checkpoint-39,saves/unlearn/tofu/forget05/Llama-2-7b-chat-hf/SimNPO/lr6e-5_b16_mb8_ga2_a1.0_beta4.5_delta0_gamma0.25_e10/checkpoint-39/evals/TOFU_SUMMARY.json,0.348503069309089
363,lr2e-5_b16_mb8_ga2_a1.0_beta3.5_delta1_gamma0.125_e10,checkpoint-26,26,0.9443335786461832,0.4964021972521209,0.7160824543610215,0.6548431055129066,3.079954091574832e-12,0.5209390703648205,0.6146651779823094,-96.21936178569148,saves/unlearn/tofu/forget05/Llama-2-7b-chat-hf/SimNPO/lr2e-5_b16_mb8_ga2_a1.0_beta3.5_delta1_gamma0.125_e10/checkpoint-26,saves/unlearn/tofu/forget05/Llama-2-7b-chat-hf/SimNPO/lr2e-5_b16_mb8_ga2_a1.0_beta3.5_delta1_gamma0.125_e10/checkpoint-26/evals/TOFU_SUMMARY.json,0.3480519949493134
364,lr2e-5_b16_mb8_ga2_a1.0_beta4.5_delta0_gamma0.125_e10,checkpoint-65,65,0.9454684227705,0.4630668181463814,0.6924923466891051,0.6563796418205715,1.3850840057169374e-11,0.526859021797297,0.6128910927638308,-97.95359949160571,saves/unlearn/tofu/forget05/Llama-2-7b-chat-hf/SimNPO/lr2e-5_b16_mb8_ga2_a1.0_beta4.5_delta0_gamma0.125_e10/checkpoint-65,saves/unlearn/tofu/forget05/Llama-2-7b-chat-hf/SimNPO/lr2e-5_b16_mb8_ga2_a1.0_beta4.5_delta0_gamma0.125_e10/checkpoint-65/evals/TOFU_SUMMARY.json,0.3473401230152156
365,lr6e-5_b16_mb8_ga2_a1.0_beta4.5_delta0_gamma0.25_e10,checkpoint-52,52,0.7746851578354835,0.1000937885217952,0.3220747178047895,0.3937104236243481,2.9607827368482373e-05,0.6236461639128149,0.5702350701405187,-62.72930475370288,saves/unlearn/tofu/forget05/Llama-2-7b-chat-hf/SimNPO/lr6e-5_b16_mb8_ga2_a1.0_beta4.5_delta0_gamma0.25_e10/checkpoint-52,saves/unlearn/tofu/forget05/Llama-2-7b-chat-hf/SimNPO/lr6e-5_b16_mb8_ga2_a1.0_beta4.5_delta0_gamma0.25_e10/checkpoint-52/evals/TOFU_SUMMARY.json,0.3457822621117539
366,lr2e-5_b16_mb8_ga2_a1.0_beta4.5_delta1_gamma0.125_e10,checkpoint-26,26,0.9417867708206176,0.4781418940461565,0.705699361525476,0.644632236930737,6.568964585936946e-12,0.523265393401247,0.6124555337127848,-95.79543701313467,saves/unlearn/tofu/forget05/Llama-2-7b-chat-hf/SimNPO/lr2e-5_b16_mb8_ga2_a1.0_beta4.5_delta1_gamma0.125_e10/checkpoint-26,saves/unlearn/tofu/forget05/Llama-2-7b-chat-hf/SimNPO/lr2e-5_b16_mb8_ga2_a1.0_beta4.5_delta1_gamma0.125_e10/checkpoint-26/evals/TOFU_SUMMARY.json,0.3449894300150667
367,lr2e-5_b16_mb8_ga2_a1.0_beta3.5_delta0_gamma0.125_e10,checkpoint-39,39,0.958656053841114,0.5742663054634505,0.7851838950812816,0.7076600093861647,3.079954091574832e-12,0.5233667812765495,0.6210812484532983,-98.82457220613156,saves/unlearn/tofu/forget05/Llama-2-7b-chat-hf/SimNPO/lr2e-5_b16_mb8_ga2_a1.0_beta3.5_delta0_gamma0.125_e10/checkpoint-39,saves/unlearn/tofu/forget05/Llama-2-7b-chat-hf/SimNPO/lr2e-5_b16_mb8_ga2_a1.0_beta3.5_delta0_gamma0.125_e10/checkpoint-39/evals/TOFU_SUMMARY.json,0.34474988252876737
368,lr6e-5_b32_mb8_ga4_a1.0_beta3.5_delta0_gamma0.125_e10,checkpoint-28,28,0.8235889020562172,0.1490206751361303,0.4558397840708494,0.3981041014805831,1.3921047931216453e-06,0.607277678656581,0.5782220447481137,-86.89301678944149,saves/unlearn/tofu/forget05/Llama-2-7b-chat-hf/SimNPO/lr6e-5_b32_mb8_ga4_a1.0_beta3.5_delta0_gamma0.125_e10/checkpoint-28,saves/unlearn/tofu/forget05/Llama-2-7b-chat-hf/SimNPO/lr6e-5_b32_mb8_ga4_a1.0_beta3.5_delta0_gamma0.125_e10/checkpoint-28/evals/TOFU_SUMMARY.json,0.34402305546504114
369,lr6e-5_b16_mb8_ga2_a1.0_beta3.5_delta0_gamma0.125_e10,checkpoint-39,39,0.8038488355278969,0.1316067741129284,0.4184237799420953,0.3911648290407883,4.024806511439489e-06,0.6135398797352185,0.5749483813069317,-80.80391551089811,saves/unlearn/tofu/forget05/Llama-2-7b-chat-hf/SimNPO/lr6e-5_b16_mb8_ga2_a1.0_beta3.5_delta0_gamma0.125_e10/checkpoint-39,saves/unlearn/tofu/forget05/Llama-2-7b-chat-hf/SimNPO/lr6e-5_b16_mb8_ga2_a1.0_beta3.5_delta0_gamma0.125_e10/checkpoint-39/evals/TOFU_SUMMARY.json,0.3432290590979153
370,lr5e-5_b16_mb8_ga2_a1.0_beta3.5_delta0_gamma0.25_e10,checkpoint-26,26,0.8098613864183426,0.1585111378145964,0.3700644094590097,0.3931330301993966,1.115040214537872e-05,0.614962930936198,0.5746388386580122,-65.29983042002469,saves/unlearn/tofu/forget05/Llama-2-7b-chat-hf/SimNPO/lr5e-5_b16_mb8_ga2_a1.0_beta3.5_delta0_gamma0.25_e10/checkpoint-26,saves/unlearn/tofu/forget05/Llama-2-7b-chat-hf/SimNPO/lr5e-5_b16_mb8_ga2_a1.0_beta3.5_delta0_gamma0.25_e10/checkpoint-26/evals/TOFU_SUMMARY.json,0.34225840908196375
371,lr6e-5_b16_mb8_ga2_a1.0_beta3.5_delta0_gamma0.125_e10,checkpoint-52,52,0.7913759371638298,0.1156486342430538,0.3684681862965226,0.3980056915197427,0.000118366189619,0.6260753734123129,0.572188144289877,-72.57206720015846,saves/unlearn/tofu/forget05/Llama-2-7b-chat-hf/SimNPO/lr6e-5_b16_mb8_ga2_a1.0_beta3.5_delta0_gamma0.125_e10/checkpoint-52,saves/unlearn/tofu/forget05/Llama-2-7b-chat-hf/SimNPO/lr6e-5_b16_mb8_ga2_a1.0_beta3.5_delta0_gamma0.125_e10/checkpoint-52/evals/TOFU_SUMMARY.json,0.341898640408582
372,lr2e-5_b16_mb8_ga2_a1.0_beta3.5_delta0_gamma0.125_e10,checkpoint-52,52,0.9488579514622688,0.4969364311993982,0.7126007787138223,0.6749933844871265,2.8873674273022316e-11,0.527551495550095,0.6136829070787375,-97.75705255160211,saves/unlearn/tofu/forget05/Llama-2-7b-chat-hf/SimNPO/lr2e-5_b16_mb8_ga2_a1.0_beta3.5_delta0_gamma0.125_e10/checkpoint-52,saves/unlearn/tofu/forget05/Llama-2-7b-chat-hf/SimNPO/lr2e-5_b16_mb8_ga2_a1.0_beta3.5_delta0_gamma0.125_e10/checkpoint-52/evals/TOFU_SUMMARY.json,0.3405984456184653
373,lr6e-5_b16_mb8_ga2_a1.0_beta3.5_delta0_gamma0.25_e10,checkpoint-13,13,0.8979465731978417,0.3234359157294801,0.6593417124822736,0.5163895234196929,2.8873674273022316e-11,0.567132853283061,0.5972968400990396,-94.22306149310576,saves/unlearn/tofu/forget05/Llama-2-7b-chat-hf/SimNPO/lr6e-5_b16_mb8_ga2_a1.0_beta3.5_delta0_gamma0.25_e10/checkpoint-13,saves/unlearn/tofu/forget05/Llama-2-7b-chat-hf/SimNPO/lr6e-5_b16_mb8_ga2_a1.0_beta3.5_delta0_gamma0.25_e10/checkpoint-13/evals/TOFU_SUMMARY.json,0.33954235572671165
374,lr2e-5_b16_mb8_ga2_a1.0_beta4.5_delta0_gamma0.125_e10,checkpoint-39,39,0.9598381468653678,0.5811985188003026,0.7970739534497261,0.7145303139134129,6.540866008411473e-13,0.5218677811383785,0.6205211856485923,-99.06736548495957,saves/unlearn/tofu/forget05/Llama-2-7b-chat-hf/SimNPO/lr2e-5_b16_mb8_ga2_a1.0_beta4.5_delta0_gamma0.125_e10/checkpoint-39,saves/unlearn/tofu/forget05/Llama-2-7b-chat-hf/SimNPO/lr2e-5_b16_mb8_ga2_a1.0_beta4.5_delta0_gamma0.125_e10/checkpoint-39/evals/TOFU_SUMMARY.json,0.33920508915612924
375,lr6e-5_b16_mb8_ga2_a1.0_beta4.5_delta1_gamma0.125_e10,checkpoint-13,13,0.8793431466817856,0.291672153102821,0.5801482064742595,0.4806076797653164,5.951062636424447e-11,0.5682255549325835,0.5912689111291966,-88.20718358436764,saves/unlearn/tofu/forget05/Llama-2-7b-chat-hf/SimNPO/lr6e-5_b16_mb8_ga2_a1.0_beta4.5_delta1_gamma0.125_e10/checkpoint-13,saves/unlearn/tofu/forget05/Llama-2-7b-chat-hf/SimNPO/lr6e-5_b16_mb8_ga2_a1.0_beta4.5_delta1_gamma0.125_e10/checkpoint-13/evals/TOFU_SUMMARY.json,0.3383316928147125
376,lr6e-5_b16_mb8_ga2_a1.0_beta4.5_delta0_gamma0.125_e10,checkpoint-52,52,0.8114690986275673,0.1345561458993837,0.4333971330523491,0.4108785115632171,8.056669472003223e-07,0.6123750731441722,0.5749766542135628,-82.4841991548506,saves/unlearn/tofu/forget05/Llama-2-7b-chat-hf/SimNPO/lr6e-5_b16_mb8_ga2_a1.0_beta4.5_delta0_gamma0.125_e10/checkpoint-52,saves/unlearn/tofu/forget05/Llama-2-7b-chat-hf/SimNPO/lr6e-5_b16_mb8_ga2_a1.0_beta4.5_delta0_gamma0.125_e10/checkpoint-52/evals/TOFU_SUMMARY.json,0.3367176852023884
377,lr6e-5_b16_mb8_ga2_a1.0_beta3.5_delta0_gamma0.25_e10,checkpoint-26,26,0.7921022555232048,0.1314187424086759,0.3608896337822079,0.3861144871970699,2.3797467071606504e-06,0.6185385510164282,0.5704863846345432,-66.90303683260322,saves/unlearn/tofu/forget05/Llama-2-7b-chat-hf/SimNPO/lr6e-5_b16_mb8_ga2_a1.0_beta3.5_delta0_gamma0.25_e10/checkpoint-26,saves/unlearn/tofu/forget05/Llama-2-7b-chat-hf/SimNPO/lr6e-5_b16_mb8_ga2_a1.0_beta3.5_delta0_gamma0.25_e10/checkpoint-26/evals/TOFU_SUMMARY.json,0.3357845968161596
378,lr2e-5_b16_mb8_ga2_a1.0_beta3.5_delta0_gamma0.25_e10,checkpoint-26,26,0.9537176391482354,0.5446079694899788,0.7727016130834818,0.6870920898154447,1.427569962153298e-12,0.518796634508319,0.6162803381349437,-98.33513178690686,saves/unlearn/tofu/forget05/Llama-2-7b-chat-hf/SimNPO/lr2e-5_b16_mb8_ga2_a1.0_beta3.5_delta0_gamma0.25_e10/checkpoint-26,saves/unlearn/tofu/forget05/Llama-2-7b-chat-hf/SimNPO/lr2e-5_b16_mb8_ga2_a1.0_beta3.5_delta0_gamma0.25_e10/checkpoint-26/evals/TOFU_SUMMARY.json,0.335421420036607
379,lr2e-5_b32_mb8_ga4_a1.0_beta4.5_delta1_gamma0.125_e10,checkpoint-14,14,0.9554255789518356,0.5688854417489696,0.7686655306071043,0.706622810404594,6.540866008411473e-13,0.5137420891217215,0.6175181911778208,-97.94974563003704,saves/unlearn/tofu/forget05/Llama-2-7b-chat-hf/SimNPO/lr2e-5_b32_mb8_ga4_a1.0_beta4.5_delta1_gamma0.125_e10/checkpoint-14,saves/unlearn/tofu/forget05/Llama-2-7b-chat-hf/SimNPO/lr2e-5_b32_mb8_ga4_a1.0_beta4.5_delta1_gamma0.125_e10/checkpoint-14/evals/TOFU_SUMMARY.json,0.33440916768881357
380,lr2e-5_b16_mb8_ga2_a1.0_beta4.5_delta0_gamma0.125_e10,checkpoint-52,52,0.9515571066737176,0.5202912309989888,0.7347496766597033,0.6868810017833773,1.427569962153298e-12,0.5266409360188564,0.6139004585632118,-98.39293971043736,saves/unlearn/tofu/forget05/Llama-2-7b-chat-hf/SimNPO/lr2e-5_b16_mb8_ga2_a1.0_beta4.5_delta0_gamma0.125_e10/checkpoint-52,saves/unlearn/tofu/forget05/Llama-2-7b-chat-hf/SimNPO/lr2e-5_b16_mb8_ga2_a1.0_beta4.5_delta0_gamma0.125_e10/checkpoint-52/evals/TOFU_SUMMARY.json,0.333853839295745
381,lr6e-5_b16_mb8_ga2_a1.0_beta4.5_delta0_gamma0.25_e10,checkpoint-13,13,0.8998846927285195,0.3211658134371816,0.6703109330311418,0.5204741828653513,1.2127544312107394e-10,0.5703700334272906,0.5960589370850831,-94.9552951911584,saves/unlearn/tofu/forget05/Llama-2-7b-chat-hf/SimNPO/lr6e-5_b16_mb8_ga2_a1.0_beta4.5_delta0_gamma0.25_e10/checkpoint-13,saves/unlearn/tofu/forget05/Llama-2-7b-chat-hf/SimNPO/lr6e-5_b16_mb8_ga2_a1.0_beta4.5_delta0_gamma0.25_e10/checkpoint-13/evals/TOFU_SUMMARY.json,0.3328425899284301
382,lr6e-5_b32_mb8_ga4_a1.0_beta4.5_delta0_gamma0.125_e10,checkpoint-28,28,0.8395741146802902,0.1667067412883489,0.5141367486864329,0.4063748195786006,1.2940880677508261e-08,0.5964901177597727,0.5787485516499217,-91.5677508722726,saves/unlearn/tofu/forget05/Llama-2-7b-chat-hf/SimNPO/lr6e-5_b32_mb8_ga4_a1.0_beta4.5_delta0_gamma0.125_e10/checkpoint-28,saves/unlearn/tofu/forget05/Llama-2-7b-chat-hf/SimNPO/lr6e-5_b32_mb8_ga4_a1.0_beta4.5_delta0_gamma0.125_e10/checkpoint-28/evals/TOFU_SUMMARY.json,0.3326881181264065
383,lr5e-5_b32_mb8_ga4_a1.0_beta3.5_delta0_gamma0.125_e10,checkpoint-14,14,0.9082722988724709,0.3599748505707453,0.6914896623790264,0.5407609508875585,4.869254633582969e-10,0.5635263597920589,0.5989523813578453,-98.18483118572762,saves/unlearn/tofu/forget05/Llama-2-7b-chat-hf/SimNPO/lr5e-5_b32_mb8_ga4_a1.0_beta3.5_delta0_gamma0.125_e10/checkpoint-14,saves/unlearn/tofu/forget05/Llama-2-7b-chat-hf/SimNPO/lr5e-5_b32_mb8_ga4_a1.0_beta3.5_delta0_gamma0.125_e10/checkpoint-14/evals/TOFU_SUMMARY.json,0.3320358843662278
384,lr6e-5_b32_mb8_ga4_a1.0_beta3.5_delta0_gamma0.25_e10,checkpoint-14,14,0.815365574657917,0.1517937173562152,0.4223046170733869,0.4079099102197904,4.024806511439489e-06,0.6061752986190903,0.5735776566008909,-80.92723908109647,saves/unlearn/tofu/forget05/Llama-2-7b-chat-hf/SimNPO/lr6e-5_b32_mb8_ga4_a1.0_beta3.5_delta0_gamma0.25_e10/checkpoint-14,saves/unlearn/tofu/forget05/Llama-2-7b-chat-hf/SimNPO/lr6e-5_b32_mb8_ga4_a1.0_beta3.5_delta0_gamma0.25_e10/checkpoint-14/evals/TOFU_SUMMARY.json,0.3299589020578921
385,lr2e-5_b32_mb8_ga4_a1.0_beta3.5_delta1_gamma0.125_e10,checkpoint-14,14,0.9575320160388948,0.5842065257576574,0.7754697392880917,0.714280817310754,2.962348735693602e-13,0.5132401422284479,0.6174190218648846,-98.08077692337278,saves/unlearn/tofu/forget05/Llama-2-7b-chat-hf/SimNPO/lr2e-5_b32_mb8_ga4_a1.0_beta3.5_delta1_gamma0.125_e10/checkpoint-14,saves/unlearn/tofu/forget05/Llama-2-7b-chat-hf/SimNPO/lr2e-5_b32_mb8_ga4_a1.0_beta3.5_delta1_gamma0.125_e10/checkpoint-14/evals/TOFU_SUMMARY.json,0.32982640230215937
386,lr6e-5_b16_mb8_ga2_a1.0_beta4.5_delta0_gamma0.125_e10,checkpoint-39,39,0.818012333214283,0.1484727690879674,0.4748160271719098,0.4114929829449961,8.056669472003223e-07,0.6049472929753145,0.5750814834337138,-87.82565128906651,saves/unlearn/tofu/forget05/Llama-2-7b-chat-hf/SimNPO/lr6e-5_b16_mb8_ga2_a1.0_beta4.5_delta0_gamma0.125_e10/checkpoint-39,saves/unlearn/tofu/forget05/Llama-2-7b-chat-hf/SimNPO/lr6e-5_b16_mb8_ga2_a1.0_beta4.5_delta0_gamma0.125_e10/checkpoint-39/evals/TOFU_SUMMARY.json,0.32936106063482085
387,lr5e-5_b32_mb8_ga4_a1.0_beta4.5_delta0_gamma0.125_e10,checkpoint-14,14,0.9118921333551406,0.3787096626748786,0.7079689778387547,0.5238819768917802,1.2127544312107394e-10,0.5599468113911139,0.5988097147717063,-98.67812546652102,saves/unlearn/tofu/forget05/Llama-2-7b-chat-hf/SimNPO/lr5e-5_b32_mb8_ga4_a1.0_beta4.5_delta0_gamma0.125_e10/checkpoint-14,saves/unlearn/tofu/forget05/Llama-2-7b-chat-hf/SimNPO/lr5e-5_b32_mb8_ga4_a1.0_beta4.5_delta0_gamma0.125_e10/checkpoint-14/evals/TOFU_SUMMARY.json,0.32904733435860145
388,lr2e-5_b16_mb8_ga2_a1.0_beta4.5_delta0_gamma0.25_e10,checkpoint-26,26,0.9558645695447922,0.5630983334298313,0.7835061247646808,0.6927644830899411,6.540866008411473e-13,0.5181319239163023,0.6157107914924386,-98.67812546652102,saves/unlearn/tofu/forget05/Llama-2-7b-chat-hf/SimNPO/lr2e-5_b16_mb8_ga2_a1.0_beta4.5_delta0_gamma0.25_e10/checkpoint-26,saves/unlearn/tofu/forget05/Llama-2-7b-chat-hf/SimNPO/lr2e-5_b16_mb8_ga2_a1.0_beta4.5_delta0_gamma0.25_e10/checkpoint-26/evals/TOFU_SUMMARY.json,0.3284979342229894
389,lr2e-5_b32_mb8_ga4_a1.0_beta3.5_delta0_gamma0.25_e10,checkpoint-14,14,0.960741955935955,0.5948318784511123,0.800557157471776,0.7368858512262603,5.86730162802883e-14,0.5134587504191709,0.6190952136554648,-98.9478957763299,saves/unlearn/tofu/forget05/Llama-2-7b-chat-hf/SimNPO/lr2e-5_b32_mb8_ga4_a1.0_beta3.5_delta0_gamma0.25_e10/checkpoint-14,saves/unlearn/tofu/forget05/Llama-2-7b-chat-hf/SimNPO/lr2e-5_b32_mb8_ga4_a1.0_beta3.5_delta0_gamma0.25_e10/checkpoint-14/evals/TOFU_SUMMARY.json,0.3282356561468417
390,lr2e-5_b32_mb8_ga4_a1.0_beta3.5_delta0_gamma0.125_e10,checkpoint-56,56,0.9498528125882147,0.4958915844449217,0.7029218507558107,0.6988815255110492,6.540866008411473e-13,0.5194498036510713,0.6104391388738379,-97.7531986900334,saves/unlearn/tofu/forget05/Llama-2-7b-chat-hf/SimNPO/lr2e-5_b32_mb8_ga4_a1.0_beta3.5_delta0_gamma0.125_e10/checkpoint-56,saves/unlearn/tofu/forget05/Llama-2-7b-chat-hf/SimNPO/lr2e-5_b32_mb8_ga4_a1.0_beta3.5_delta0_gamma0.125_e10/checkpoint-56/evals/TOFU_SUMMARY.json,0.32560575781729917
391,lr2e-5_b32_mb8_ga4_a1.0_beta4.5_delta0_gamma0.25_e10,checkpoint-14,14,0.9623873168230056,0.6116842914740367,0.8156194114685058,0.7377673938003434,5.86730162802883e-14,0.5144026339830395,0.6194670795591606,-99.14444271633351,saves/unlearn/tofu/forget05/Llama-2-7b-chat-hf/SimNPO/lr2e-5_b32_mb8_ga4_a1.0_beta4.5_delta0_gamma0.25_e10/checkpoint-14,saves/unlearn/tofu/forget05/Llama-2-7b-chat-hf/SimNPO/lr2e-5_b32_mb8_ga4_a1.0_beta4.5_delta0_gamma0.25_e10/checkpoint-14/evals/TOFU_SUMMARY.json,0.32548262261623745
392,lr2e-5_b32_mb8_ga4_a1.0_beta3.5_delta0_gamma0.125_e10,checkpoint-60,60,0.9496222427487372,0.4940615190854446,0.7024669444561005,0.7041941840415069,6.540866008411473e-13,0.5196439892025362,0.6104982835723866,-97.74934482846471,saves/unlearn/tofu/forget05/Llama-2-7b-chat-hf/SimNPO/lr2e-5_b32_mb8_ga4_a1.0_beta3.5_delta0_gamma0.125_e10/checkpoint-60,saves/unlearn/tofu/forget05/Llama-2-7b-chat-hf/SimNPO/lr2e-5_b32_mb8_ga4_a1.0_beta3.5_delta0_gamma0.125_e10/checkpoint-60/evals/TOFU_SUMMARY.json,0.32538558814606855
393,lr2e-5_b32_mb8_ga4_a1.0_beta3.5_delta0_gamma0.125_e10,checkpoint-42,42,0.9528648760914804,0.5144975412477346,0.7231669509410859,0.7070309614524161,1.427569962153298e-12,0.5190073050399004,0.6112160508116794,-98.0576537539606,saves/unlearn/tofu/forget05/Llama-2-7b-chat-hf/SimNPO/lr2e-5_b32_mb8_ga4_a1.0_beta3.5_delta0_gamma0.125_e10/checkpoint-42,saves/unlearn/tofu/forget05/Llama-2-7b-chat-hf/SimNPO/lr2e-5_b32_mb8_ga4_a1.0_beta3.5_delta0_gamma0.125_e10/checkpoint-42/evals/TOFU_SUMMARY.json,0.32226050518836463
394,lr5e-5_b32_mb8_ga4_a1.0_beta4.5_delta1_gamma0.125_e10,checkpoint-7,7,0.9162935665249824,0.4017962692491512,0.6742265355959535,0.50462121232656,6.540866008411473e-13,0.5182573686256646,0.5962540459929762,-97.14043470061038,saves/unlearn/tofu/forget05/Llama-2-7b-chat-hf/SimNPO/lr5e-5_b32_mb8_ga4_a1.0_beta4.5_delta1_gamma0.125_e10/checkpoint-7,saves/unlearn/tofu/forget05/Llama-2-7b-chat-hf/SimNPO/lr5e-5_b32_mb8_ga4_a1.0_beta4.5_delta1_gamma0.125_e10/checkpoint-7/evals/TOFU_SUMMARY.json,0.3218165332625696
395,lr2e-5_b32_mb8_ga4_a1.0_beta3.5_delta0_gamma0.125_e10,checkpoint-49,49,0.9505322682857512,0.4994610288893661,0.7083870776742697,0.7038292466208367,6.540866008411473e-13,0.5198132698961824,0.6097772367464622,-97.8071527519952,saves/unlearn/tofu/forget05/Llama-2-7b-chat-hf/SimNPO/lr2e-5_b32_mb8_ga4_a1.0_beta3.5_delta0_gamma0.125_e10/checkpoint-49,saves/unlearn/tofu/forget05/Llama-2-7b-chat-hf/SimNPO/lr2e-5_b32_mb8_ga4_a1.0_beta3.5_delta0_gamma0.125_e10/checkpoint-49/evals/TOFU_SUMMARY.json,0.3211658434238014
396,lr2e-5_b16_mb8_ga2_a1.0_beta4.5_delta1_gamma0.25_e10,checkpoint-13,13,0.9780582848191262,0.7615715949527017,0.8992910715937614,0.7950823049903067,1.3261055712130201e-13,0.5098491523057409,0.6285509821197153,-99.70710650536348,saves/unlearn/tofu/forget05/Llama-2-7b-chat-hf/SimNPO/lr2e-5_b16_mb8_ga2_a1.0_beta4.5_delta1_gamma0.25_e10/checkpoint-13,saves/unlearn/tofu/forget05/Llama-2-7b-chat-hf/SimNPO/lr2e-5_b16_mb8_ga2_a1.0_beta4.5_delta1_gamma0.25_e10/checkpoint-13/evals/TOFU_SUMMARY.json,0.3211212867724747
397,lr2e-5_b32_mb8_ga4_a1.0_beta4.5_delta0_gamma0.125_e10,checkpoint-56,56,0.9535993844270706,0.5050497495279194,0.7343711040914058,0.7138328427099264,6.540866008411473e-13,0.5166448972745061,0.6104803794638921,-98.58563278887227,saves/unlearn/tofu/forget05/Llama-2-7b-chat-hf/SimNPO/lr2e-5_b32_mb8_ga4_a1.0_beta4.5_delta0_gamma0.125_e10/checkpoint-56,saves/unlearn/tofu/forget05/Llama-2-7b-chat-hf/SimNPO/lr2e-5_b32_mb8_ga4_a1.0_beta4.5_delta0_gamma0.125_e10/checkpoint-56/evals/TOFU_SUMMARY.json,0.3182237225438087
398,lr2e-5_b16_mb8_ga2_a1.0_beta3.5_delta1_gamma0.25_e10,checkpoint-13,13,0.9782879975438118,0.7600136866988767,0.8995347367227078,0.7994712822080752,1.3261055712130201e-13,0.5085247687507335,0.6278529593925918,-99.71866809006956,saves/unlearn/tofu/forget05/Llama-2-7b-chat-hf/SimNPO/lr2e-5_b16_mb8_ga2_a1.0_beta3.5_delta1_gamma0.25_e10/checkpoint-13,saves/unlearn/tofu/forget05/Llama-2-7b-chat-hf/SimNPO/lr2e-5_b16_mb8_ga2_a1.0_beta3.5_delta1_gamma0.25_e10/checkpoint-13/evals/TOFU_SUMMARY.json,0.3179134345872085
399,lr2e-5_b32_mb8_ga4_a1.0_beta3.5_delta0_gamma0.125_e10,checkpoint-35,35,0.957170000076294,0.544743369016902,0.7552522258460521,0.7250510366626436,6.540866008411473e-13,0.519129896766047,0.6125615117258291,-98.41220901828083,saves/unlearn/tofu/forget05/Llama-2-7b-chat-hf/SimNPO/lr2e-5_b32_mb8_ga4_a1.0_beta3.5_delta0_gamma0.125_e10/checkpoint-35,saves/unlearn/tofu/forget05/Llama-2-7b-chat-hf/SimNPO/lr2e-5_b32_mb8_ga4_a1.0_beta3.5_delta0_gamma0.125_e10/checkpoint-35/evals/TOFU_SUMMARY.json,0.31667212982813514
400,lr2e-5_b32_mb8_ga4_a1.0_beta4.5_delta0_gamma0.125_e10,checkpoint-49,49,0.9538826456665992,0.5086191939723639,0.7389295344054699,0.7136031637399516,6.540866008411473e-13,0.516973706994688,0.6099160414520363,-98.65500229710882,saves/unlearn/tofu/forget05/Llama-2-7b-chat-hf/SimNPO/lr2e-5_b32_mb8_ga4_a1.0_beta4.5_delta0_gamma0.125_e10/checkpoint-49,saves/unlearn/tofu/forget05/Llama-2-7b-chat-hf/SimNPO/lr2e-5_b32_mb8_ga4_a1.0_beta4.5_delta0_gamma0.125_e10/checkpoint-49/evals/TOFU_SUMMARY.json,0.3151014856249414
401,lr6e-5_b32_mb8_ga4_a1.0_beta3.5_delta0_gamma0.125_e10,checkpoint-21,21,0.834626882970333,0.1472105086827598,0.4987333608418703,0.42782696728129,6.8655817334872084e-09,0.5881036842149835,0.5733824265800405,-90.527208248724,saves/unlearn/tofu/forget05/Llama-2-7b-chat-hf/SimNPO/lr6e-5_b32_mb8_ga4_a1.0_beta3.5_delta0_gamma0.125_e10/checkpoint-21,saves/unlearn/tofu/forget05/Llama-2-7b-chat-hf/SimNPO/lr6e-5_b32_mb8_ga4_a1.0_beta3.5_delta0_gamma0.125_e10/checkpoint-21/evals/TOFU_SUMMARY.json,0.3141568228894947
402,lr6e-5_b32_mb8_ga4_a1.0_beta4.5_delta0_gamma0.125_e10,checkpoint-21,21,0.8470683386921882,0.1769199362164076,0.5437888498604297,0.4377496509404905,9.594235055800515e-10,0.5807349722628825,0.5767018442516346,-93.09002619190842,saves/unlearn/tofu/forget05/Llama-2-7b-chat-hf/SimNPO/lr6e-5_b32_mb8_ga4_a1.0_beta4.5_delta0_gamma0.125_e10/checkpoint-21,saves/unlearn/tofu/forget05/Llama-2-7b-chat-hf/SimNPO/lr6e-5_b32_mb8_ga4_a1.0_beta4.5_delta0_gamma0.125_e10/checkpoint-21/evals/TOFU_SUMMARY.json,0.31408902925163934
403,lr2e-5_b32_mb8_ga4_a1.0_beta4.5_delta0_gamma0.125_e10,checkpoint-60,60,0.9531369400024414,0.5020727758437089,0.733999191224575,0.7075784092855331,6.540866008411473e-13,0.5169428698136165,0.6090312546383514,-98.58563278887226,saves/unlearn/tofu/forget05/Llama-2-7b-chat-hf/SimNPO/lr2e-5_b32_mb8_ga4_a1.0_beta4.5_delta0_gamma0.125_e10/checkpoint-60,saves/unlearn/tofu/forget05/Llama-2-7b-chat-hf/SimNPO/lr2e-5_b32_mb8_ga4_a1.0_beta4.5_delta0_gamma0.125_e10/checkpoint-60/evals/TOFU_SUMMARY.json,0.31408223138803587
404,lr5e-5_b32_mb8_ga4_a1.0_beta3.5_delta1_gamma0.125_e10,checkpoint-7,7,0.917737777531147,0.4039638618440767,0.6822798777371645,0.5178514522885118,1.427569962153298e-12,0.5178670031061919,0.5944187681657529,-97.46030521081236,saves/unlearn/tofu/forget05/Llama-2-7b-chat-hf/SimNPO/lr5e-5_b32_mb8_ga4_a1.0_beta3.5_delta1_gamma0.125_e10/checkpoint-7,saves/unlearn/tofu/forget05/Llama-2-7b-chat-hf/SimNPO/lr5e-5_b32_mb8_ga4_a1.0_beta3.5_delta1_gamma0.125_e10/checkpoint-7/evals/TOFU_SUMMARY.json,0.3113821293136624
405,lr2e-5_b32_mb8_ga4_a1.0_beta4.5_delta0_gamma0.125_e10,checkpoint-35,35,0.9589590093493462,0.5462496099774201,0.7786472991108895,0.7271112741996539,6.540866008411473e-13,0.5165443849260859,0.6120473057695163,-98.9363341916238,saves/unlearn/tofu/forget05/Llama-2-7b-chat-hf/SimNPO/lr2e-5_b32_mb8_ga4_a1.0_beta4.5_delta0_gamma0.125_e10/checkpoint-35,saves/unlearn/tofu/forget05/Llama-2-7b-chat-hf/SimNPO/lr2e-5_b32_mb8_ga4_a1.0_beta4.5_delta0_gamma0.125_e10/checkpoint-35/evals/TOFU_SUMMARY.json,0.3112873083450692
406,lr2e-5_b32_mb8_ga4_a1.0_beta4.5_delta0_gamma0.125_e10,checkpoint-42,42,0.9556635409593582,0.5184058823854927,0.7524356742203235,0.7212287443881823,2.962348735693602e-13,0.5167230338795432,0.6098649306939782,-98.7397872516202,saves/unlearn/tofu/forget05/Llama-2-7b-chat-hf/SimNPO/lr2e-5_b32_mb8_ga4_a1.0_beta4.5_delta0_gamma0.125_e10/checkpoint-42,saves/unlearn/tofu/forget05/Llama-2-7b-chat-hf/SimNPO/lr2e-5_b32_mb8_ga4_a1.0_beta4.5_delta0_gamma0.125_e10/checkpoint-42/evals/TOFU_SUMMARY.json,0.3107391153482109
407,lr2e-5_b32_mb8_ga4_a1.0_beta3.5_delta1_gamma0.25_e10,checkpoint-7,7,0.9792685335874558,0.7812215011417828,0.9120647214353084,0.8304531021119341,1.3261055712130201e-13,0.5091496963083738,0.6281682384168739,-99.83043007556182,saves/unlearn/tofu/forget05/Llama-2-7b-chat-hf/SimNPO/lr2e-5_b32_mb8_ga4_a1.0_beta3.5_delta1_gamma0.25_e10/checkpoint-7,saves/unlearn/tofu/forget05/Llama-2-7b-chat-hf/SimNPO/lr2e-5_b32_mb8_ga4_a1.0_beta3.5_delta1_gamma0.25_e10/checkpoint-7/evals/TOFU_SUMMARY.json,0.31046235439828285
408,lr6e-5_b16_mb8_ga2_a1.0_beta4.5_delta0_gamma0.25_e10,checkpoint-26,26,0.8048014932870865,0.1455762086917409,0.4104107262194156,0.3827363279303667,4.6128382074998843e-07,0.6210734560031492,0.566147511021342,-75.99815013473129,saves/unlearn/tofu/forget05/Llama-2-7b-chat-hf/SimNPO/lr6e-5_b16_mb8_ga2_a1.0_beta4.5_delta0_gamma0.25_e10/checkpoint-26,saves/unlearn/tofu/forget05/Llama-2-7b-chat-hf/SimNPO/lr6e-5_b16_mb8_ga2_a1.0_beta4.5_delta0_gamma0.25_e10/checkpoint-26/evals/TOFU_SUMMARY.json,0.309611187351369
409,lr2e-5_b32_mb8_ga4_a1.0_beta4.5_delta1_gamma0.25_e10,checkpoint-7,7,0.9797190642356872,0.7890979958143105,0.911714397072792,0.8316285577452419,1.3261055712130201e-13,0.5099858847919146,0.6280369016919332,-99.83043007556182,saves/unlearn/tofu/forget05/Llama-2-7b-chat-hf/SimNPO/lr2e-5_b32_mb8_ga4_a1.0_beta4.5_delta1_gamma0.25_e10/checkpoint-7,saves/unlearn/tofu/forget05/Llama-2-7b-chat-hf/SimNPO/lr2e-5_b32_mb8_ga4_a1.0_beta4.5_delta1_gamma0.25_e10/checkpoint-7/evals/TOFU_SUMMARY.json,0.3087606010794773
410,lr2e-5_b32_mb8_ga4_a1.0_beta3.5_delta0_gamma0.125_e10,checkpoint-28,28,0.9627451288700104,0.6096894398241757,0.7980967286229134,0.7399544815937062,1.3261055712130201e-13,0.5187616074053205,0.6144040122483808,-98.9286264684864,saves/unlearn/tofu/forget05/Llama-2-7b-chat-hf/SimNPO/lr2e-5_b32_mb8_ga4_a1.0_beta3.5_delta0_gamma0.125_e10/checkpoint-28,saves/unlearn/tofu/forget05/Llama-2-7b-chat-hf/SimNPO/lr2e-5_b32_mb8_ga4_a1.0_beta3.5_delta0_gamma0.125_e10/checkpoint-28/evals/TOFU_SUMMARY.json,0.307769953333304
411,lr5e-5_b32_mb8_ga4_a1.0_beta3.5_delta0_gamma0.25_e10,checkpoint-7,7,0.9198958072066308,0.4139735378847412,0.6930231386423111,0.5228092768119705,6.540866008411473e-13,0.5192138216506693,0.5928288028637907,-97.83412978297608,saves/unlearn/tofu/forget05/Llama-2-7b-chat-hf/SimNPO/lr5e-5_b32_mb8_ga4_a1.0_beta3.5_delta0_gamma0.25_e10/checkpoint-7,saves/unlearn/tofu/forget05/Llama-2-7b-chat-hf/SimNPO/lr5e-5_b32_mb8_ga4_a1.0_beta3.5_delta0_gamma0.25_e10/checkpoint-7/evals/TOFU_SUMMARY.json,0.30168224915695735
412,lr2e-5_b16_mb8_ga2_a1.0_beta3.5_delta0_gamma0.125_e10,checkpoint-26,26,0.9746179735660552,0.7009763369385871,0.8870268020033837,0.8071007668634022,1.108718722900174e-14,0.5151142923197682,0.6211716218495918,-99.71866809006958,saves/unlearn/tofu/forget05/Llama-2-7b-chat-hf/SimNPO/lr2e-5_b16_mb8_ga2_a1.0_beta3.5_delta0_gamma0.125_e10/checkpoint-26,saves/unlearn/tofu/forget05/Llama-2-7b-chat-hf/SimNPO/lr2e-5_b16_mb8_ga2_a1.0_beta3.5_delta0_gamma0.125_e10/checkpoint-26/evals/TOFU_SUMMARY.json,0.30054724510915726
413,lr2e-5_b32_mb8_ga4_a1.0_beta4.5_delta0_gamma0.125_e10,checkpoint-28,28,0.9647842669487,0.6268746368072536,0.8126584812998772,0.7473785175295385,1.3261055712130201e-13,0.5184566784192781,0.613725317359022,-99.25620470182577,saves/unlearn/tofu/forget05/Llama-2-7b-chat-hf/SimNPO/lr2e-5_b32_mb8_ga4_a1.0_beta4.5_delta0_gamma0.125_e10/checkpoint-28,saves/unlearn/tofu/forget05/Llama-2-7b-chat-hf/SimNPO/lr2e-5_b32_mb8_ga4_a1.0_beta4.5_delta0_gamma0.125_e10/checkpoint-28/evals/TOFU_SUMMARY.json,0.299953978762904
414,lr2e-5_b32_mb8_ga4_a1.0_beta3.5_delta0_gamma0.125_e10,checkpoint-21,21,0.9707299971580504,0.6935298382356515,0.8537177388370037,0.7708174534271123,2.5656301025789152e-14,0.5167808410212335,0.6181726260676438,-99.52597501163469,saves/unlearn/tofu/forget05/Llama-2-7b-chat-hf/SimNPO/lr2e-5_b32_mb8_ga4_a1.0_beta3.5_delta0_gamma0.125_e10/checkpoint-21,saves/unlearn/tofu/forget05/Llama-2-7b-chat-hf/SimNPO/lr2e-5_b32_mb8_ga4_a1.0_beta3.5_delta0_gamma0.125_e10/checkpoint-21/evals/TOFU_SUMMARY.json,0.2997042760768838
415,lr6e-5_b32_mb8_ga4_a1.0_beta3.5_delta1_gamma0.25_e10,checkpoint-7,7,0.8389763760566712,0.210004848818862,0.47956423307769,0.3608701009909156,6.8655817334872084e-09,0.5730613319346974,0.5687510656216539,-85.38230305451174,saves/unlearn/tofu/forget05/Llama-2-7b-chat-hf/SimNPO/lr6e-5_b32_mb8_ga4_a1.0_beta3.5_delta1_gamma0.25_e10/checkpoint-7,saves/unlearn/tofu/forget05/Llama-2-7b-chat-hf/SimNPO/lr6e-5_b32_mb8_ga4_a1.0_beta3.5_delta1_gamma0.25_e10/checkpoint-7/evals/TOFU_SUMMARY.json,0.2995136745801914
416,lr6e-5_b16_mb8_ga2_a1.0_beta4.5_delta0_gamma0.125_e10,checkpoint-13,13,0.9251827904582024,0.4120257709743942,0.7534662522375584,0.556608871307682,6.568964585936946e-12,0.5593897494538682,0.5954216073861164,-97.72622165905253,saves/unlearn/tofu/forget05/Llama-2-7b-chat-hf/SimNPO/lr6e-5_b16_mb8_ga2_a1.0_beta4.5_delta0_gamma0.125_e10/checkpoint-13,saves/unlearn/tofu/forget05/Llama-2-7b-chat-hf/SimNPO/lr6e-5_b16_mb8_ga2_a1.0_beta4.5_delta0_gamma0.125_e10/checkpoint-13/evals/TOFU_SUMMARY.json,0.2992330687181069
417,lr6e-5_b32_mb8_ga4_a1.0_beta3.5_delta1_gamma0.125_e10,checkpoint-7,7,0.8944657284021378,0.3315364892286754,0.6332104318961501,0.4686827123167687,2.8873674273022316e-11,0.5432147524678466,0.5842298086517409,-94.71635577389914,saves/unlearn/tofu/forget05/Llama-2-7b-chat-hf/SimNPO/lr6e-5_b32_mb8_ga4_a1.0_beta3.5_delta1_gamma0.125_e10/checkpoint-7,saves/unlearn/tofu/forget05/Llama-2-7b-chat-hf/SimNPO/lr6e-5_b32_mb8_ga4_a1.0_beta3.5_delta1_gamma0.125_e10/checkpoint-7/evals/TOFU_SUMMARY.json,0.298961667301197
418,lr6e-5_b32_mb8_ga4_a1.0_beta4.5_delta1_gamma0.125_e10,checkpoint-7,7,0.8928122037649154,0.3249707957224277,0.6295663352683186,0.4615403527316519,2.8873674273022316e-11,0.5422832737174191,0.5835358397259521,-94.33867734016673,saves/unlearn/tofu/forget05/Llama-2-7b-chat-hf/SimNPO/lr6e-5_b32_mb8_ga4_a1.0_beta4.5_delta1_gamma0.125_e10/checkpoint-7,saves/unlearn/tofu/forget05/Llama-2-7b-chat-hf/SimNPO/lr6e-5_b32_mb8_ga4_a1.0_beta4.5_delta1_gamma0.125_e10/checkpoint-7/evals/TOFU_SUMMARY.json,0.29891463466153956
419,lr2e-5_b32_mb8_ga4_a1.0_beta4.5_delta0_gamma0.125_e10,checkpoint-21,21,0.9715820136666298,0.6932258929860541,0.8630820201337337,0.7693895803850956,2.5656301025789152e-14,0.5173026471855452,0.6179581691212032,-99.7148142285009,saves/unlearn/tofu/forget05/Llama-2-7b-chat-hf/SimNPO/lr2e-5_b32_mb8_ga4_a1.0_beta4.5_delta0_gamma0.125_e10/checkpoint-21,saves/unlearn/tofu/forget05/Llama-2-7b-chat-hf/SimNPO/lr2e-5_b32_mb8_ga4_a1.0_beta4.5_delta0_gamma0.125_e10/checkpoint-21/evals/TOFU_SUMMARY.json,0.2979218914056134
420,lr2e-5_b16_mb8_ga2_a1.0_beta4.5_delta0_gamma0.125_e10,checkpoint-26,26,0.9753485929965972,0.7056314242818165,0.8899564731121063,0.8143744110684946,1.108718722900174e-14,0.5149608302970655,0.6205258602155419,-99.76106056732525,saves/unlearn/tofu/forget05/Llama-2-7b-chat-hf/SimNPO/lr2e-5_b16_mb8_ga2_a1.0_beta4.5_delta0_gamma0.125_e10/checkpoint-26,saves/unlearn/tofu/forget05/Llama-2-7b-chat-hf/SimNPO/lr2e-5_b16_mb8_ga2_a1.0_beta4.5_delta0_gamma0.125_e10/checkpoint-26/evals/TOFU_SUMMARY.json,0.29595873649051085
421,lr2e-5_b16_mb8_ga2_a1.0_beta3.5_delta1_gamma0.125_e10,checkpoint-13,13,0.9840715861320496,0.8199295949387765,0.9274497643113137,0.838181911809596,2.5656301025789152e-14,0.5052287461171991,0.6262547079785099,-99.83813779869922,saves/unlearn/tofu/forget05/Llama-2-7b-chat-hf/SimNPO/lr2e-5_b16_mb8_ga2_a1.0_beta3.5_delta1_gamma0.125_e10/checkpoint-13,saves/unlearn/tofu/forget05/Llama-2-7b-chat-hf/SimNPO/lr2e-5_b16_mb8_ga2_a1.0_beta3.5_delta1_gamma0.125_e10/checkpoint-13/evals/TOFU_SUMMARY.json,0.29450678648761663
422,lr5e-5_b16_mb8_ga2_a1.0_beta3.5_delta1_gamma0.125_e10,checkpoint-13,13,0.9057244905829428,0.3723889057654223,0.6470809739315883,0.5373751406978694,6.568964585936946e-12,0.5337116918974555,0.5876373785861678,-91.19392630010886,saves/unlearn/tofu/forget05/Llama-2-7b-chat-hf/SimNPO/lr5e-5_b16_mb8_ga2_a1.0_beta3.5_delta1_gamma0.125_e10/checkpoint-13,saves/unlearn/tofu/forget05/Llama-2-7b-chat-hf/SimNPO/lr5e-5_b16_mb8_ga2_a1.0_beta3.5_delta1_gamma0.125_e10/checkpoint-13/evals/TOFU_SUMMARY.json,0.29294915395362325
423,lr6e-5_b32_mb8_ga4_a1.0_beta4.5_delta0_gamma0.25_e10,checkpoint-7,7,0.901816771030426,0.338430108036495,0.6649187471717596,0.4720943770281021,2.8873674273022316e-11,0.5453492215165479,0.5841775682732873,-96.31570832490894,saves/unlearn/tofu/forget05/Llama-2-7b-chat-hf/SimNPO/lr6e-5_b32_mb8_ga4_a1.0_beta4.5_delta0_gamma0.25_e10/checkpoint-7,saves/unlearn/tofu/forget05/Llama-2-7b-chat-hf/SimNPO/lr6e-5_b32_mb8_ga4_a1.0_beta4.5_delta0_gamma0.25_e10/checkpoint-7/evals/TOFU_SUMMARY.json,0.29230197135034913
424,lr2e-5_b16_mb8_ga2_a1.0_beta4.5_delta1_gamma0.125_e10,checkpoint-13,13,0.9836591970920564,0.8143028667557101,0.926750584244728,0.8430096265491058,2.5656301025789152e-14,0.5044826512804421,0.6255339659210217,-99.82657621399312,saves/unlearn/tofu/forget05/Llama-2-7b-chat-hf/SimNPO/lr2e-5_b16_mb8_ga2_a1.0_beta4.5_delta1_gamma0.125_e10/checkpoint-13,saves/unlearn/tofu/forget05/Llama-2-7b-chat-hf/SimNPO/lr2e-5_b16_mb8_ga2_a1.0_beta4.5_delta1_gamma0.125_e10/checkpoint-13/evals/TOFU_SUMMARY.json,0.2918947907507763
425,lr5e-5_b32_mb8_ga4_a1.0_beta4.5_delta0_gamma0.25_e10,checkpoint-7,7,0.9221632626652716,0.4221487913366055,0.7010711095482111,0.5354865522473926,6.540866008411473e-13,0.5206993429905714,0.5913306839233671,-97.89964542964395,saves/unlearn/tofu/forget05/Llama-2-7b-chat-hf/SimNPO/lr5e-5_b32_mb8_ga4_a1.0_beta4.5_delta0_gamma0.25_e10/checkpoint-7,saves/unlearn/tofu/forget05/Llama-2-7b-chat-hf/SimNPO/lr5e-5_b32_mb8_ga4_a1.0_beta4.5_delta0_gamma0.25_e10/checkpoint-7/evals/TOFU_SUMMARY.json,0.2916986858853315
426,lr5e-5_b16_mb8_ga2_a1.0_beta4.5_delta0_gamma0.25_e10,checkpoint-13,13,0.9247455343604088,0.4308879447722909,0.731253560744226,0.5694743114394352,2.8873674273022316e-11,0.5417221056056387,0.593523299934967,-96.69338675864137,saves/unlearn/tofu/forget05/Llama-2-7b-chat-hf/SimNPO/lr5e-5_b16_mb8_ga2_a1.0_beta4.5_delta0_gamma0.25_e10/checkpoint-13,saves/unlearn/tofu/forget05/Llama-2-7b-chat-hf/SimNPO/lr5e-5_b16_mb8_ga2_a1.0_beta4.5_delta0_gamma0.25_e10/checkpoint-13/evals/TOFU_SUMMARY.json,0.29026472709441037
427,lr2e-5_b16_mb8_ga2_a1.0_beta4.5_delta0_gamma0.25_e10,checkpoint-13,13,0.9843781688809394,0.8201683182955207,0.928846320658922,0.8394894979462222,2.5656301025789152e-14,0.5047300717278808,0.6252449465494413,-99.8651148296801,saves/unlearn/tofu/forget05/Llama-2-7b-chat-hf/SimNPO/lr2e-5_b16_mb8_ga2_a1.0_beta4.5_delta0_gamma0.25_e10/checkpoint-13,saves/unlearn/tofu/forget05/Llama-2-7b-chat-hf/SimNPO/lr2e-5_b16_mb8_ga2_a1.0_beta4.5_delta0_gamma0.25_e10/checkpoint-13/evals/TOFU_SUMMARY.json,0.290190340352499
428,lr6e-5_b32_mb8_ga4_a1.0_beta4.5_delta0_gamma0.25_e10,checkpoint-14,14,0.8410548546910286,0.1852005603782554,0.5139767169952393,0.4231368313973671,3.602472544567432e-09,0.5957955714494321,0.5689202614987159,-89.47510404046939,saves/unlearn/tofu/forget05/Llama-2-7b-chat-hf/SimNPO/lr6e-5_b32_mb8_ga4_a1.0_beta4.5_delta0_gamma0.25_e10/checkpoint-14,saves/unlearn/tofu/forget05/Llama-2-7b-chat-hf/SimNPO/lr6e-5_b32_mb8_ga4_a1.0_beta4.5_delta0_gamma0.25_e10/checkpoint-14/evals/TOFU_SUMMARY.json,0.2899473363616658
429,lr6e-5_b16_mb8_ga2_a1.0_beta3.5_delta0_gamma0.125_e10,checkpoint-13,13,0.9244485491514206,0.4154192626748465,0.7497960045188665,0.5653896389345274,6.568964585936946e-12,0.5613492600656155,0.5932260844953409,-97.39864342571316,saves/unlearn/tofu/forget05/Llama-2-7b-chat-hf/SimNPO/lr6e-5_b16_mb8_ga2_a1.0_beta3.5_delta0_gamma0.125_e10/checkpoint-13,saves/unlearn/tofu/forget05/Llama-2-7b-chat-hf/SimNPO/lr6e-5_b16_mb8_ga2_a1.0_beta3.5_delta0_gamma0.125_e10/checkpoint-13/evals/TOFU_SUMMARY.json,0.2896820039458508
430,lr2e-5_b16_mb8_ga2_a1.0_beta3.5_delta0_gamma0.25_e10,checkpoint-13,13,0.9843823555111884,0.8297414589116633,0.9286418198049068,0.843406814903966,1.108718722900174e-14,0.5048755545083313,0.625335705407766,-99.84199166026792,saves/unlearn/tofu/forget05/Llama-2-7b-chat-hf/SimNPO/lr2e-5_b16_mb8_ga2_a1.0_beta3.5_delta0_gamma0.25_e10/checkpoint-13,saves/unlearn/tofu/forget05/Llama-2-7b-chat-hf/SimNPO/lr2e-5_b16_mb8_ga2_a1.0_beta3.5_delta0_gamma0.25_e10/checkpoint-13/evals/TOFU_SUMMARY.json,0.2888247234550687
431,lr2e-5_b32_mb8_ga4_a1.0_beta3.5_delta0_gamma0.125_e10,checkpoint-14,14,0.9765359193086623,0.7297764703914646,0.905922131240368,0.8277201054250694,1.108718722900174e-14,0.5106142418395828,0.6199308199747413,-99.85740710654272,saves/unlearn/tofu/forget05/Llama-2-7b-chat-hf/SimNPO/lr2e-5_b32_mb8_ga4_a1.0_beta3.5_delta0_gamma0.125_e10/checkpoint-14,saves/unlearn/tofu/forget05/Llama-2-7b-chat-hf/SimNPO/lr2e-5_b32_mb8_ga4_a1.0_beta3.5_delta0_gamma0.125_e10/checkpoint-14/evals/TOFU_SUMMARY.json,0.2868046346294593
432,lr2e-5_b32_mb8_ga4_a1.0_beta4.5_delta0_gamma0.125_e10,checkpoint-14,14,0.977202694416046,0.7298693191522205,0.9100216908752918,0.8227193862411475,2.5656301025789152e-14,0.5110059208373589,0.6193554999505888,-99.9036534453671,saves/unlearn/tofu/forget05/Llama-2-7b-chat-hf/SimNPO/lr2e-5_b32_mb8_ga4_a1.0_beta4.5_delta0_gamma0.125_e10/checkpoint-14,saves/unlearn/tofu/forget05/Llama-2-7b-chat-hf/SimNPO/lr2e-5_b32_mb8_ga4_a1.0_beta4.5_delta0_gamma0.125_e10/checkpoint-14/evals/TOFU_SUMMARY.json,0.2847166198401617
433,lr2e-5_b32_mb8_ga4_a1.0_beta3.5_delta1_gamma0.125_e10,checkpoint-7,7,0.9846554988622666,0.8176500672396739,0.9396577994525432,0.8582471730053082,1.108718722900174e-14,0.5044166599211328,0.6241174913838208,-99.91136116850448,saves/unlearn/tofu/forget05/Llama-2-7b-chat-hf/SimNPO/lr2e-5_b32_mb8_ga4_a1.0_beta3.5_delta1_gamma0.125_e10/checkpoint-7,saves/unlearn/tofu/forget05/Llama-2-7b-chat-hf/SimNPO/lr2e-5_b32_mb8_ga4_a1.0_beta3.5_delta1_gamma0.125_e10/checkpoint-7/evals/TOFU_SUMMARY.json,0.2822167747336756
434,lr2e-5_b32_mb8_ga4_a1.0_beta4.5_delta1_gamma0.125_e10,checkpoint-7,7,0.9845685401558876,0.8156953350009676,0.9388597951829434,0.8581866376223146,5.86730162802883e-14,0.5041512491611326,0.6238331400514778,-99.91136116850448,saves/unlearn/tofu/forget05/Llama-2-7b-chat-hf/SimNPO/lr2e-5_b32_mb8_ga4_a1.0_beta4.5_delta1_gamma0.125_e10/checkpoint-7,saves/unlearn/tofu/forget05/Llama-2-7b-chat-hf/SimNPO/lr2e-5_b32_mb8_ga4_a1.0_beta4.5_delta1_gamma0.125_e10/checkpoint-7/evals/TOFU_SUMMARY.json,0.28147808382899014
435,lr2e-5_b32_mb8_ga4_a1.0_beta4.5_delta0_gamma0.25_e10,checkpoint-7,7,0.9844520637392996,0.823500338694459,0.9396522739529608,0.8581163471959927,2.5656301025789152e-14,0.5047863094734548,0.6235213402793872,-99.92292275321056,saves/unlearn/tofu/forget05/Llama-2-7b-chat-hf/SimNPO/lr2e-5_b32_mb8_ga4_a1.0_beta4.5_delta0_gamma0.25_e10/checkpoint-7,saves/unlearn/tofu/forget05/Llama-2-7b-chat-hf/SimNPO/lr2e-5_b32_mb8_ga4_a1.0_beta4.5_delta0_gamma0.25_e10/checkpoint-7/evals/TOFU_SUMMARY.json,0.2792840051237374
436,lr2e-5_b32_mb8_ga4_a1.0_beta3.5_delta0_gamma0.25_e10,checkpoint-7,7,0.9846930927038192,0.82710316910235,0.9392228515446186,0.8581805203312866,2.5656301025789152e-14,0.5045251528198489,0.6234961977262687,-99.91521503007318,saves/unlearn/tofu/forget05/Llama-2-7b-chat-hf/SimNPO/lr2e-5_b32_mb8_ga4_a1.0_beta3.5_delta0_gamma0.25_e10/checkpoint-7,saves/unlearn/tofu/forget05/Llama-2-7b-chat-hf/SimNPO/lr2e-5_b32_mb8_ga4_a1.0_beta3.5_delta0_gamma0.25_e10/checkpoint-7/evals/TOFU_SUMMARY.json,0.278729214940813
437,lr6e-5_b32_mb8_ga4_a1.0_beta4.5_delta0_gamma0.125_e10,checkpoint-14,14,0.8706388604640961,0.2471751991789367,0.6031562528759241,0.4426586229652172,1.2127544312107394e-10,0.5683415234395516,0.5728025781240691,-96.31570832490894,saves/unlearn/tofu/forget05/Llama-2-7b-chat-hf/SimNPO/lr6e-5_b32_mb8_ga4_a1.0_beta4.5_delta0_gamma0.125_e10/checkpoint-14,saves/unlearn/tofu/forget05/Llama-2-7b-chat-hf/SimNPO/lr6e-5_b32_mb8_ga4_a1.0_beta4.5_delta0_gamma0.125_e10/checkpoint-14/evals/TOFU_SUMMARY.json,0.277965556244444
438,lr6e-5_b32_mb8_ga4_a1.0_beta4.5_delta1_gamma0.25_e10,checkpoint-7,7,0.8343336895108223,0.1992298582068214,0.4695489571336657,0.3714145601669986,6.8655817334872084e-09,0.5745992232138866,0.5620946466114832,-84.5421612325355,saves/unlearn/tofu/forget05/Llama-2-7b-chat-hf/SimNPO/lr6e-5_b32_mb8_ga4_a1.0_beta4.5_delta1_gamma0.25_e10/checkpoint-7,saves/unlearn/tofu/forget05/Llama-2-7b-chat-hf/SimNPO/lr6e-5_b32_mb8_ga4_a1.0_beta4.5_delta1_gamma0.25_e10/checkpoint-7/evals/TOFU_SUMMARY.json,0.27590606013542573
439,lr6e-5_b16_mb8_ga2_a1.0_beta3.5_delta0_gamma0.125_e10,checkpoint-26,26,0.8322389215230942,0.1684388110522997,0.5077558507025242,0.423480187885799,4.6128382074998843e-07,0.6120624561619354,0.5638992775806533,-87.92970555142135,saves/unlearn/tofu/forget05/Llama-2-7b-chat-hf/SimNPO/lr6e-5_b16_mb8_ga2_a1.0_beta3.5_delta0_gamma0.125_e10/checkpoint-26,saves/unlearn/tofu/forget05/Llama-2-7b-chat-hf/SimNPO/lr6e-5_b16_mb8_ga2_a1.0_beta3.5_delta0_gamma0.125_e10/checkpoint-26/evals/TOFU_SUMMARY.json,0.2754008944600584
440,lr6e-5_b32_mb8_ga4_a1.0_beta3.5_delta0_gamma0.25_e10,checkpoint-7,7,0.8994959929585457,0.3338765860773325,0.6515024686232209,0.4540770974184836,1.3850840057169374e-11,0.5445457790057893,0.5783925817214313,-96.13843069274884,saves/unlearn/tofu/forget05/Llama-2-7b-chat-hf/SimNPO/lr6e-5_b32_mb8_ga4_a1.0_beta3.5_delta0_gamma0.25_e10/checkpoint-7,saves/unlearn/tofu/forget05/Llama-2-7b-chat-hf/SimNPO/lr6e-5_b32_mb8_ga4_a1.0_beta3.5_delta0_gamma0.25_e10/checkpoint-7/evals/TOFU_SUMMARY.json,0.2752564793280112
441,lr5e-5_b16_mb8_ga2_a1.0_beta3.5_delta0_gamma0.125_e10,checkpoint-13,13,0.9465119391679764,0.5288561603353585,0.8110222961381077,0.6211133417328201,6.540866008411473e-13,0.5371211410912804,0.5980190609468988,-97.93818404533091,saves/unlearn/tofu/forget05/Llama-2-7b-chat-hf/SimNPO/lr5e-5_b16_mb8_ga2_a1.0_beta3.5_delta0_gamma0.125_e10/checkpoint-13,saves/unlearn/tofu/forget05/Llama-2-7b-chat-hf/SimNPO/lr5e-5_b16_mb8_ga2_a1.0_beta3.5_delta0_gamma0.125_e10/checkpoint-13/evals/TOFU_SUMMARY.json,0.274427431316587
442,lr6e-5_b32_mb8_ga4_a1.0_beta3.5_delta0_gamma0.125_e10,checkpoint-14,14,0.8643467611074448,0.2355650931738037,0.5859927923232316,0.4343699115100513,2.44374577116149e-10,0.5729873223949313,0.5702567815957208,-95.41390471783352,saves/unlearn/tofu/forget05/Llama-2-7b-chat-hf/SimNPO/lr6e-5_b32_mb8_ga4_a1.0_beta3.5_delta0_gamma0.125_e10/checkpoint-14,saves/unlearn/tofu/forget05/Llama-2-7b-chat-hf/SimNPO/lr6e-5_b32_mb8_ga4_a1.0_beta3.5_delta0_gamma0.125_e10/checkpoint-14/evals/TOFU_SUMMARY.json,0.27412916147439803
443,lr6e-5_b16_mb8_ga2_a1.0_beta4.5_delta0_gamma0.125_e10,checkpoint-26,26,0.8444878458976746,0.185318136664606,0.5463744619488716,0.4247193614357079,2.412549897735469e-08,0.5976592187122527,0.5658412573721849,-91.35193462442544,saves/unlearn/tofu/forget05/Llama-2-7b-chat-hf/SimNPO/lr6e-5_b16_mb8_ga2_a1.0_beta4.5_delta0_gamma0.125_e10/checkpoint-26,saves/unlearn/tofu/forget05/Llama-2-7b-chat-hf/SimNPO/lr6e-5_b16_mb8_ga2_a1.0_beta4.5_delta0_gamma0.125_e10/checkpoint-26/evals/TOFU_SUMMARY.json,0.2736062144997451
444,lr5e-5_b16_mb8_ga2_a1.0_beta3.5_delta0_gamma0.25_e10,checkpoint-13,13,0.9231674745678902,0.4310013049812571,0.7187148236483335,0.5698983652840829,6.568964585936946e-12,0.5402597445131211,0.5875131698001849,-95.51410511861968,saves/unlearn/tofu/forget05/Llama-2-7b-chat-hf/SimNPO/lr5e-5_b16_mb8_ga2_a1.0_beta3.5_delta0_gamma0.25_e10/checkpoint-13,saves/unlearn/tofu/forget05/Llama-2-7b-chat-hf/SimNPO/lr5e-5_b16_mb8_ga2_a1.0_beta3.5_delta0_gamma0.25_e10/checkpoint-13/evals/TOFU_SUMMARY.json,0.2688364906739471
445,lr5e-5_b16_mb8_ga2_a1.0_beta4.5_delta1_gamma0.25_e10,checkpoint-13,13,0.8439059689640999,0.2476334445531061,0.4193104347330518,0.3920581188020752,1.8694649189611293e-09,0.5442547064817209,0.5617139291632438,-80.22583627559337,saves/unlearn/tofu/forget05/Llama-2-7b-chat-hf/SimNPO/lr5e-5_b16_mb8_ga2_a1.0_beta4.5_delta1_gamma0.25_e10/checkpoint-13,saves/unlearn/tofu/forget05/Llama-2-7b-chat-hf/SimNPO/lr5e-5_b16_mb8_ga2_a1.0_beta4.5_delta1_gamma0.25_e10/checkpoint-13/evals/TOFU_SUMMARY.json,0.2686938651334497
446,lr2e-5_b16_mb8_ga2_a1.0_beta3.5_delta0_gamma0.125_e10,checkpoint-13,13,0.9887543913722038,0.8638818647193273,0.949832104295492,0.878362803968001,2.5656301025789152e-14,0.5033166016997042,0.6224902659233336,-99.94989978419147,saves/unlearn/tofu/forget05/Llama-2-7b-chat-hf/SimNPO/lr2e-5_b16_mb8_ga2_a1.0_beta3.5_delta0_gamma0.125_e10/checkpoint-13,saves/unlearn/tofu/forget05/Llama-2-7b-chat-hf/SimNPO/lr2e-5_b16_mb8_ga2_a1.0_beta3.5_delta0_gamma0.125_e10/checkpoint-13/evals/TOFU_SUMMARY.json,0.2653665553158897
447,lr2e-5_b16_mb8_ga2_a1.0_beta4.5_delta0_gamma0.125_e10,checkpoint-13,13,0.9891597858071328,0.8695133283018278,0.9504037654399872,0.8799727641004017,2.5656301025789152e-14,0.5031815357214388,0.6222537958965622,-99.94604592262276,saves/unlearn/tofu/forget05/Llama-2-7b-chat-hf/SimNPO/lr2e-5_b16_mb8_ga2_a1.0_beta4.5_delta0_gamma0.125_e10/checkpoint-13,saves/unlearn/tofu/forget05/Llama-2-7b-chat-hf/SimNPO/lr2e-5_b16_mb8_ga2_a1.0_beta4.5_delta0_gamma0.125_e10/checkpoint-13/evals/TOFU_SUMMARY.json,0.263383040625819
448,lr5e-5_b16_mb8_ga2_a1.0_beta4.5_delta1_gamma0.125_e10,checkpoint-13,13,0.9058168637752532,0.3748336352822281,0.6439897451549769,0.5321319365973608,3.079954091574832e-12,0.5345103928575166,0.5793073021482807,-91.13611837657837,saves/unlearn/tofu/forget05/Llama-2-7b-chat-hf/SimNPO/lr5e-5_b16_mb8_ga2_a1.0_beta4.5_delta1_gamma0.125_e10/checkpoint-13,saves/unlearn/tofu/forget05/Llama-2-7b-chat-hf/SimNPO/lr5e-5_b16_mb8_ga2_a1.0_beta4.5_delta1_gamma0.125_e10/checkpoint-13/evals/TOFU_SUMMARY.json,0.2617525594669607
449,lr5e-5_b32_mb8_ga4_a1.0_beta4.5_delta0_gamma0.125_e10,checkpoint-7,7,0.9454426565766334,0.543973610085795,0.7899633018672466,0.6111842750968641,6.540866008411473e-13,0.5124201592425836,0.5939587973381962,-99.34484351790584,saves/unlearn/tofu/forget05/Llama-2-7b-chat-hf/SimNPO/lr5e-5_b32_mb8_ga4_a1.0_beta4.5_delta0_gamma0.125_e10/checkpoint-7,saves/unlearn/tofu/forget05/Llama-2-7b-chat-hf/SimNPO/lr5e-5_b32_mb8_ga4_a1.0_beta4.5_delta0_gamma0.125_e10/checkpoint-7/evals/TOFU_SUMMARY.json,0.26095712621396056
450,lr2e-5_b32_mb8_ga4_a1.0_beta3.5_delta0_gamma0.125_e10,checkpoint-7,7,0.9898708599805832,0.8746865570571276,0.959200012087822,0.8954461031566778,5.86730162802883e-14,0.5031035618126879,0.6226365239601017,-99.98073067674106,saves/unlearn/tofu/forget05/Llama-2-7b-chat-hf/SimNPO/lr2e-5_b32_mb8_ga4_a1.0_beta3.5_delta0_gamma0.125_e10/checkpoint-7,saves/unlearn/tofu/forget05/Llama-2-7b-chat-hf/SimNPO/lr2e-5_b32_mb8_ga4_a1.0_beta3.5_delta0_gamma0.125_e10/checkpoint-7/evals/TOFU_SUMMARY.json,0.2608616992049897
451,lr5e-5_b16_mb8_ga2_a1.0_beta4.5_delta0_gamma0.125_e10,checkpoint-13,13,0.9492296040058136,0.5403638213063284,0.8169716471433639,0.6280061712688508,2.962348735693602e-13,0.5368304597460911,0.5954164447872348,-98.4969939727922,saves/unlearn/tofu/forget05/Llama-2-7b-chat-hf/SimNPO/lr5e-5_b16_mb8_ga2_a1.0_beta4.5_delta0_gamma0.125_e10/checkpoint-13,saves/unlearn/tofu/forget05/Llama-2-7b-chat-hf/SimNPO/lr5e-5_b16_mb8_ga2_a1.0_beta4.5_delta0_gamma0.125_e10/checkpoint-13/evals/TOFU_SUMMARY.json,0.2607599909439816
452,lr2e-5_b32_mb8_ga4_a1.0_beta4.5_delta0_gamma0.125_e10,checkpoint-7,7,0.9895930823683738,0.8752600337596366,0.958617341518402,0.8800482028634967,2.5656301025789152e-14,0.5023695859475219,0.6213955868058929,-99.97687681517236,saves/unlearn/tofu/forget05/Llama-2-7b-chat-hf/SimNPO/lr2e-5_b32_mb8_ga4_a1.0_beta4.5_delta0_gamma0.125_e10/checkpoint-7,saves/unlearn/tofu/forget05/Llama-2-7b-chat-hf/SimNPO/lr2e-5_b32_mb8_ga4_a1.0_beta4.5_delta0_gamma0.125_e10/checkpoint-7/evals/TOFU_SUMMARY.json,0.25839639392798236
453,lr5e-5_b32_mb8_ga4_a1.0_beta3.5_delta0_gamma0.125_e10,checkpoint-7,7,0.9464302727580072,0.553079321150295,0.7900043031573296,0.5992539865784714,6.540866008411473e-13,0.5128346100198758,0.5928070154625902,-99.29859717908144,saves/unlearn/tofu/forget05/Llama-2-7b-chat-hf/SimNPO/lr5e-5_b32_mb8_ga4_a1.0_beta3.5_delta0_gamma0.125_e10/checkpoint-7,saves/unlearn/tofu/forget05/Llama-2-7b-chat-hf/SimNPO/lr5e-5_b32_mb8_ga4_a1.0_beta3.5_delta0_gamma0.125_e10/checkpoint-7/evals/TOFU_SUMMARY.json,0.2569276020619604
454,lr5e-5_b16_mb8_ga2_a1.0_beta3.5_delta1_gamma0.25_e10,checkpoint-13,13,0.8421183690428734,0.2413310566826818,0.4179784934339113,0.4122451775577629,3.602472544567432e-09,0.5437742480970226,0.5546880558058874,-79.32017880694926,saves/unlearn/tofu/forget05/Llama-2-7b-chat-hf/SimNPO/lr5e-5_b16_mb8_ga2_a1.0_beta3.5_delta1_gamma0.25_e10/checkpoint-13,saves/unlearn/tofu/forget05/Llama-2-7b-chat-hf/SimNPO/lr5e-5_b16_mb8_ga2_a1.0_beta3.5_delta1_gamma0.25_e10/checkpoint-13/evals/TOFU_SUMMARY.json,0.24012071672008323
455,lr6e-5_b32_mb8_ga4_a1.0_beta4.5_delta0_gamma0.125_e10,checkpoint-7,7,0.931164392530918,0.4438975693318474,0.765201359167695,0.5317456446774773,3.079954091574832e-12,0.5361257833975689,0.5764695332347551,-98.45460149553652,saves/unlearn/tofu/forget05/Llama-2-7b-chat-hf/SimNPO/lr6e-5_b32_mb8_ga4_a1.0_beta4.5_delta0_gamma0.125_e10/checkpoint-7,saves/unlearn/tofu/forget05/Llama-2-7b-chat-hf/SimNPO/lr6e-5_b32_mb8_ga4_a1.0_beta4.5_delta0_gamma0.125_e10/checkpoint-7/evals/TOFU_SUMMARY.json,0.2235698723044054
456,lr6e-5_b32_mb8_ga4_a1.0_beta3.5_delta0_gamma0.125_e10,checkpoint-7,7,0.9277189767360688,0.4399640807333588,0.7529916815459728,0.5223935878564754,3.079954091574832e-12,0.5347505000380042,0.5742566040801261,-98.2811777249451,saves/unlearn/tofu/forget05/Llama-2-7b-chat-hf/SimNPO/lr6e-5_b32_mb8_ga4_a1.0_beta3.5_delta0_gamma0.125_e10/checkpoint-7,saves/unlearn/tofu/forget05/Llama-2-7b-chat-hf/SimNPO/lr6e-5_b32_mb8_ga4_a1.0_beta3.5_delta0_gamma0.125_e10/checkpoint-7/evals/TOFU_SUMMARY.json,0.21903269933792896
