split,method,tag,lr,eff_b,mb,ga,epoch,alpha,beta,delta,gamma,checkpoint,checkpoint_step,FQ,MU,EM,ES,F-TR,Ra-TR,R-TR,Rw-TR,score,summary_path,eval_path
forget01,SimNPO,lr2e-5_b16_mb8_ga2_a1.0_beta3.5_delta0_gamma0.125_e10,2e-5,16,8,2,10,1.0,3.5,0,0.125,checkpoint-3,3,0.003018184077228396,0.6183160686298798,0.9855977758765221,0.8328787523541102,0.5203233636179239,0.6013053400065003,0.4642395038013025,0.5505334659810638,-0.287904011408208,saves/unlearn/tofu/forget01/Llama-2-7b-chat-hf/SimNPO/lr2e-5_b16_mb8_ga2_a1.0_beta3.5_delta0_gamma0.125_e10/checkpoint-3/evals/TOFU_SUMMARY.json,saves/unlearn/tofu/forget01/Llama-2-7b-chat-hf/SimNPO/lr2e-5_b16_mb8_ga2_a1.0_beta3.5_delta0_gamma0.125_e10/checkpoint-3/evals/TOFU_EVAL.json
forget01,SimNPO,lr2e-5_b16_mb8_ga2_a1.0_beta3.5_delta0_gamma0.125_e10,2e-5,16,8,2,10,1.0,3.5,0,0.125,checkpoint-6,6,0.0012708143485281624,0.616932333092657,0.9578721642494201,0.5185387794249205,0.5063832613495904,0.6066174932647873,0.4673216983075409,0.5594900416523443,-0.12000232439598513,saves/unlearn/tofu/forget01/Llama-2-7b-chat-hf/SimNPO/lr2e-5_b16_mb8_ga2_a1.0_beta3.5_delta0_gamma0.125_e10/checkpoint-6/evals/TOFU_SUMMARY.json,saves/unlearn/tofu/forget01/Llama-2-7b-chat-hf/SimNPO/lr2e-5_b16_mb8_ga2_a1.0_beta3.5_delta0_gamma0.125_e10/checkpoint-6/evals/TOFU_EVAL.json
forget01,SimNPO,lr2e-5_b16_mb8_ga2_a1.0_beta3.5_delta0_gamma0.125_e10,2e-5,16,8,2,10,1.0,3.5,0,0.125,checkpoint-9,9,0.00018791118070078278,0.6178861630371857,0.9402931272983551,0.3907647051561455,0.5057661805661564,0.6042184226547732,0.4668795855086357,0.5545637387012695,-0.047454842009363785,saves/unlearn/tofu/forget01/Llama-2-7b-chat-hf/SimNPO/lr2e-5_b16_mb8_ga2_a1.0_beta3.5_delta0_gamma0.125_e10/checkpoint-9/evals/TOFU_SUMMARY.json,saves/unlearn/tofu/forget01/Llama-2-7b-chat-hf/SimNPO/lr2e-5_b16_mb8_ga2_a1.0_beta3.5_delta0_gamma0.125_e10/checkpoint-9/evals/TOFU_EVAL.json
forget01,SimNPO,lr2e-5_b16_mb8_ga2_a1.0_beta3.5_delta0_gamma0.125_e10,2e-5,16,8,2,10,1.0,3.5,0,0.125,checkpoint-12,12,0.0005039436209702519,0.616964407896971,0.9370459243655205,0.3415216528983873,0.5048328508745771,0.600146009114847,0.4658288814318854,0.5486868802869607,-0.02181543711401257,saves/unlearn/tofu/forget01/Llama-2-7b-chat-hf/SimNPO/lr2e-5_b16_mb8_ga2_a1.0_beta3.5_delta0_gamma0.125_e10/checkpoint-12/evals/TOFU_SUMMARY.json,saves/unlearn/tofu/forget01/Llama-2-7b-chat-hf/SimNPO/lr2e-5_b16_mb8_ga2_a1.0_beta3.5_delta0_gamma0.125_e10/checkpoint-12/evals/TOFU_EVAL.json
forget01,SimNPO,lr2e-5_b16_mb8_ga2_a1.0_beta3.5_delta0_gamma0.125_e10,2e-5,16,8,2,10,1.0,3.5,0,0.125,checkpoint-15,15,0.0005039436209702519,0.6173190126482498,0.9340290486812591,0.30940319945640443,0.504661010973632,0.5983503835836157,0.4647635219702323,0.5456835579962943,-0.0038931677996116576,saves/unlearn/tofu/forget01/Llama-2-7b-chat-hf/SimNPO/lr2e-5_b16_mb8_ga2_a1.0_beta3.5_delta0_gamma0.125_e10/checkpoint-15/evals/TOFU_SUMMARY.json,saves/unlearn/tofu/forget01/Llama-2-7b-chat-hf/SimNPO/lr2e-5_b16_mb8_ga2_a1.0_beta3.5_delta0_gamma0.125_e10/checkpoint-15/evals/TOFU_EVAL.json
forget01,SimNPO,lr2e-5_b16_mb8_ga2_a1.0_beta3.5_delta0_gamma0.125_e10,2e-5,16,8,2,10,1.0,3.5,0,0.125,checkpoint-18,18,0.0012708143485281624,0.617190676843115,0.9340728163719177,0.30940319945640443,0.5053744963701389,0.5964259539701076,0.46434032661778796,0.5466346138150372,-0.0032765167225179137,saves/unlearn/tofu/forget01/Llama-2-7b-chat-hf/SimNPO/lr2e-5_b16_mb8_ga2_a1.0_beta3.5_delta0_gamma0.125_e10/checkpoint-18/evals/TOFU_SUMMARY.json,saves/unlearn/tofu/forget01/Llama-2-7b-chat-hf/SimNPO/lr2e-5_b16_mb8_ga2_a1.0_beta3.5_delta0_gamma0.125_e10/checkpoint-18/evals/TOFU_EVAL.json
forget01,SimNPO,lr2e-5_b16_mb8_ga2_a1.0_beta3.5_delta0_gamma0.125_e10,2e-5,16,8,2,10,1.0,3.5,0,0.125,checkpoint-20,20,0.0005039436209702519,0.6172613455355539,0.9335904523730278,0.30940319945640443,0.5058741406640477,0.5970130085686421,0.46441490844493727,0.5467029940060643,-0.003731536758191961,saves/unlearn/tofu/forget01/Llama-2-7b-chat-hf/SimNPO/lr2e-5_b16_mb8_ga2_a1.0_beta3.5_delta0_gamma0.125_e10/checkpoint-20/evals/TOFU_SUMMARY.json,saves/unlearn/tofu/forget01/Llama-2-7b-chat-hf/SimNPO/lr2e-5_b16_mb8_ga2_a1.0_beta3.5_delta0_gamma0.125_e10/checkpoint-20/evals/TOFU_EVAL.json
forget01,SimNPO,lr2e-5_b16_mb8_ga2_a1.0_beta3.5_delta0_gamma0.25_e10,2e-5,16,8,2,10,1.0,3.5,0,0.25,checkpoint-3,3,0.0012708143485281624,0.6188528541460183,0.9778406247496605,0.7216975615518967,0.5189279455061071,0.6009937684829151,0.4639798453356439,0.5507354709668473,-0.2296454246562321,saves/unlearn/tofu/forget01/Llama-2-7b-chat-hf/SimNPO/lr2e-5_b16_mb8_ga2_a1.0_beta3.5_delta0_gamma0.25_e10/checkpoint-3/evals/TOFU_SUMMARY.json,saves/unlearn/tofu/forget01/Llama-2-7b-chat-hf/SimNPO/lr2e-5_b16_mb8_ga2_a1.0_beta3.5_delta0_gamma0.25_e10/checkpoint-3/evals/TOFU_EVAL.json
forget01,SimNPO,lr2e-5_b16_mb8_ga2_a1.0_beta3.5_delta0_gamma0.25_e10,2e-5,16,8,2,10,1.0,3.5,0,0.25,checkpoint-6,6,0.0005039436209702519,0.6144769715589615,0.9190642595291137,0.2840685797929362,0.5021292301741453,0.6085118082145609,0.46624130816813986,0.5616640558212845,0.013414495518906833,saves/unlearn/tofu/forget01/Llama-2-7b-chat-hf/SimNPO/lr2e-5_b16_mb8_ga2_a1.0_beta3.5_delta0_gamma0.25_e10/checkpoint-6/evals/TOFU_SUMMARY.json,saves/unlearn/tofu/forget01/Llama-2-7b-chat-hf/SimNPO/lr2e-5_b16_mb8_ga2_a1.0_beta3.5_delta0_gamma0.25_e10/checkpoint-6/evals/TOFU_EVAL.json
forget01,SimNPO,lr2e-5_b16_mb8_ga2_a1.0_beta3.5_delta0_gamma0.25_e10,2e-5,16,8,2,10,1.0,3.5,0,0.25,checkpoint-9,9,0.0012708143485281624,0.616558524583905,0.896358247101307,0.21124648632789061,0.5008585206514571,0.6046166311776056,0.4659351018531897,0.5599109299739656,0.0640269722178344,saves/unlearn/tofu/forget01/Llama-2-7b-chat-hf/SimNPO/lr2e-5_b16_mb8_ga2_a1.0_beta3.5_delta0_gamma0.25_e10/checkpoint-9/evals/TOFU_SUMMARY.json,saves/unlearn/tofu/forget01/Llama-2-7b-chat-hf/SimNPO/lr2e-5_b16_mb8_ga2_a1.0_beta3.5_delta0_gamma0.25_e10/checkpoint-9/evals/TOFU_EVAL.json
forget01,SimNPO,lr2e-5_b16_mb8_ga2_a1.0_beta3.5_delta0_gamma0.25_e10,2e-5,16,8,2,10,1.0,3.5,0,0.25,checkpoint-12,12,0.0012708143485281624,0.615411422372812,0.8876043066382409,0.19317492407414755,0.5031819570854978,0.6005006289435089,0.4649827721020536,0.5534390800820553,0.07629262136514595,saves/unlearn/tofu/forget01/Llama-2-7b-chat-hf/SimNPO/lr2e-5_b16_mb8_ga2_a1.0_beta3.5_delta0_gamma0.25_e10/checkpoint-12/evals/TOFU_SUMMARY.json,saves/unlearn/tofu/forget01/Llama-2-7b-chat-hf/SimNPO/lr2e-5_b16_mb8_ga2_a1.0_beta3.5_delta0_gamma0.25_e10/checkpoint-12/evals/TOFU_EVAL.json
forget01,SimNPO,lr2e-5_b16_mb8_ga2_a1.0_beta3.5_delta0_gamma0.25_e10,2e-5,16,8,2,10,1.0,3.5,0,0.25,checkpoint-15,15,0.0005039436209702519,0.6154270032849429,0.8861773639917374,0.19317492407414755,0.5049154583811967,0.6000848955688727,0.46390208067249816,0.5496671262846726,0.07625480287297073,saves/unlearn/tofu/forget01/Llama-2-7b-chat-hf/SimNPO/lr2e-5_b16_mb8_ga2_a1.0_beta3.5_delta0_gamma0.25_e10/checkpoint-15/evals/TOFU_SUMMARY.json,saves/unlearn/tofu/forget01/Llama-2-7b-chat-hf/SimNPO/lr2e-5_b16_mb8_ga2_a1.0_beta3.5_delta0_gamma0.25_e10/checkpoint-15/evals/TOFU_EVAL.json
forget01,SimNPO,lr2e-5_b16_mb8_ga2_a1.0_beta3.5_delta0_gamma0.25_e10,2e-5,16,8,2,10,1.0,3.5,0,0.25,checkpoint-18,18,0.0012708143485281624,0.6158855249198298,0.8855178847908973,0.19317492407414755,0.5061285471041025,0.5985929791590648,0.4634605756424094,0.5497323857923762,0.07780993483583556,saves/unlearn/tofu/forget01/Llama-2-7b-chat-hf/SimNPO/lr2e-5_b16_mb8_ga2_a1.0_beta3.5_delta0_gamma0.25_e10/checkpoint-18/evals/TOFU_SUMMARY.json,saves/unlearn/tofu/forget01/Llama-2-7b-chat-hf/SimNPO/lr2e-5_b16_mb8_ga2_a1.0_beta3.5_delta0_gamma0.25_e10/checkpoint-18/evals/TOFU_EVAL.json
forget01,SimNPO,lr2e-5_b16_mb8_ga2_a1.0_beta3.5_delta0_gamma0.25_e10,2e-5,16,8,2,10,1.0,3.5,0,0.25,checkpoint-20,20,0.0012708143485281624,0.6161587442408625,0.8848774909973145,0.19317492407414755,0.5062714830575742,0.5979716664715139,0.4637462918313436,0.55100327786506,0.07840335105365961,saves/unlearn/tofu/forget01/Llama-2-7b-chat-hf/SimNPO/lr2e-5_b16_mb8_ga2_a1.0_beta3.5_delta0_gamma0.25_e10/checkpoint-20/evals/TOFU_SUMMARY.json,saves/unlearn/tofu/forget01/Llama-2-7b-chat-hf/SimNPO/lr2e-5_b16_mb8_ga2_a1.0_beta3.5_delta0_gamma0.25_e10/checkpoint-20/evals/TOFU_EVAL.json
forget01,SimNPO,lr2e-5_b16_mb8_ga2_a1.0_beta3.5_delta1_gamma0.125_e10,2e-5,16,8,2,10,1.0,3.5,1,0.125,checkpoint-3,3,0.0012708143485281624,0.6190277399510818,0.9778406247496605,0.7216975615518967,0.5203096618623174,0.6023474103750516,0.4636804758543375,0.5514735732750456,-0.22947053885116858,saves/unlearn/tofu/forget01/Llama-2-7b-chat-hf/SimNPO/lr2e-5_b16_mb8_ga2_a1.0_beta3.5_delta1_gamma0.125_e10/checkpoint-3/evals/TOFU_SUMMARY.json,saves/unlearn/tofu/forget01/Llama-2-7b-chat-hf/SimNPO/lr2e-5_b16_mb8_ga2_a1.0_beta3.5_delta1_gamma0.125_e10/checkpoint-3/evals/TOFU_EVAL.json
forget01,SimNPO,lr2e-5_b16_mb8_ga2_a1.0_beta3.5_delta1_gamma0.125_e10,2e-5,16,8,2,10,1.0,3.5,1,0.125,checkpoint-6,6,0.003018184077228396,0.611585313002984,0.910418039560318,0.25969649762673647,0.5021468343485038,0.6070174713700079,0.46554922060231996,0.5631448216306894,0.029546228486685228,saves/unlearn/tofu/forget01/Llama-2-7b-chat-hf/SimNPO/lr2e-5_b16_mb8_ga2_a1.0_beta3.5_delta1_gamma0.125_e10/checkpoint-6/evals/TOFU_SUMMARY.json,saves/unlearn/tofu/forget01/Llama-2-7b-chat-hf/SimNPO/lr2e-5_b16_mb8_ga2_a1.0_beta3.5_delta1_gamma0.125_e10/checkpoint-6/evals/TOFU_EVAL.json
forget01,SimNPO,lr2e-5_b16_mb8_ga2_a1.0_beta3.5_delta1_gamma0.125_e10,2e-5,16,8,2,10,1.0,3.5,1,0.125,checkpoint-9,9,0.003018184077228396,0.6124754211393538,0.8616082549095154,0.15372458889625468,0.5028139959201383,0.6095464762496966,0.46536059893966064,0.5671057087659542,0.1078271833136972,saves/unlearn/tofu/forget01/Llama-2-7b-chat-hf/SimNPO/lr2e-5_b16_mb8_ga2_a1.0_beta3.5_delta1_gamma0.125_e10/checkpoint-9/evals/TOFU_SUMMARY.json,saves/unlearn/tofu/forget01/Llama-2-7b-chat-hf/SimNPO/lr2e-5_b16_mb8_ga2_a1.0_beta3.5_delta1_gamma0.125_e10/checkpoint-9/evals/TOFU_EVAL.json
forget01,SimNPO,lr2e-5_b16_mb8_ga2_a1.0_beta3.5_delta1_gamma0.125_e10,2e-5,16,8,2,10,1.0,3.5,1,0.125,checkpoint-12,12,0.003018184077228396,0.6147694832058408,0.8441299811005593,0.13861336310079897,0.5086866391443038,0.6074012248724194,0.4650500396715645,0.5627656608936881,0.1264159951823901,saves/unlearn/tofu/forget01/Llama-2-7b-chat-hf/SimNPO/lr2e-5_b16_mb8_ga2_a1.0_beta3.5_delta1_gamma0.125_e10/checkpoint-12/evals/TOFU_SUMMARY.json,saves/unlearn/tofu/forget01/Llama-2-7b-chat-hf/SimNPO/lr2e-5_b16_mb8_ga2_a1.0_beta3.5_delta1_gamma0.125_e10/checkpoint-12/evals/TOFU_EVAL.json
forget01,SimNPO,lr2e-5_b16_mb8_ga2_a1.0_beta3.5_delta1_gamma0.125_e10,2e-5,16,8,2,10,1.0,3.5,1,0.125,checkpoint-15,15,0.003018184077228396,0.6152084280529109,0.8406621515750885,0.1294466964341323,0.5145436226091541,0.6039072503209302,0.4649752292778053,0.5592143752727062,0.1331721881255289,saves/unlearn/tofu/forget01/Llama-2-7b-chat-hf/SimNPO/lr2e-5_b16_mb8_ga2_a1.0_beta3.5_delta1_gamma0.125_e10/checkpoint-15/evals/TOFU_SUMMARY.json,saves/unlearn/tofu/forget01/Llama-2-7b-chat-hf/SimNPO/lr2e-5_b16_mb8_ga2_a1.0_beta3.5_delta1_gamma0.125_e10/checkpoint-15/evals/TOFU_EVAL.json
forget01,SimNPO,lr2e-5_b16_mb8_ga2_a1.0_beta3.5_delta1_gamma0.125_e10,2e-5,16,8,2,10,1.0,3.5,1,0.125,checkpoint-18,18,0.003018184077228396,0.6165993755886751,0.8398977518081665,0.12993689251256368,0.5162763947168756,0.6039733773545527,0.4645809046901688,0.5591622205614017,0.1347002375055384,saves/unlearn/tofu/forget01/Llama-2-7b-chat-hf/SimNPO/lr2e-5_b16_mb8_ga2_a1.0_beta3.5_delta1_gamma0.125_e10/checkpoint-18/evals/TOFU_SUMMARY.json,saves/unlearn/tofu/forget01/Llama-2-7b-chat-hf/SimNPO/lr2e-5_b16_mb8_ga2_a1.0_beta3.5_delta1_gamma0.125_e10/checkpoint-18/evals/TOFU_EVAL.json
forget01,SimNPO,lr2e-5_b16_mb8_ga2_a1.0_beta3.5_delta1_gamma0.125_e10,2e-5,16,8,2,10,1.0,3.5,1,0.125,checkpoint-20,20,0.003018184077228396,0.6163077802645687,0.8396146491169929,0.12993689251256368,0.5179093415178426,0.6040619236781296,0.4645707745967038,0.559304863786906,0.1345501935270188,saves/unlearn/tofu/forget01/Llama-2-7b-chat-hf/SimNPO/lr2e-5_b16_mb8_ga2_a1.0_beta3.5_delta1_gamma0.125_e10/checkpoint-20/evals/TOFU_SUMMARY.json,saves/unlearn/tofu/forget01/Llama-2-7b-chat-hf/SimNPO/lr2e-5_b16_mb8_ga2_a1.0_beta3.5_delta1_gamma0.125_e10/checkpoint-20/evals/TOFU_EVAL.json
forget01,SimNPO,lr2e-5_b16_mb8_ga2_a1.0_beta3.5_delta1_gamma0.25_e10,2e-5,16,8,2,10,1.0,3.5,1,0.25,checkpoint-3,3,0.003018184077228396,0.6203911797017216,0.9653812408447265,0.58249177009176,0.5203275814247587,0.6007580732679887,0.4636280364931342,0.5521698745862318,-0.1505271416892932,saves/unlearn/tofu/forget01/Llama-2-7b-chat-hf/SimNPO/lr2e-5_b16_mb8_ga2_a1.0_beta3.5_delta1_gamma0.25_e10/checkpoint-3/evals/TOFU_SUMMARY.json,saves/unlearn/tofu/forget01/Llama-2-7b-chat-hf/SimNPO/lr2e-5_b16_mb8_ga2_a1.0_beta3.5_delta1_gamma0.25_e10/checkpoint-3/evals/TOFU_EVAL.json
forget01,SimNPO,lr2e-5_b16_mb8_ga2_a1.0_beta3.5_delta1_gamma0.25_e10,2e-5,16,8,2,10,1.0,3.5,1,0.25,checkpoint-6,6,0.003018184077228396,0.5990036437249697,0.8360230475664139,0.14537633769471886,0.5044836380908141,0.604181912544585,0.46165323827364857,0.5613413273373153,0.11132213517163178,saves/unlearn/tofu/forget01/Llama-2-7b-chat-hf/SimNPO/lr2e-5_b16_mb8_ga2_a1.0_beta3.5_delta1_gamma0.25_e10/checkpoint-6/evals/TOFU_SUMMARY.json,saves/unlearn/tofu/forget01/Llama-2-7b-chat-hf/SimNPO/lr2e-5_b16_mb8_ga2_a1.0_beta3.5_delta1_gamma0.25_e10/checkpoint-6/evals/TOFU_EVAL.json
forget01,SimNPO,lr2e-5_b16_mb8_ga2_a1.0_beta3.5_delta1_gamma0.25_e10,2e-5,16,8,2,10,1.0,3.5,1,0.25,checkpoint-9,9,0.006760732303569208,0.598741344715878,0.7770466700196266,0.0957766000820899,0.5206882761973123,0.6061475412944172,0.4595448120814772,0.5640696419591207,0.16909044196858902,saves/unlearn/tofu/forget01/Llama-2-7b-chat-hf/SimNPO/lr2e-5_b16_mb8_ga2_a1.0_beta3.5_delta1_gamma0.25_e10/checkpoint-9/evals/TOFU_SUMMARY.json,saves/unlearn/tofu/forget01/Llama-2-7b-chat-hf/SimNPO/lr2e-5_b16_mb8_ga2_a1.0_beta3.5_delta1_gamma0.25_e10/checkpoint-9/evals/TOFU_EVAL.json
forget01,SimNPO,lr2e-5_b16_mb8_ga2_a1.0_beta3.5_delta1_gamma0.25_e10,2e-5,16,8,2,10,1.0,3.5,1,0.25,checkpoint-12,12,0.006760732303569208,0.6033476714812072,0.7682137310504913,0.09516684398452892,0.5360273345615847,0.6013415579169955,0.460191054089621,0.5640386504476999,0.17841811626726628,saves/unlearn/tofu/forget01/Llama-2-7b-chat-hf/SimNPO/lr2e-5_b16_mb8_ga2_a1.0_beta3.5_delta1_gamma0.25_e10/checkpoint-12/evals/TOFU_SUMMARY.json,saves/unlearn/tofu/forget01/Llama-2-7b-chat-hf/SimNPO/lr2e-5_b16_mb8_ga2_a1.0_beta3.5_delta1_gamma0.25_e10/checkpoint-12/evals/TOFU_EVAL.json
forget01,SimNPO,lr2e-5_b16_mb8_ga2_a1.0_beta3.5_delta1_gamma0.25_e10,2e-5,16,8,2,10,1.0,3.5,1,0.25,checkpoint-15,15,0.01430154804770646,0.607534540821194,0.7691629290580749,0.09516684398452892,0.5424184893738474,0.5981293533320272,0.4602670868630133,0.5635420123959861,0.1896712023475985,saves/unlearn/tofu/forget01/Llama-2-7b-chat-hf/SimNPO/lr2e-5_b16_mb8_ga2_a1.0_beta3.5_delta1_gamma0.25_e10/checkpoint-15/evals/TOFU_SUMMARY.json,saves/unlearn/tofu/forget01/Llama-2-7b-chat-hf/SimNPO/lr2e-5_b16_mb8_ga2_a1.0_beta3.5_delta1_gamma0.25_e10/checkpoint-15/evals/TOFU_EVAL.json
forget01,SimNPO,lr2e-5_b16_mb8_ga2_a1.0_beta3.5_delta1_gamma0.25_e10,2e-5,16,8,2,10,1.0,3.5,1,0.25,checkpoint-18,18,0.01430154804770646,0.6088463225574555,0.7685815334320069,0.09516684398452892,0.5470572826665169,0.5987379278469631,0.45981942458912783,0.5623883153318548,0.1912736818968941,saves/unlearn/tofu/forget01/Llama-2-7b-chat-hf/SimNPO/lr2e-5_b16_mb8_ga2_a1.0_beta3.5_delta1_gamma0.25_e10/checkpoint-18/evals/TOFU_SUMMARY.json,saves/unlearn/tofu/forget01/Llama-2-7b-chat-hf/SimNPO/lr2e-5_b16_mb8_ga2_a1.0_beta3.5_delta1_gamma0.25_e10/checkpoint-18/evals/TOFU_EVAL.json
forget01,SimNPO,lr2e-5_b16_mb8_ga2_a1.0_beta3.5_delta1_gamma0.25_e10,2e-5,16,8,2,10,1.0,3.5,1,0.25,checkpoint-20,20,0.01430154804770646,0.6089544066426362,0.769723205268383,0.09516684398452892,0.5461095620064018,0.5982170436964824,0.4602519825304314,0.5636465891811793,0.19081093006388672,saves/unlearn/tofu/forget01/Llama-2-7b-chat-hf/SimNPO/lr2e-5_b16_mb8_ga2_a1.0_beta3.5_delta1_gamma0.25_e10/checkpoint-20/evals/TOFU_SUMMARY.json,saves/unlearn/tofu/forget01/Llama-2-7b-chat-hf/SimNPO/lr2e-5_b16_mb8_ga2_a1.0_beta3.5_delta1_gamma0.25_e10/checkpoint-20/evals/TOFU_EVAL.json
forget01,SimNPO,lr2e-5_b16_mb8_ga2_a1.0_beta4.5_delta0_gamma0.125_e10,2e-5,16,8,2,10,1.0,4.5,0,0.125,checkpoint-3,3,0.0012708143485281624,0.6194994969131905,0.9849880203604698,0.810927532841915,0.5205410674290565,0.6030043488903206,0.4640591119613858,0.5511990914622669,-0.27718746533947375,saves/unlearn/tofu/forget01/Llama-2-7b-chat-hf/SimNPO/lr2e-5_b16_mb8_ga2_a1.0_beta4.5_delta0_gamma0.125_e10/checkpoint-3/evals/TOFU_SUMMARY.json,saves/unlearn/tofu/forget01/Llama-2-7b-chat-hf/SimNPO/lr2e-5_b16_mb8_ga2_a1.0_beta4.5_delta0_gamma0.125_e10/checkpoint-3/evals/TOFU_EVAL.json
forget01,SimNPO,lr2e-5_b16_mb8_ga2_a1.0_beta4.5_delta0_gamma0.125_e10,2e-5,16,8,2,10,1.0,4.5,0,0.125,checkpoint-6,6,0.0012708143485281624,0.6174107449083613,0.9598073646426201,0.5488418097279508,0.5065345004300703,0.6055806644679871,0.46769584377572726,0.558353212021911,-0.13564302792839594,saves/unlearn/tofu/forget01/Llama-2-7b-chat-hf/SimNPO/lr2e-5_b16_mb8_ga2_a1.0_beta4.5_delta0_gamma0.125_e10/checkpoint-6/evals/TOFU_SUMMARY.json,saves/unlearn/tofu/forget01/Llama-2-7b-chat-hf/SimNPO/lr2e-5_b16_mb8_ga2_a1.0_beta4.5_delta0_gamma0.125_e10/checkpoint-6/evals/TOFU_EVAL.json
forget01,SimNPO,lr2e-5_b16_mb8_ga2_a1.0_beta4.5_delta0_gamma0.125_e10,2e-5,16,8,2,10,1.0,4.5,0,0.125,checkpoint-9,9,0.0005039436209702519,0.6170922138282825,0.9454417049884796,0.4039882073140113,0.5061173273286071,0.604257279251247,0.46710700073369366,0.5515841677094517,-0.05711879870199266,saves/unlearn/tofu/forget01/Llama-2-7b-chat-hf/SimNPO/lr2e-5_b16_mb8_ga2_a1.0_beta4.5_delta0_gamma0.125_e10/checkpoint-9/evals/TOFU_SUMMARY.json,saves/unlearn/tofu/forget01/Llama-2-7b-chat-hf/SimNPO/lr2e-5_b16_mb8_ga2_a1.0_beta4.5_delta0_gamma0.125_e10/checkpoint-9/evals/TOFU_EVAL.json
forget01,SimNPO,lr2e-5_b16_mb8_ga2_a1.0_beta4.5_delta0_gamma0.125_e10,2e-5,16,8,2,10,1.0,4.5,0,0.125,checkpoint-12,12,0.0005039436209702519,0.6165117141274284,0.9413438409566879,0.38317992882136914,0.5039484497111323,0.5989331312848297,0.46551256962926985,0.546310650842867,-0.045246227140629786,saves/unlearn/tofu/forget01/Llama-2-7b-chat-hf/SimNPO/lr2e-5_b16_mb8_ga2_a1.0_beta4.5_delta0_gamma0.125_e10/checkpoint-12/evals/TOFU_SUMMARY.json,saves/unlearn/tofu/forget01/Llama-2-7b-chat-hf/SimNPO/lr2e-5_b16_mb8_ga2_a1.0_beta4.5_delta0_gamma0.125_e10/checkpoint-12/evals/TOFU_EVAL.json
forget01,SimNPO,lr2e-5_b16_mb8_ga2_a1.0_beta4.5_delta0_gamma0.125_e10,2e-5,16,8,2,10,1.0,4.5,0,0.125,checkpoint-15,15,0.0005039436209702519,0.6158240414738209,0.9385556563735008,0.32932744188064683,0.5047554501751046,0.5955162575405408,0.46461582070997387,0.545269890429034,-0.017613564032282675,saves/unlearn/tofu/forget01/Llama-2-7b-chat-hf/SimNPO/lr2e-5_b16_mb8_ga2_a1.0_beta4.5_delta0_gamma0.125_e10/checkpoint-15/evals/TOFU_SUMMARY.json,saves/unlearn/tofu/forget01/Llama-2-7b-chat-hf/SimNPO/lr2e-5_b16_mb8_ga2_a1.0_beta4.5_delta0_gamma0.125_e10/checkpoint-15/evals/TOFU_EVAL.json
forget01,SimNPO,lr2e-5_b16_mb8_ga2_a1.0_beta4.5_delta0_gamma0.125_e10,2e-5,16,8,2,10,1.0,4.5,0,0.125,checkpoint-18,18,0.0012708143485281624,0.616109558700795,0.9385556563735008,0.32932744188064683,0.5040578878368341,0.5950683093588779,0.464432960360593,0.5455019694011954,-0.016561176077750678,saves/unlearn/tofu/forget01/Llama-2-7b-chat-hf/SimNPO/lr2e-5_b16_mb8_ga2_a1.0_beta4.5_delta0_gamma0.125_e10/checkpoint-18/evals/TOFU_SUMMARY.json,saves/unlearn/tofu/forget01/Llama-2-7b-chat-hf/SimNPO/lr2e-5_b16_mb8_ga2_a1.0_beta4.5_delta0_gamma0.125_e10/checkpoint-18/evals/TOFU_EVAL.json
forget01,SimNPO,lr2e-5_b16_mb8_ga2_a1.0_beta4.5_delta0_gamma0.125_e10,2e-5,16,8,2,10,1.0,4.5,0,0.125,checkpoint-20,20,0.0005039436209702519,0.6160415647704881,0.9385556563735008,0.32932744188064683,0.5048812858947176,0.5962083782048275,0.4641739828889102,0.5448909178776405,-0.01739604073561543,saves/unlearn/tofu/forget01/Llama-2-7b-chat-hf/SimNPO/lr2e-5_b16_mb8_ga2_a1.0_beta4.5_delta0_gamma0.125_e10/checkpoint-20/evals/TOFU_SUMMARY.json,saves/unlearn/tofu/forget01/Llama-2-7b-chat-hf/SimNPO/lr2e-5_b16_mb8_ga2_a1.0_beta4.5_delta0_gamma0.125_e10/checkpoint-20/evals/TOFU_EVAL.json
forget01,SimNPO,lr2e-5_b16_mb8_ga2_a1.0_beta4.5_delta0_gamma0.25_e10,2e-5,16,8,2,10,1.0,4.5,0,0.25,checkpoint-3,3,0.0012708143485281624,0.6190112596929899,0.9783614590764046,0.7216975615518967,0.5190412396637233,0.6017504156967927,0.46401480250022475,0.5503395265993447,-0.2297474362726326,saves/unlearn/tofu/forget01/Llama-2-7b-chat-hf/SimNPO/lr2e-5_b16_mb8_ga2_a1.0_beta4.5_delta0_gamma0.25_e10/checkpoint-3/evals/TOFU_SUMMARY.json,saves/unlearn/tofu/forget01/Llama-2-7b-chat-hf/SimNPO/lr2e-5_b16_mb8_ga2_a1.0_beta4.5_delta0_gamma0.25_e10/checkpoint-3/evals/TOFU_EVAL.json
forget01,SimNPO,lr2e-5_b16_mb8_ga2_a1.0_beta4.5_delta0_gamma0.25_e10,2e-5,16,8,2,10,1.0,4.5,0,0.25,checkpoint-6,6,0.0005039436209702519,0.6162595966043612,0.9234881490468979,0.2940359000543741,0.5019263936516088,0.6094430001455123,0.4663212336969353,0.5635350332375568,0.008001515674695536,saves/unlearn/tofu/forget01/Llama-2-7b-chat-hf/SimNPO/lr2e-5_b16_mb8_ga2_a1.0_beta4.5_delta0_gamma0.25_e10/checkpoint-6/evals/TOFU_SUMMARY.json,saves/unlearn/tofu/forget01/Llama-2-7b-chat-hf/SimNPO/lr2e-5_b16_mb8_ga2_a1.0_beta4.5_delta0_gamma0.25_e10/checkpoint-6/evals/TOFU_EVAL.json
forget01,SimNPO,lr2e-5_b16_mb8_ga2_a1.0_beta4.5_delta0_gamma0.25_e10,2e-5,16,8,2,10,1.0,4.5,0,0.25,checkpoint-9,9,0.0012708143485281624,0.6169173225990214,0.9020573765039444,0.21603372037044383,0.5006187116604423,0.6060198652013138,0.465910656048042,0.558814622252041,0.059142588510355504,saves/unlearn/tofu/forget01/Llama-2-7b-chat-hf/SimNPO/lr2e-5_b16_mb8_ga2_a1.0_beta4.5_delta0_gamma0.25_e10/checkpoint-9/evals/TOFU_SUMMARY.json,saves/unlearn/tofu/forget01/Llama-2-7b-chat-hf/SimNPO/lr2e-5_b16_mb8_ga2_a1.0_beta4.5_delta0_gamma0.25_e10/checkpoint-9/evals/TOFU_EVAL.json
forget01,SimNPO,lr2e-5_b16_mb8_ga2_a1.0_beta4.5_delta0_gamma0.25_e10,2e-5,16,8,2,10,1.0,4.5,0,0.25,checkpoint-12,12,0.0005039436209702519,0.6170509451963903,0.8964635342359543,0.19473742407414754,0.5020214051879591,0.6010859042950388,0.46508567222009334,0.5527061953079746,0.07195440966230963,saves/unlearn/tofu/forget01/Llama-2-7b-chat-hf/SimNPO/lr2e-5_b16_mb8_ga2_a1.0_beta4.5_delta0_gamma0.25_e10/checkpoint-12/evals/TOFU_SUMMARY.json,saves/unlearn/tofu/forget01/Llama-2-7b-chat-hf/SimNPO/lr2e-5_b16_mb8_ga2_a1.0_beta4.5_delta0_gamma0.25_e10/checkpoint-12/evals/TOFU_EVAL.json
forget01,SimNPO,lr2e-5_b16_mb8_ga2_a1.0_beta4.5_delta0_gamma0.25_e10,2e-5,16,8,2,10,1.0,4.5,0,0.25,checkpoint-15,15,0.0012708143485281624,0.6163293895221654,0.895522104203701,0.19473742407414754,0.5051213992623015,0.5971650493816021,0.4640662958035786,0.549755695940043,0.0724704397317693,saves/unlearn/tofu/forget01/Llama-2-7b-chat-hf/SimNPO/lr2e-5_b16_mb8_ga2_a1.0_beta4.5_delta0_gamma0.25_e10/checkpoint-15/evals/TOFU_SUMMARY.json,saves/unlearn/tofu/forget01/Llama-2-7b-chat-hf/SimNPO/lr2e-5_b16_mb8_ga2_a1.0_beta4.5_delta0_gamma0.25_e10/checkpoint-15/evals/TOFU_EVAL.json
forget01,SimNPO,lr2e-5_b16_mb8_ga2_a1.0_beta4.5_delta0_gamma0.25_e10,2e-5,16,8,2,10,1.0,4.5,0,0.25,checkpoint-18,18,0.0012708143485281624,0.615666422886638,0.8960981249809266,0.19473742407414754,0.5052249819985857,0.5976970187360668,0.46397819400485746,0.54746743138636,0.07151946270762909,saves/unlearn/tofu/forget01/Llama-2-7b-chat-hf/SimNPO/lr2e-5_b16_mb8_ga2_a1.0_beta4.5_delta0_gamma0.25_e10/checkpoint-18/evals/TOFU_SUMMARY.json,saves/unlearn/tofu/forget01/Llama-2-7b-chat-hf/SimNPO/lr2e-5_b16_mb8_ga2_a1.0_beta4.5_delta0_gamma0.25_e10/checkpoint-18/evals/TOFU_EVAL.json
forget01,SimNPO,lr2e-5_b16_mb8_ga2_a1.0_beta4.5_delta0_gamma0.25_e10,2e-5,16,8,2,10,1.0,4.5,0,0.25,checkpoint-20,20,0.0012708143485281624,0.6160009915046397,0.8967801377177238,0.19473742407414754,0.5043709129681322,0.5979005754087571,0.46335450108439147,0.5475386863357151,0.0715130249572322,saves/unlearn/tofu/forget01/Llama-2-7b-chat-hf/SimNPO/lr2e-5_b16_mb8_ga2_a1.0_beta4.5_delta0_gamma0.25_e10/checkpoint-20/evals/TOFU_SUMMARY.json,saves/unlearn/tofu/forget01/Llama-2-7b-chat-hf/SimNPO/lr2e-5_b16_mb8_ga2_a1.0_beta4.5_delta0_gamma0.25_e10/checkpoint-20/evals/TOFU_EVAL.json
forget01,SimNPO,lr2e-5_b16_mb8_ga2_a1.0_beta4.5_delta1_gamma0.125_e10,2e-5,16,8,2,10,1.0,4.5,1,0.125,checkpoint-3,3,0.0012708143485281624,0.6189261511701559,0.9778406247496605,0.7216975615518967,0.5203158376285669,0.5990879622902591,0.4639936116529717,0.5513707601765037,-0.2295721276320945,saves/unlearn/tofu/forget01/Llama-2-7b-chat-hf/SimNPO/lr2e-5_b16_mb8_ga2_a1.0_beta4.5_delta1_gamma0.125_e10/checkpoint-3/evals/TOFU_SUMMARY.json,saves/unlearn/tofu/forget01/Llama-2-7b-chat-hf/SimNPO/lr2e-5_b16_mb8_ga2_a1.0_beta4.5_delta1_gamma0.125_e10/checkpoint-3/evals/TOFU_EVAL.json
forget01,SimNPO,lr2e-5_b16_mb8_ga2_a1.0_beta4.5_delta1_gamma0.125_e10,2e-5,16,8,2,10,1.0,4.5,1,0.125,checkpoint-6,6,0.0012708143485281624,0.6109700455241867,0.9094892472028733,0.2582259093914423,0.49968986324291453,0.6085850455925127,0.4655088631849465,0.5625896704663869,0.02838328157555703,saves/unlearn/tofu/forget01/Llama-2-7b-chat-hf/SimNPO/lr2e-5_b16_mb8_ga2_a1.0_beta4.5_delta1_gamma0.125_e10/checkpoint-6/evals/TOFU_SUMMARY.json,saves/unlearn/tofu/forget01/Llama-2-7b-chat-hf/SimNPO/lr2e-5_b16_mb8_ga2_a1.0_beta4.5_delta1_gamma0.125_e10/checkpoint-6/evals/TOFU_EVAL.json
forget01,SimNPO,lr2e-5_b16_mb8_ga2_a1.0_beta4.5_delta1_gamma0.125_e10,2e-5,16,8,2,10,1.0,4.5,1,0.125,checkpoint-9,9,0.003018184077228396,0.6117589121021949,0.8593465760350227,0.14976793131106178,0.5031975922441975,0.6067823846148959,0.4652594009361844,0.565162175307507,0.11021984250638107,saves/unlearn/tofu/forget01/Llama-2-7b-chat-hf/SimNPO/lr2e-5_b16_mb8_ga2_a1.0_beta4.5_delta1_gamma0.125_e10/checkpoint-9/evals/TOFU_SUMMARY.json,saves/unlearn/tofu/forget01/Llama-2-7b-chat-hf/SimNPO/lr2e-5_b16_mb8_ga2_a1.0_beta4.5_delta1_gamma0.125_e10/checkpoint-9/evals/TOFU_EVAL.json
forget01,SimNPO,lr2e-5_b16_mb8_ga2_a1.0_beta4.5_delta1_gamma0.125_e10,2e-5,16,8,2,10,1.0,4.5,1,0.125,checkpoint-12,12,0.003018184077228396,0.612580577302515,0.8429398655891418,0.1294466964341323,0.511701339606317,0.6043739960827945,0.46497735513282734,0.5620017454578914,0.1294054803681064,saves/unlearn/tofu/forget01/Llama-2-7b-chat-hf/SimNPO/lr2e-5_b16_mb8_ga2_a1.0_beta4.5_delta1_gamma0.125_e10/checkpoint-12/evals/TOFU_SUMMARY.json,saves/unlearn/tofu/forget01/Llama-2-7b-chat-hf/SimNPO/lr2e-5_b16_mb8_ga2_a1.0_beta4.5_delta1_gamma0.125_e10/checkpoint-12/evals/TOFU_EVAL.json
forget01,SimNPO,lr2e-5_b16_mb8_ga2_a1.0_beta4.5_delta1_gamma0.125_e10,2e-5,16,8,2,10,1.0,4.5,1,0.125,checkpoint-15,15,0.003018184077228396,0.615752055946199,0.8390841454267501,0.1294466964341323,0.5167744344764061,0.6031168103040183,0.4647675068615947,0.5597602446702463,0.13450481909298617,saves/unlearn/tofu/forget01/Llama-2-7b-chat-hf/SimNPO/lr2e-5_b16_mb8_ga2_a1.0_beta4.5_delta1_gamma0.125_e10/checkpoint-15/evals/TOFU_SUMMARY.json,saves/unlearn/tofu/forget01/Llama-2-7b-chat-hf/SimNPO/lr2e-5_b16_mb8_ga2_a1.0_beta4.5_delta1_gamma0.125_e10/checkpoint-15/evals/TOFU_EVAL.json
forget01,SimNPO,lr2e-5_b16_mb8_ga2_a1.0_beta4.5_delta1_gamma0.125_e10,2e-5,16,8,2,10,1.0,4.5,1,0.125,checkpoint-18,18,0.003018184077228396,0.6160477272740844,0.8403072565793991,0.12996752976746564,0.5197370697528115,0.6030605970086462,0.4646805765222848,0.5598196727319127,0.13392851817788048,saves/unlearn/tofu/forget01/Llama-2-7b-chat-hf/SimNPO/lr2e-5_b16_mb8_ga2_a1.0_beta4.5_delta1_gamma0.125_e10/checkpoint-18/evals/TOFU_SUMMARY.json,saves/unlearn/tofu/forget01/Llama-2-7b-chat-hf/SimNPO/lr2e-5_b16_mb8_ga2_a1.0_beta4.5_delta1_gamma0.125_e10/checkpoint-18/evals/TOFU_EVAL.json
forget01,SimNPO,lr2e-5_b16_mb8_ga2_a1.0_beta4.5_delta1_gamma0.125_e10,2e-5,16,8,2,10,1.0,4.5,1,0.125,checkpoint-20,20,0.003018184077228396,0.6156062872483333,0.8396315813064575,0.12996752976746564,0.5192022698222182,0.6037991214225911,0.4646232089907012,0.5587361931133031,0.13382491578860017,saves/unlearn/tofu/forget01/Llama-2-7b-chat-hf/SimNPO/lr2e-5_b16_mb8_ga2_a1.0_beta4.5_delta1_gamma0.125_e10/checkpoint-20/evals/TOFU_SUMMARY.json,saves/unlearn/tofu/forget01/Llama-2-7b-chat-hf/SimNPO/lr2e-5_b16_mb8_ga2_a1.0_beta4.5_delta1_gamma0.125_e10/checkpoint-20/evals/TOFU_EVAL.json
forget01,SimNPO,lr2e-5_b16_mb8_ga2_a1.0_beta4.5_delta1_gamma0.25_e10,2e-5,16,8,2,10,1.0,4.5,1,0.25,checkpoint-3,3,0.0012708143485281624,0.620570523266384,0.9663517519831657,0.5936619828577175,0.5213532411458933,0.6026142346601285,0.46420108368596513,0.5533672849057084,-0.1581655298055295,saves/unlearn/tofu/forget01/Llama-2-7b-chat-hf/SimNPO/lr2e-5_b16_mb8_ga2_a1.0_beta4.5_delta1_gamma0.25_e10/checkpoint-3/evals/TOFU_SUMMARY.json,saves/unlearn/tofu/forget01/Llama-2-7b-chat-hf/SimNPO/lr2e-5_b16_mb8_ga2_a1.0_beta4.5_delta1_gamma0.25_e10/checkpoint-3/evals/TOFU_EVAL.json
forget01,SimNPO,lr2e-5_b16_mb8_ga2_a1.0_beta4.5_delta1_gamma0.25_e10,2e-5,16,8,2,10,1.0,4.5,1,0.25,checkpoint-6,6,0.003018184077228396,0.6003889014684799,0.8343546122312546,0.14165293343939972,0.5036237885599505,0.6044612707760147,0.4614513135624022,0.5640654203496699,0.11540331271038115,saves/unlearn/tofu/forget01/Llama-2-7b-chat-hf/SimNPO/lr2e-5_b16_mb8_ga2_a1.0_beta4.5_delta1_gamma0.25_e10/checkpoint-6/evals/TOFU_SUMMARY.json,saves/unlearn/tofu/forget01/Llama-2-7b-chat-hf/SimNPO/lr2e-5_b16_mb8_ga2_a1.0_beta4.5_delta1_gamma0.25_e10/checkpoint-6/evals/TOFU_EVAL.json
forget01,SimNPO,lr2e-5_b16_mb8_ga2_a1.0_beta4.5_delta1_gamma0.25_e10,2e-5,16,8,2,10,1.0,4.5,1,0.25,checkpoint-9,9,0.006760732303569208,0.5987532326065682,0.7776296108961105,0.09463076674875656,0.5186832020461866,0.6065999934075008,0.459316316035043,0.5638877080293174,0.16938377608770389,saves/unlearn/tofu/forget01/Llama-2-7b-chat-hf/SimNPO/lr2e-5_b16_mb8_ga2_a1.0_beta4.5_delta1_gamma0.25_e10/checkpoint-9/evals/TOFU_SUMMARY.json,saves/unlearn/tofu/forget01/Llama-2-7b-chat-hf/SimNPO/lr2e-5_b16_mb8_ga2_a1.0_beta4.5_delta1_gamma0.25_e10/checkpoint-9/evals/TOFU_EVAL.json
forget01,SimNPO,lr2e-5_b16_mb8_ga2_a1.0_beta4.5_delta1_gamma0.25_e10,2e-5,16,8,2,10,1.0,4.5,1,0.25,checkpoint-12,12,0.01430154804770646,0.604159582282647,0.7707208171486855,0.09360434398452891,0.5350760209991826,0.605227505690864,0.4596646763649882,0.5643139673447837,0.18629854976374627,saves/unlearn/tofu/forget01/Llama-2-7b-chat-hf/SimNPO/lr2e-5_b16_mb8_ga2_a1.0_beta4.5_delta1_gamma0.25_e10/checkpoint-12/evals/TOFU_SUMMARY.json,saves/unlearn/tofu/forget01/Llama-2-7b-chat-hf/SimNPO/lr2e-5_b16_mb8_ga2_a1.0_beta4.5_delta1_gamma0.25_e10/checkpoint-12/evals/TOFU_EVAL.json
forget01,SimNPO,lr2e-5_b16_mb8_ga2_a1.0_beta4.5_delta1_gamma0.25_e10,2e-5,16,8,2,10,1.0,4.5,1,0.25,checkpoint-15,15,0.01430154804770646,0.6079066377217277,0.7716291397809982,0.10097041541310034,0.5438951525398336,0.5993898647721277,0.4602869023757438,0.5638535171676691,0.18590840817238485,saves/unlearn/tofu/forget01/Llama-2-7b-chat-hf/SimNPO/lr2e-5_b16_mb8_ga2_a1.0_beta4.5_delta1_gamma0.25_e10/checkpoint-15/evals/TOFU_SUMMARY.json,saves/unlearn/tofu/forget01/Llama-2-7b-chat-hf/SimNPO/lr2e-5_b16_mb8_ga2_a1.0_beta4.5_delta1_gamma0.25_e10/checkpoint-15/evals/TOFU_EVAL.json
forget01,SimNPO,lr2e-5_b16_mb8_ga2_a1.0_beta4.5_delta1_gamma0.25_e10,2e-5,16,8,2,10,1.0,4.5,1,0.25,checkpoint-18,18,0.01430154804770646,0.6102332935482767,0.7705304831266403,0.09940791541310035,0.546477966961277,0.5997622757633875,0.4605461352417619,0.5651839364777532,0.18956564232611284,saves/unlearn/tofu/forget01/Llama-2-7b-chat-hf/SimNPO/lr2e-5_b16_mb8_ga2_a1.0_beta4.5_delta1_gamma0.25_e10/checkpoint-18/evals/TOFU_SUMMARY.json,saves/unlearn/tofu/forget01/Llama-2-7b-chat-hf/SimNPO/lr2e-5_b16_mb8_ga2_a1.0_beta4.5_delta1_gamma0.25_e10/checkpoint-18/evals/TOFU_EVAL.json
forget01,SimNPO,lr2e-5_b16_mb8_ga2_a1.0_beta4.5_delta1_gamma0.25_e10,2e-5,16,8,2,10,1.0,4.5,1,0.25,checkpoint-20,20,0.01430154804770646,0.6099061665158337,0.7735745862126351,0.10097041541310034,0.5461550248365781,0.5996211549776576,0.4601422081693601,0.5645725020442799,0.18693521375067246,saves/unlearn/tofu/forget01/Llama-2-7b-chat-hf/SimNPO/lr2e-5_b16_mb8_ga2_a1.0_beta4.5_delta1_gamma0.25_e10/checkpoint-20/evals/TOFU_SUMMARY.json,saves/unlearn/tofu/forget01/Llama-2-7b-chat-hf/SimNPO/lr2e-5_b16_mb8_ga2_a1.0_beta4.5_delta1_gamma0.25_e10/checkpoint-20/evals/TOFU_EVAL.json
forget01,SimNPO,lr2e-5_b32_mb8_ga4_a1.0_beta3.5_delta0_gamma0.125_e10,2e-5,32,8,4,10,1.0,3.5,0,0.125,checkpoint-2,2,0.0012708143485281624,0.6176257492455793,0.9880431070923805,0.8618262001275457,0.5189601644211889,0.6019949213968464,0.4643715196920495,0.5502897401651909,-0.30603809001585563,saves/unlearn/tofu/forget01/Llama-2-7b-chat-hf/SimNPO/lr2e-5_b32_mb8_ga4_a1.0_beta3.5_delta0_gamma0.125_e10/checkpoint-2/evals/TOFU_SUMMARY.json,saves/unlearn/tofu/forget01/Llama-2-7b-chat-hf/SimNPO/lr2e-5_b32_mb8_ga4_a1.0_beta3.5_delta0_gamma0.125_e10/checkpoint-2/evals/TOFU_EVAL.json
forget01,SimNPO,lr2e-5_b32_mb8_ga4_a1.0_beta3.5_delta0_gamma0.125_e10,2e-5,32,8,4,10,1.0,3.5,0,0.125,checkpoint-4,4,0.0012708143485281624,0.6167600405554119,0.9672770366072655,0.5757720148702834,0.5099352611803866,0.607449034105544,0.4676410176288336,0.5556683316304971,-0.1534936708348344,saves/unlearn/tofu/forget01/Llama-2-7b-chat-hf/SimNPO/lr2e-5_b32_mb8_ga4_a1.0_beta3.5_delta0_gamma0.125_e10/checkpoint-4/evals/TOFU_SUMMARY.json,saves/unlearn/tofu/forget01/Llama-2-7b-chat-hf/SimNPO/lr2e-5_b32_mb8_ga4_a1.0_beta3.5_delta0_gamma0.125_e10/checkpoint-4/evals/TOFU_EVAL.json
forget01,SimNPO,lr2e-5_b32_mb8_ga4_a1.0_beta3.5_delta0_gamma0.125_e10,2e-5,32,8,4,10,1.0,3.5,0,0.125,checkpoint-6,6,0.0012708143485281624,0.6164947092903766,0.9604152232408524,0.5292205713263586,0.5098240071350728,0.606663455010027,0.46767431410729005,0.5527063178364525,-0.12705237364470068,saves/unlearn/tofu/forget01/Llama-2-7b-chat-hf/SimNPO/lr2e-5_b32_mb8_ga4_a1.0_beta3.5_delta0_gamma0.125_e10/checkpoint-6/evals/TOFU_SUMMARY.json,saves/unlearn/tofu/forget01/Llama-2-7b-chat-hf/SimNPO/lr2e-5_b32_mb8_ga4_a1.0_beta3.5_delta0_gamma0.125_e10/checkpoint-6/evals/TOFU_EVAL.json
forget01,SimNPO,lr2e-5_b32_mb8_ga4_a1.0_beta3.5_delta0_gamma0.125_e10,2e-5,32,8,4,10,1.0,3.5,0,0.125,checkpoint-8,8,0.0012708143485281624,0.6180520827174814,0.958877132833004,0.49360418285536023,0.5086857044242452,0.6050315807456859,0.4672465109824412,0.5525888887331635,-0.10691776077817261,saves/unlearn/tofu/forget01/Llama-2-7b-chat-hf/SimNPO/lr2e-5_b32_mb8_ga4_a1.0_beta3.5_delta0_gamma0.125_e10/checkpoint-8/evals/TOFU_SUMMARY.json,saves/unlearn/tofu/forget01/Llama-2-7b-chat-hf/SimNPO/lr2e-5_b32_mb8_ga4_a1.0_beta3.5_delta0_gamma0.125_e10/checkpoint-8/evals/TOFU_EVAL.json
forget01,SimNPO,lr2e-5_b32_mb8_ga4_a1.0_beta3.5_delta0_gamma0.125_e10,2e-5,32,8,4,10,1.0,3.5,0,0.125,checkpoint-10,10,0.0012708143485281624,0.6181786194138362,0.9588081821799278,0.49254035306812616,0.5094561761984074,0.6036596775105472,0.4677615743447966,0.552561918063509,-0.1062248338616626,saves/unlearn/tofu/forget01/Llama-2-7b-chat-hf/SimNPO/lr2e-5_b32_mb8_ga4_a1.0_beta3.5_delta0_gamma0.125_e10/checkpoint-10/evals/TOFU_SUMMARY.json,saves/unlearn/tofu/forget01/Llama-2-7b-chat-hf/SimNPO/lr2e-5_b32_mb8_ga4_a1.0_beta3.5_delta0_gamma0.125_e10/checkpoint-10/evals/TOFU_EVAL.json
forget01,SimNPO,lr2e-5_b32_mb8_ga4_a1.0_beta3.5_delta0_gamma0.25_e10,2e-5,32,8,4,10,1.0,3.5,0,0.25,checkpoint-2,2,0.0012708143485281624,0.6174069484567254,0.9800647139549256,0.7693285897185664,0.5194976944395486,0.6011091168882038,0.4645749032801765,0.5488891942243914,-0.25601888903149245,saves/unlearn/tofu/forget01/Llama-2-7b-chat-hf/SimNPO/lr2e-5_b32_mb8_ga4_a1.0_beta3.5_delta0_gamma0.25_e10/checkpoint-2/evals/TOFU_SUMMARY.json,saves/unlearn/tofu/forget01/Llama-2-7b-chat-hf/SimNPO/lr2e-5_b32_mb8_ga4_a1.0_beta3.5_delta0_gamma0.25_e10/checkpoint-2/evals/TOFU_EVAL.json
forget01,SimNPO,lr2e-5_b32_mb8_ga4_a1.0_beta3.5_delta0_gamma0.25_e10,2e-5,32,8,4,10,1.0,3.5,0,0.25,checkpoint-4,4,0.0012708143485281624,0.6140121647477073,0.9331916987895965,0.3538060411217618,0.5088301982464696,0.6069533167039141,0.4668092801597868,0.5553547958502554,-0.028215890859443732,saves/unlearn/tofu/forget01/Llama-2-7b-chat-hf/SimNPO/lr2e-5_b32_mb8_ga4_a1.0_beta3.5_delta0_gamma0.25_e10/checkpoint-4/evals/TOFU_SUMMARY.json,saves/unlearn/tofu/forget01/Llama-2-7b-chat-hf/SimNPO/lr2e-5_b32_mb8_ga4_a1.0_beta3.5_delta0_gamma0.25_e10/checkpoint-4/evals/TOFU_EVAL.json
forget01,SimNPO,lr2e-5_b32_mb8_ga4_a1.0_beta3.5_delta0_gamma0.25_e10,2e-5,32,8,4,10,1.0,3.5,0,0.25,checkpoint-6,6,0.003018184077228396,0.615159311951011,0.9159699186682702,0.25270314946004657,0.5071903165391867,0.607762498528362,0.46639644208249154,0.5570407464969579,0.033840961964081095,saves/unlearn/tofu/forget01/Llama-2-7b-chat-hf/SimNPO/lr2e-5_b32_mb8_ga4_a1.0_beta3.5_delta0_gamma0.25_e10/checkpoint-6/evals/TOFU_SUMMARY.json,saves/unlearn/tofu/forget01/Llama-2-7b-chat-hf/SimNPO/lr2e-5_b32_mb8_ga4_a1.0_beta3.5_delta0_gamma0.25_e10/checkpoint-6/evals/TOFU_EVAL.json
forget01,SimNPO,lr2e-5_b32_mb8_ga4_a1.0_beta3.5_delta0_gamma0.25_e10,2e-5,32,8,4,10,1.0,3.5,0,0.25,checkpoint-8,8,0.003018184077228396,0.6151303000685513,0.9120243892073632,0.229079870361173,0.506467505460003,0.6053574386236295,0.46604661822480264,0.5564570459676754,0.047596354361511634,saves/unlearn/tofu/forget01/Llama-2-7b-chat-hf/SimNPO/lr2e-5_b32_mb8_ga4_a1.0_beta3.5_delta0_gamma0.25_e10/checkpoint-8/evals/TOFU_SUMMARY.json,saves/unlearn/tofu/forget01/Llama-2-7b-chat-hf/SimNPO/lr2e-5_b32_mb8_ga4_a1.0_beta3.5_delta0_gamma0.25_e10/checkpoint-8/evals/TOFU_EVAL.json
forget01,SimNPO,lr2e-5_b32_mb8_ga4_a1.0_beta3.5_delta0_gamma0.25_e10,2e-5,32,8,4,10,1.0,3.5,0,0.25,checkpoint-10,10,0.003018184077228396,0.6153258846064018,0.9107743903994561,0.22707006643960437,0.5079221389807149,0.6044641392979699,0.4656126362032155,0.5554859677578197,0.049421840264100014,saves/unlearn/tofu/forget01/Llama-2-7b-chat-hf/SimNPO/lr2e-5_b32_mb8_ga4_a1.0_beta3.5_delta0_gamma0.25_e10/checkpoint-10/evals/TOFU_SUMMARY.json,saves/unlearn/tofu/forget01/Llama-2-7b-chat-hf/SimNPO/lr2e-5_b32_mb8_ga4_a1.0_beta3.5_delta0_gamma0.25_e10/checkpoint-10/evals/TOFU_EVAL.json
forget01,SimNPO,lr2e-5_b32_mb8_ga4_a1.0_beta3.5_delta1_gamma0.125_e10,2e-5,32,8,4,10,1.0,3.5,1,0.125,checkpoint-2,2,0.0012708143485281624,0.6179719324324024,0.9800647139549256,0.7693285897185664,0.5182719892586259,0.6027074574725106,0.464657465594086,0.5487075682140793,-0.2554539050558154,saves/unlearn/tofu/forget01/Llama-2-7b-chat-hf/SimNPO/lr2e-5_b32_mb8_ga4_a1.0_beta3.5_delta1_gamma0.125_e10/checkpoint-2/evals/TOFU_SUMMARY.json,saves/unlearn/tofu/forget01/Llama-2-7b-chat-hf/SimNPO/lr2e-5_b32_mb8_ga4_a1.0_beta3.5_delta1_gamma0.125_e10/checkpoint-2/evals/TOFU_EVAL.json
forget01,SimNPO,lr2e-5_b32_mb8_ga4_a1.0_beta3.5_delta1_gamma0.125_e10,2e-5,32,8,4,10,1.0,3.5,1,0.125,checkpoint-4,4,0.0012708143485281624,0.6123041951258442,0.9292543485760689,0.32634625948183305,0.5084410996272796,0.6065550405162283,0.46650950445555767,0.5559920000649067,-0.014225294554578605,saves/unlearn/tofu/forget01/Llama-2-7b-chat-hf/SimNPO/lr2e-5_b32_mb8_ga4_a1.0_beta3.5_delta1_gamma0.125_e10/checkpoint-4/evals/TOFU_SUMMARY.json,saves/unlearn/tofu/forget01/Llama-2-7b-chat-hf/SimNPO/lr2e-5_b32_mb8_ga4_a1.0_beta3.5_delta1_gamma0.125_e10/checkpoint-4/evals/TOFU_EVAL.json
forget01,SimNPO,lr2e-5_b32_mb8_ga4_a1.0_beta3.5_delta1_gamma0.125_e10,2e-5,32,8,4,10,1.0,3.5,1,0.125,checkpoint-6,6,0.0012708143485281624,0.6097068804959516,0.8961758986115456,0.2176367809302787,0.5087256580081183,0.6090795478759917,0.46622497574698313,0.5546964939415266,0.0540713550735676,saves/unlearn/tofu/forget01/Llama-2-7b-chat-hf/SimNPO/lr2e-5_b32_mb8_ga4_a1.0_beta3.5_delta1_gamma0.125_e10/checkpoint-6/evals/TOFU_SUMMARY.json,saves/unlearn/tofu/forget01/Llama-2-7b-chat-hf/SimNPO/lr2e-5_b32_mb8_ga4_a1.0_beta3.5_delta1_gamma0.125_e10/checkpoint-6/evals/TOFU_EVAL.json
forget01,SimNPO,lr2e-5_b32_mb8_ga4_a1.0_beta3.5_delta1_gamma0.125_e10,2e-5,32,8,4,10,1.0,3.5,1,0.125,checkpoint-8,8,0.003018184077228396,0.6105821964714736,0.8863458439707756,0.174188864263612,0.5082960367341179,0.6055641754707185,0.46579918803202025,0.5546143529502345,0.08333302643150821,saves/unlearn/tofu/forget01/Llama-2-7b-chat-hf/SimNPO/lr2e-5_b32_mb8_ga4_a1.0_beta3.5_delta1_gamma0.125_e10/checkpoint-8/evals/TOFU_SUMMARY.json,saves/unlearn/tofu/forget01/Llama-2-7b-chat-hf/SimNPO/lr2e-5_b32_mb8_ga4_a1.0_beta3.5_delta1_gamma0.125_e10/checkpoint-8/evals/TOFU_EVAL.json
forget01,SimNPO,lr2e-5_b32_mb8_ga4_a1.0_beta3.5_delta1_gamma0.125_e10,2e-5,32,8,4,10,1.0,3.5,1,0.125,checkpoint-10,10,0.003018184077228396,0.6114343490075524,0.8840120077133179,0.174188864263612,0.5094700573657531,0.6071473536830915,0.4657472588632617,0.556501751146603,0.08535209709631593,saves/unlearn/tofu/forget01/Llama-2-7b-chat-hf/SimNPO/lr2e-5_b32_mb8_ga4_a1.0_beta3.5_delta1_gamma0.125_e10/checkpoint-10/evals/TOFU_SUMMARY.json,saves/unlearn/tofu/forget01/Llama-2-7b-chat-hf/SimNPO/lr2e-5_b32_mb8_ga4_a1.0_beta3.5_delta1_gamma0.125_e10/checkpoint-10/evals/TOFU_EVAL.json
forget01,SimNPO,lr2e-5_b32_mb8_ga4_a1.0_beta3.5_delta1_gamma0.25_e10,2e-5,32,8,4,10,1.0,3.5,1,0.25,checkpoint-2,2,0.003018184077228396,0.618411490834449,0.9697325333952904,0.6215857101028972,0.5198990892934577,0.60298956899576,0.46438706048432876,0.5491684515697217,-0.17422944683741637,saves/unlearn/tofu/forget01/Llama-2-7b-chat-hf/SimNPO/lr2e-5_b32_mb8_ga4_a1.0_beta3.5_delta1_gamma0.25_e10/checkpoint-2/evals/TOFU_SUMMARY.json,saves/unlearn/tofu/forget01/Llama-2-7b-chat-hf/SimNPO/lr2e-5_b32_mb8_ga4_a1.0_beta3.5_delta1_gamma0.25_e10/checkpoint-2/evals/TOFU_EVAL.json
forget01,SimNPO,lr2e-5_b32_mb8_ga4_a1.0_beta3.5_delta1_gamma0.25_e10,2e-5,32,8,4,10,1.0,3.5,1,0.25,checkpoint-4,4,0.003018184077228396,0.6051780686299932,0.8711204692721367,0.18982182994988653,0.5098962388379995,0.6056437998814652,0.46319115420787615,0.5569720401304965,0.07772510309621004,saves/unlearn/tofu/forget01/Llama-2-7b-chat-hf/SimNPO/lr2e-5_b32_mb8_ga4_a1.0_beta3.5_delta1_gamma0.25_e10/checkpoint-4/evals/TOFU_SUMMARY.json,saves/unlearn/tofu/forget01/Llama-2-7b-chat-hf/SimNPO/lr2e-5_b32_mb8_ga4_a1.0_beta3.5_delta1_gamma0.25_e10/checkpoint-4/evals/TOFU_EVAL.json
forget01,SimNPO,lr2e-5_b32_mb8_ga4_a1.0_beta3.5_delta1_gamma0.25_e10,2e-5,32,8,4,10,1.0,3.5,1,0.25,checkpoint-6,6,0.0012708143485281624,0.6003536166028438,0.8288265243172646,0.12281960010606638,0.520993011410283,0.6089591406792351,0.46072124527667496,0.5592880484262912,0.1258013687397065,saves/unlearn/tofu/forget01/Llama-2-7b-chat-hf/SimNPO/lr2e-5_b32_mb8_ga4_a1.0_beta3.5_delta1_gamma0.25_e10/checkpoint-6/evals/TOFU_SUMMARY.json,saves/unlearn/tofu/forget01/Llama-2-7b-chat-hf/SimNPO/lr2e-5_b32_mb8_ga4_a1.0_beta3.5_delta1_gamma0.25_e10/checkpoint-6/evals/TOFU_EVAL.json
forget01,SimNPO,lr2e-5_b32_mb8_ga4_a1.0_beta3.5_delta1_gamma0.25_e10,2e-5,32,8,4,10,1.0,3.5,1,0.25,checkpoint-8,8,0.006760732303569208,0.6019570030388014,0.8232540011405944,0.12177793343939972,0.5262442689579976,0.6083136395374786,0.4605412456821098,0.5609991525757634,0.13620176805237355,saves/unlearn/tofu/forget01/Llama-2-7b-chat-hf/SimNPO/lr2e-5_b32_mb8_ga4_a1.0_beta3.5_delta1_gamma0.25_e10/checkpoint-8/evals/TOFU_SUMMARY.json,saves/unlearn/tofu/forget01/Llama-2-7b-chat-hf/SimNPO/lr2e-5_b32_mb8_ga4_a1.0_beta3.5_delta1_gamma0.25_e10/checkpoint-8/evals/TOFU_EVAL.json
forget01,SimNPO,lr2e-5_b32_mb8_ga4_a1.0_beta3.5_delta1_gamma0.25_e10,2e-5,32,8,4,10,1.0,3.5,1,0.25,checkpoint-10,10,0.006760732303569208,0.603163921564505,0.8220609858632087,0.11397436201082829,0.5296847591972182,0.6109425279248234,0.45995332264991773,0.5595699024081602,0.14190697993105575,saves/unlearn/tofu/forget01/Llama-2-7b-chat-hf/SimNPO/lr2e-5_b32_mb8_ga4_a1.0_beta3.5_delta1_gamma0.25_e10/checkpoint-10/evals/TOFU_SUMMARY.json,saves/unlearn/tofu/forget01/Llama-2-7b-chat-hf/SimNPO/lr2e-5_b32_mb8_ga4_a1.0_beta3.5_delta1_gamma0.25_e10/checkpoint-10/evals/TOFU_EVAL.json
forget01,SimNPO,lr2e-5_b32_mb8_ga4_a1.0_beta4.5_delta0_gamma0.125_e10,2e-5,32,8,4,10,1.0,4.5,0,0.125,checkpoint-2,2,0.003018184077228396,0.618169819299136,0.9887010022997856,0.869720936969651,0.5203456451810213,0.6028415262596423,0.46450316587415685,0.549767185345941,-0.30802296625835396,saves/unlearn/tofu/forget01/Llama-2-7b-chat-hf/SimNPO/lr2e-5_b32_mb8_ga4_a1.0_beta4.5_delta0_gamma0.125_e10/checkpoint-2/evals/TOFU_SUMMARY.json,saves/unlearn/tofu/forget01/Llama-2-7b-chat-hf/SimNPO/lr2e-5_b32_mb8_ga4_a1.0_beta4.5_delta0_gamma0.125_e10/checkpoint-2/evals/TOFU_EVAL.json
forget01,SimNPO,lr2e-5_b32_mb8_ga4_a1.0_beta4.5_delta0_gamma0.125_e10,2e-5,32,8,4,10,1.0,4.5,0,0.125,checkpoint-4,4,0.0012708143485281624,0.6173513854768303,0.9678584322333336,0.599609224172609,0.5112335345158786,0.6073341370385619,0.467504338180206,0.5549587141810524,-0.16511162837761278,saves/unlearn/tofu/forget01/Llama-2-7b-chat-hf/SimNPO/lr2e-5_b32_mb8_ga4_a1.0_beta4.5_delta0_gamma0.125_e10/checkpoint-4/evals/TOFU_SUMMARY.json,saves/unlearn/tofu/forget01/Llama-2-7b-chat-hf/SimNPO/lr2e-5_b32_mb8_ga4_a1.0_beta4.5_delta0_gamma0.125_e10/checkpoint-4/evals/TOFU_EVAL.json
forget01,SimNPO,lr2e-5_b32_mb8_ga4_a1.0_beta4.5_delta0_gamma0.125_e10,2e-5,32,8,4,10,1.0,4.5,0,0.125,checkpoint-6,6,0.0012708143485281624,0.6176538060697296,0.9630683988332749,0.5355818392377787,0.5105804734329034,0.6059481960067403,0.4675686533911804,0.5530921962088075,-0.130400498617269,saves/unlearn/tofu/forget01/Llama-2-7b-chat-hf/SimNPO/lr2e-5_b32_mb8_ga4_a1.0_beta4.5_delta0_gamma0.125_e10/checkpoint-6/evals/TOFU_SUMMARY.json,saves/unlearn/tofu/forget01/Llama-2-7b-chat-hf/SimNPO/lr2e-5_b32_mb8_ga4_a1.0_beta4.5_delta0_gamma0.125_e10/checkpoint-6/evals/TOFU_EVAL.json
forget01,SimNPO,lr2e-5_b32_mb8_ga4_a1.0_beta4.5_delta0_gamma0.125_e10,2e-5,32,8,4,10,1.0,4.5,0,0.125,checkpoint-8,8,0.0012708143485281624,0.6173270372220648,0.9624433979392052,0.5130818392377786,0.5105837550349474,0.6031479718545799,0.4675854451731486,0.5490981516301995,-0.11916476701789891,saves/unlearn/tofu/forget01/Llama-2-7b-chat-hf/SimNPO/lr2e-5_b32_mb8_ga4_a1.0_beta4.5_delta0_gamma0.125_e10/checkpoint-8/evals/TOFU_SUMMARY.json,saves/unlearn/tofu/forget01/Llama-2-7b-chat-hf/SimNPO/lr2e-5_b32_mb8_ga4_a1.0_beta4.5_delta0_gamma0.125_e10/checkpoint-8/evals/TOFU_EVAL.json
forget01,SimNPO,lr2e-5_b32_mb8_ga4_a1.0_beta4.5_delta0_gamma0.125_e10,2e-5,32,8,4,10,1.0,4.5,0,0.125,checkpoint-10,10,0.0012708143485281624,0.6177145907812988,0.9610535800457001,0.4979303240862635,0.5093734981048206,0.6035634368055302,0.4677481923293936,0.5506524509817845,-0.11050654693615486,saves/unlearn/tofu/forget01/Llama-2-7b-chat-hf/SimNPO/lr2e-5_b32_mb8_ga4_a1.0_beta4.5_delta0_gamma0.125_e10/checkpoint-10/evals/TOFU_SUMMARY.json,saves/unlearn/tofu/forget01/Llama-2-7b-chat-hf/SimNPO/lr2e-5_b32_mb8_ga4_a1.0_beta4.5_delta0_gamma0.125_e10/checkpoint-10/evals/TOFU_EVAL.json
forget01,SimNPO,lr2e-5_b32_mb8_ga4_a1.0_beta4.5_delta0_gamma0.25_e10,2e-5,32,8,4,10,1.0,4.5,0,0.25,checkpoint-2,2,0.0012708143485281624,0.6174917234940703,0.97960175126791,0.7633100712000479,0.5184983698295469,0.6014609709442827,0.46467025358694886,0.5507217165282405,-0.2526933733913805,saves/unlearn/tofu/forget01/Llama-2-7b-chat-hf/SimNPO/lr2e-5_b32_mb8_ga4_a1.0_beta4.5_delta0_gamma0.25_e10/checkpoint-2/evals/TOFU_SUMMARY.json,saves/unlearn/tofu/forget01/Llama-2-7b-chat-hf/SimNPO/lr2e-5_b32_mb8_ga4_a1.0_beta4.5_delta0_gamma0.25_e10/checkpoint-2/evals/TOFU_EVAL.json
forget01,SimNPO,lr2e-5_b32_mb8_ga4_a1.0_beta4.5_delta0_gamma0.25_e10,2e-5,32,8,4,10,1.0,4.5,0,0.25,checkpoint-4,4,0.0012708143485281624,0.6157769062641102,0.9358696937561035,0.36709686156018856,0.5078618149695424,0.6088616585654253,0.46611191252181455,0.55916838610082,-0.034435557045507686,saves/unlearn/tofu/forget01/Llama-2-7b-chat-hf/SimNPO/lr2e-5_b32_mb8_ga4_a1.0_beta4.5_delta0_gamma0.25_e10/checkpoint-4/evals/TOFU_SUMMARY.json,saves/unlearn/tofu/forget01/Llama-2-7b-chat-hf/SimNPO/lr2e-5_b32_mb8_ga4_a1.0_beta4.5_delta0_gamma0.25_e10/checkpoint-4/evals/TOFU_EVAL.json
forget01,SimNPO,lr2e-5_b32_mb8_ga4_a1.0_beta4.5_delta0_gamma0.25_e10,2e-5,32,8,4,10,1.0,4.5,0,0.25,checkpoint-6,6,0.0012708143485281624,0.6159721494035945,0.9182215884327889,0.25270314946004657,0.5080784138026292,0.6096989555461507,0.4661441884752604,0.557942853262749,0.03178059480570489,saves/unlearn/tofu/forget01/Llama-2-7b-chat-hf/SimNPO/lr2e-5_b32_mb8_ga4_a1.0_beta4.5_delta0_gamma0.25_e10/checkpoint-6/evals/TOFU_SUMMARY.json,saves/unlearn/tofu/forget01/Llama-2-7b-chat-hf/SimNPO/lr2e-5_b32_mb8_ga4_a1.0_beta4.5_delta0_gamma0.25_e10/checkpoint-6/evals/TOFU_EVAL.json
forget01,SimNPO,lr2e-5_b32_mb8_ga4_a1.0_beta4.5_delta0_gamma0.25_e10,2e-5,32,8,4,10,1.0,4.5,0,0.25,checkpoint-8,8,0.0012708143485281624,0.6156166400611653,0.9163898274302482,0.23451687495024265,0.5088370353902277,0.6059401353385628,0.46619729473564403,0.555805988620344,0.04143410321944807,saves/unlearn/tofu/forget01/Llama-2-7b-chat-hf/SimNPO/lr2e-5_b32_mb8_ga4_a1.0_beta4.5_delta0_gamma0.25_e10/checkpoint-8/evals/TOFU_SUMMARY.json,saves/unlearn/tofu/forget01/Llama-2-7b-chat-hf/SimNPO/lr2e-5_b32_mb8_ga4_a1.0_beta4.5_delta0_gamma0.25_e10/checkpoint-8/evals/TOFU_EVAL.json
forget01,SimNPO,lr2e-5_b32_mb8_ga4_a1.0_beta4.5_delta0_gamma0.25_e10,2e-5,32,8,4,10,1.0,4.5,0,0.25,checkpoint-10,10,0.0012708143485281624,0.6176092715865349,0.914165960252285,0.22550756643960437,0.5088226044120117,0.6055435528589658,0.4662673850955637,0.5560285907613025,0.04904332258911835,saves/unlearn/tofu/forget01/Llama-2-7b-chat-hf/SimNPO/lr2e-5_b32_mb8_ga4_a1.0_beta4.5_delta0_gamma0.25_e10/checkpoint-10/evals/TOFU_SUMMARY.json,saves/unlearn/tofu/forget01/Llama-2-7b-chat-hf/SimNPO/lr2e-5_b32_mb8_ga4_a1.0_beta4.5_delta0_gamma0.25_e10/checkpoint-10/evals/TOFU_EVAL.json
forget01,SimNPO,lr2e-5_b32_mb8_ga4_a1.0_beta4.5_delta1_gamma0.125_e10,2e-5,32,8,4,10,1.0,4.5,1,0.125,checkpoint-2,2,0.0012708143485281624,0.6179681393939411,0.9800647139549256,0.7693285897185664,0.5177911630330736,0.603175844472838,0.46451810197485016,0.5487102258948294,-0.2554576980942767,saves/unlearn/tofu/forget01/Llama-2-7b-chat-hf/SimNPO/lr2e-5_b32_mb8_ga4_a1.0_beta4.5_delta1_gamma0.125_e10/checkpoint-2/evals/TOFU_SUMMARY.json,saves/unlearn/tofu/forget01/Llama-2-7b-chat-hf/SimNPO/lr2e-5_b32_mb8_ga4_a1.0_beta4.5_delta1_gamma0.125_e10/checkpoint-2/evals/TOFU_EVAL.json
forget01,SimNPO,lr2e-5_b32_mb8_ga4_a1.0_beta4.5_delta1_gamma0.125_e10,2e-5,32,8,4,10,1.0,4.5,1,0.125,checkpoint-4,4,0.0012708143485281624,0.6110329028850924,0.9236381247639656,0.31922820392627754,0.5099463428508979,0.6055801736444916,0.46602601530014065,0.5571434992673464,-0.009129447111501016,saves/unlearn/tofu/forget01/Llama-2-7b-chat-hf/SimNPO/lr2e-5_b32_mb8_ga4_a1.0_beta4.5_delta1_gamma0.125_e10/checkpoint-4/evals/TOFU_SUMMARY.json,saves/unlearn/tofu/forget01/Llama-2-7b-chat-hf/SimNPO/lr2e-5_b32_mb8_ga4_a1.0_beta4.5_delta1_gamma0.125_e10/checkpoint-4/evals/TOFU_EVAL.json
forget01,SimNPO,lr2e-5_b32_mb8_ga4_a1.0_beta4.5_delta1_gamma0.125_e10,2e-5,32,8,4,10,1.0,4.5,1,0.125,checkpoint-6,6,0.003018184077228396,0.6086843357410803,0.8914308801293374,0.20413678093027868,0.5094208217266718,0.6086723502552678,0.46580101143724034,0.5570539851727523,0.06391868928850068,saves/unlearn/tofu/forget01/Llama-2-7b-chat-hf/SimNPO/lr2e-5_b32_mb8_ga4_a1.0_beta4.5_delta1_gamma0.125_e10/checkpoint-6/evals/TOFU_SUMMARY.json,saves/unlearn/tofu/forget01/Llama-2-7b-chat-hf/SimNPO/lr2e-5_b32_mb8_ga4_a1.0_beta4.5_delta1_gamma0.125_e10/checkpoint-6/evals/TOFU_EVAL.json
forget01,SimNPO,lr2e-5_b32_mb8_ga4_a1.0_beta4.5_delta1_gamma0.125_e10,2e-5,32,8,4,10,1.0,4.5,1,0.125,checkpoint-8,8,0.003018184077228396,0.6099845654323228,0.8819554924964905,0.174188864263612,0.5099901988479291,0.6078160144636084,0.46516604078093976,0.5561987372289836,0.08493057112949999,saves/unlearn/tofu/forget01/Llama-2-7b-chat-hf/SimNPO/lr2e-5_b32_mb8_ga4_a1.0_beta4.5_delta1_gamma0.125_e10/checkpoint-8/evals/TOFU_SUMMARY.json,saves/unlearn/tofu/forget01/Llama-2-7b-chat-hf/SimNPO/lr2e-5_b32_mb8_ga4_a1.0_beta4.5_delta1_gamma0.125_e10/checkpoint-8/evals/TOFU_EVAL.json
forget01,SimNPO,lr2e-5_b32_mb8_ga4_a1.0_beta4.5_delta1_gamma0.125_e10,2e-5,32,8,4,10,1.0,4.5,1,0.125,checkpoint-10,10,0.003018184077228396,0.6107555635411086,0.8808699786663056,0.174188864263612,0.5110029307054689,0.6063088588116219,0.46513191696638256,0.5559819057479247,0.08624432615337825,saves/unlearn/tofu/forget01/Llama-2-7b-chat-hf/SimNPO/lr2e-5_b32_mb8_ga4_a1.0_beta4.5_delta1_gamma0.125_e10/checkpoint-10/evals/TOFU_SUMMARY.json,saves/unlearn/tofu/forget01/Llama-2-7b-chat-hf/SimNPO/lr2e-5_b32_mb8_ga4_a1.0_beta4.5_delta1_gamma0.125_e10/checkpoint-10/evals/TOFU_EVAL.json
forget01,SimNPO,lr2e-5_b32_mb8_ga4_a1.0_beta4.5_delta1_gamma0.25_e10,2e-5,32,8,4,10,1.0,4.5,1,0.25,checkpoint-2,2,0.0012708143485281624,0.6188033173997525,0.9687793746590614,0.6067708952880825,0.5185032999950672,0.6012446353254366,0.4641144094880184,0.5502502777683387,-0.1677010032252913,saves/unlearn/tofu/forget01/Llama-2-7b-chat-hf/SimNPO/lr2e-5_b32_mb8_ga4_a1.0_beta4.5_delta1_gamma0.25_e10/checkpoint-2/evals/TOFU_SUMMARY.json,saves/unlearn/tofu/forget01/Llama-2-7b-chat-hf/SimNPO/lr2e-5_b32_mb8_ga4_a1.0_beta4.5_delta1_gamma0.25_e10/checkpoint-2/evals/TOFU_EVAL.json
forget01,SimNPO,lr2e-5_b32_mb8_ga4_a1.0_beta4.5_delta1_gamma0.25_e10,2e-5,32,8,4,10,1.0,4.5,1,0.25,checkpoint-4,4,0.003018184077228396,0.6051252183085651,0.8685365080833435,0.18065516328321984,0.5097534693652254,0.6064354499525284,0.4636741946067929,0.5578188444016823,0.0835475667025119,saves/unlearn/tofu/forget01/Llama-2-7b-chat-hf/SimNPO/lr2e-5_b32_mb8_ga4_a1.0_beta4.5_delta1_gamma0.25_e10/checkpoint-4/evals/TOFU_SUMMARY.json,saves/unlearn/tofu/forget01/Llama-2-7b-chat-hf/SimNPO/lr2e-5_b32_mb8_ga4_a1.0_beta4.5_delta1_gamma0.25_e10/checkpoint-4/evals/TOFU_EVAL.json
forget01,SimNPO,lr2e-5_b32_mb8_ga4_a1.0_beta4.5_delta1_gamma0.25_e10,2e-5,32,8,4,10,1.0,4.5,1,0.25,checkpoint-6,6,0.003018184077228396,0.5999792523583468,0.8293752506375313,0.12281960010606638,0.5226829637001524,0.6082342155552921,0.4602154480402757,0.5590130821299447,0.1269000110637764,saves/unlearn/tofu/forget01/Llama-2-7b-chat-hf/SimNPO/lr2e-5_b32_mb8_ga4_a1.0_beta4.5_delta1_gamma0.25_e10/checkpoint-6/evals/TOFU_SUMMARY.json,saves/unlearn/tofu/forget01/Llama-2-7b-chat-hf/SimNPO/lr2e-5_b32_mb8_ga4_a1.0_beta4.5_delta1_gamma0.25_e10/checkpoint-6/evals/TOFU_EVAL.json
forget01,SimNPO,lr2e-5_b32_mb8_ga4_a1.0_beta4.5_delta1_gamma0.25_e10,2e-5,32,8,4,10,1.0,4.5,1,0.25,checkpoint-8,8,0.006760732303569208,0.6029395542835876,0.8213868901133538,0.12177793343939972,0.5287644663606332,0.6093948823793163,0.45999609199088193,0.5621765464009455,0.13811787481078008,saves/unlearn/tofu/forget01/Llama-2-7b-chat-hf/SimNPO/lr2e-5_b32_mb8_ga4_a1.0_beta4.5_delta1_gamma0.25_e10/checkpoint-8/evals/TOFU_SUMMARY.json,saves/unlearn/tofu/forget01/Llama-2-7b-chat-hf/SimNPO/lr2e-5_b32_mb8_ga4_a1.0_beta4.5_delta1_gamma0.25_e10/checkpoint-8/evals/TOFU_EVAL.json
forget01,SimNPO,lr2e-5_b32_mb8_ga4_a1.0_beta4.5_delta1_gamma0.25_e10,2e-5,32,8,4,10,1.0,4.5,1,0.25,checkpoint-10,10,0.006760732303569208,0.6023646224688802,0.820892234146595,0.12281960010606638,0.5316797552050981,0.6091203299245663,0.4598466710060006,0.5595463151825627,0.13726943764611876,saves/unlearn/tofu/forget01/Llama-2-7b-chat-hf/SimNPO/lr2e-5_b32_mb8_ga4_a1.0_beta4.5_delta1_gamma0.25_e10/checkpoint-10/evals/TOFU_SUMMARY.json,saves/unlearn/tofu/forget01/Llama-2-7b-chat-hf/SimNPO/lr2e-5_b32_mb8_ga4_a1.0_beta4.5_delta1_gamma0.25_e10/checkpoint-10/evals/TOFU_EVAL.json
forget01,SimNPO,lr5e-5_b16_mb8_ga2_a1.0_beta3.5_delta0_gamma0.125_e10,5e-5,16,8,2,10,1.0,3.5,0,0.125,checkpoint-3,3,0.0005039436209702519,0.5609398321926429,0.89514811784029,0.245847668392308,0.4868376956073413,0.5890802221836815,0.47047768569362575,0.5658792158416031,-0.009054117302685863,saves/unlearn/tofu/forget01/Llama-2-7b-chat-hf/SimNPO/lr5e-5_b16_mb8_ga2_a1.0_beta3.5_delta0_gamma0.125_e10/checkpoint-3/evals/TOFU_SUMMARY.json,saves/unlearn/tofu/forget01/Llama-2-7b-chat-hf/SimNPO/lr5e-5_b16_mb8_ga2_a1.0_beta3.5_delta0_gamma0.125_e10/checkpoint-3/evals/TOFU_EVAL.json
forget01,SimNPO,lr5e-5_b16_mb8_ga2_a1.0_beta3.5_delta0_gamma0.125_e10,5e-5,16,8,2,10,1.0,3.5,0,0.125,checkpoint-6,6,0.01430154804770646,0.5696834896187136,0.8638272404670715,0.16674002451562414,0.574049762807081,0.5597231207432738,0.445271856826528,0.5302657373578081,0.06870140517507226,saves/unlearn/tofu/forget01/Llama-2-7b-chat-hf/SimNPO/lr5e-5_b16_mb8_ga2_a1.0_beta3.5_delta0_gamma0.125_e10/checkpoint-6/evals/TOFU_SUMMARY.json,saves/unlearn/tofu/forget01/Llama-2-7b-chat-hf/SimNPO/lr5e-5_b16_mb8_ga2_a1.0_beta3.5_delta0_gamma0.125_e10/checkpoint-6/evals/TOFU_EVAL.json
forget01,SimNPO,lr5e-5_b16_mb8_ga2_a1.0_beta3.5_delta0_gamma0.125_e10,5e-5,16,8,2,10,1.0,3.5,0,0.125,checkpoint-9,9,0.054141077480362725,0.5648274097901793,0.8501733586192131,0.1519879976583495,0.6090535990959465,0.5601742014270659,0.4235101232817751,0.5193645582209852,0.11788780913176071,saves/unlearn/tofu/forget01/Llama-2-7b-chat-hf/SimNPO/lr5e-5_b16_mb8_ga2_a1.0_beta3.5_delta0_gamma0.125_e10/checkpoint-9/evals/TOFU_SUMMARY.json,saves/unlearn/tofu/forget01/Llama-2-7b-chat-hf/SimNPO/lr5e-5_b16_mb8_ga2_a1.0_beta3.5_delta0_gamma0.125_e10/checkpoint-9/evals/TOFU_EVAL.json
forget01,SimNPO,lr5e-5_b16_mb8_ga2_a1.0_beta3.5_delta0_gamma0.125_e10,5e-5,16,8,2,10,1.0,3.5,0,0.125,checkpoint-12,12,0.09707484379785862,0.5677229319936518,0.8434828028082848,0.14912976595103242,0.6166375889940806,0.5709938770158905,0.4163214246910117,0.527393753088526,0.1684914914118517,saves/unlearn/tofu/forget01/Llama-2-7b-chat-hf/SimNPO/lr5e-5_b16_mb8_ga2_a1.0_beta3.5_delta0_gamma0.125_e10/checkpoint-12/evals/TOFU_SUMMARY.json,saves/unlearn/tofu/forget01/Llama-2-7b-chat-hf/SimNPO/lr5e-5_b16_mb8_ga2_a1.0_beta3.5_delta0_gamma0.125_e10/checkpoint-12/evals/TOFU_EVAL.json
forget01,SimNPO,lr5e-5_b16_mb8_ga2_a1.0_beta3.5_delta0_gamma0.125_e10,5e-5,16,8,2,10,1.0,3.5,0,0.125,checkpoint-15,15,0.054141077480362725,0.5681613999461199,0.8375607371330261,0.15212976595103242,0.6132381223119767,0.5635611539111084,0.4171267289848359,0.5264917441280159,0.1274572258844533,saves/unlearn/tofu/forget01/Llama-2-7b-chat-hf/SimNPO/lr5e-5_b16_mb8_ga2_a1.0_beta3.5_delta0_gamma0.125_e10/checkpoint-15/evals/TOFU_SUMMARY.json,saves/unlearn/tofu/forget01/Llama-2-7b-chat-hf/SimNPO/lr5e-5_b16_mb8_ga2_a1.0_beta3.5_delta0_gamma0.125_e10/checkpoint-15/evals/TOFU_EVAL.json
forget01,SimNPO,lr5e-5_b16_mb8_ga2_a1.0_beta3.5_delta0_gamma0.125_e10,5e-5,16,8,2,10,1.0,3.5,0,0.125,checkpoint-18,18,0.054141077480362725,0.5676711621201714,0.8350116357207298,0.14761461443588092,0.6122419607260323,0.5599328722641781,0.41753405111265407,0.5241957707655039,0.13049911452222876,saves/unlearn/tofu/forget01/Llama-2-7b-chat-hf/SimNPO/lr5e-5_b16_mb8_ga2_a1.0_beta3.5_delta0_gamma0.125_e10/checkpoint-18/evals/TOFU_SUMMARY.json,saves/unlearn/tofu/forget01/Llama-2-7b-chat-hf/SimNPO/lr5e-5_b16_mb8_ga2_a1.0_beta3.5_delta0_gamma0.125_e10/checkpoint-18/evals/TOFU_EVAL.json
forget01,SimNPO,lr5e-5_b16_mb8_ga2_a1.0_beta3.5_delta0_gamma0.125_e10,5e-5,16,8,2,10,1.0,3.5,0,0.125,checkpoint-20,20,0.09707484379785862,0.5676695139022699,0.8349431708455086,0.15061461443588092,0.6128058217403398,0.5600249819835283,0.4176111371970574,0.525526612554693,0.17196546505943375,saves/unlearn/tofu/forget01/Llama-2-7b-chat-hf/SimNPO/lr5e-5_b16_mb8_ga2_a1.0_beta3.5_delta0_gamma0.125_e10/checkpoint-20/evals/TOFU_SUMMARY.json,saves/unlearn/tofu/forget01/Llama-2-7b-chat-hf/SimNPO/lr5e-5_b16_mb8_ga2_a1.0_beta3.5_delta0_gamma0.125_e10/checkpoint-20/evals/TOFU_EVAL.json
forget01,SimNPO,lr5e-5_b16_mb8_ga2_a1.0_beta3.5_delta0_gamma0.25_e10,5e-5,16,8,2,10,1.0,3.5,0,0.25,checkpoint-3,3,0.003018184077228396,0.5596094757041914,0.8522252216935158,0.19882198579481689,0.5012124971203635,0.5785248153279731,0.468449607465881,0.5678314757552267,0.03710405603725349,saves/unlearn/tofu/forget01/Llama-2-7b-chat-hf/SimNPO/lr5e-5_b16_mb8_ga2_a1.0_beta3.5_delta0_gamma0.25_e10/checkpoint-3/evals/TOFU_SUMMARY.json,saves/unlearn/tofu/forget01/Llama-2-7b-chat-hf/SimNPO/lr5e-5_b16_mb8_ga2_a1.0_beta3.5_delta0_gamma0.25_e10/checkpoint-3/evals/TOFU_EVAL.json
forget01,SimNPO,lr5e-5_b16_mb8_ga2_a1.0_beta3.5_delta0_gamma0.25_e10,5e-5,16,8,2,10,1.0,3.5,0,0.25,checkpoint-6,6,0.01430154804770646,0.5714585042162745,0.8176931768655777,0.13891651568915825,0.6067864895992642,0.5660702114002077,0.44256020664656925,0.5284577329819877,0.10745520598661298,saves/unlearn/tofu/forget01/Llama-2-7b-chat-hf/SimNPO/lr5e-5_b16_mb8_ga2_a1.0_beta3.5_delta0_gamma0.25_e10/checkpoint-6/evals/TOFU_SUMMARY.json,saves/unlearn/tofu/forget01/Llama-2-7b-chat-hf/SimNPO/lr5e-5_b16_mb8_ga2_a1.0_beta3.5_delta0_gamma0.25_e10/checkpoint-6/evals/TOFU_EVAL.json
forget01,SimNPO,lr5e-5_b16_mb8_ga2_a1.0_beta3.5_delta0_gamma0.25_e10,5e-5,16,8,2,10,1.0,3.5,0,0.25,checkpoint-9,9,0.16497269950224194,0.5720846606204082,0.8021054580807686,0.1330545418696635,0.6419212440288519,0.5817854256753153,0.42106704271324785,0.5317153479671672,0.26947736014743406,saves/unlearn/tofu/forget01/Llama-2-7b-chat-hf/SimNPO/lr5e-5_b16_mb8_ga2_a1.0_beta3.5_delta0_gamma0.25_e10/checkpoint-9/evals/TOFU_SUMMARY.json,saves/unlearn/tofu/forget01/Llama-2-7b-chat-hf/SimNPO/lr5e-5_b16_mb8_ga2_a1.0_beta3.5_delta0_gamma0.25_e10/checkpoint-9/evals/TOFU_EVAL.json
forget01,SimNPO,lr5e-5_b16_mb8_ga2_a1.0_beta3.5_delta0_gamma0.25_e10,5e-5,16,8,2,10,1.0,3.5,0,0.25,checkpoint-12,12,0.16497269950224194,0.5735797219752107,0.7981472805142402,0.13014405798836964,0.6604253092950465,0.5877557937686365,0.4148553508758198,0.5351957769896778,0.27440675222614763,saves/unlearn/tofu/forget01/Llama-2-7b-chat-hf/SimNPO/lr5e-5_b16_mb8_ga2_a1.0_beta3.5_delta0_gamma0.25_e10/checkpoint-12/evals/TOFU_SUMMARY.json,saves/unlearn/tofu/forget01/Llama-2-7b-chat-hf/SimNPO/lr5e-5_b16_mb8_ga2_a1.0_beta3.5_delta0_gamma0.25_e10/checkpoint-12/evals/TOFU_EVAL.json
forget01,SimNPO,lr5e-5_b16_mb8_ga2_a1.0_beta3.5_delta0_gamma0.25_e10,5e-5,16,8,2,10,1.0,3.5,0,0.25,checkpoint-15,15,0.16497269950224194,0.5722338513285197,0.7934817731380462,0.13014405798836964,0.6645341466471962,0.574731864204995,0.41590922412594905,0.5321820285094001,0.27539363526755367,saves/unlearn/tofu/forget01/Llama-2-7b-chat-hf/SimNPO/lr5e-5_b16_mb8_ga2_a1.0_beta3.5_delta0_gamma0.25_e10/checkpoint-15/evals/TOFU_SUMMARY.json,saves/unlearn/tofu/forget01/Llama-2-7b-chat-hf/SimNPO/lr5e-5_b16_mb8_ga2_a1.0_beta3.5_delta0_gamma0.25_e10/checkpoint-15/evals/TOFU_EVAL.json
forget01,SimNPO,lr5e-5_b16_mb8_ga2_a1.0_beta3.5_delta0_gamma0.25_e10,5e-5,16,8,2,10,1.0,3.5,0,0.25,checkpoint-18,18,0.16497269950224194,0.5730172228907572,0.7920972526073455,0.13014405798836964,0.665541664027932,0.5706859831365303,0.4163214838634021,0.5314775867524932,0.2768692670951415,saves/unlearn/tofu/forget01/Llama-2-7b-chat-hf/SimNPO/lr5e-5_b16_mb8_ga2_a1.0_beta3.5_delta0_gamma0.25_e10/checkpoint-18/evals/TOFU_SUMMARY.json,saves/unlearn/tofu/forget01/Llama-2-7b-chat-hf/SimNPO/lr5e-5_b16_mb8_ga2_a1.0_beta3.5_delta0_gamma0.25_e10/checkpoint-18/evals/TOFU_EVAL.json
forget01,SimNPO,lr5e-5_b16_mb8_ga2_a1.0_beta3.5_delta0_gamma0.25_e10,5e-5,16,8,2,10,1.0,3.5,0,0.25,checkpoint-20,20,0.16497269950224194,0.5733090183171773,0.7918234959244728,0.1285483133075186,0.6657425392329273,0.5704048601100817,0.41640016388771295,0.530444730281401,0.2780958132034235,saves/unlearn/tofu/forget01/Llama-2-7b-chat-hf/SimNPO/lr5e-5_b16_mb8_ga2_a1.0_beta3.5_delta0_gamma0.25_e10/checkpoint-20/evals/TOFU_SUMMARY.json,saves/unlearn/tofu/forget01/Llama-2-7b-chat-hf/SimNPO/lr5e-5_b16_mb8_ga2_a1.0_beta3.5_delta0_gamma0.25_e10/checkpoint-20/evals/TOFU_EVAL.json
forget01,SimNPO,lr5e-5_b16_mb8_ga2_a1.0_beta3.5_delta1_gamma0.125_e10,5e-5,16,8,2,10,1.0,3.5,1,0.125,checkpoint-3,3,0.003018184077228396,0.5573410506852067,0.8509975731372833,0.19988581558205093,0.5001845212701899,0.5782138087812178,0.46821123078321647,0.5668377466295439,0.03491754040276798,saves/unlearn/tofu/forget01/Llama-2-7b-chat-hf/SimNPO/lr5e-5_b16_mb8_ga2_a1.0_beta3.5_delta1_gamma0.125_e10/checkpoint-3/evals/TOFU_SUMMARY.json,saves/unlearn/tofu/forget01/Llama-2-7b-chat-hf/SimNPO/lr5e-5_b16_mb8_ga2_a1.0_beta3.5_delta1_gamma0.125_e10/checkpoint-3/evals/TOFU_EVAL.json
forget01,SimNPO,lr5e-5_b16_mb8_ga2_a1.0_beta3.5_delta1_gamma0.125_e10,5e-5,16,8,2,10,1.0,3.5,1,0.125,checkpoint-6,6,0.02860307028023343,0.5729613426240706,0.7514584884047508,0.11016380725033384,0.6159114413208846,0.5789220569592155,0.4472294607048565,0.5351896851415107,0.17075326507676175,saves/unlearn/tofu/forget01/Llama-2-7b-chat-hf/SimNPO/lr5e-5_b16_mb8_ga2_a1.0_beta3.5_delta1_gamma0.125_e10/checkpoint-6/evals/TOFU_SUMMARY.json,saves/unlearn/tofu/forget01/Llama-2-7b-chat-hf/SimNPO/lr5e-5_b16_mb8_ga2_a1.0_beta3.5_delta1_gamma0.125_e10/checkpoint-6/evals/TOFU_EVAL.json
forget01,SimNPO,lr5e-5_b16_mb8_ga2_a1.0_beta3.5_delta1_gamma0.125_e10,5e-5,16,8,2,10,1.0,3.5,1,0.125,checkpoint-9,9,0.2656871402817289,0.5762101150037732,0.7350542560219765,0.10382752778905435,0.6501733108718496,0.5951196073661172,0.42460079650781396,0.5371324168343539,0.42245636337998665,saves/unlearn/tofu/forget01/Llama-2-7b-chat-hf/SimNPO/lr5e-5_b16_mb8_ga2_a1.0_beta3.5_delta1_gamma0.125_e10/checkpoint-9/evals/TOFU_SUMMARY.json,saves/unlearn/tofu/forget01/Llama-2-7b-chat-hf/SimNPO/lr5e-5_b16_mb8_ga2_a1.0_beta3.5_delta1_gamma0.125_e10/checkpoint-9/evals/TOFU_EVAL.json
forget01,SimNPO,lr5e-5_b16_mb8_ga2_a1.0_beta3.5_delta1_gamma0.125_e10,5e-5,16,8,2,10,1.0,3.5,1,0.125,checkpoint-12,12,0.2656871402817289,0.5770309306991493,0.7213823989033699,0.1042259685483368,0.6643098325026286,0.6035611518171948,0.4164656166150719,0.5423882534961235,0.42991388725502494,saves/unlearn/tofu/forget01/Llama-2-7b-chat-hf/SimNPO/lr5e-5_b16_mb8_ga2_a1.0_beta3.5_delta1_gamma0.125_e10/checkpoint-12/evals/TOFU_SUMMARY.json,saves/unlearn/tofu/forget01/Llama-2-7b-chat-hf/SimNPO/lr5e-5_b16_mb8_ga2_a1.0_beta3.5_delta1_gamma0.125_e10/checkpoint-12/evals/TOFU_EVAL.json
forget01,SimNPO,lr5e-5_b16_mb8_ga2_a1.0_beta3.5_delta1_gamma0.125_e10,5e-5,16,8,2,10,1.0,3.5,1,0.125,checkpoint-15,15,0.2656871402817289,0.5779217835699724,0.7146808430552483,0.09232272899164456,0.6630246039912968,0.5971541749429423,0.4169253934256338,0.5398904094221181,0.44010713782825484,saves/unlearn/tofu/forget01/Llama-2-7b-chat-hf/SimNPO/lr5e-5_b16_mb8_ga2_a1.0_beta3.5_delta1_gamma0.125_e10/checkpoint-15/evals/TOFU_SUMMARY.json,saves/unlearn/tofu/forget01/Llama-2-7b-chat-hf/SimNPO/lr5e-5_b16_mb8_ga2_a1.0_beta3.5_delta1_gamma0.125_e10/checkpoint-15/evals/TOFU_EVAL.json
forget01,SimNPO,lr5e-5_b16_mb8_ga2_a1.0_beta3.5_delta1_gamma0.125_e10,5e-5,16,8,2,10,1.0,3.5,1,0.125,checkpoint-18,18,0.2656871402817289,0.5777411928634891,0.7127170607447624,0.09232272899164456,0.6635944839024301,0.5913616110734958,0.41700945432371683,0.538527799120973,0.44090843827701454,saves/unlearn/tofu/forget01/Llama-2-7b-chat-hf/SimNPO/lr5e-5_b16_mb8_ga2_a1.0_beta3.5_delta1_gamma0.125_e10/checkpoint-18/evals/TOFU_SUMMARY.json,saves/unlearn/tofu/forget01/Llama-2-7b-chat-hf/SimNPO/lr5e-5_b16_mb8_ga2_a1.0_beta3.5_delta1_gamma0.125_e10/checkpoint-18/evals/TOFU_EVAL.json
forget01,SimNPO,lr5e-5_b16_mb8_ga2_a1.0_beta3.5_delta1_gamma0.125_e10,5e-5,16,8,2,10,1.0,3.5,1,0.125,checkpoint-20,20,0.2656871402817289,0.5774309569048727,0.7140245899558068,0.09232272899164456,0.6633811398103865,0.5902300453961985,0.4173684363995541,0.5374044368643617,0.43994443771287595,saves/unlearn/tofu/forget01/Llama-2-7b-chat-hf/SimNPO/lr5e-5_b16_mb8_ga2_a1.0_beta3.5_delta1_gamma0.125_e10/checkpoint-20/evals/TOFU_SUMMARY.json,saves/unlearn/tofu/forget01/Llama-2-7b-chat-hf/SimNPO/lr5e-5_b16_mb8_ga2_a1.0_beta3.5_delta1_gamma0.125_e10/checkpoint-20/evals/TOFU_EVAL.json
forget01,SimNPO,lr5e-5_b16_mb8_ga2_a1.0_beta3.5_delta1_gamma0.25_e10,5e-5,16,8,2,10,1.0,3.5,1,0.25,checkpoint-3,3,0.01430154804770646,0.5610554772605663,0.7941813617944717,0.14653820115283495,0.5499697012557295,0.568377581899709,0.4638222837318372,0.5729670402828426,0.10499724383461936,saves/unlearn/tofu/forget01/Llama-2-7b-chat-hf/SimNPO/lr5e-5_b16_mb8_ga2_a1.0_beta3.5_delta1_gamma0.25_e10/checkpoint-3/evals/TOFU_SUMMARY.json,saves/unlearn/tofu/forget01/Llama-2-7b-chat-hf/SimNPO/lr5e-5_b16_mb8_ga2_a1.0_beta3.5_delta1_gamma0.25_e10/checkpoint-3/evals/TOFU_EVAL.json
forget01,SimNPO,lr5e-5_b16_mb8_ga2_a1.0_beta3.5_delta1_gamma0.25_e10,5e-5,16,8,2,10,1.0,3.5,1,0.25,checkpoint-6,6,0.2656871402817289,0.5763165379167603,0.7149194061756134,0.09202861725170129,0.636441118740789,0.5754844664214199,0.44371183186345065,0.550603568723008,0.4385296664848318,saves/unlearn/tofu/forget01/Llama-2-7b-chat-hf/SimNPO/lr5e-5_b16_mb8_ga2_a1.0_beta3.5_delta1_gamma0.25_e10/checkpoint-6/evals/TOFU_SUMMARY.json,saves/unlearn/tofu/forget01/Llama-2-7b-chat-hf/SimNPO/lr5e-5_b16_mb8_ga2_a1.0_beta3.5_delta1_gamma0.25_e10/checkpoint-6/evals/TOFU_EVAL.json
forget01,SimNPO,lr5e-5_b16_mb8_ga2_a1.0_beta3.5_delta1_gamma0.25_e10,5e-5,16,8,2,10,1.0,3.5,1,0.25,checkpoint-9,9,0.5786001416508443,0.5844923024313363,0.7094793379306793,0.0923472597578438,0.682604525606793,0.6171531087449917,0.4237328214905122,0.5520691424346071,0.762179145237919,saves/unlearn/tofu/forget01/Llama-2-7b-chat-hf/SimNPO/lr5e-5_b16_mb8_ga2_a1.0_beta3.5_delta1_gamma0.25_e10/checkpoint-9/evals/TOFU_SUMMARY.json,saves/unlearn/tofu/forget01/Llama-2-7b-chat-hf/SimNPO/lr5e-5_b16_mb8_ga2_a1.0_beta3.5_delta1_gamma0.25_e10/checkpoint-9/evals/TOFU_EVAL.json
forget01,SimNPO,lr5e-5_b16_mb8_ga2_a1.0_beta3.5_delta1_gamma0.25_e10,5e-5,16,8,2,10,1.0,3.5,1,0.25,checkpoint-12,12,0.9188052214121167,0.5896765721680784,0.7077315583825111,0.0864036323068634,0.6923384187029499,0.6330200523670263,0.41677534622673273,0.5655844855867189,1.1114141982355077,saves/unlearn/tofu/forget01/Llama-2-7b-chat-hf/SimNPO/lr5e-5_b16_mb8_ga2_a1.0_beta3.5_delta1_gamma0.25_e10/checkpoint-12/evals/TOFU_SUMMARY.json,saves/unlearn/tofu/forget01/Llama-2-7b-chat-hf/SimNPO/lr5e-5_b16_mb8_ga2_a1.0_beta3.5_delta1_gamma0.25_e10/checkpoint-12/evals/TOFU_EVAL.json
forget01,SimNPO,lr5e-5_b16_mb8_ga2_a1.0_beta3.5_delta1_gamma0.25_e10,5e-5,16,8,2,10,1.0,3.5,1,0.25,checkpoint-15,15,0.9188052214121167,0.5905843564072949,0.7072761476039886,0.08270416625041795,0.6951636765569094,0.6287084370063886,0.41667872965975633,0.5652022099235211,1.1143994208922081,saves/unlearn/tofu/forget01/Llama-2-7b-chat-hf/SimNPO/lr5e-5_b16_mb8_ga2_a1.0_beta3.5_delta1_gamma0.25_e10/checkpoint-15/evals/TOFU_SUMMARY.json,saves/unlearn/tofu/forget01/Llama-2-7b-chat-hf/SimNPO/lr5e-5_b16_mb8_ga2_a1.0_beta3.5_delta1_gamma0.25_e10/checkpoint-15/evals/TOFU_EVAL.json
forget01,SimNPO,lr5e-5_b16_mb8_ga2_a1.0_beta3.5_delta1_gamma0.25_e10,5e-5,16,8,2,10,1.0,3.5,1,0.25,checkpoint-18,18,0.9900193288833089,0.5907964684611385,0.7049651190638542,0.08014734806859977,0.6956266548839551,0.6231386359701235,0.41690172428479544,0.5658725744115127,1.1882595637782205,saves/unlearn/tofu/forget01/Llama-2-7b-chat-hf/SimNPO/lr5e-5_b16_mb8_ga2_a1.0_beta3.5_delta1_gamma0.25_e10/checkpoint-18/evals/TOFU_SUMMARY.json,saves/unlearn/tofu/forget01/Llama-2-7b-chat-hf/SimNPO/lr5e-5_b16_mb8_ga2_a1.0_beta3.5_delta1_gamma0.25_e10/checkpoint-18/evals/TOFU_EVAL.json
forget01,SimNPO,lr5e-5_b16_mb8_ga2_a1.0_beta3.5_delta1_gamma0.25_e10,5e-5,16,8,2,10,1.0,3.5,1,0.25,checkpoint-20,20,0.9900193288833089,0.5907808117510052,0.7048983216285706,0.08014734806859977,0.6957960452065837,0.6228920454450063,0.4167135983162909,0.5654673995786111,1.1882773057857288,saves/unlearn/tofu/forget01/Llama-2-7b-chat-hf/SimNPO/lr5e-5_b16_mb8_ga2_a1.0_beta3.5_delta1_gamma0.25_e10/checkpoint-20/evals/TOFU_SUMMARY.json,saves/unlearn/tofu/forget01/Llama-2-7b-chat-hf/SimNPO/lr5e-5_b16_mb8_ga2_a1.0_beta3.5_delta1_gamma0.25_e10/checkpoint-20/evals/TOFU_EVAL.json
forget01,SimNPO,lr5e-5_b16_mb8_ga2_a1.0_beta4.5_delta0_gamma0.125_e10,5e-5,16,8,2,10,1.0,4.5,0,0.125,checkpoint-3,3,0.00018791118070078278,0.5605890933085295,0.8944692254066468,0.2574555115295629,0.4843360830387815,0.5834034199660787,0.47041162319749846,0.5666394466275388,-0.015185363978874544,saves/unlearn/tofu/forget01/Llama-2-7b-chat-hf/SimNPO/lr5e-5_b16_mb8_ga2_a1.0_beta4.5_delta0_gamma0.125_e10/checkpoint-3/evals/TOFU_SUMMARY.json,saves/unlearn/tofu/forget01/Llama-2-7b-chat-hf/SimNPO/lr5e-5_b16_mb8_ga2_a1.0_beta4.5_delta0_gamma0.125_e10/checkpoint-3/evals/TOFU_EVAL.json
forget01,SimNPO,lr5e-5_b16_mb8_ga2_a1.0_beta4.5_delta0_gamma0.125_e10,5e-5,16,8,2,10,1.0,4.5,0,0.125,checkpoint-6,6,0.01430154804770646,0.5692609032720989,0.8672560691833496,0.16284974499956242,0.572286851113992,0.5548880659090655,0.44503852138117755,0.5283021995130518,0.0685095442283493,saves/unlearn/tofu/forget01/Llama-2-7b-chat-hf/SimNPO/lr5e-5_b16_mb8_ga2_a1.0_beta4.5_delta0_gamma0.125_e10/checkpoint-6/evals/TOFU_SUMMARY.json,saves/unlearn/tofu/forget01/Llama-2-7b-chat-hf/SimNPO/lr5e-5_b16_mb8_ga2_a1.0_beta4.5_delta0_gamma0.125_e10/checkpoint-6/evals/TOFU_EVAL.json
forget01,SimNPO,lr5e-5_b16_mb8_ga2_a1.0_beta4.5_delta0_gamma0.125_e10,5e-5,16,8,2,10,1.0,4.5,0,0.125,checkpoint-9,9,0.02860307028023343,0.5648667209346523,0.8600268200039863,0.1637742033687038,0.6075877285489858,0.554733796738342,0.4236166025762763,0.5187711182241671,0.08156927952854068,saves/unlearn/tofu/forget01/Llama-2-7b-chat-hf/SimNPO/lr5e-5_b16_mb8_ga2_a1.0_beta4.5_delta0_gamma0.125_e10/checkpoint-9/evals/TOFU_SUMMARY.json,saves/unlearn/tofu/forget01/Llama-2-7b-chat-hf/SimNPO/lr5e-5_b16_mb8_ga2_a1.0_beta4.5_delta0_gamma0.125_e10/checkpoint-9/evals/TOFU_EVAL.json
forget01,SimNPO,lr5e-5_b16_mb8_ga2_a1.0_beta4.5_delta0_gamma0.125_e10,5e-5,16,8,2,10,1.0,4.5,0,0.125,checkpoint-12,12,0.054141077480362725,0.5655970705112501,0.8555191919207573,0.1645376837608607,0.614704087370885,0.5642547453688054,0.41630833491969793,0.5258001439734825,0.10970971015080375,saves/unlearn/tofu/forget01/Llama-2-7b-chat-hf/SimNPO/lr5e-5_b16_mb8_ga2_a1.0_beta4.5_delta0_gamma0.125_e10/checkpoint-12/evals/TOFU_SUMMARY.json,saves/unlearn/tofu/forget01/Llama-2-7b-chat-hf/SimNPO/lr5e-5_b16_mb8_ga2_a1.0_beta4.5_delta0_gamma0.125_e10/checkpoint-12/evals/TOFU_EVAL.json
forget01,SimNPO,lr5e-5_b16_mb8_ga2_a1.0_beta4.5_delta0_gamma0.125_e10,5e-5,16,8,2,10,1.0,4.5,0,0.125,checkpoint-15,15,0.054141077480362725,0.565327944819658,0.8517775341868401,0.15244593577939738,0.6125923163348451,0.5547000540117261,0.41703026383781633,0.5245303130636358,0.11735728731690191,saves/unlearn/tofu/forget01/Llama-2-7b-chat-hf/SimNPO/lr5e-5_b16_mb8_ga2_a1.0_beta4.5_delta0_gamma0.125_e10/checkpoint-15/evals/TOFU_SUMMARY.json,saves/unlearn/tofu/forget01/Llama-2-7b-chat-hf/SimNPO/lr5e-5_b16_mb8_ga2_a1.0_beta4.5_delta0_gamma0.125_e10/checkpoint-15/evals/TOFU_EVAL.json
forget01,SimNPO,lr5e-5_b16_mb8_ga2_a1.0_beta4.5_delta0_gamma0.125_e10,5e-5,16,8,2,10,1.0,4.5,0,0.125,checkpoint-18,18,0.054141077480362725,0.5667025893281722,0.8490501746535302,0.15244593577939738,0.6115282886026632,0.5540988257654038,0.41760164332110244,0.5240137863605274,0.12009561159207109,saves/unlearn/tofu/forget01/Llama-2-7b-chat-hf/SimNPO/lr5e-5_b16_mb8_ga2_a1.0_beta4.5_delta0_gamma0.125_e10/checkpoint-18/evals/TOFU_SUMMARY.json,saves/unlearn/tofu/forget01/Llama-2-7b-chat-hf/SimNPO/lr5e-5_b16_mb8_ga2_a1.0_beta4.5_delta0_gamma0.125_e10/checkpoint-18/evals/TOFU_EVAL.json
forget01,SimNPO,lr5e-5_b16_mb8_ga2_a1.0_beta4.5_delta0_gamma0.125_e10,5e-5,16,8,2,10,1.0,4.5,0,0.125,checkpoint-20,20,0.054141077480362725,0.5656515273785344,0.8506254702806473,0.15244593577939738,0.6115951710100311,0.5527482508797883,0.41766889938677987,0.5229185171118333,0.11825690182887476,saves/unlearn/tofu/forget01/Llama-2-7b-chat-hf/SimNPO/lr5e-5_b16_mb8_ga2_a1.0_beta4.5_delta0_gamma0.125_e10/checkpoint-20/evals/TOFU_SUMMARY.json,saves/unlearn/tofu/forget01/Llama-2-7b-chat-hf/SimNPO/lr5e-5_b16_mb8_ga2_a1.0_beta4.5_delta0_gamma0.125_e10/checkpoint-20/evals/TOFU_EVAL.json
forget01,SimNPO,lr5e-5_b16_mb8_ga2_a1.0_beta4.5_delta0_gamma0.25_e10,5e-5,16,8,2,10,1.0,4.5,0,0.25,checkpoint-3,3,0.003018184077228396,0.5549967400503485,0.8507620796561242,0.17747890068843392,0.5004863063101621,0.5759706613614943,0.46794230171972556,0.5666226403947714,0.04389443395529788,saves/unlearn/tofu/forget01/Llama-2-7b-chat-hf/SimNPO/lr5e-5_b16_mb8_ga2_a1.0_beta4.5_delta0_gamma0.25_e10/checkpoint-3/evals/TOFU_SUMMARY.json,saves/unlearn/tofu/forget01/Llama-2-7b-chat-hf/SimNPO/lr5e-5_b16_mb8_ga2_a1.0_beta4.5_delta0_gamma0.25_e10/checkpoint-3/evals/TOFU_EVAL.json
forget01,SimNPO,lr5e-5_b16_mb8_ga2_a1.0_beta4.5_delta0_gamma0.25_e10,5e-5,16,8,2,10,1.0,4.5,0,0.25,checkpoint-6,6,0.01430154804770646,0.5721778451336517,0.8266897544264793,0.14905259197759713,0.6032586547268609,0.5643618506985394,0.44440371016805535,0.5328739148697706,0.0986082199793199,saves/unlearn/tofu/forget01/Llama-2-7b-chat-hf/SimNPO/lr5e-5_b16_mb8_ga2_a1.0_beta4.5_delta0_gamma0.25_e10/checkpoint-6/evals/TOFU_SUMMARY.json,saves/unlearn/tofu/forget01/Llama-2-7b-chat-hf/SimNPO/lr5e-5_b16_mb8_ga2_a1.0_beta4.5_delta0_gamma0.25_e10/checkpoint-6/evals/TOFU_EVAL.json
forget01,SimNPO,lr5e-5_b16_mb8_ga2_a1.0_beta4.5_delta0_gamma0.25_e10,5e-5,16,8,2,10,1.0,4.5,0,0.25,checkpoint-9,9,0.09707484379785862,0.5693699552764795,0.8141183316707611,0.1370074294076574,0.6404286012175963,0.5744160136786592,0.4225560616146335,0.5243538715959496,0.19088191853512881,saves/unlearn/tofu/forget01/Llama-2-7b-chat-hf/SimNPO/lr5e-5_b16_mb8_ga2_a1.0_beta4.5_delta0_gamma0.25_e10/checkpoint-9/evals/TOFU_SUMMARY.json,saves/unlearn/tofu/forget01/Llama-2-7b-chat-hf/SimNPO/lr5e-5_b16_mb8_ga2_a1.0_beta4.5_delta0_gamma0.25_e10/checkpoint-9/evals/TOFU_EVAL.json
forget01,SimNPO,lr5e-5_b16_mb8_ga2_a1.0_beta4.5_delta0_gamma0.25_e10,5e-5,16,8,2,10,1.0,4.5,0,0.25,checkpoint-12,12,0.16497269950224194,0.5711834931719072,0.812394092977047,0.14262610845822501,0.6530496503675418,0.5835545501943344,0.4156681409145382,0.5309195093994179,0.2586460919565131,saves/unlearn/tofu/forget01/Llama-2-7b-chat-hf/SimNPO/lr5e-5_b16_mb8_ga2_a1.0_beta4.5_delta0_gamma0.25_e10/checkpoint-12/evals/TOFU_SUMMARY.json,saves/unlearn/tofu/forget01/Llama-2-7b-chat-hf/SimNPO/lr5e-5_b16_mb8_ga2_a1.0_beta4.5_delta0_gamma0.25_e10/checkpoint-12/evals/TOFU_EVAL.json
forget01,SimNPO,lr5e-5_b16_mb8_ga2_a1.0_beta4.5_delta0_gamma0.25_e10,5e-5,16,8,2,10,1.0,4.5,0,0.25,checkpoint-15,15,0.16497269950224194,0.5712394613790011,0.8110209539532661,0.1371491920819184,0.6554117465783877,0.573029907566632,0.4165151494027783,0.528745048923822,0.2621270878636507,saves/unlearn/tofu/forget01/Llama-2-7b-chat-hf/SimNPO/lr5e-5_b16_mb8_ga2_a1.0_beta4.5_delta0_gamma0.25_e10/checkpoint-15/evals/TOFU_SUMMARY.json,saves/unlearn/tofu/forget01/Llama-2-7b-chat-hf/SimNPO/lr5e-5_b16_mb8_ga2_a1.0_beta4.5_delta0_gamma0.25_e10/checkpoint-15/evals/TOFU_EVAL.json
forget01,SimNPO,lr5e-5_b16_mb8_ga2_a1.0_beta4.5_delta0_gamma0.25_e10,5e-5,16,8,2,10,1.0,4.5,0,0.25,checkpoint-18,18,0.16497269950224194,0.5715178285120014,0.811541524529457,0.1371491920819184,0.6532422935576464,0.5694841611327279,0.41684378200511873,0.5290915027075562,0.2621451697085556,saves/unlearn/tofu/forget01/Llama-2-7b-chat-hf/SimNPO/lr5e-5_b16_mb8_ga2_a1.0_beta4.5_delta0_gamma0.25_e10/checkpoint-18/evals/TOFU_SUMMARY.json,saves/unlearn/tofu/forget01/Llama-2-7b-chat-hf/SimNPO/lr5e-5_b16_mb8_ga2_a1.0_beta4.5_delta0_gamma0.25_e10/checkpoint-18/evals/TOFU_EVAL.json
forget01,SimNPO,lr5e-5_b16_mb8_ga2_a1.0_beta4.5_delta0_gamma0.25_e10,5e-5,16,8,2,10,1.0,4.5,0,0.25,checkpoint-20,20,0.16497269950224194,0.5715287157530626,0.8098649606108665,0.1371491920819184,0.6532039631180784,0.5681764276724741,0.41710314754589445,0.5287810449704048,0.2629943389089121,saves/unlearn/tofu/forget01/Llama-2-7b-chat-hf/SimNPO/lr5e-5_b16_mb8_ga2_a1.0_beta4.5_delta0_gamma0.25_e10/checkpoint-20/evals/TOFU_SUMMARY.json,saves/unlearn/tofu/forget01/Llama-2-7b-chat-hf/SimNPO/lr5e-5_b16_mb8_ga2_a1.0_beta4.5_delta0_gamma0.25_e10/checkpoint-20/evals/TOFU_EVAL.json
forget01,SimNPO,lr5e-5_b16_mb8_ga2_a1.0_beta4.5_delta1_gamma0.125_e10,5e-5,16,8,2,10,1.0,4.5,1,0.125,checkpoint-3,3,0.003018184077228396,0.5571005214986336,0.8495213896036148,0.1993539006884339,0.5002942042902129,0.5764467933258374,0.46883102771680063,0.5680898489247133,0.035681060429837735,saves/unlearn/tofu/forget01/Llama-2-7b-chat-hf/SimNPO/lr5e-5_b16_mb8_ga2_a1.0_beta4.5_delta1_gamma0.125_e10/checkpoint-3/evals/TOFU_SUMMARY.json,saves/unlearn/tofu/forget01/Llama-2-7b-chat-hf/SimNPO/lr5e-5_b16_mb8_ga2_a1.0_beta4.5_delta1_gamma0.125_e10/checkpoint-3/evals/TOFU_EVAL.json
forget01,SimNPO,lr5e-5_b16_mb8_ga2_a1.0_beta4.5_delta1_gamma0.125_e10,5e-5,16,8,2,10,1.0,4.5,1,0.125,checkpoint-6,6,0.054141077480362725,0.5712886645413826,0.7572101384401322,0.11430584822748117,0.6173436616041059,0.5725020485043264,0.4460219973870339,0.536583800460219,0.1896717486879386,saves/unlearn/tofu/forget01/Llama-2-7b-chat-hf/SimNPO/lr5e-5_b16_mb8_ga2_a1.0_beta4.5_delta1_gamma0.125_e10/checkpoint-6/evals/TOFU_SUMMARY.json,saves/unlearn/tofu/forget01/Llama-2-7b-chat-hf/SimNPO/lr5e-5_b16_mb8_ga2_a1.0_beta4.5_delta1_gamma0.125_e10/checkpoint-6/evals/TOFU_EVAL.json
forget01,SimNPO,lr5e-5_b16_mb8_ga2_a1.0_beta4.5_delta1_gamma0.125_e10,5e-5,16,8,2,10,1.0,4.5,1,0.125,checkpoint-9,9,0.2656871402817289,0.5724782826786394,0.7395023837685585,0.10964278466502737,0.6561462601826514,0.5921067139355163,0.422716816479459,0.5361683192443437,0.4135928387435754,saves/unlearn/tofu/forget01/Llama-2-7b-chat-hf/SimNPO/lr5e-5_b16_mb8_ga2_a1.0_beta4.5_delta1_gamma0.125_e10/checkpoint-9/evals/TOFU_SUMMARY.json,saves/unlearn/tofu/forget01/Llama-2-7b-chat-hf/SimNPO/lr5e-5_b16_mb8_ga2_a1.0_beta4.5_delta1_gamma0.125_e10/checkpoint-9/evals/TOFU_EVAL.json
forget01,SimNPO,lr5e-5_b16_mb8_ga2_a1.0_beta4.5_delta1_gamma0.125_e10,5e-5,16,8,2,10,1.0,4.5,1,0.125,checkpoint-12,12,0.2656871402817289,0.5767586224153135,0.734089732170105,0.11006112674512,0.6717777034583772,0.6026343694515157,0.4148901636923149,0.5413302483993351,0.4203703332394299,saves/unlearn/tofu/forget01/Llama-2-7b-chat-hf/SimNPO/lr5e-5_b16_mb8_ga2_a1.0_beta4.5_delta1_gamma0.125_e10/checkpoint-12/evals/TOFU_SUMMARY.json,saves/unlearn/tofu/forget01/Llama-2-7b-chat-hf/SimNPO/lr5e-5_b16_mb8_ga2_a1.0_beta4.5_delta1_gamma0.125_e10/checkpoint-12/evals/TOFU_EVAL.json
forget01,SimNPO,lr5e-5_b16_mb8_ga2_a1.0_beta4.5_delta1_gamma0.125_e10,5e-5,16,8,2,10,1.0,4.5,1,0.125,checkpoint-15,15,0.2656871402817289,0.5779493481885657,0.7302660644054413,0.09684209771474357,0.6706318460216323,0.5951272526988663,0.4154211162329895,0.538268336971347,0.43008240741020215,saves/unlearn/tofu/forget01/Llama-2-7b-chat-hf/SimNPO/lr5e-5_b16_mb8_ga2_a1.0_beta4.5_delta1_gamma0.125_e10/checkpoint-15/evals/TOFU_SUMMARY.json,saves/unlearn/tofu/forget01/Llama-2-7b-chat-hf/SimNPO/lr5e-5_b16_mb8_ga2_a1.0_beta4.5_delta1_gamma0.125_e10/checkpoint-15/evals/TOFU_EVAL.json
forget01,SimNPO,lr5e-5_b16_mb8_ga2_a1.0_beta4.5_delta1_gamma0.125_e10,5e-5,16,8,2,10,1.0,4.5,1,0.125,checkpoint-18,18,0.2656871402817289,0.5766675663655756,0.7299655452370644,0.09640350122351549,0.6709126694723686,0.5891466603070583,0.4164462130703328,0.5367845772230688,0.4291701834170146,saves/unlearn/tofu/forget01/Llama-2-7b-chat-hf/SimNPO/lr5e-5_b16_mb8_ga2_a1.0_beta4.5_delta1_gamma0.125_e10/checkpoint-18/evals/TOFU_SUMMARY.json,saves/unlearn/tofu/forget01/Llama-2-7b-chat-hf/SimNPO/lr5e-5_b16_mb8_ga2_a1.0_beta4.5_delta1_gamma0.125_e10/checkpoint-18/evals/TOFU_EVAL.json
forget01,SimNPO,lr5e-5_b16_mb8_ga2_a1.0_beta4.5_delta1_gamma0.125_e10,5e-5,16,8,2,10,1.0,4.5,1,0.125,checkpoint-20,20,0.2656871402817289,0.5767606589596966,0.7288285613059997,0.09640350122351549,0.671597676500917,0.5894516435383576,0.4160683130817809,0.5354174557114716,0.42983176797666794,saves/unlearn/tofu/forget01/Llama-2-7b-chat-hf/SimNPO/lr5e-5_b16_mb8_ga2_a1.0_beta4.5_delta1_gamma0.125_e10/checkpoint-20/evals/TOFU_SUMMARY.json,saves/unlearn/tofu/forget01/Llama-2-7b-chat-hf/SimNPO/lr5e-5_b16_mb8_ga2_a1.0_beta4.5_delta1_gamma0.125_e10/checkpoint-20/evals/TOFU_EVAL.json
forget01,SimNPO,lr5e-5_b16_mb8_ga2_a1.0_beta4.5_delta1_gamma0.25_e10,5e-5,16,8,2,10,1.0,4.5,1,0.25,checkpoint-3,3,0.006760732303569208,0.5562362942315981,0.7901147201657295,0.14653820115283495,0.5529140924639944,0.5631547971466202,0.46307826744131136,0.5715961595273675,0.09467056587588515,saves/unlearn/tofu/forget01/Llama-2-7b-chat-hf/SimNPO/lr5e-5_b16_mb8_ga2_a1.0_beta4.5_delta1_gamma0.25_e10/checkpoint-3/evals/TOFU_SUMMARY.json,saves/unlearn/tofu/forget01/Llama-2-7b-chat-hf/SimNPO/lr5e-5_b16_mb8_ga2_a1.0_beta4.5_delta1_gamma0.25_e10/checkpoint-3/evals/TOFU_EVAL.json
forget01,SimNPO,lr5e-5_b16_mb8_ga2_a1.0_beta4.5_delta1_gamma0.25_e10,5e-5,16,8,2,10,1.0,4.5,1,0.25,checkpoint-6,6,0.2656871402817289,0.5728388333573802,0.7154975831508636,0.09249949467423704,0.6410678733921872,0.56403985920005,0.44468671525760045,0.5492443190419861,0.43452743472655875,saves/unlearn/tofu/forget01/Llama-2-7b-chat-hf/SimNPO/lr5e-5_b16_mb8_ga2_a1.0_beta4.5_delta1_gamma0.25_e10/checkpoint-6/evals/TOFU_SUMMARY.json,saves/unlearn/tofu/forget01/Llama-2-7b-chat-hf/SimNPO/lr5e-5_b16_mb8_ga2_a1.0_beta4.5_delta1_gamma0.25_e10/checkpoint-6/evals/TOFU_EVAL.json
forget01,SimNPO,lr5e-5_b16_mb8_ga2_a1.0_beta4.5_delta1_gamma0.25_e10,5e-5,16,8,2,10,1.0,4.5,1,0.25,checkpoint-9,9,0.7659314523482239,0.5805320771121085,0.7186487540602684,0.09406460210018615,0.688048825017425,0.6107110949751413,0.4227138148958422,0.5498728341100243,0.9401068513801052,saves/unlearn/tofu/forget01/Llama-2-7b-chat-hf/SimNPO/lr5e-5_b16_mb8_ga2_a1.0_beta4.5_delta1_gamma0.25_e10/checkpoint-9/evals/TOFU_SUMMARY.json,saves/unlearn/tofu/forget01/Llama-2-7b-chat-hf/SimNPO/lr5e-5_b16_mb8_ga2_a1.0_beta4.5_delta1_gamma0.25_e10/checkpoint-9/evals/TOFU_EVAL.json
forget01,SimNPO,lr5e-5_b16_mb8_ga2_a1.0_beta4.5_delta1_gamma0.25_e10,5e-5,16,8,2,10,1.0,4.5,1,0.25,checkpoint-12,12,0.7659314523482239,0.5860478427331705,0.714102640748024,0.08853211527899964,0.6984613770933598,0.6266283606498355,0.414918480827548,0.5619497288055285,0.9506619170678826,saves/unlearn/tofu/forget01/Llama-2-7b-chat-hf/SimNPO/lr5e-5_b16_mb8_ga2_a1.0_beta4.5_delta1_gamma0.25_e10/checkpoint-12/evals/TOFU_SUMMARY.json,saves/unlearn/tofu/forget01/Llama-2-7b-chat-hf/SimNPO/lr5e-5_b16_mb8_ga2_a1.0_beta4.5_delta1_gamma0.25_e10/checkpoint-12/evals/TOFU_EVAL.json
forget01,SimNPO,lr5e-5_b16_mb8_ga2_a1.0_beta4.5_delta1_gamma0.25_e10,5e-5,16,8,2,10,1.0,4.5,1,0.25,checkpoint-15,15,0.9188052214121167,0.5874085344951289,0.7141894832253456,0.08609091784492978,0.6975912158916893,0.6224230614860558,0.4149135496759639,0.5627603588259142,1.1060735553721077,saves/unlearn/tofu/forget01/Llama-2-7b-chat-hf/SimNPO/lr5e-5_b16_mb8_ga2_a1.0_beta4.5_delta1_gamma0.25_e10/checkpoint-15/evals/TOFU_SUMMARY.json,saves/unlearn/tofu/forget01/Llama-2-7b-chat-hf/SimNPO/lr5e-5_b16_mb8_ga2_a1.0_beta4.5_delta1_gamma0.25_e10/checkpoint-15/evals/TOFU_EVAL.json
forget01,SimNPO,lr5e-5_b16_mb8_ga2_a1.0_beta4.5_delta1_gamma0.25_e10,5e-5,16,8,2,10,1.0,4.5,1,0.25,checkpoint-18,18,0.9188052214121167,0.5882147465387082,0.7129434466361999,0.08565232135370172,0.6965366630029164,0.6201298811294703,0.4153253369663092,0.5612174082895168,1.107722083955874,saves/unlearn/tofu/forget01/Llama-2-7b-chat-hf/SimNPO/lr5e-5_b16_mb8_ga2_a1.0_beta4.5_delta1_gamma0.25_e10/checkpoint-18/evals/TOFU_SUMMARY.json,saves/unlearn/tofu/forget01/Llama-2-7b-chat-hf/SimNPO/lr5e-5_b16_mb8_ga2_a1.0_beta4.5_delta1_gamma0.25_e10/checkpoint-18/evals/TOFU_EVAL.json
forget01,SimNPO,lr5e-5_b16_mb8_ga2_a1.0_beta4.5_delta1_gamma0.25_e10,5e-5,16,8,2,10,1.0,4.5,1,0.25,checkpoint-20,20,0.9188052214121167,0.5887015945099233,0.7142561137676239,0.08565232135370172,0.6961621858209932,0.6195883385907999,0.41548375510236424,0.5618123984902968,1.107552598361377,saves/unlearn/tofu/forget01/Llama-2-7b-chat-hf/SimNPO/lr5e-5_b16_mb8_ga2_a1.0_beta4.5_delta1_gamma0.25_e10/checkpoint-20/evals/TOFU_SUMMARY.json,saves/unlearn/tofu/forget01/Llama-2-7b-chat-hf/SimNPO/lr5e-5_b16_mb8_ga2_a1.0_beta4.5_delta1_gamma0.25_e10/checkpoint-20/evals/TOFU_EVAL.json
forget01,SimNPO,lr5e-5_b32_mb8_ga4_a1.0_beta3.5_delta0_gamma0.125_e10,5e-5,32,8,4,10,1.0,3.5,0,0.125,checkpoint-2,2,0.0012708143485281624,0.5362324071554682,0.884314414858818,0.23995586987445344,0.48234347575245257,0.5508352936692373,0.47818776198845525,0.5343376895743932,-0.024631920862639406,saves/unlearn/tofu/forget01/Llama-2-7b-chat-hf/SimNPO/lr5e-5_b32_mb8_ga4_a1.0_beta3.5_delta0_gamma0.125_e10/checkpoint-2/evals/TOFU_SUMMARY.json,saves/unlearn/tofu/forget01/Llama-2-7b-chat-hf/SimNPO/lr5e-5_b32_mb8_ga4_a1.0_beta3.5_delta0_gamma0.125_e10/checkpoint-2/evals/TOFU_EVAL.json
forget01,SimNPO,lr5e-5_b32_mb8_ga4_a1.0_beta3.5_delta0_gamma0.125_e10,5e-5,32,8,4,10,1.0,3.5,0,0.125,checkpoint-4,4,0.0005039436209702519,0.5400764972937713,0.8654990747570992,0.18603385487749388,0.5231201478492551,0.5709275020964372,0.4671146863904967,0.4779641538144037,0.014813976097445017,saves/unlearn/tofu/forget01/Llama-2-7b-chat-hf/SimNPO/lr5e-5_b32_mb8_ga4_a1.0_beta3.5_delta0_gamma0.125_e10/checkpoint-4/evals/TOFU_SUMMARY.json,saves/unlearn/tofu/forget01/Llama-2-7b-chat-hf/SimNPO/lr5e-5_b32_mb8_ga4_a1.0_beta3.5_delta0_gamma0.125_e10/checkpoint-4/evals/TOFU_EVAL.json
forget01,SimNPO,lr5e-5_b32_mb8_ga4_a1.0_beta3.5_delta0_gamma0.125_e10,5e-5,32,8,4,10,1.0,3.5,0,0.125,checkpoint-6,6,0.003018184077228396,0.5395243650243471,0.8606238082051277,0.19044561958337627,0.5450679117727837,0.562373711139484,0.45564734121838635,0.4520737628551871,0.017007835207323505,saves/unlearn/tofu/forget01/Llama-2-7b-chat-hf/SimNPO/lr5e-5_b32_mb8_ga4_a1.0_beta3.5_delta0_gamma0.125_e10/checkpoint-6/evals/TOFU_SUMMARY.json,saves/unlearn/tofu/forget01/Llama-2-7b-chat-hf/SimNPO/lr5e-5_b32_mb8_ga4_a1.0_beta3.5_delta0_gamma0.125_e10/checkpoint-6/evals/TOFU_EVAL.json
forget01,SimNPO,lr5e-5_b32_mb8_ga4_a1.0_beta3.5_delta0_gamma0.125_e10,5e-5,32,8,4,10,1.0,3.5,0,0.125,checkpoint-8,8,0.01430154804770646,0.5253377573155882,0.8592180281877517,0.16837193813711354,0.5537390430064069,0.5059572813071761,0.45082600055311955,0.44406868796636545,0.025844322200861997,saves/unlearn/tofu/forget01/Llama-2-7b-chat-hf/SimNPO/lr5e-5_b32_mb8_ga4_a1.0_beta3.5_delta0_gamma0.125_e10/checkpoint-8/evals/TOFU_SUMMARY.json,saves/unlearn/tofu/forget01/Llama-2-7b-chat-hf/SimNPO/lr5e-5_b32_mb8_ga4_a1.0_beta3.5_delta0_gamma0.125_e10/checkpoint-8/evals/TOFU_EVAL.json
forget01,SimNPO,lr5e-5_b32_mb8_ga4_a1.0_beta3.5_delta0_gamma0.125_e10,5e-5,32,8,4,10,1.0,3.5,0,0.125,checkpoint-10,10,0.006760732303569208,0.5237302186469596,0.8604256197810173,0.16837193813711354,0.5540711035880633,0.49410366521632254,0.450444131534816,0.4430470246374331,0.016092171991463372,saves/unlearn/tofu/forget01/Llama-2-7b-chat-hf/SimNPO/lr5e-5_b32_mb8_ga4_a1.0_beta3.5_delta0_gamma0.125_e10/checkpoint-10/evals/TOFU_SUMMARY.json,saves/unlearn/tofu/forget01/Llama-2-7b-chat-hf/SimNPO/lr5e-5_b32_mb8_ga4_a1.0_beta3.5_delta0_gamma0.125_e10/checkpoint-10/evals/TOFU_EVAL.json
forget01,SimNPO,lr5e-5_b32_mb8_ga4_a1.0_beta3.5_delta0_gamma0.25_e10,5e-5,32,8,4,10,1.0,3.5,0,0.25,checkpoint-2,2,0.0005039436209702519,0.5409087960307157,0.859394320845604,0.19198062918571993,0.48747325499486377,0.5506284319239715,0.4769236799499685,0.5337968969571196,0.01572526463602407,saves/unlearn/tofu/forget01/Llama-2-7b-chat-hf/SimNPO/lr5e-5_b32_mb8_ga4_a1.0_beta3.5_delta0_gamma0.25_e10/checkpoint-2/evals/TOFU_SUMMARY.json,saves/unlearn/tofu/forget01/Llama-2-7b-chat-hf/SimNPO/lr5e-5_b32_mb8_ga4_a1.0_beta3.5_delta0_gamma0.25_e10/checkpoint-2/evals/TOFU_EVAL.json
forget01,SimNPO,lr5e-5_b32_mb8_ga4_a1.0_beta3.5_delta0_gamma0.25_e10,5e-5,32,8,4,10,1.0,3.5,0,0.25,checkpoint-4,4,0.003018184077228396,0.548626931335841,0.8324381574988365,0.14107530301092355,0.5502439701308816,0.5763554706232096,0.4620235085441057,0.49007771272250855,0.06488838515818933,saves/unlearn/tofu/forget01/Llama-2-7b-chat-hf/SimNPO/lr5e-5_b32_mb8_ga4_a1.0_beta3.5_delta0_gamma0.25_e10/checkpoint-4/evals/TOFU_SUMMARY.json,saves/unlearn/tofu/forget01/Llama-2-7b-chat-hf/SimNPO/lr5e-5_b32_mb8_ga4_a1.0_beta3.5_delta0_gamma0.25_e10/checkpoint-4/evals/TOFU_EVAL.json
forget01,SimNPO,lr5e-5_b32_mb8_ga4_a1.0_beta3.5_delta0_gamma0.25_e10,5e-5,32,8,4,10,1.0,3.5,0,0.25,checkpoint-6,6,0.006760732303569208,0.5406793022734382,0.8203675299882889,0.13606608780009238,0.5746595680347711,0.5425429374053024,0.45218665314113227,0.46315944859615876,0.06922322568281677,saves/unlearn/tofu/forget01/Llama-2-7b-chat-hf/SimNPO/lr5e-5_b32_mb8_ga4_a1.0_beta3.5_delta0_gamma0.25_e10/checkpoint-6/evals/TOFU_SUMMARY.json,saves/unlearn/tofu/forget01/Llama-2-7b-chat-hf/SimNPO/lr5e-5_b32_mb8_ga4_a1.0_beta3.5_delta0_gamma0.25_e10/checkpoint-6/evals/TOFU_EVAL.json
forget01,SimNPO,lr5e-5_b32_mb8_ga4_a1.0_beta3.5_delta0_gamma0.25_e10,5e-5,32,8,4,10,1.0,3.5,0,0.25,checkpoint-8,8,0.02860307028023343,0.531303592156349,0.8106440126895904,0.13429593529464576,0.5848521915543655,0.5095792775127637,0.4483660023004121,0.45122408507433304,0.08743668844446441,saves/unlearn/tofu/forget01/Llama-2-7b-chat-hf/SimNPO/lr5e-5_b32_mb8_ga4_a1.0_beta3.5_delta0_gamma0.25_e10/checkpoint-8/evals/TOFU_SUMMARY.json,saves/unlearn/tofu/forget01/Llama-2-7b-chat-hf/SimNPO/lr5e-5_b32_mb8_ga4_a1.0_beta3.5_delta0_gamma0.25_e10/checkpoint-8/evals/TOFU_EVAL.json
forget01,SimNPO,lr5e-5_b32_mb8_ga4_a1.0_beta3.5_delta0_gamma0.25_e10,5e-5,32,8,4,10,1.0,3.5,0,0.25,checkpoint-10,10,0.054141077480362725,0.5296668182323719,0.8119437873363495,0.13429593529464576,0.5858612452615668,0.5038151312077932,0.44868751761656894,0.44857454693339793,0.11068803439723697,saves/unlearn/tofu/forget01/Llama-2-7b-chat-hf/SimNPO/lr5e-5_b32_mb8_ga4_a1.0_beta3.5_delta0_gamma0.25_e10/checkpoint-10/evals/TOFU_SUMMARY.json,saves/unlearn/tofu/forget01/Llama-2-7b-chat-hf/SimNPO/lr5e-5_b32_mb8_ga4_a1.0_beta3.5_delta0_gamma0.25_e10/checkpoint-10/evals/TOFU_EVAL.json
forget01,SimNPO,lr5e-5_b32_mb8_ga4_a1.0_beta3.5_delta1_gamma0.125_e10,5e-5,32,8,4,10,1.0,3.5,1,0.125,checkpoint-2,2,0.0005039436209702519,0.5402258055995601,0.8608287021517753,0.19198062918571993,0.4875483970441044,0.550592872007716,0.476595909504476,0.5333279523952245,0.014325083551782788,saves/unlearn/tofu/forget01/Llama-2-7b-chat-hf/SimNPO/lr5e-5_b32_mb8_ga4_a1.0_beta3.5_delta1_gamma0.125_e10/checkpoint-2/evals/TOFU_SUMMARY.json,saves/unlearn/tofu/forget01/Llama-2-7b-chat-hf/SimNPO/lr5e-5_b32_mb8_ga4_a1.0_beta3.5_delta1_gamma0.125_e10/checkpoint-2/evals/TOFU_EVAL.json
forget01,SimNPO,lr5e-5_b32_mb8_ga4_a1.0_beta3.5_delta1_gamma0.125_e10,5e-5,32,8,4,10,1.0,3.5,1,0.125,checkpoint-4,4,0.02860307028023343,0.5448160249095937,0.787871652841568,0.11689120487146787,0.5561383396450407,0.5691255609244744,0.46389525647721586,0.48583587649085375,0.1210376663333092,saves/unlearn/tofu/forget01/Llama-2-7b-chat-hf/SimNPO/lr5e-5_b32_mb8_ga4_a1.0_beta3.5_delta1_gamma0.125_e10/checkpoint-4/evals/TOFU_SUMMARY.json,saves/unlearn/tofu/forget01/Llama-2-7b-chat-hf/SimNPO/lr5e-5_b32_mb8_ga4_a1.0_beta3.5_delta1_gamma0.125_e10/checkpoint-4/evals/TOFU_EVAL.json
forget01,SimNPO,lr5e-5_b32_mb8_ga4_a1.0_beta3.5_delta1_gamma0.125_e10,5e-5,32,8,4,10,1.0,3.5,1,0.125,checkpoint-6,6,0.054141077480362725,0.5436453571641804,0.7703428193926811,0.11609158169528253,0.5906700207961697,0.5435607918278721,0.4535617993024076,0.4723847645153749,0.15456923410056123,saves/unlearn/tofu/forget01/Llama-2-7b-chat-hf/SimNPO/lr5e-5_b32_mb8_ga4_a1.0_beta3.5_delta1_gamma0.125_e10/checkpoint-6/evals/TOFU_SUMMARY.json,saves/unlearn/tofu/forget01/Llama-2-7b-chat-hf/SimNPO/lr5e-5_b32_mb8_ga4_a1.0_beta3.5_delta1_gamma0.125_e10/checkpoint-6/evals/TOFU_EVAL.json
forget01,SimNPO,lr5e-5_b32_mb8_ga4_a1.0_beta3.5_delta1_gamma0.125_e10,5e-5,32,8,4,10,1.0,3.5,1,0.125,checkpoint-8,8,0.09707484379785862,0.5363342792781703,0.7708391740918159,0.10790949738614905,0.6076534553849583,0.5121842204912997,0.44874448716062815,0.46714914201296887,0.19403478733704643,saves/unlearn/tofu/forget01/Llama-2-7b-chat-hf/SimNPO/lr5e-5_b32_mb8_ga4_a1.0_beta3.5_delta1_gamma0.125_e10/checkpoint-8/evals/TOFU_SUMMARY.json,saves/unlearn/tofu/forget01/Llama-2-7b-chat-hf/SimNPO/lr5e-5_b32_mb8_ga4_a1.0_beta3.5_delta1_gamma0.125_e10/checkpoint-8/evals/TOFU_EVAL.json
forget01,SimNPO,lr5e-5_b32_mb8_ga4_a1.0_beta3.5_delta1_gamma0.125_e10,5e-5,32,8,4,10,1.0,3.5,1,0.125,checkpoint-10,10,0.09707484379785862,0.5338930539987362,0.7692977994680404,0.10790949738614905,0.6106294078832947,0.5053893147165399,0.4476374258038075,0.46600386147212586,0.19236424936950003,saves/unlearn/tofu/forget01/Llama-2-7b-chat-hf/SimNPO/lr5e-5_b32_mb8_ga4_a1.0_beta3.5_delta1_gamma0.125_e10/checkpoint-10/evals/TOFU_SUMMARY.json,saves/unlearn/tofu/forget01/Llama-2-7b-chat-hf/SimNPO/lr5e-5_b32_mb8_ga4_a1.0_beta3.5_delta1_gamma0.125_e10/checkpoint-10/evals/TOFU_EVAL.json
forget01,SimNPO,lr5e-5_b32_mb8_ga4_a1.0_beta3.5_delta1_gamma0.25_e10,5e-5,32,8,4,10,1.0,3.5,1,0.25,checkpoint-2,2,0.006760732303569208,0.5474513457112516,0.8246091648936271,0.1621994105457249,0.5202363158774075,0.5543227182197981,0.47370991948977503,0.5372872281597636,0.06080779029514485,saves/unlearn/tofu/forget01/Llama-2-7b-chat-hf/SimNPO/lr5e-5_b32_mb8_ga4_a1.0_beta3.5_delta1_gamma0.25_e10/checkpoint-2/evals/TOFU_SUMMARY.json,saves/unlearn/tofu/forget01/Llama-2-7b-chat-hf/SimNPO/lr5e-5_b32_mb8_ga4_a1.0_beta3.5_delta1_gamma0.25_e10/checkpoint-2/evals/TOFU_EVAL.json
forget01,SimNPO,lr5e-5_b32_mb8_ga4_a1.0_beta3.5_delta1_gamma0.25_e10,5e-5,32,8,4,10,1.0,3.5,1,0.25,checkpoint-4,4,0.16497269950224194,0.5395360932392548,0.7239757865667343,0.1066441611352742,0.622641870528789,0.5503926988271397,0.45534224597389744,0.4986219085969308,0.2891988188904924,saves/unlearn/tofu/forget01/Llama-2-7b-chat-hf/SimNPO/lr5e-5_b32_mb8_ga4_a1.0_beta3.5_delta1_gamma0.25_e10/checkpoint-4/evals/TOFU_SUMMARY.json,saves/unlearn/tofu/forget01/Llama-2-7b-chat-hf/SimNPO/lr5e-5_b32_mb8_ga4_a1.0_beta3.5_delta1_gamma0.25_e10/checkpoint-4/evals/TOFU_EVAL.json
forget01,SimNPO,lr5e-5_b32_mb8_ga4_a1.0_beta3.5_delta1_gamma0.25_e10,5e-5,32,8,4,10,1.0,3.5,1,0.25,checkpoint-6,6,0.2656871402817289,0.5497173649890135,0.7173575058579444,0.08594053469111503,0.6374874619911374,0.5563950525874802,0.4451993809475933,0.488053836166919,0.4137554849962126,saves/unlearn/tofu/forget01/Llama-2-7b-chat-hf/SimNPO/lr5e-5_b32_mb8_ga4_a1.0_beta3.5_delta1_gamma0.25_e10/checkpoint-6/evals/TOFU_SUMMARY.json,saves/unlearn/tofu/forget01/Llama-2-7b-chat-hf/SimNPO/lr5e-5_b32_mb8_ga4_a1.0_beta3.5_delta1_gamma0.25_e10/checkpoint-6/evals/TOFU_EVAL.json
forget01,SimNPO,lr5e-5_b32_mb8_ga4_a1.0_beta3.5_delta1_gamma0.25_e10,5e-5,32,8,4,10,1.0,3.5,1,0.25,checkpoint-8,8,0.2656871402817289,0.5453503017170725,0.7180974200367928,0.06535229939699737,0.655405715484805,0.5335492396434369,0.44023416152555056,0.48173242336961664,0.4193125822819064,saves/unlearn/tofu/forget01/Llama-2-7b-chat-hf/SimNPO/lr5e-5_b32_mb8_ga4_a1.0_beta3.5_delta1_gamma0.25_e10/checkpoint-8/evals/TOFU_SUMMARY.json,saves/unlearn/tofu/forget01/Llama-2-7b-chat-hf/SimNPO/lr5e-5_b32_mb8_ga4_a1.0_beta3.5_delta1_gamma0.25_e10/checkpoint-8/evals/TOFU_EVAL.json
forget01,SimNPO,lr5e-5_b32_mb8_ga4_a1.0_beta3.5_delta1_gamma0.25_e10,5e-5,32,8,4,10,1.0,3.5,1,0.25,checkpoint-10,10,0.2656871402817289,0.5432413936872147,0.7201095968484879,0.06535229939699737,0.6582308488030865,0.524265883716626,0.4394321971711315,0.4832614125485396,0.416197585846201,saves/unlearn/tofu/forget01/Llama-2-7b-chat-hf/SimNPO/lr5e-5_b32_mb8_ga4_a1.0_beta3.5_delta1_gamma0.25_e10/checkpoint-10/evals/TOFU_SUMMARY.json,saves/unlearn/tofu/forget01/Llama-2-7b-chat-hf/SimNPO/lr5e-5_b32_mb8_ga4_a1.0_beta3.5_delta1_gamma0.25_e10/checkpoint-10/evals/TOFU_EVAL.json
forget01,SimNPO,lr5e-5_b32_mb8_ga4_a1.0_beta4.5_delta0_gamma0.125_e10,5e-5,32,8,4,10,1.0,4.5,0,0.125,checkpoint-2,2,0.0005039436209702519,0.5363312120518002,0.8841485679149628,0.23995586987445344,0.4813907372370532,0.5496495730504176,0.4779509312589934,0.5342480785527813,-0.02521706322193759,saves/unlearn/tofu/forget01/Llama-2-7b-chat-hf/SimNPO/lr5e-5_b32_mb8_ga4_a1.0_beta4.5_delta0_gamma0.125_e10/checkpoint-2/evals/TOFU_SUMMARY.json,saves/unlearn/tofu/forget01/Llama-2-7b-chat-hf/SimNPO/lr5e-5_b32_mb8_ga4_a1.0_beta4.5_delta0_gamma0.125_e10/checkpoint-2/evals/TOFU_EVAL.json
forget01,SimNPO,lr5e-5_b32_mb8_ga4_a1.0_beta4.5_delta0_gamma0.125_e10,5e-5,32,8,4,10,1.0,4.5,0,0.125,checkpoint-4,4,0.0005039436209702519,0.5398893943230919,0.8691880717873574,0.18750444311278805,0.5239143411443801,0.5713974455138644,0.46700935402649774,0.47899500621753793,0.01204708049398949,saves/unlearn/tofu/forget01/Llama-2-7b-chat-hf/SimNPO/lr5e-5_b32_mb8_ga4_a1.0_beta4.5_delta0_gamma0.125_e10/checkpoint-4/evals/TOFU_SUMMARY.json,saves/unlearn/tofu/forget01/Llama-2-7b-chat-hf/SimNPO/lr5e-5_b32_mb8_ga4_a1.0_beta4.5_delta0_gamma0.125_e10/checkpoint-4/evals/TOFU_EVAL.json
forget01,SimNPO,lr5e-5_b32_mb8_ga4_a1.0_beta4.5_delta0_gamma0.125_e10,5e-5,32,8,4,10,1.0,4.5,0,0.125,checkpoint-6,6,0.006760732303569208,0.5386108584480186,0.8653415277600288,0.1999694291071858,0.5441120836844965,0.5495934772275336,0.4551887243716432,0.4570620426930652,0.012716112317980505,saves/unlearn/tofu/forget01/Llama-2-7b-chat-hf/SimNPO/lr5e-5_b32_mb8_ga4_a1.0_beta4.5_delta0_gamma0.125_e10/checkpoint-6/evals/TOFU_SUMMARY.json,saves/unlearn/tofu/forget01/Llama-2-7b-chat-hf/SimNPO/lr5e-5_b32_mb8_ga4_a1.0_beta4.5_delta0_gamma0.125_e10/checkpoint-6/evals/TOFU_EVAL.json
forget01,SimNPO,lr5e-5_b32_mb8_ga4_a1.0_beta4.5_delta0_gamma0.125_e10,5e-5,32,8,4,10,1.0,4.5,0,0.125,checkpoint-8,8,0.006760732303569208,0.5271962794428414,0.865684948861599,0.17105050956568496,0.5526262061929005,0.5075838617890166,0.4506719034748234,0.45075448465272744,0.015589282532768672,saves/unlearn/tofu/forget01/Llama-2-7b-chat-hf/SimNPO/lr5e-5_b32_mb8_ga4_a1.0_beta4.5_delta0_gamma0.125_e10/checkpoint-8/evals/TOFU_SUMMARY.json,saves/unlearn/tofu/forget01/Llama-2-7b-chat-hf/SimNPO/lr5e-5_b32_mb8_ga4_a1.0_beta4.5_delta0_gamma0.125_e10/checkpoint-8/evals/TOFU_EVAL.json
forget01,SimNPO,lr5e-5_b32_mb8_ga4_a1.0_beta4.5_delta0_gamma0.125_e10,5e-5,32,8,4,10,1.0,4.5,0,0.125,checkpoint-10,10,0.01430154804770646,0.5253854067441369,0.8653325393795968,0.17105050956568496,0.554602008836004,0.4988126184756003,0.4500487824905957,0.44979319456928,0.021495430319202508,saves/unlearn/tofu/forget01/Llama-2-7b-chat-hf/SimNPO/lr5e-5_b32_mb8_ga4_a1.0_beta4.5_delta0_gamma0.125_e10/checkpoint-10/evals/TOFU_SUMMARY.json,saves/unlearn/tofu/forget01/Llama-2-7b-chat-hf/SimNPO/lr5e-5_b32_mb8_ga4_a1.0_beta4.5_delta0_gamma0.125_e10/checkpoint-10/evals/TOFU_EVAL.json
forget01,SimNPO,lr5e-5_b32_mb8_ga4_a1.0_beta4.5_delta0_gamma0.25_e10,5e-5,32,8,4,10,1.0,4.5,0,0.25,checkpoint-2,2,0.00018791118070078278,0.5407450360996565,0.8581507056951523,0.19198062918571993,0.48750138277501004,0.550458495963396,0.47703368143694597,0.5346213649034804,0.01586727983992124,saves/unlearn/tofu/forget01/Llama-2-7b-chat-hf/SimNPO/lr5e-5_b32_mb8_ga4_a1.0_beta4.5_delta0_gamma0.25_e10/checkpoint-2/evals/TOFU_SUMMARY.json,saves/unlearn/tofu/forget01/Llama-2-7b-chat-hf/SimNPO/lr5e-5_b32_mb8_ga4_a1.0_beta4.5_delta0_gamma0.25_e10/checkpoint-2/evals/TOFU_EVAL.json
forget01,SimNPO,lr5e-5_b32_mb8_ga4_a1.0_beta4.5_delta0_gamma0.25_e10,5e-5,32,8,4,10,1.0,4.5,0,0.25,checkpoint-4,4,0.003018184077228396,0.5509005839872545,0.835172800719738,0.14906197871101387,0.5473441647893281,0.5877019218947261,0.461196126952662,0.4880170547210439,0.061801378349107,saves/unlearn/tofu/forget01/Llama-2-7b-chat-hf/SimNPO/lr5e-5_b32_mb8_ga4_a1.0_beta4.5_delta0_gamma0.25_e10/checkpoint-4/evals/TOFU_SUMMARY.json,saves/unlearn/tofu/forget01/Llama-2-7b-chat-hf/SimNPO/lr5e-5_b32_mb8_ga4_a1.0_beta4.5_delta0_gamma0.25_e10/checkpoint-4/evals/TOFU_EVAL.json
forget01,SimNPO,lr5e-5_b32_mb8_ga4_a1.0_beta4.5_delta0_gamma0.25_e10,5e-5,32,8,4,10,1.0,4.5,0,0.25,checkpoint-6,6,0.01430154804770646,0.5529494880884264,0.8315390422940254,0.13875618823050845,0.5728634241551188,0.5892199949184194,0.4504985087851918,0.4757473580685683,0.08210342087386588,saves/unlearn/tofu/forget01/Llama-2-7b-chat-hf/SimNPO/lr5e-5_b32_mb8_ga4_a1.0_beta4.5_delta0_gamma0.25_e10/checkpoint-6/evals/TOFU_SUMMARY.json,saves/unlearn/tofu/forget01/Llama-2-7b-chat-hf/SimNPO/lr5e-5_b32_mb8_ga4_a1.0_beta4.5_delta0_gamma0.25_e10/checkpoint-6/evals/TOFU_EVAL.json
forget01,SimNPO,lr5e-5_b32_mb8_ga4_a1.0_beta4.5_delta0_gamma0.25_e10,5e-5,32,8,4,10,1.0,4.5,0,0.25,checkpoint-8,8,0.054141077480362725,0.5475105654113259,0.8261851221323013,0.15099338407321158,0.5842921668028918,0.5574400403579648,0.44637444343772215,0.4697504635165824,0.11306238978893214,saves/unlearn/tofu/forget01/Llama-2-7b-chat-hf/SimNPO/lr5e-5_b32_mb8_ga4_a1.0_beta4.5_delta0_gamma0.25_e10/checkpoint-8/evals/TOFU_SUMMARY.json,saves/unlearn/tofu/forget01/Llama-2-7b-chat-hf/SimNPO/lr5e-5_b32_mb8_ga4_a1.0_beta4.5_delta0_gamma0.25_e10/checkpoint-8/evals/TOFU_EVAL.json
forget01,SimNPO,lr5e-5_b32_mb8_ga4_a1.0_beta4.5_delta0_gamma0.25_e10,5e-5,32,8,4,10,1.0,4.5,0,0.25,checkpoint-10,10,0.054141077480362725,0.545795709127064,0.8263022378087044,0.15099338407321158,0.5851405631739203,0.5497920072438282,0.4460387683310534,0.46898164323349,0.11128897566646868,saves/unlearn/tofu/forget01/Llama-2-7b-chat-hf/SimNPO/lr5e-5_b32_mb8_ga4_a1.0_beta4.5_delta0_gamma0.25_e10/checkpoint-10/evals/TOFU_SUMMARY.json,saves/unlearn/tofu/forget01/Llama-2-7b-chat-hf/SimNPO/lr5e-5_b32_mb8_ga4_a1.0_beta4.5_delta0_gamma0.25_e10/checkpoint-10/evals/TOFU_EVAL.json
forget01,SimNPO,lr5e-5_b32_mb8_ga4_a1.0_beta4.5_delta1_gamma0.125_e10,5e-5,32,8,4,10,1.0,4.5,1,0.125,checkpoint-2,2,0.00018791118070078278,0.5411417975729133,0.8599533841013909,0.19320014138084188,0.4859724589543354,0.5509498362320919,0.47747606873215254,0.5345577769601826,0.0147529460124977,saves/unlearn/tofu/forget01/Llama-2-7b-chat-hf/SimNPO/lr5e-5_b32_mb8_ga4_a1.0_beta4.5_delta1_gamma0.125_e10/checkpoint-2/evals/TOFU_SUMMARY.json,saves/unlearn/tofu/forget01/Llama-2-7b-chat-hf/SimNPO/lr5e-5_b32_mb8_ga4_a1.0_beta4.5_delta1_gamma0.125_e10/checkpoint-2/evals/TOFU_EVAL.json
forget01,SimNPO,lr5e-5_b32_mb8_ga4_a1.0_beta4.5_delta1_gamma0.125_e10,5e-5,32,8,4,10,1.0,4.5,1,0.125,checkpoint-4,4,0.02860307028023343,0.5431666115208137,0.7922234684228897,0.12205138246709626,0.56185125787458,0.5713118559570942,0.46330355113718097,0.48201161895559475,0.11463225635605416,saves/unlearn/tofu/forget01/Llama-2-7b-chat-hf/SimNPO/lr5e-5_b32_mb8_ga4_a1.0_beta4.5_delta1_gamma0.125_e10/checkpoint-4/evals/TOFU_SUMMARY.json,saves/unlearn/tofu/forget01/Llama-2-7b-chat-hf/SimNPO/lr5e-5_b32_mb8_ga4_a1.0_beta4.5_delta1_gamma0.125_e10/checkpoint-4/evals/TOFU_EVAL.json
forget01,SimNPO,lr5e-5_b32_mb8_ga4_a1.0_beta4.5_delta1_gamma0.125_e10,5e-5,32,8,4,10,1.0,4.5,1,0.125,checkpoint-6,6,0.054141077480362725,0.5418285120105574,0.7729343742132186,0.1191198148464665,0.5927776203232507,0.5579184877825437,0.45039227950717586,0.4583796048364666,0.14994249496107748,saves/unlearn/tofu/forget01/Llama-2-7b-chat-hf/SimNPO/lr5e-5_b32_mb8_ga4_a1.0_beta4.5_delta1_gamma0.125_e10/checkpoint-6/evals/TOFU_SUMMARY.json,saves/unlearn/tofu/forget01/Llama-2-7b-chat-hf/SimNPO/lr5e-5_b32_mb8_ga4_a1.0_beta4.5_delta1_gamma0.125_e10/checkpoint-6/evals/TOFU_EVAL.json
forget01,SimNPO,lr5e-5_b32_mb8_ga4_a1.0_beta4.5_delta1_gamma0.125_e10,5e-5,32,8,4,10,1.0,4.5,1,0.125,checkpoint-8,8,0.09707484379785862,0.5300651097798352,0.7714325621724129,0.11773092595757761,0.6102328545644978,0.5091917003506472,0.44616743626750804,0.4507968770272213,0.18255820951269858,saves/unlearn/tofu/forget01/Llama-2-7b-chat-hf/SimNPO/lr5e-5_b32_mb8_ga4_a1.0_beta4.5_delta1_gamma0.125_e10/checkpoint-8/evals/TOFU_SUMMARY.json,saves/unlearn/tofu/forget01/Llama-2-7b-chat-hf/SimNPO/lr5e-5_b32_mb8_ga4_a1.0_beta4.5_delta1_gamma0.125_e10/checkpoint-8/evals/TOFU_EVAL.json
forget01,SimNPO,lr5e-5_b32_mb8_ga4_a1.0_beta4.5_delta1_gamma0.125_e10,5e-5,32,8,4,10,1.0,4.5,1,0.125,checkpoint-10,10,0.16497269950224194,0.5276178050367273,0.7722631245851517,0.12353449738614905,0.6136446215075304,0.5031020318492173,0.44556901407019445,0.44888818386400225,0.24469169355331882,saves/unlearn/tofu/forget01/Llama-2-7b-chat-hf/SimNPO/lr5e-5_b32_mb8_ga4_a1.0_beta4.5_delta1_gamma0.125_e10/checkpoint-10/evals/TOFU_SUMMARY.json,saves/unlearn/tofu/forget01/Llama-2-7b-chat-hf/SimNPO/lr5e-5_b32_mb8_ga4_a1.0_beta4.5_delta1_gamma0.125_e10/checkpoint-10/evals/TOFU_EVAL.json
forget01,SimNPO,lr5e-5_b32_mb8_ga4_a1.0_beta4.5_delta1_gamma0.25_e10,5e-5,32,8,4,10,1.0,4.5,1,0.25,checkpoint-2,2,0.006760732303569208,0.5468959719100196,0.8193736910820008,0.15137337800504908,0.5216545903668555,0.5522780828911044,0.4736257942657168,0.5383996577162228,0.0682831696700639,saves/unlearn/tofu/forget01/Llama-2-7b-chat-hf/SimNPO/lr5e-5_b32_mb8_ga4_a1.0_beta4.5_delta1_gamma0.25_e10/checkpoint-2/evals/TOFU_SUMMARY.json,saves/unlearn/tofu/forget01/Llama-2-7b-chat-hf/SimNPO/lr5e-5_b32_mb8_ga4_a1.0_beta4.5_delta1_gamma0.25_e10/checkpoint-2/evals/TOFU_EVAL.json
forget01,SimNPO,lr5e-5_b32_mb8_ga4_a1.0_beta4.5_delta1_gamma0.25_e10,5e-5,32,8,4,10,1.0,4.5,1,0.25,checkpoint-4,4,0.16497269950224194,0.5345410597087886,0.7256401658058167,0.1066441611352742,0.6215843479804409,0.5418657163398015,0.4540646509228553,0.49526997623919883,0.2833715957404851,saves/unlearn/tofu/forget01/Llama-2-7b-chat-hf/SimNPO/lr5e-5_b32_mb8_ga4_a1.0_beta4.5_delta1_gamma0.25_e10/checkpoint-4/evals/TOFU_SUMMARY.json,saves/unlearn/tofu/forget01/Llama-2-7b-chat-hf/SimNPO/lr5e-5_b32_mb8_ga4_a1.0_beta4.5_delta1_gamma0.25_e10/checkpoint-4/evals/TOFU_EVAL.json
forget01,SimNPO,lr5e-5_b32_mb8_ga4_a1.0_beta4.5_delta1_gamma0.25_e10,5e-5,32,8,4,10,1.0,4.5,1,0.25,checkpoint-6,6,0.16497269950224194,0.5489697040443311,0.7202489599585533,0.08709794209852242,0.6368639906730469,0.5584097186851285,0.44424333994790904,0.4858156006737733,0.31026895251803516,saves/unlearn/tofu/forget01/Llama-2-7b-chat-hf/SimNPO/lr5e-5_b32_mb8_ga4_a1.0_beta4.5_delta1_gamma0.25_e10/checkpoint-6/evals/TOFU_SUMMARY.json,saves/unlearn/tofu/forget01/Llama-2-7b-chat-hf/SimNPO/lr5e-5_b32_mb8_ga4_a1.0_beta4.5_delta1_gamma0.25_e10/checkpoint-6/evals/TOFU_EVAL.json
forget01,SimNPO,lr5e-5_b32_mb8_ga4_a1.0_beta4.5_delta1_gamma0.25_e10,5e-5,32,8,4,10,1.0,4.5,1,0.25,checkpoint-8,8,0.2656871402817289,0.5477069284431306,0.7287609443068505,0.06743563273033071,0.6541844383902887,0.5444671856194256,0.43854714392676586,0.4839057102079111,0.41529578020626895,saves/unlearn/tofu/forget01/Llama-2-7b-chat-hf/SimNPO/lr5e-5_b32_mb8_ga4_a1.0_beta4.5_delta1_gamma0.25_e10/checkpoint-8/evals/TOFU_SUMMARY.json,saves/unlearn/tofu/forget01/Llama-2-7b-chat-hf/SimNPO/lr5e-5_b32_mb8_ga4_a1.0_beta4.5_delta1_gamma0.25_e10/checkpoint-8/evals/TOFU_EVAL.json
forget01,SimNPO,lr5e-5_b32_mb8_ga4_a1.0_beta4.5_delta1_gamma0.25_e10,5e-5,32,8,4,10,1.0,4.5,1,0.25,checkpoint-10,10,0.2656871402817289,0.5462138152356555,0.7330558776855469,0.06743563273033071,0.658017899999116,0.5365281145156812,0.4379759501904321,0.4819147599159946,0.4116552003094456,saves/unlearn/tofu/forget01/Llama-2-7b-chat-hf/SimNPO/lr5e-5_b32_mb8_ga4_a1.0_beta4.5_delta1_gamma0.25_e10/checkpoint-10/evals/TOFU_SUMMARY.json,saves/unlearn/tofu/forget01/Llama-2-7b-chat-hf/SimNPO/lr5e-5_b32_mb8_ga4_a1.0_beta4.5_delta1_gamma0.25_e10/checkpoint-10/evals/TOFU_EVAL.json
forget01,SimNPO,lr6e-5_b16_mb8_ga2_a1.0_beta3.5_delta0_gamma0.125_e10,6e-5,16,8,2,10,1.0,3.5,0,0.125,checkpoint-3,3,0.003018184077228396,0.5343647186501569,0.8571467116475106,0.21307587085948104,0.49179102338153163,0.5746909998900465,0.4683676105466075,0.5781459361312095,0.0022716114738895177,saves/unlearn/tofu/forget01/Llama-2-7b-chat-hf/SimNPO/lr6e-5_b16_mb8_ga2_a1.0_beta3.5_delta0_gamma0.125_e10/checkpoint-3/evals/TOFU_SUMMARY.json,saves/unlearn/tofu/forget01/Llama-2-7b-chat-hf/SimNPO/lr6e-5_b16_mb8_ga2_a1.0_beta3.5_delta0_gamma0.125_e10/checkpoint-3/evals/TOFU_EVAL.json
forget01,SimNPO,lr6e-5_b16_mb8_ga2_a1.0_beta3.5_delta0_gamma0.125_e10,6e-5,16,8,2,10,1.0,3.5,0,0.125,checkpoint-6,6,0.054141077480362725,0.5680645031181543,0.8382212713360786,0.15405102865510112,0.6144665663334331,0.6045227820876513,0.4231763370463327,0.5415586428411864,0.12606943060292708,saves/unlearn/tofu/forget01/Llama-2-7b-chat-hf/SimNPO/lr6e-5_b16_mb8_ga2_a1.0_beta3.5_delta0_gamma0.125_e10/checkpoint-6/evals/TOFU_SUMMARY.json,saves/unlearn/tofu/forget01/Llama-2-7b-chat-hf/SimNPO/lr6e-5_b16_mb8_ga2_a1.0_beta3.5_delta0_gamma0.125_e10/checkpoint-6/evals/TOFU_EVAL.json
forget01,SimNPO,lr6e-5_b16_mb8_ga2_a1.0_beta3.5_delta0_gamma0.125_e10,6e-5,16,8,2,10,1.0,3.5,0,0.125,checkpoint-9,9,0.16497269950224194,0.5591110167581907,0.8259699940681458,0.12900606120123848,0.6480942711561678,0.6162937519916132,0.3987447336678504,0.5431117475825807,0.24659568862574055,saves/unlearn/tofu/forget01/Llama-2-7b-chat-hf/SimNPO/lr6e-5_b16_mb8_ga2_a1.0_beta3.5_delta0_gamma0.125_e10/checkpoint-9/evals/TOFU_SUMMARY.json,saves/unlearn/tofu/forget01/Llama-2-7b-chat-hf/SimNPO/lr6e-5_b16_mb8_ga2_a1.0_beta3.5_delta0_gamma0.125_e10/checkpoint-9/evals/TOFU_EVAL.json
forget01,SimNPO,lr6e-5_b16_mb8_ga2_a1.0_beta3.5_delta0_gamma0.125_e10,6e-5,16,8,2,10,1.0,3.5,0,0.125,checkpoint-12,12,0.16497269950224194,0.5609738918343602,0.8127635940909386,0.12937385771008594,0.6548667609578877,0.6146453139016311,0.3975798350830202,0.5442761896547631,0.25487786543608987,saves/unlearn/tofu/forget01/Llama-2-7b-chat-hf/SimNPO/lr6e-5_b16_mb8_ga2_a1.0_beta3.5_delta0_gamma0.125_e10/checkpoint-12/evals/TOFU_SUMMARY.json,saves/unlearn/tofu/forget01/Llama-2-7b-chat-hf/SimNPO/lr6e-5_b16_mb8_ga2_a1.0_beta3.5_delta0_gamma0.125_e10/checkpoint-12/evals/TOFU_EVAL.json
forget01,SimNPO,lr6e-5_b16_mb8_ga2_a1.0_beta3.5_delta0_gamma0.125_e10,6e-5,16,8,2,10,1.0,3.5,0,0.125,checkpoint-15,15,0.09707484379785862,0.5592385554811947,0.8072578713297844,0.12482441117708676,0.6506221271705701,0.6015891432154902,0.4010583320684009,0.5355210173293614,0.1902722580256177,saves/unlearn/tofu/forget01/Llama-2-7b-chat-hf/SimNPO/lr6e-5_b16_mb8_ga2_a1.0_beta3.5_delta0_gamma0.125_e10/checkpoint-15/evals/TOFU_SUMMARY.json,saves/unlearn/tofu/forget01/Llama-2-7b-chat-hf/SimNPO/lr6e-5_b16_mb8_ga2_a1.0_beta3.5_delta0_gamma0.125_e10/checkpoint-15/evals/TOFU_EVAL.json
forget01,SimNPO,lr6e-5_b16_mb8_ga2_a1.0_beta3.5_delta0_gamma0.125_e10,6e-5,16,8,2,10,1.0,3.5,0,0.125,checkpoint-18,18,0.16497269950224194,0.560431863401567,0.8089677169919014,0.12647882294179263,0.6484985513114577,0.5966797623133846,0.40229351053017237,0.5333414992188449,0.25768129293696196,saves/unlearn/tofu/forget01/Llama-2-7b-chat-hf/SimNPO/lr6e-5_b16_mb8_ga2_a1.0_beta3.5_delta0_gamma0.125_e10/checkpoint-18/evals/TOFU_SUMMARY.json,saves/unlearn/tofu/forget01/Llama-2-7b-chat-hf/SimNPO/lr6e-5_b16_mb8_ga2_a1.0_beta3.5_delta0_gamma0.125_e10/checkpoint-18/evals/TOFU_EVAL.json
forget01,SimNPO,lr6e-5_b16_mb8_ga2_a1.0_beta3.5_delta0_gamma0.125_e10,6e-5,16,8,2,10,1.0,3.5,0,0.125,checkpoint-20,20,0.16497269950224194,0.5607350727584667,0.8083692640066147,0.12647882294179263,0.6475732406844678,0.5981797393295686,0.4023527469002433,0.5339676677975411,0.25828372878650496,saves/unlearn/tofu/forget01/Llama-2-7b-chat-hf/SimNPO/lr6e-5_b16_mb8_ga2_a1.0_beta3.5_delta0_gamma0.125_e10/checkpoint-20/evals/TOFU_SUMMARY.json,saves/unlearn/tofu/forget01/Llama-2-7b-chat-hf/SimNPO/lr6e-5_b16_mb8_ga2_a1.0_beta3.5_delta0_gamma0.125_e10/checkpoint-20/evals/TOFU_EVAL.json
forget01,SimNPO,lr6e-5_b16_mb8_ga2_a1.0_beta3.5_delta0_gamma0.25_e10,6e-5,16,8,2,10,1.0,3.5,0,0.25,checkpoint-3,3,0.003018184077228396,0.5303337386437367,0.8099792242050171,0.14675344525803483,0.5178131864247663,0.5611391155486896,0.46438341208269934,0.5777113717199807,0.05498558798943913,saves/unlearn/tofu/forget01/Llama-2-7b-chat-hf/SimNPO/lr6e-5_b16_mb8_ga2_a1.0_beta3.5_delta0_gamma0.25_e10/checkpoint-3/evals/TOFU_SUMMARY.json,saves/unlearn/tofu/forget01/Llama-2-7b-chat-hf/SimNPO/lr6e-5_b16_mb8_ga2_a1.0_beta3.5_delta0_gamma0.25_e10/checkpoint-3/evals/TOFU_EVAL.json
forget01,SimNPO,lr6e-5_b16_mb8_ga2_a1.0_beta3.5_delta0_gamma0.25_e10,6e-5,16,8,2,10,1.0,3.5,0,0.25,checkpoint-6,6,0.09707484379785862,0.5614029065220753,0.7848140746355057,0.13584548672858868,0.6435558872168622,0.6011380269302963,0.4226681339734542,0.5376931441971233,0.19814796963788667,saves/unlearn/tofu/forget01/Llama-2-7b-chat-hf/SimNPO/lr6e-5_b16_mb8_ga2_a1.0_beta3.5_delta0_gamma0.25_e10/checkpoint-6/evals/TOFU_SUMMARY.json,saves/unlearn/tofu/forget01/Llama-2-7b-chat-hf/SimNPO/lr6e-5_b16_mb8_ga2_a1.0_beta3.5_delta0_gamma0.25_e10/checkpoint-6/evals/TOFU_EVAL.json
forget01,SimNPO,lr6e-5_b16_mb8_ga2_a1.0_beta3.5_delta0_gamma0.25_e10,6e-5,16,8,2,10,1.0,3.5,0,0.25,checkpoint-9,9,0.2656871402817289,0.5568794265400957,0.7775278896093368,0.11798458389686643,0.6903483974264243,0.6110048404337148,0.3982288486468037,0.5416838054655615,0.374810330068723,saves/unlearn/tofu/forget01/Llama-2-7b-chat-hf/SimNPO/lr6e-5_b16_mb8_ga2_a1.0_beta3.5_delta0_gamma0.25_e10/checkpoint-9/evals/TOFU_SUMMARY.json,saves/unlearn/tofu/forget01/Llama-2-7b-chat-hf/SimNPO/lr6e-5_b16_mb8_ga2_a1.0_beta3.5_delta0_gamma0.25_e10/checkpoint-9/evals/TOFU_EVAL.json
forget01,SimNPO,lr6e-5_b16_mb8_ga2_a1.0_beta3.5_delta0_gamma0.25_e10,6e-5,16,8,2,10,1.0,3.5,0,0.25,checkpoint-12,12,0.2656871402817289,0.5609051782458461,0.7722553104162216,0.11865140158671514,0.7027832122253586,0.6171010802717525,0.397267960818959,0.5476340563264407,0.3811389625261066,saves/unlearn/tofu/forget01/Llama-2-7b-chat-hf/SimNPO/lr6e-5_b16_mb8_ga2_a1.0_beta3.5_delta0_gamma0.25_e10/checkpoint-12/evals/TOFU_SUMMARY.json,saves/unlearn/tofu/forget01/Llama-2-7b-chat-hf/SimNPO/lr6e-5_b16_mb8_ga2_a1.0_beta3.5_delta0_gamma0.25_e10/checkpoint-12/evals/TOFU_EVAL.json
forget01,SimNPO,lr6e-5_b16_mb8_ga2_a1.0_beta3.5_delta0_gamma0.25_e10,6e-5,16,8,2,10,1.0,3.5,0,0.25,checkpoint-15,15,0.2656871402817289,0.562379173267992,0.767300222814083,0.11638332330277001,0.7051611386736008,0.6079781785508043,0.40083163200801747,0.5438349356107702,0.3862245404912944,saves/unlearn/tofu/forget01/Llama-2-7b-chat-hf/SimNPO/lr6e-5_b16_mb8_ga2_a1.0_beta3.5_delta0_gamma0.25_e10/checkpoint-15/evals/TOFU_SUMMARY.json,saves/unlearn/tofu/forget01/Llama-2-7b-chat-hf/SimNPO/lr6e-5_b16_mb8_ga2_a1.0_beta3.5_delta0_gamma0.25_e10/checkpoint-15/evals/TOFU_EVAL.json
forget01,SimNPO,lr6e-5_b16_mb8_ga2_a1.0_beta3.5_delta0_gamma0.25_e10,6e-5,16,8,2,10,1.0,3.5,0,0.25,checkpoint-18,18,0.404587405685253,0.5627019154737011,0.7656313180923462,0.11638332330277001,0.7011653153378928,0.6047941297334714,0.40203204622472183,0.542807319913979,0.526282000461396,saves/unlearn/tofu/forget01/Llama-2-7b-chat-hf/SimNPO/lr6e-5_b16_mb8_ga2_a1.0_beta3.5_delta0_gamma0.25_e10/checkpoint-18/evals/TOFU_SUMMARY.json,saves/unlearn/tofu/forget01/Llama-2-7b-chat-hf/SimNPO/lr6e-5_b16_mb8_ga2_a1.0_beta3.5_delta0_gamma0.25_e10/checkpoint-18/evals/TOFU_EVAL.json
forget01,SimNPO,lr6e-5_b16_mb8_ga2_a1.0_beta3.5_delta0_gamma0.25_e10,6e-5,16,8,2,10,1.0,3.5,0,0.25,checkpoint-20,20,0.404587405685253,0.5624099746661744,0.7685184895992279,0.11638332330277001,0.7012171426170176,0.6044162498670516,0.4018116539393249,0.5419425696079249,0.5245464739004284,saves/unlearn/tofu/forget01/Llama-2-7b-chat-hf/SimNPO/lr6e-5_b16_mb8_ga2_a1.0_beta3.5_delta0_gamma0.25_e10/checkpoint-20/evals/TOFU_SUMMARY.json,saves/unlearn/tofu/forget01/Llama-2-7b-chat-hf/SimNPO/lr6e-5_b16_mb8_ga2_a1.0_beta3.5_delta0_gamma0.25_e10/checkpoint-20/evals/TOFU_EVAL.json
forget01,SimNPO,lr6e-5_b16_mb8_ga2_a1.0_beta3.5_delta1_gamma0.125_e10,6e-5,16,8,2,10,1.0,3.5,1,0.125,checkpoint-3,3,0.003018184077228396,0.5296608659692792,0.8121472001075745,0.16487303919490034,0.5128567104474006,0.5580956758514155,0.4654819336292637,0.5771297839481379,0.044168930395270214,saves/unlearn/tofu/forget01/Llama-2-7b-chat-hf/SimNPO/lr6e-5_b16_mb8_ga2_a1.0_beta3.5_delta1_gamma0.125_e10/checkpoint-3/evals/TOFU_SUMMARY.json,saves/unlearn/tofu/forget01/Llama-2-7b-chat-hf/SimNPO/lr6e-5_b16_mb8_ga2_a1.0_beta3.5_delta1_gamma0.125_e10/checkpoint-3/evals/TOFU_EVAL.json
forget01,SimNPO,lr6e-5_b16_mb8_ga2_a1.0_beta3.5_delta1_gamma0.125_e10,6e-5,16,8,2,10,1.0,3.5,1,0.125,checkpoint-6,6,0.2656871402817289,0.5575718202367647,0.7235021784901619,0.10436908246329243,0.6571091554603997,0.5972757656733264,0.426121772088905,0.5415959307333413,0.4093233300417664,saves/unlearn/tofu/forget01/Llama-2-7b-chat-hf/SimNPO/lr6e-5_b16_mb8_ga2_a1.0_beta3.5_delta1_gamma0.125_e10/checkpoint-6/evals/TOFU_SUMMARY.json,saves/unlearn/tofu/forget01/Llama-2-7b-chat-hf/SimNPO/lr6e-5_b16_mb8_ga2_a1.0_beta3.5_delta1_gamma0.125_e10/checkpoint-6/evals/TOFU_EVAL.json
forget01,SimNPO,lr6e-5_b16_mb8_ga2_a1.0_beta3.5_delta1_gamma0.125_e10,6e-5,16,8,2,10,1.0,3.5,1,0.125,checkpoint-9,9,0.5786001416508443,0.556211293095643,0.7003100603818894,0.0762055399996679,0.7137808790541122,0.6217026660191074,0.3991419492281147,0.5476720079697546,0.7465536345557087,saves/unlearn/tofu/forget01/Llama-2-7b-chat-hf/SimNPO/lr6e-5_b16_mb8_ga2_a1.0_beta3.5_delta1_gamma0.125_e10/checkpoint-9/evals/TOFU_SUMMARY.json,saves/unlearn/tofu/forget01/Llama-2-7b-chat-hf/SimNPO/lr6e-5_b16_mb8_ga2_a1.0_beta3.5_delta1_gamma0.125_e10/checkpoint-9/evals/TOFU_EVAL.json
forget01,SimNPO,lr6e-5_b16_mb8_ga2_a1.0_beta3.5_delta1_gamma0.125_e10,6e-5,16,8,2,10,1.0,3.5,1,0.125,checkpoint-12,12,0.7659314523482239,0.56154451560808,0.6845130145549774,0.07029348950753429,0.7043181764484323,0.6245962364807788,0.3970574031719578,0.5511199854189838,0.9500727159250482,saves/unlearn/tofu/forget01/Llama-2-7b-chat-hf/SimNPO/lr6e-5_b16_mb8_ga2_a1.0_beta3.5_delta1_gamma0.125_e10/checkpoint-12/evals/TOFU_SUMMARY.json,saves/unlearn/tofu/forget01/Llama-2-7b-chat-hf/SimNPO/lr6e-5_b16_mb8_ga2_a1.0_beta3.5_delta1_gamma0.125_e10/checkpoint-12/evals/TOFU_EVAL.json
forget01,SimNPO,lr6e-5_b16_mb8_ga2_a1.0_beta3.5_delta1_gamma0.125_e10,6e-5,16,8,2,10,1.0,3.5,1,0.125,checkpoint-15,15,0.7659314523482239,0.5608767150344652,0.680386683344841,0.07181014115221424,0.6981021346554444,0.6135968486064444,0.39979499517619105,0.5479597026138435,0.9507097551341616,saves/unlearn/tofu/forget01/Llama-2-7b-chat-hf/SimNPO/lr6e-5_b16_mb8_ga2_a1.0_beta3.5_delta1_gamma0.125_e10/checkpoint-15/evals/TOFU_SUMMARY.json,saves/unlearn/tofu/forget01/Llama-2-7b-chat-hf/SimNPO/lr6e-5_b16_mb8_ga2_a1.0_beta3.5_delta1_gamma0.125_e10/checkpoint-15/evals/TOFU_EVAL.json
forget01,SimNPO,lr6e-5_b16_mb8_ga2_a1.0_beta3.5_delta1_gamma0.125_e10,6e-5,16,8,2,10,1.0,3.5,1,0.125,checkpoint-18,18,0.5786001416508443,0.5599781547207019,0.6786313742399216,0.0723003372306456,0.696819616842441,0.6066343446926395,0.40119585906355654,0.5463626970126815,0.7631124406362627,saves/unlearn/tofu/forget01/Llama-2-7b-chat-hf/SimNPO/lr6e-5_b16_mb8_ga2_a1.0_beta3.5_delta1_gamma0.125_e10/checkpoint-18/evals/TOFU_SUMMARY.json,saves/unlearn/tofu/forget01/Llama-2-7b-chat-hf/SimNPO/lr6e-5_b16_mb8_ga2_a1.0_beta3.5_delta1_gamma0.125_e10/checkpoint-18/evals/TOFU_EVAL.json
forget01,SimNPO,lr6e-5_b16_mb8_ga2_a1.0_beta3.5_delta1_gamma0.125_e10,6e-5,16,8,2,10,1.0,3.5,1,0.125,checkpoint-20,20,0.7659314523482239,0.5601771420435476,0.6766367852687836,0.0674222884501578,0.6976465572452318,0.6057544729950921,0.40120402278573253,0.5463896943266056,0.9540790575323007,saves/unlearn/tofu/forget01/Llama-2-7b-chat-hf/SimNPO/lr6e-5_b16_mb8_ga2_a1.0_beta3.5_delta1_gamma0.125_e10/checkpoint-20/evals/TOFU_SUMMARY.json,saves/unlearn/tofu/forget01/Llama-2-7b-chat-hf/SimNPO/lr6e-5_b16_mb8_ga2_a1.0_beta3.5_delta1_gamma0.125_e10/checkpoint-20/evals/TOFU_EVAL.json
forget01,SimNPO,lr6e-5_b16_mb8_ga2_a1.0_beta3.5_delta1_gamma0.25_e10,6e-5,16,8,2,10,1.0,3.5,1,0.25,checkpoint-3,3,0.02860307028023343,0.5257855926699344,0.7409099355340004,0.11983652460074215,0.5791237282014025,0.5502081308676394,0.45788412552174185,0.5790747029151979,0.12401543288279658,saves/unlearn/tofu/forget01/Llama-2-7b-chat-hf/SimNPO/lr6e-5_b16_mb8_ga2_a1.0_beta3.5_delta1_gamma0.25_e10/checkpoint-3/evals/TOFU_SUMMARY.json,saves/unlearn/tofu/forget01/Llama-2-7b-chat-hf/SimNPO/lr6e-5_b16_mb8_ga2_a1.0_beta3.5_delta1_gamma0.25_e10/checkpoint-3/evals/TOFU_EVAL.json
forget01,SimNPO,lr6e-5_b16_mb8_ga2_a1.0_beta3.5_delta1_gamma0.25_e10,6e-5,16,8,2,10,1.0,3.5,1,0.25,checkpoint-6,6,0.7659314523482239,0.5494304220942126,0.689809276163578,0.0736618614584749,0.6820243382629957,0.5809806340750342,0.42119346271517066,0.5402743210018683,0.9336263056314099,saves/unlearn/tofu/forget01/Llama-2-7b-chat-hf/SimNPO/lr6e-5_b16_mb8_ga2_a1.0_beta3.5_delta1_gamma0.25_e10/checkpoint-6/evals/TOFU_SUMMARY.json,saves/unlearn/tofu/forget01/Llama-2-7b-chat-hf/SimNPO/lr6e-5_b16_mb8_ga2_a1.0_beta3.5_delta1_gamma0.25_e10/checkpoint-6/evals/TOFU_EVAL.json
forget01,SimNPO,lr6e-5_b16_mb8_ga2_a1.0_beta3.5_delta1_gamma0.25_e10,6e-5,16,8,2,10,1.0,3.5,1,0.25,checkpoint-9,9,0.9188052214121167,0.5518785205421706,0.6881804585456848,0.0682450500999113,0.7229340719909831,0.5919472434460818,0.3980373282980622,0.5431161722136056,1.0924709876314893,saves/unlearn/tofu/forget01/Llama-2-7b-chat-hf/SimNPO/lr6e-5_b16_mb8_ga2_a1.0_beta3.5_delta1_gamma0.25_e10/checkpoint-9/evals/TOFU_SUMMARY.json,saves/unlearn/tofu/forget01/Llama-2-7b-chat-hf/SimNPO/lr6e-5_b16_mb8_ga2_a1.0_beta3.5_delta1_gamma0.25_e10/checkpoint-9/evals/TOFU_EVAL.json
forget01,SimNPO,lr6e-5_b16_mb8_ga2_a1.0_beta3.5_delta1_gamma0.25_e10,6e-5,16,8,2,10,1.0,3.5,1,0.25,checkpoint-12,12,0.9188052214121167,0.5568078770131255,0.684582781791687,0.06641724689624999,0.7278586589278471,0.6048043832116482,0.39650117143831215,0.552132868296471,1.1001130840812736,saves/unlearn/tofu/forget01/Llama-2-7b-chat-hf/SimNPO/lr6e-5_b16_mb8_ga2_a1.0_beta3.5_delta1_gamma0.25_e10/checkpoint-12/evals/TOFU_SUMMARY.json,saves/unlearn/tofu/forget01/Llama-2-7b-chat-hf/SimNPO/lr6e-5_b16_mb8_ga2_a1.0_beta3.5_delta1_gamma0.25_e10/checkpoint-12/evals/TOFU_EVAL.json
forget01,SimNPO,lr6e-5_b16_mb8_ga2_a1.0_beta3.5_delta1_gamma0.25_e10,6e-5,16,8,2,10,1.0,3.5,1,0.25,checkpoint-15,15,0.7659314523482239,0.5580113431745557,0.681904961168766,0.04812014544697463,0.7225260798788687,0.6023713898386396,0.39899077652321124,0.5507727195118107,0.9589302422149093,saves/unlearn/tofu/forget01/Llama-2-7b-chat-hf/SimNPO/lr6e-5_b16_mb8_ga2_a1.0_beta3.5_delta1_gamma0.25_e10/checkpoint-15/evals/TOFU_SUMMARY.json,saves/unlearn/tofu/forget01/Llama-2-7b-chat-hf/SimNPO/lr6e-5_b16_mb8_ga2_a1.0_beta3.5_delta1_gamma0.25_e10/checkpoint-15/evals/TOFU_EVAL.json
forget01,SimNPO,lr6e-5_b16_mb8_ga2_a1.0_beta3.5_delta1_gamma0.25_e10,6e-5,16,8,2,10,1.0,3.5,1,0.25,checkpoint-18,18,0.7659314523482239,0.5594150722301103,0.6805535435676575,0.05179582112265031,0.7164866100430334,0.6001018396907144,0.4004599512053772,0.5479835805431026,0.9591718422331803,saves/unlearn/tofu/forget01/Llama-2-7b-chat-hf/SimNPO/lr6e-5_b16_mb8_ga2_a1.0_beta3.5_delta1_gamma0.25_e10/checkpoint-18/evals/TOFU_SUMMARY.json,saves/unlearn/tofu/forget01/Llama-2-7b-chat-hf/SimNPO/lr6e-5_b16_mb8_ga2_a1.0_beta3.5_delta1_gamma0.25_e10/checkpoint-18/evals/TOFU_EVAL.json
forget01,SimNPO,lr6e-5_b16_mb8_ga2_a1.0_beta3.5_delta1_gamma0.25_e10,6e-5,16,8,2,10,1.0,3.5,1,0.25,checkpoint-20,20,0.7659314523482239,0.5604432623945638,0.682355672121048,0.05179582112265031,0.7168477676006189,0.6002694692329744,0.40066170812084734,0.548225422531938,0.9592989681209384,saves/unlearn/tofu/forget01/Llama-2-7b-chat-hf/SimNPO/lr6e-5_b16_mb8_ga2_a1.0_beta3.5_delta1_gamma0.25_e10/checkpoint-20/evals/TOFU_SUMMARY.json,saves/unlearn/tofu/forget01/Llama-2-7b-chat-hf/SimNPO/lr6e-5_b16_mb8_ga2_a1.0_beta3.5_delta1_gamma0.25_e10/checkpoint-20/evals/TOFU_EVAL.json
forget01,SimNPO,lr6e-5_b16_mb8_ga2_a1.0_beta4.5_delta0_gamma0.125_e10,6e-5,16,8,2,10,1.0,4.5,0,0.125,checkpoint-3,3,0.003018184077228396,0.5377222539849977,0.8654276624321937,0.22862253454444265,0.4909476856794557,0.5716503136082793,0.46964701575757795,0.578291763133392,-0.00628466042609202,saves/unlearn/tofu/forget01/Llama-2-7b-chat-hf/SimNPO/lr6e-5_b16_mb8_ga2_a1.0_beta4.5_delta0_gamma0.125_e10/checkpoint-3/evals/TOFU_SUMMARY.json,saves/unlearn/tofu/forget01/Llama-2-7b-chat-hf/SimNPO/lr6e-5_b16_mb8_ga2_a1.0_beta4.5_delta0_gamma0.125_e10/checkpoint-3/evals/TOFU_EVAL.json
forget01,SimNPO,lr6e-5_b16_mb8_ga2_a1.0_beta4.5_delta0_gamma0.125_e10,6e-5,16,8,2,10,1.0,4.5,0,0.125,checkpoint-6,6,0.09707484379785862,0.5666822464855635,0.8480685308575631,0.1569403729173962,0.6122310498310177,0.6036676028694259,0.4233671496486221,0.5419473789032642,0.16125263839594248,saves/unlearn/tofu/forget01/Llama-2-7b-chat-hf/SimNPO/lr6e-5_b16_mb8_ga2_a1.0_beta4.5_delta0_gamma0.125_e10/checkpoint-6/evals/TOFU_SUMMARY.json,saves/unlearn/tofu/forget01/Llama-2-7b-chat-hf/SimNPO/lr6e-5_b16_mb8_ga2_a1.0_beta4.5_delta0_gamma0.125_e10/checkpoint-6/evals/TOFU_EVAL.json
forget01,SimNPO,lr6e-5_b16_mb8_ga2_a1.0_beta4.5_delta0_gamma0.125_e10,6e-5,16,8,2,10,1.0,4.5,0,0.125,checkpoint-9,9,0.09707484379785862,0.5551316724139328,0.83300099670887,0.1313255255723528,0.6420220906465706,0.6020514245731708,0.40054638587142916,0.5402162287423838,0.17004325507118,saves/unlearn/tofu/forget01/Llama-2-7b-chat-hf/SimNPO/lr6e-5_b16_mb8_ga2_a1.0_beta4.5_delta0_gamma0.125_e10/checkpoint-9/evals/TOFU_SUMMARY.json,saves/unlearn/tofu/forget01/Llama-2-7b-chat-hf/SimNPO/lr6e-5_b16_mb8_ga2_a1.0_beta4.5_delta0_gamma0.125_e10/checkpoint-9/evals/TOFU_EVAL.json
forget01,SimNPO,lr6e-5_b16_mb8_ga2_a1.0_beta4.5_delta0_gamma0.125_e10,6e-5,16,8,2,10,1.0,4.5,0,0.125,checkpoint-12,12,0.09707484379785862,0.5566845821883324,0.8271468326449394,0.13696521435628192,0.648479766423409,0.605617640540592,0.39877005990818304,0.541221051356375,0.1717034024855803,saves/unlearn/tofu/forget01/Llama-2-7b-chat-hf/SimNPO/lr6e-5_b16_mb8_ga2_a1.0_beta4.5_delta0_gamma0.125_e10/checkpoint-12/evals/TOFU_SUMMARY.json,saves/unlearn/tofu/forget01/Llama-2-7b-chat-hf/SimNPO/lr6e-5_b16_mb8_ga2_a1.0_beta4.5_delta0_gamma0.125_e10/checkpoint-12/evals/TOFU_EVAL.json
forget01,SimNPO,lr6e-5_b16_mb8_ga2_a1.0_beta4.5_delta0_gamma0.125_e10,6e-5,16,8,2,10,1.0,4.5,0,0.125,checkpoint-15,15,0.16497269950224194,0.558108757523156,0.8243767231702804,0.13906000552478187,0.6430942581880241,0.5927528810936831,0.4018742725639761,0.5369232854268178,0.2413630926778668,saves/unlearn/tofu/forget01/Llama-2-7b-chat-hf/SimNPO/lr6e-5_b16_mb8_ga2_a1.0_beta4.5_delta0_gamma0.125_e10/checkpoint-15/evals/TOFU_SUMMARY.json,saves/unlearn/tofu/forget01/Llama-2-7b-chat-hf/SimNPO/lr6e-5_b16_mb8_ga2_a1.0_beta4.5_delta0_gamma0.125_e10/checkpoint-15/evals/TOFU_EVAL.json
forget01,SimNPO,lr6e-5_b16_mb8_ga2_a1.0_beta4.5_delta0_gamma0.125_e10,6e-5,16,8,2,10,1.0,4.5,0,0.125,checkpoint-18,18,0.16497269950224194,0.5575913731512995,0.8242806270718575,0.13906000552478187,0.6400517489090503,0.5876124221548905,0.40300303026704865,0.5346384444821609,0.24089375635522173,saves/unlearn/tofu/forget01/Llama-2-7b-chat-hf/SimNPO/lr6e-5_b16_mb8_ga2_a1.0_beta4.5_delta0_gamma0.125_e10/checkpoint-18/evals/TOFU_SUMMARY.json,saves/unlearn/tofu/forget01/Llama-2-7b-chat-hf/SimNPO/lr6e-5_b16_mb8_ga2_a1.0_beta4.5_delta0_gamma0.125_e10/checkpoint-18/evals/TOFU_EVAL.json
forget01,SimNPO,lr6e-5_b16_mb8_ga2_a1.0_beta4.5_delta0_gamma0.125_e10,6e-5,16,8,2,10,1.0,4.5,0,0.125,checkpoint-20,20,0.16497269950224194,0.5577777614070186,0.8264333263039589,0.13906000552478187,0.6408801585313058,0.5868374705096168,0.4029753002373296,0.534766915396719,0.24000379499489014,saves/unlearn/tofu/forget01/Llama-2-7b-chat-hf/SimNPO/lr6e-5_b16_mb8_ga2_a1.0_beta4.5_delta0_gamma0.125_e10/checkpoint-20/evals/TOFU_SUMMARY.json,saves/unlearn/tofu/forget01/Llama-2-7b-chat-hf/SimNPO/lr6e-5_b16_mb8_ga2_a1.0_beta4.5_delta0_gamma0.125_e10/checkpoint-20/evals/TOFU_EVAL.json
forget01,SimNPO,lr6e-5_b16_mb8_ga2_a1.0_beta4.5_delta0_gamma0.25_e10,6e-5,16,8,2,10,1.0,4.5,0,0.25,checkpoint-3,3,0.003018184077228396,0.5325247217027851,0.8133496657013893,0.1636423341469237,0.520344023140936,0.5603105469381233,0.4649040673178263,0.5762562147799822,0.047046905855856996,saves/unlearn/tofu/forget01/Llama-2-7b-chat-hf/SimNPO/lr6e-5_b16_mb8_ga2_a1.0_beta4.5_delta0_gamma0.25_e10/checkpoint-3/evals/TOFU_SUMMARY.json,saves/unlearn/tofu/forget01/Llama-2-7b-chat-hf/SimNPO/lr6e-5_b16_mb8_ga2_a1.0_beta4.5_delta0_gamma0.25_e10/checkpoint-3/evals/TOFU_EVAL.json
forget01,SimNPO,lr6e-5_b16_mb8_ga2_a1.0_beta4.5_delta0_gamma0.25_e10,6e-5,16,8,2,10,1.0,4.5,0,0.25,checkpoint-6,6,0.09707484379785862,0.560779851820479,0.7921412900090218,0.1378802089508109,0.64244787749039,0.5962889733581763,0.4236618599404782,0.5376868733954651,0.1928439461384212,saves/unlearn/tofu/forget01/Llama-2-7b-chat-hf/SimNPO/lr6e-5_b16_mb8_ga2_a1.0_beta4.5_delta0_gamma0.25_e10/checkpoint-6/evals/TOFU_SUMMARY.json,saves/unlearn/tofu/forget01/Llama-2-7b-chat-hf/SimNPO/lr6e-5_b16_mb8_ga2_a1.0_beta4.5_delta0_gamma0.25_e10/checkpoint-6/evals/TOFU_EVAL.json
forget01,SimNPO,lr6e-5_b16_mb8_ga2_a1.0_beta4.5_delta0_gamma0.25_e10,6e-5,16,8,2,10,1.0,4.5,0,0.25,checkpoint-9,9,0.2656871402817289,0.5521597325019505,0.7843464687466621,0.12168828760057013,0.6826241074361242,0.5978297884915897,0.39774332786778854,0.5342270781269816,0.36482949461006325,saves/unlearn/tofu/forget01/Llama-2-7b-chat-hf/SimNPO/lr6e-5_b16_mb8_ga2_a1.0_beta4.5_delta0_gamma0.25_e10/checkpoint-9/evals/TOFU_SUMMARY.json,saves/unlearn/tofu/forget01/Llama-2-7b-chat-hf/SimNPO/lr6e-5_b16_mb8_ga2_a1.0_beta4.5_delta0_gamma0.25_e10/checkpoint-9/evals/TOFU_EVAL.json
forget01,SimNPO,lr6e-5_b16_mb8_ga2_a1.0_beta4.5_delta0_gamma0.25_e10,6e-5,16,8,2,10,1.0,4.5,0,0.25,checkpoint-12,12,0.2656871402817289,0.5556530740997851,0.783211387693882,0.11739432097669338,0.6911512070943774,0.6008297118265659,0.3960294629775494,0.5365110404624995,0.3710373600462264,saves/unlearn/tofu/forget01/Llama-2-7b-chat-hf/SimNPO/lr6e-5_b16_mb8_ga2_a1.0_beta4.5_delta0_gamma0.25_e10/checkpoint-12/evals/TOFU_SUMMARY.json,saves/unlearn/tofu/forget01/Llama-2-7b-chat-hf/SimNPO/lr6e-5_b16_mb8_ga2_a1.0_beta4.5_delta0_gamma0.25_e10/checkpoint-12/evals/TOFU_EVAL.json
forget01,SimNPO,lr6e-5_b16_mb8_ga2_a1.0_beta4.5_delta0_gamma0.25_e10,6e-5,16,8,2,10,1.0,4.5,0,0.25,checkpoint-15,15,0.2656871402817289,0.5571042892554244,0.7832744300365448,0.11731211587242944,0.6901577732726473,0.5910225335079973,0.40001275570916944,0.5340446255118023,0.3724981565826662,saves/unlearn/tofu/forget01/Llama-2-7b-chat-hf/SimNPO/lr6e-5_b16_mb8_ga2_a1.0_beta4.5_delta0_gamma0.25_e10/checkpoint-15/evals/TOFU_SUMMARY.json,saves/unlearn/tofu/forget01/Llama-2-7b-chat-hf/SimNPO/lr6e-5_b16_mb8_ga2_a1.0_beta4.5_delta0_gamma0.25_e10/checkpoint-15/evals/TOFU_EVAL.json
forget01,SimNPO,lr6e-5_b16_mb8_ga2_a1.0_beta4.5_delta0_gamma0.25_e10,6e-5,16,8,2,10,1.0,4.5,0,0.25,checkpoint-18,18,0.2656871402817289,0.5571114364678057,0.782542833685875,0.12498300318672792,0.6891540208835233,0.5889831648876832,0.40099937068471947,0.5339101756465776,0.36903565831323315,saves/unlearn/tofu/forget01/Llama-2-7b-chat-hf/SimNPO/lr6e-5_b16_mb8_ga2_a1.0_beta4.5_delta0_gamma0.25_e10/checkpoint-18/evals/TOFU_SUMMARY.json,saves/unlearn/tofu/forget01/Llama-2-7b-chat-hf/SimNPO/lr6e-5_b16_mb8_ga2_a1.0_beta4.5_delta0_gamma0.25_e10/checkpoint-18/evals/TOFU_EVAL.json
forget01,SimNPO,lr6e-5_b16_mb8_ga2_a1.0_beta4.5_delta0_gamma0.25_e10,6e-5,16,8,2,10,1.0,4.5,0,0.25,checkpoint-20,20,0.2656871402817289,0.5568937423487097,0.7830697730183601,0.11960935487156663,0.6898151252623609,0.5877463178856628,0.4013847361534543,0.5338301113957469,0.3712413186854752,saves/unlearn/tofu/forget01/Llama-2-7b-chat-hf/SimNPO/lr6e-5_b16_mb8_ga2_a1.0_beta4.5_delta0_gamma0.25_e10/checkpoint-20/evals/TOFU_SUMMARY.json,saves/unlearn/tofu/forget01/Llama-2-7b-chat-hf/SimNPO/lr6e-5_b16_mb8_ga2_a1.0_beta4.5_delta0_gamma0.25_e10/checkpoint-20/evals/TOFU_EVAL.json
forget01,SimNPO,lr6e-5_b16_mb8_ga2_a1.0_beta4.5_delta1_gamma0.125_e10,6e-5,16,8,2,10,1.0,4.5,1,0.125,checkpoint-3,3,0.003018184077228396,0.5269978936602252,0.8108445554971695,0.16015213806849232,0.5177743758450569,0.555911970181509,0.4649209921858582,0.5759127889491321,0.04451773095462272,saves/unlearn/tofu/forget01/Llama-2-7b-chat-hf/SimNPO/lr6e-5_b16_mb8_ga2_a1.0_beta4.5_delta1_gamma0.125_e10/checkpoint-3/evals/TOFU_SUMMARY.json,saves/unlearn/tofu/forget01/Llama-2-7b-chat-hf/SimNPO/lr6e-5_b16_mb8_ga2_a1.0_beta4.5_delta1_gamma0.125_e10/checkpoint-3/evals/TOFU_EVAL.json
forget01,SimNPO,lr6e-5_b16_mb8_ga2_a1.0_beta4.5_delta1_gamma0.125_e10,6e-5,16,8,2,10,1.0,4.5,1,0.125,checkpoint-6,6,0.404587405685253,0.5563772533562946,0.7364137589931488,0.12093794932338271,0.6548042136233854,0.5977175433172554,0.4248537459330662,0.5373004432177316,0.5322888048832819,saves/unlearn/tofu/forget01/Llama-2-7b-chat-hf/SimNPO/lr6e-5_b16_mb8_ga2_a1.0_beta4.5_delta1_gamma0.125_e10/checkpoint-6/evals/TOFU_SUMMARY.json,saves/unlearn/tofu/forget01/Llama-2-7b-chat-hf/SimNPO/lr6e-5_b16_mb8_ga2_a1.0_beta4.5_delta1_gamma0.125_e10/checkpoint-6/evals/TOFU_EVAL.json
forget01,SimNPO,lr6e-5_b16_mb8_ga2_a1.0_beta4.5_delta1_gamma0.125_e10,6e-5,16,8,2,10,1.0,4.5,1,0.125,checkpoint-9,9,0.404587405685253,0.5548858665045252,0.7222629517316819,0.09839303999966789,0.7172975992689252,0.6212743436529753,0.3976044139529592,0.5464246213409394,0.5491452763241033,saves/unlearn/tofu/forget01/Llama-2-7b-chat-hf/SimNPO/lr6e-5_b16_mb8_ga2_a1.0_beta4.5_delta1_gamma0.125_e10/checkpoint-9/evals/TOFU_SUMMARY.json,saves/unlearn/tofu/forget01/Llama-2-7b-chat-hf/SimNPO/lr6e-5_b16_mb8_ga2_a1.0_beta4.5_delta1_gamma0.125_e10/checkpoint-9/evals/TOFU_EVAL.json
forget01,SimNPO,lr6e-5_b16_mb8_ga2_a1.0_beta4.5_delta1_gamma0.125_e10,6e-5,16,8,2,10,1.0,4.5,1,0.125,checkpoint-12,12,0.7659314523482239,0.5607408597971103,0.7091046676039696,0.07826363720880328,0.7165638626344439,0.6264612888399976,0.39533860114025615,0.5499767533927722,0.9329881597389479,saves/unlearn/tofu/forget01/Llama-2-7b-chat-hf/SimNPO/lr6e-5_b16_mb8_ga2_a1.0_beta4.5_delta1_gamma0.125_e10/checkpoint-12/evals/TOFU_SUMMARY.json,saves/unlearn/tofu/forget01/Llama-2-7b-chat-hf/SimNPO/lr6e-5_b16_mb8_ga2_a1.0_beta4.5_delta1_gamma0.125_e10/checkpoint-12/evals/TOFU_EVAL.json
forget01,SimNPO,lr6e-5_b16_mb8_ga2_a1.0_beta4.5_delta1_gamma0.125_e10,6e-5,16,8,2,10,1.0,4.5,1,0.125,checkpoint-15,15,0.5786001416508443,0.5589486120310261,0.7052235424518585,0.07214582544716164,0.7163629469082966,0.6133272476135572,0.39841055326782665,0.5474822753520364,0.7488640697323604,saves/unlearn/tofu/forget01/Llama-2-7b-chat-hf/SimNPO/lr6e-5_b16_mb8_ga2_a1.0_beta4.5_delta1_gamma0.125_e10/checkpoint-15/evals/TOFU_SUMMARY.json,saves/unlearn/tofu/forget01/Llama-2-7b-chat-hf/SimNPO/lr6e-5_b16_mb8_ga2_a1.0_beta4.5_delta1_gamma0.125_e10/checkpoint-15/evals/TOFU_EVAL.json
forget01,SimNPO,lr6e-5_b16_mb8_ga2_a1.0_beta4.5_delta1_gamma0.125_e10,6e-5,16,8,2,10,1.0,4.5,1,0.125,checkpoint-18,18,0.7659314523482239,0.5605515943387468,0.704579445719719,0.07259145824573561,0.7139845354007048,0.6080288968331672,0.3996638385356652,0.5457164814481017,0.9378975947042435,saves/unlearn/tofu/forget01/Llama-2-7b-chat-hf/SimNPO/lr6e-5_b16_mb8_ga2_a1.0_beta4.5_delta1_gamma0.125_e10/checkpoint-18/evals/TOFU_SUMMARY.json,saves/unlearn/tofu/forget01/Llama-2-7b-chat-hf/SimNPO/lr6e-5_b16_mb8_ga2_a1.0_beta4.5_delta1_gamma0.125_e10/checkpoint-18/evals/TOFU_EVAL.json
forget01,SimNPO,lr6e-5_b16_mb8_ga2_a1.0_beta4.5_delta1_gamma0.125_e10,6e-5,16,8,2,10,1.0,4.5,1,0.125,checkpoint-20,20,0.5786001416508443,0.5594909714664547,0.70709398239851,0.07259145824573561,0.713420547311922,0.6077012573119009,0.39975985425276933,0.5451527917060142,0.748248392795176,saves/unlearn/tofu/forget01/Llama-2-7b-chat-hf/SimNPO/lr6e-5_b16_mb8_ga2_a1.0_beta4.5_delta1_gamma0.125_e10/checkpoint-20/evals/TOFU_SUMMARY.json,saves/unlearn/tofu/forget01/Llama-2-7b-chat-hf/SimNPO/lr6e-5_b16_mb8_ga2_a1.0_beta4.5_delta1_gamma0.125_e10/checkpoint-20/evals/TOFU_EVAL.json
forget01,SimNPO,lr6e-5_b16_mb8_ga2_a1.0_beta4.5_delta1_gamma0.25_e10,6e-5,16,8,2,10,1.0,4.5,1,0.25,checkpoint-3,3,0.054141077480362725,0.5259661542108846,0.7344535008072853,0.11983652460074215,0.5785078810587663,0.538278997563726,0.4583436953229163,0.5734357406771718,0.1529622189872335,saves/unlearn/tofu/forget01/Llama-2-7b-chat-hf/SimNPO/lr6e-5_b16_mb8_ga2_a1.0_beta4.5_delta1_gamma0.25_e10/checkpoint-3/evals/TOFU_SUMMARY.json,saves/unlearn/tofu/forget01/Llama-2-7b-chat-hf/SimNPO/lr6e-5_b16_mb8_ga2_a1.0_beta4.5_delta1_gamma0.25_e10/checkpoint-3/evals/TOFU_EVAL.json
forget01,SimNPO,lr6e-5_b16_mb8_ga2_a1.0_beta4.5_delta1_gamma0.25_e10,6e-5,16,8,2,10,1.0,4.5,1,0.25,checkpoint-6,6,0.9188052214121167,0.5470562259377767,0.7038559272885323,0.0879089799004463,0.6804961909769729,0.5649811170778455,0.42261456758309235,0.5407982030362891,1.0699789937554043,saves/unlearn/tofu/forget01/Llama-2-7b-chat-hf/SimNPO/lr6e-5_b16_mb8_ga2_a1.0_beta4.5_delta1_gamma0.25_e10/checkpoint-6/evals/TOFU_SUMMARY.json,saves/unlearn/tofu/forget01/Llama-2-7b-chat-hf/SimNPO/lr6e-5_b16_mb8_ga2_a1.0_beta4.5_delta1_gamma0.25_e10/checkpoint-6/evals/TOFU_EVAL.json
forget01,SimNPO,lr6e-5_b16_mb8_ga2_a1.0_beta4.5_delta1_gamma0.25_e10,6e-5,16,8,2,10,1.0,4.5,1,0.25,checkpoint-9,9,0.9900193288833089,0.5489080565248813,0.6927676886320114,0.07024799505196144,0.719036005616902,0.5882307907962128,0.3986661022495883,0.5392371459056425,1.1574195435662038,saves/unlearn/tofu/forget01/Llama-2-7b-chat-hf/SimNPO/lr6e-5_b16_mb8_ga2_a1.0_beta4.5_delta1_gamma0.25_e10/checkpoint-9/evals/TOFU_SUMMARY.json,saves/unlearn/tofu/forget01/Llama-2-7b-chat-hf/SimNPO/lr6e-5_b16_mb8_ga2_a1.0_beta4.5_delta1_gamma0.25_e10/checkpoint-9/evals/TOFU_EVAL.json
forget01,SimNPO,lr6e-5_b16_mb8_ga2_a1.0_beta4.5_delta1_gamma0.25_e10,6e-5,16,8,2,10,1.0,4.5,1,0.25,checkpoint-12,12,0.9188052214121167,0.5543555325645716,0.6889583826065063,0.06596070272251642,0.7217446194464333,0.5985422800174117,0.39686879584014534,0.5503151089934182,1.0957012113121767,saves/unlearn/tofu/forget01/Llama-2-7b-chat-hf/SimNPO/lr6e-5_b16_mb8_ga2_a1.0_beta4.5_delta1_gamma0.25_e10/checkpoint-12/evals/TOFU_SUMMARY.json,saves/unlearn/tofu/forget01/Llama-2-7b-chat-hf/SimNPO/lr6e-5_b16_mb8_ga2_a1.0_beta4.5_delta1_gamma0.25_e10/checkpoint-12/evals/TOFU_EVAL.json
forget01,SimNPO,lr6e-5_b16_mb8_ga2_a1.0_beta4.5_delta1_gamma0.25_e10,6e-5,16,8,2,10,1.0,4.5,1,0.25,checkpoint-15,15,0.9188052214121167,0.5556336629241555,0.6888876482844353,0.06601230230971973,0.7190072650004966,0.5935311384284079,0.3999243525171782,0.5478007219503427,1.0969889090391949,saves/unlearn/tofu/forget01/Llama-2-7b-chat-hf/SimNPO/lr6e-5_b16_mb8_ga2_a1.0_beta4.5_delta1_gamma0.25_e10/checkpoint-15/evals/TOFU_SUMMARY.json,saves/unlearn/tofu/forget01/Llama-2-7b-chat-hf/SimNPO/lr6e-5_b16_mb8_ga2_a1.0_beta4.5_delta1_gamma0.25_e10/checkpoint-15/evals/TOFU_EVAL.json
forget01,SimNPO,lr6e-5_b16_mb8_ga2_a1.0_beta4.5_delta1_gamma0.25_e10,6e-5,16,8,2,10,1.0,4.5,1,0.25,checkpoint-18,18,0.9188052214121167,0.5563512199753523,0.6905499696731567,0.06601230230971973,0.7150183201449885,0.5912303424618911,0.4011564034774339,0.5459817179634986,1.0968753053960307,saves/unlearn/tofu/forget01/Llama-2-7b-chat-hf/SimNPO/lr6e-5_b16_mb8_ga2_a1.0_beta4.5_delta1_gamma0.25_e10/checkpoint-18/evals/TOFU_SUMMARY.json,saves/unlearn/tofu/forget01/Llama-2-7b-chat-hf/SimNPO/lr6e-5_b16_mb8_ga2_a1.0_beta4.5_delta1_gamma0.25_e10/checkpoint-18/evals/TOFU_EVAL.json
forget01,SimNPO,lr6e-5_b16_mb8_ga2_a1.0_beta4.5_delta1_gamma0.25_e10,6e-5,16,8,2,10,1.0,4.5,1,0.25,checkpoint-20,20,0.9188052214121167,0.5564310474864022,0.6906613782048225,0.06601230230971973,0.7163352449768576,0.5915929998963914,0.40154166634318356,0.5455893896917772,1.0968994286412477,saves/unlearn/tofu/forget01/Llama-2-7b-chat-hf/SimNPO/lr6e-5_b16_mb8_ga2_a1.0_beta4.5_delta1_gamma0.25_e10/checkpoint-20/evals/TOFU_SUMMARY.json,saves/unlearn/tofu/forget01/Llama-2-7b-chat-hf/SimNPO/lr6e-5_b16_mb8_ga2_a1.0_beta4.5_delta1_gamma0.25_e10/checkpoint-20/evals/TOFU_EVAL.json
forget01,SimNPO,lr6e-5_b32_mb8_ga4_a1.0_beta3.5_delta0_gamma0.125_e10,6e-5,32,8,4,10,1.0,3.5,0,0.125,checkpoint-2,2,0.0005039436209702519,0.5100177197295737,0.8541037455201149,0.1842773337718097,0.48098136169732053,0.5310450625627388,0.47861607376608745,0.5322887046351905,-0.008668876295418362,saves/unlearn/tofu/forget01/Llama-2-7b-chat-hf/SimNPO/lr6e-5_b32_mb8_ga4_a1.0_beta3.5_delta0_gamma0.125_e10/checkpoint-2/evals/TOFU_SUMMARY.json,saves/unlearn/tofu/forget01/Llama-2-7b-chat-hf/SimNPO/lr6e-5_b32_mb8_ga4_a1.0_beta3.5_delta0_gamma0.125_e10/checkpoint-2/evals/TOFU_EVAL.json
forget01,SimNPO,lr6e-5_b32_mb8_ga4_a1.0_beta3.5_delta0_gamma0.125_e10,6e-5,32,8,4,10,1.0,3.5,0,0.125,checkpoint-4,4,0.003018184077228396,0.5548713073506122,0.845763435959816,0.15801740270591982,0.5375850407111938,0.6562314059199232,0.45786392815285226,0.509355058486104,0.05599907209497272,saves/unlearn/tofu/forget01/Llama-2-7b-chat-hf/SimNPO/lr6e-5_b32_mb8_ga4_a1.0_beta3.5_delta0_gamma0.125_e10/checkpoint-4/evals/TOFU_SUMMARY.json,saves/unlearn/tofu/forget01/Llama-2-7b-chat-hf/SimNPO/lr6e-5_b32_mb8_ga4_a1.0_beta3.5_delta0_gamma0.125_e10/checkpoint-4/evals/TOFU_EVAL.json
forget01,SimNPO,lr6e-5_b32_mb8_ga4_a1.0_beta3.5_delta0_gamma0.125_e10,6e-5,32,8,4,10,1.0,3.5,0,0.125,checkpoint-6,6,0.02860307028023343,0.5444699515859367,0.8428900465369225,0.14778040779800064,0.576761960148677,0.6001223769510545,0.43644725375571997,0.4833435763313509,0.0777377946987086,saves/unlearn/tofu/forget01/Llama-2-7b-chat-hf/SimNPO/lr6e-5_b32_mb8_ga4_a1.0_beta3.5_delta0_gamma0.125_e10/checkpoint-6/evals/TOFU_SUMMARY.json,saves/unlearn/tofu/forget01/Llama-2-7b-chat-hf/SimNPO/lr6e-5_b32_mb8_ga4_a1.0_beta3.5_delta0_gamma0.125_e10/checkpoint-6/evals/TOFU_EVAL.json
forget01,SimNPO,lr6e-5_b32_mb8_ga4_a1.0_beta3.5_delta0_gamma0.125_e10,6e-5,32,8,4,10,1.0,3.5,0,0.125,checkpoint-8,8,0.02860307028023343,0.5398076253476707,0.8435288324952126,0.14548422616745366,0.5905603705346572,0.5719759847753231,0.43085354952492944,0.4760591954568144,0.07390416629657101,saves/unlearn/tofu/forget01/Llama-2-7b-chat-hf/SimNPO/lr6e-5_b32_mb8_ga4_a1.0_beta3.5_delta0_gamma0.125_e10/checkpoint-8/evals/TOFU_SUMMARY.json,saves/unlearn/tofu/forget01/Llama-2-7b-chat-hf/SimNPO/lr6e-5_b32_mb8_ga4_a1.0_beta3.5_delta0_gamma0.125_e10/checkpoint-8/evals/TOFU_EVAL.json
forget01,SimNPO,lr6e-5_b32_mb8_ga4_a1.0_beta3.5_delta0_gamma0.125_e10,6e-5,32,8,4,10,1.0,3.5,0,0.125,checkpoint-10,10,0.02860307028023343,0.5397448164984242,0.8440412327647209,0.14843935990343296,0.5928798839715919,0.5643362769850178,0.42957892215699095,0.47441310065195896,0.07210759044458075,saves/unlearn/tofu/forget01/Llama-2-7b-chat-hf/SimNPO/lr6e-5_b32_mb8_ga4_a1.0_beta3.5_delta0_gamma0.125_e10/checkpoint-10/evals/TOFU_SUMMARY.json,saves/unlearn/tofu/forget01/Llama-2-7b-chat-hf/SimNPO/lr6e-5_b32_mb8_ga4_a1.0_beta3.5_delta0_gamma0.125_e10/checkpoint-10/evals/TOFU_EVAL.json
forget01,SimNPO,lr6e-5_b32_mb8_ga4_a1.0_beta3.5_delta0_gamma0.25_e10,6e-5,32,8,4,10,1.0,3.5,0,0.25,checkpoint-2,2,0.0005039436209702519,0.5133666170261362,0.8283409476280212,0.17541871275247994,0.4924919294759874,0.5283726577233196,0.4767086718770414,0.5317307459188315,0.011990730456855864,saves/unlearn/tofu/forget01/Llama-2-7b-chat-hf/SimNPO/lr6e-5_b32_mb8_ga4_a1.0_beta3.5_delta0_gamma0.25_e10/checkpoint-2/evals/TOFU_SUMMARY.json,saves/unlearn/tofu/forget01/Llama-2-7b-chat-hf/SimNPO/lr6e-5_b32_mb8_ga4_a1.0_beta3.5_delta0_gamma0.25_e10/checkpoint-2/evals/TOFU_EVAL.json
forget01,SimNPO,lr6e-5_b32_mb8_ga4_a1.0_beta3.5_delta0_gamma0.25_e10,6e-5,32,8,4,10,1.0,3.5,0,0.25,checkpoint-4,4,0.01430154804770646,0.5450483171270513,0.806651757657528,0.12553693422653894,0.5704609984695151,0.6171589070062428,0.447115496876345,0.4973717743561481,0.09325551923272427,saves/unlearn/tofu/forget01/Llama-2-7b-chat-hf/SimNPO/lr6e-5_b32_mb8_ga4_a1.0_beta3.5_delta0_gamma0.25_e10/checkpoint-4/evals/TOFU_SUMMARY.json,saves/unlearn/tofu/forget01/Llama-2-7b-chat-hf/SimNPO/lr6e-5_b32_mb8_ga4_a1.0_beta3.5_delta0_gamma0.25_e10/checkpoint-4/evals/TOFU_EVAL.json
forget01,SimNPO,lr6e-5_b32_mb8_ga4_a1.0_beta3.5_delta0_gamma0.25_e10,6e-5,32,8,4,10,1.0,3.5,0,0.25,checkpoint-6,6,0.09707484379785862,0.5507304433015656,0.8003592744469643,0.14624898631410793,0.6075450144681662,0.6227484099401873,0.42876811737441,0.49977091360705045,0.17450115671888808,saves/unlearn/tofu/forget01/Llama-2-7b-chat-hf/SimNPO/lr6e-5_b32_mb8_ga4_a1.0_beta3.5_delta0_gamma0.25_e10/checkpoint-6/evals/TOFU_SUMMARY.json,saves/unlearn/tofu/forget01/Llama-2-7b-chat-hf/SimNPO/lr6e-5_b32_mb8_ga4_a1.0_beta3.5_delta0_gamma0.25_e10/checkpoint-6/evals/TOFU_EVAL.json
forget01,SimNPO,lr6e-5_b32_mb8_ga4_a1.0_beta3.5_delta0_gamma0.25_e10,6e-5,32,8,4,10,1.0,3.5,0,0.25,checkpoint-8,8,0.16497269950224194,0.5476939088830794,0.8008885860443116,0.132635547075934,0.6249862842882086,0.6003231579674907,0.4218952164309374,0.49428584967696204,0.24590454182519858,saves/unlearn/tofu/forget01/Llama-2-7b-chat-hf/SimNPO/lr6e-5_b32_mb8_ga4_a1.0_beta3.5_delta0_gamma0.25_e10/checkpoint-8/evals/TOFU_SUMMARY.json,saves/unlearn/tofu/forget01/Llama-2-7b-chat-hf/SimNPO/lr6e-5_b32_mb8_ga4_a1.0_beta3.5_delta0_gamma0.25_e10/checkpoint-8/evals/TOFU_EVAL.json
forget01,SimNPO,lr6e-5_b32_mb8_ga4_a1.0_beta3.5_delta0_gamma0.25_e10,6e-5,32,8,4,10,1.0,3.5,0,0.25,checkpoint-10,10,0.16497269950224194,0.5461023155155401,0.7989885032176971,0.11760822467156244,0.6267912768134021,0.5877372620059017,0.4213385271202837,0.49157843443012156,0.2527766510731523,saves/unlearn/tofu/forget01/Llama-2-7b-chat-hf/SimNPO/lr6e-5_b32_mb8_ga4_a1.0_beta3.5_delta0_gamma0.25_e10/checkpoint-10/evals/TOFU_SUMMARY.json,saves/unlearn/tofu/forget01/Llama-2-7b-chat-hf/SimNPO/lr6e-5_b32_mb8_ga4_a1.0_beta3.5_delta0_gamma0.25_e10/checkpoint-10/evals/TOFU_EVAL.json
forget01,SimNPO,lr6e-5_b32_mb8_ga4_a1.0_beta3.5_delta1_gamma0.125_e10,6e-5,32,8,4,10,1.0,3.5,1,0.125,checkpoint-2,2,0.0005039436209702519,0.5113973322680737,0.8278846472501755,0.17541871275247994,0.49023374698859834,0.5261582991567547,0.47634539623679756,0.5305394386019913,0.010249595887716262,saves/unlearn/tofu/forget01/Llama-2-7b-chat-hf/SimNPO/lr6e-5_b32_mb8_ga4_a1.0_beta3.5_delta1_gamma0.125_e10/checkpoint-2/evals/TOFU_SUMMARY.json,saves/unlearn/tofu/forget01/Llama-2-7b-chat-hf/SimNPO/lr6e-5_b32_mb8_ga4_a1.0_beta3.5_delta1_gamma0.125_e10/checkpoint-2/evals/TOFU_EVAL.json
forget01,SimNPO,lr6e-5_b32_mb8_ga4_a1.0_beta3.5_delta1_gamma0.125_e10,6e-5,32,8,4,10,1.0,3.5,1,0.125,checkpoint-4,4,0.02860307028023343,0.547612347261304,0.7812487468123436,0.11973941196560203,0.5803146838517279,0.6405395918058909,0.44855512636404116,0.5054856270782222,0.1257213381525647,saves/unlearn/tofu/forget01/Llama-2-7b-chat-hf/SimNPO/lr6e-5_b32_mb8_ga4_a1.0_beta3.5_delta1_gamma0.125_e10/checkpoint-4/evals/TOFU_SUMMARY.json,saves/unlearn/tofu/forget01/Llama-2-7b-chat-hf/SimNPO/lr6e-5_b32_mb8_ga4_a1.0_beta3.5_delta1_gamma0.125_e10/checkpoint-4/evals/TOFU_EVAL.json
forget01,SimNPO,lr6e-5_b32_mb8_ga4_a1.0_beta3.5_delta1_gamma0.125_e10,6e-5,32,8,4,10,1.0,3.5,1,0.125,checkpoint-6,6,0.16497269950224194,0.5536022059588357,0.7676401853561401,0.1000727452989354,0.6284174724123744,0.6355068197488226,0.430479118373011,0.5047052888974122,0.28471844013353986,saves/unlearn/tofu/forget01/Llama-2-7b-chat-hf/SimNPO/lr6e-5_b32_mb8_ga4_a1.0_beta3.5_delta1_gamma0.125_e10/checkpoint-6/evals/TOFU_SUMMARY.json,saves/unlearn/tofu/forget01/Llama-2-7b-chat-hf/SimNPO/lr6e-5_b32_mb8_ga4_a1.0_beta3.5_delta1_gamma0.125_e10/checkpoint-6/evals/TOFU_EVAL.json
forget01,SimNPO,lr6e-5_b32_mb8_ga4_a1.0_beta3.5_delta1_gamma0.125_e10,6e-5,32,8,4,10,1.0,3.5,1,0.125,checkpoint-8,8,0.16497269950224194,0.5495404023745787,0.7622798934578896,0.1000727452989354,0.6496617088012141,0.6129094461319741,0.423934079117719,0.4973910452955368,0.2833367824984081,saves/unlearn/tofu/forget01/Llama-2-7b-chat-hf/SimNPO/lr6e-5_b32_mb8_ga4_a1.0_beta3.5_delta1_gamma0.125_e10/checkpoint-8/evals/TOFU_SUMMARY.json,saves/unlearn/tofu/forget01/Llama-2-7b-chat-hf/SimNPO/lr6e-5_b32_mb8_ga4_a1.0_beta3.5_delta1_gamma0.125_e10/checkpoint-8/evals/TOFU_EVAL.json
forget01,SimNPO,lr6e-5_b32_mb8_ga4_a1.0_beta3.5_delta1_gamma0.125_e10,6e-5,32,8,4,10,1.0,3.5,1,0.125,checkpoint-10,10,0.16497269950224194,0.5485216109454929,0.7618421539664268,0.10166848997978643,0.6519123700586902,0.6012724498520013,0.4224348918119631,0.49607492030397327,0.2817389884746282,saves/unlearn/tofu/forget01/Llama-2-7b-chat-hf/SimNPO/lr6e-5_b32_mb8_ga4_a1.0_beta3.5_delta1_gamma0.125_e10/checkpoint-10/evals/TOFU_SUMMARY.json,saves/unlearn/tofu/forget01/Llama-2-7b-chat-hf/SimNPO/lr6e-5_b32_mb8_ga4_a1.0_beta3.5_delta1_gamma0.125_e10/checkpoint-10/evals/TOFU_EVAL.json
forget01,SimNPO,lr6e-5_b32_mb8_ga4_a1.0_beta3.5_delta1_gamma0.25_e10,6e-5,32,8,4,10,1.0,3.5,1,0.25,checkpoint-2,2,0.01430154804770646,0.5210022431653993,0.7895336359739303,0.12344316594732627,0.5299833185946121,0.5303230126441598,0.4719291267729369,0.5314570648410496,0.07881539025247748,saves/unlearn/tofu/forget01/Llama-2-7b-chat-hf/SimNPO/lr6e-5_b32_mb8_ga4_a1.0_beta3.5_delta1_gamma0.25_e10/checkpoint-2/evals/TOFU_SUMMARY.json,saves/unlearn/tofu/forget01/Llama-2-7b-chat-hf/SimNPO/lr6e-5_b32_mb8_ga4_a1.0_beta3.5_delta1_gamma0.25_e10/checkpoint-2/evals/TOFU_EVAL.json
forget01,SimNPO,lr6e-5_b32_mb8_ga4_a1.0_beta3.5_delta1_gamma0.25_e10,6e-5,32,8,4,10,1.0,3.5,1,0.25,checkpoint-4,4,0.2656871402817289,0.5252588876047108,0.7272705391049386,0.10220758498949523,0.641298229554416,0.5633774717388049,0.43578533114725815,0.4931521848207905,0.37620696583922286,saves/unlearn/tofu/forget01/Llama-2-7b-chat-hf/SimNPO/lr6e-5_b32_mb8_ga4_a1.0_beta3.5_delta1_gamma0.25_e10/checkpoint-4/evals/TOFU_SUMMARY.json,saves/unlearn/tofu/forget01/Llama-2-7b-chat-hf/SimNPO/lr6e-5_b32_mb8_ga4_a1.0_beta3.5_delta1_gamma0.25_e10/checkpoint-4/evals/TOFU_EVAL.json
forget01,SimNPO,lr6e-5_b32_mb8_ga4_a1.0_beta3.5_delta1_gamma0.25_e10,6e-5,32,8,4,10,1.0,3.5,1,0.25,checkpoint-6,6,0.404587405685253,0.5360890547235082,0.7218617349863052,0.07595278959307579,0.6784104150936097,0.5971814950643192,0.41843320622064284,0.4862433943645453,0.5417691981190706,saves/unlearn/tofu/forget01/Llama-2-7b-chat-hf/SimNPO/lr6e-5_b32_mb8_ga4_a1.0_beta3.5_delta1_gamma0.25_e10/checkpoint-6/evals/TOFU_SUMMARY.json,saves/unlearn/tofu/forget01/Llama-2-7b-chat-hf/SimNPO/lr6e-5_b32_mb8_ga4_a1.0_beta3.5_delta1_gamma0.25_e10/checkpoint-6/evals/TOFU_EVAL.json
forget01,SimNPO,lr6e-5_b32_mb8_ga4_a1.0_beta3.5_delta1_gamma0.25_e10,6e-5,32,8,4,10,1.0,3.5,1,0.25,checkpoint-8,8,0.404587405685253,0.5386186584518662,0.720661050081253,0.0678602341220037,0.6902210995646608,0.5901564123106016,0.41056507183428664,0.49263504955793413,0.5489454220354908,saves/unlearn/tofu/forget01/Llama-2-7b-chat-hf/SimNPO/lr6e-5_b32_mb8_ga4_a1.0_beta3.5_delta1_gamma0.25_e10/checkpoint-8/evals/TOFU_SUMMARY.json,saves/unlearn/tofu/forget01/Llama-2-7b-chat-hf/SimNPO/lr6e-5_b32_mb8_ga4_a1.0_beta3.5_delta1_gamma0.25_e10/checkpoint-8/evals/TOFU_EVAL.json
forget01,SimNPO,lr6e-5_b32_mb8_ga4_a1.0_beta3.5_delta1_gamma0.25_e10,6e-5,32,8,4,10,1.0,3.5,1,0.25,checkpoint-10,10,0.404587405685253,0.5398091254659396,0.7178329676389694,0.06568632107852544,0.6899954377682166,0.5874339799275594,0.4100536489966855,0.49514483928505504,0.5526368867924452,saves/unlearn/tofu/forget01/Llama-2-7b-chat-hf/SimNPO/lr6e-5_b32_mb8_ga4_a1.0_beta3.5_delta1_gamma0.25_e10/checkpoint-10/evals/TOFU_SUMMARY.json,saves/unlearn/tofu/forget01/Llama-2-7b-chat-hf/SimNPO/lr6e-5_b32_mb8_ga4_a1.0_beta3.5_delta1_gamma0.25_e10/checkpoint-10/evals/TOFU_EVAL.json
forget01,SimNPO,lr6e-5_b32_mb8_ga4_a1.0_beta4.5_delta0_gamma0.125_e10,6e-5,32,8,4,10,1.0,4.5,0,0.125,checkpoint-2,2,0.0005039436209702519,0.5104813798926346,0.8540875628590584,0.18800073802712886,0.4809080727380769,0.5293748458619678,0.47836917258348194,0.5321762103946893,-0.010058826929488701,saves/unlearn/tofu/forget01/Llama-2-7b-chat-hf/SimNPO/lr6e-5_b32_mb8_ga4_a1.0_beta4.5_delta0_gamma0.125_e10/checkpoint-2/evals/TOFU_SUMMARY.json,saves/unlearn/tofu/forget01/Llama-2-7b-chat-hf/SimNPO/lr6e-5_b32_mb8_ga4_a1.0_beta4.5_delta0_gamma0.125_e10/checkpoint-2/evals/TOFU_EVAL.json
forget01,SimNPO,lr6e-5_b32_mb8_ga4_a1.0_beta4.5_delta0_gamma0.125_e10,6e-5,32,8,4,10,1.0,4.5,0,0.125,checkpoint-4,4,0.0012708143485281624,0.5541013612072957,0.8464964643120766,0.15801740270591982,0.5383834090457541,0.6536345714191634,0.45634389622366056,0.5094497077900862,0.05311524204682565,saves/unlearn/tofu/forget01/Llama-2-7b-chat-hf/SimNPO/lr6e-5_b32_mb8_ga4_a1.0_beta4.5_delta0_gamma0.125_e10/checkpoint-4/evals/TOFU_SUMMARY.json,saves/unlearn/tofu/forget01/Llama-2-7b-chat-hf/SimNPO/lr6e-5_b32_mb8_ga4_a1.0_beta4.5_delta0_gamma0.125_e10/checkpoint-4/evals/TOFU_EVAL.json
forget01,SimNPO,lr6e-5_b32_mb8_ga4_a1.0_beta4.5_delta0_gamma0.125_e10,6e-5,32,8,4,10,1.0,4.5,0,0.125,checkpoint-6,6,0.02860307028023343,0.5449504231766737,0.8476162075996398,0.15090540779800063,0.5740488638818039,0.6036467418398803,0.43651164828052735,0.4811827257547009,0.07429268575808697,saves/unlearn/tofu/forget01/Llama-2-7b-chat-hf/SimNPO/lr6e-5_b32_mb8_ga4_a1.0_beta4.5_delta0_gamma0.125_e10/checkpoint-6/evals/TOFU_SUMMARY.json,saves/unlearn/tofu/forget01/Llama-2-7b-chat-hf/SimNPO/lr6e-5_b32_mb8_ga4_a1.0_beta4.5_delta0_gamma0.125_e10/checkpoint-6/evals/TOFU_EVAL.json
forget01,SimNPO,lr6e-5_b32_mb8_ga4_a1.0_beta4.5_delta0_gamma0.125_e10,6e-5,32,8,4,10,1.0,4.5,0,0.125,checkpoint-8,8,0.054141077480362725,0.537993549682746,0.8440856918692589,0.14480001564113784,0.5869052731296163,0.5723109932091115,0.43031821862569386,0.47149830750246896,0.09769177340791037,saves/unlearn/tofu/forget01/Llama-2-7b-chat-hf/SimNPO/lr6e-5_b32_mb8_ga4_a1.0_beta4.5_delta0_gamma0.125_e10/checkpoint-8/evals/TOFU_SUMMARY.json,saves/unlearn/tofu/forget01/Llama-2-7b-chat-hf/SimNPO/lr6e-5_b32_mb8_ga4_a1.0_beta4.5_delta0_gamma0.125_e10/checkpoint-8/evals/TOFU_EVAL.json
forget01,SimNPO,lr6e-5_b32_mb8_ga4_a1.0_beta4.5_delta0_gamma0.125_e10,6e-5,32,8,4,10,1.0,4.5,0,0.125,checkpoint-10,10,0.02860307028023343,0.5393719235499086,0.8482339933514595,0.15156435990343295,0.5888522662233853,0.5654952980625657,0.42949020447278086,0.47297452531321715,0.0680758172026958,saves/unlearn/tofu/forget01/Llama-2-7b-chat-hf/SimNPO/lr6e-5_b32_mb8_ga4_a1.0_beta4.5_delta0_gamma0.125_e10/checkpoint-10/evals/TOFU_SUMMARY.json,saves/unlearn/tofu/forget01/Llama-2-7b-chat-hf/SimNPO/lr6e-5_b32_mb8_ga4_a1.0_beta4.5_delta0_gamma0.125_e10/checkpoint-10/evals/TOFU_EVAL.json
forget01,SimNPO,lr6e-5_b32_mb8_ga4_a1.0_beta4.5_delta0_gamma0.25_e10,6e-5,32,8,4,10,1.0,4.5,0,0.25,checkpoint-2,2,0.0005039436209702519,0.5134844065619367,0.8274878934025764,0.17581553814930534,0.49422939699381524,0.5284675314417256,0.47610610420920835,0.5314668333988918,0.012336634406966113,saves/unlearn/tofu/forget01/Llama-2-7b-chat-hf/SimNPO/lr6e-5_b32_mb8_ga4_a1.0_beta4.5_delta0_gamma0.25_e10/checkpoint-2/evals/TOFU_SUMMARY.json,saves/unlearn/tofu/forget01/Llama-2-7b-chat-hf/SimNPO/lr6e-5_b32_mb8_ga4_a1.0_beta4.5_delta0_gamma0.25_e10/checkpoint-2/evals/TOFU_EVAL.json
forget01,SimNPO,lr6e-5_b32_mb8_ga4_a1.0_beta4.5_delta0_gamma0.25_e10,6e-5,32,8,4,10,1.0,4.5,0,0.25,checkpoint-4,4,0.01430154804770646,0.5459464830326736,0.8078289777040482,0.12877202316968508,0.5705358739642367,0.6281684789922504,0.4469978458554655,0.4973970994597384,0.0919475306435134,saves/unlearn/tofu/forget01/Llama-2-7b-chat-hf/SimNPO/lr6e-5_b32_mb8_ga4_a1.0_beta4.5_delta0_gamma0.25_e10/checkpoint-4/evals/TOFU_SUMMARY.json,saves/unlearn/tofu/forget01/Llama-2-7b-chat-hf/SimNPO/lr6e-5_b32_mb8_ga4_a1.0_beta4.5_delta0_gamma0.25_e10/checkpoint-4/evals/TOFU_EVAL.json
forget01,SimNPO,lr6e-5_b32_mb8_ga4_a1.0_beta4.5_delta0_gamma0.25_e10,6e-5,32,8,4,10,1.0,4.5,0,0.25,checkpoint-6,6,0.054141077480362725,0.5512805331405315,0.8051837787032128,0.13828138040926735,0.6061249576114466,0.6268897865223566,0.42959540149290293,0.4957017764195872,0.1336890310646541,saves/unlearn/tofu/forget01/Llama-2-7b-chat-hf/SimNPO/lr6e-5_b32_mb8_ga4_a1.0_beta4.5_delta0_gamma0.25_e10/checkpoint-6/evals/TOFU_SUMMARY.json,saves/unlearn/tofu/forget01/Llama-2-7b-chat-hf/SimNPO/lr6e-5_b32_mb8_ga4_a1.0_beta4.5_delta0_gamma0.25_e10/checkpoint-6/evals/TOFU_EVAL.json
forget01,SimNPO,lr6e-5_b32_mb8_ga4_a1.0_beta4.5_delta0_gamma0.25_e10,6e-5,32,8,4,10,1.0,4.5,0,0.25,checkpoint-8,8,0.09707484379785862,0.5461415406821835,0.8062025725841522,0.1342748913382291,0.6216846048241507,0.5992425802183238,0.42192244616261276,0.4876654917105619,0.1729776525188514,saves/unlearn/tofu/forget01/Llama-2-7b-chat-hf/SimNPO/lr6e-5_b32_mb8_ga4_a1.0_beta4.5_delta0_gamma0.25_e10/checkpoint-8/evals/TOFU_SUMMARY.json,saves/unlearn/tofu/forget01/Llama-2-7b-chat-hf/SimNPO/lr6e-5_b32_mb8_ga4_a1.0_beta4.5_delta0_gamma0.25_e10/checkpoint-8/evals/TOFU_EVAL.json
forget01,SimNPO,lr6e-5_b32_mb8_ga4_a1.0_beta4.5_delta0_gamma0.25_e10,6e-5,32,8,4,10,1.0,4.5,0,0.25,checkpoint-10,10,0.09707484379785862,0.5439986679339718,0.8056886970996857,0.11760822467156244,0.6242978395181605,0.5876899836975571,0.4208654399195484,0.4862586590734511,0.17942505084620627,saves/unlearn/tofu/forget01/Llama-2-7b-chat-hf/SimNPO/lr6e-5_b32_mb8_ga4_a1.0_beta4.5_delta0_gamma0.25_e10/checkpoint-10/evals/TOFU_SUMMARY.json,saves/unlearn/tofu/forget01/Llama-2-7b-chat-hf/SimNPO/lr6e-5_b32_mb8_ga4_a1.0_beta4.5_delta0_gamma0.25_e10/checkpoint-10/evals/TOFU_EVAL.json
forget01,SimNPO,lr6e-5_b32_mb8_ga4_a1.0_beta4.5_delta1_gamma0.125_e10,6e-5,32,8,4,10,1.0,4.5,1,0.125,checkpoint-2,2,0.0005039436209702519,0.5139440717509618,0.8262846812605857,0.17303776037152757,0.4911818124602437,0.5284771956336796,0.47618358461177235,0.5306582686421404,0.014786794555875421,saves/unlearn/tofu/forget01/Llama-2-7b-chat-hf/SimNPO/lr6e-5_b32_mb8_ga4_a1.0_beta4.5_delta1_gamma0.125_e10/checkpoint-2/evals/TOFU_SUMMARY.json,saves/unlearn/tofu/forget01/Llama-2-7b-chat-hf/SimNPO/lr6e-5_b32_mb8_ga4_a1.0_beta4.5_delta1_gamma0.125_e10/checkpoint-2/evals/TOFU_EVAL.json
forget01,SimNPO,lr6e-5_b32_mb8_ga4_a1.0_beta4.5_delta1_gamma0.125_e10,6e-5,32,8,4,10,1.0,4.5,1,0.125,checkpoint-4,4,0.01430154804770646,0.543941038128739,0.7842279583215713,0.12133515664645311,0.5835248435970646,0.6225001450327917,0.4479507082236536,0.5005164201304448,0.10546102869243318,saves/unlearn/tofu/forget01/Llama-2-7b-chat-hf/SimNPO/lr6e-5_b32_mb8_ga4_a1.0_beta4.5_delta1_gamma0.125_e10/checkpoint-4/evals/TOFU_SUMMARY.json,saves/unlearn/tofu/forget01/Llama-2-7b-chat-hf/SimNPO/lr6e-5_b32_mb8_ga4_a1.0_beta4.5_delta1_gamma0.125_e10/checkpoint-4/evals/TOFU_EVAL.json
forget01,SimNPO,lr6e-5_b32_mb8_ga4_a1.0_beta4.5_delta1_gamma0.125_e10,6e-5,32,8,4,10,1.0,4.5,1,0.125,checkpoint-6,6,0.16497269950224194,0.5475467992849269,0.7723104164004326,0.10154333353422951,0.6282697303975934,0.612319589479453,0.42939672849386024,0.4983632751714233,0.27559262381983773,saves/unlearn/tofu/forget01/Llama-2-7b-chat-hf/SimNPO/lr6e-5_b32_mb8_ga4_a1.0_beta4.5_delta1_gamma0.125_e10/checkpoint-6/evals/TOFU_SUMMARY.json,saves/unlearn/tofu/forget01/Llama-2-7b-chat-hf/SimNPO/lr6e-5_b32_mb8_ga4_a1.0_beta4.5_delta1_gamma0.125_e10/checkpoint-6/evals/TOFU_EVAL.json
forget01,SimNPO,lr6e-5_b32_mb8_ga4_a1.0_beta4.5_delta1_gamma0.125_e10,6e-5,32,8,4,10,1.0,4.5,1,0.125,checkpoint-8,8,0.2656871402817289,0.5450123450098325,0.7700437337160111,0.10166848997978643,0.6475538729700481,0.5974189442511262,0.4226343499272322,0.4943586468991507,0.3748433734436627,saves/unlearn/tofu/forget01/Llama-2-7b-chat-hf/SimNPO/lr6e-5_b32_mb8_ga4_a1.0_beta4.5_delta1_gamma0.125_e10/checkpoint-8/evals/TOFU_SUMMARY.json,saves/unlearn/tofu/forget01/Llama-2-7b-chat-hf/SimNPO/lr6e-5_b32_mb8_ga4_a1.0_beta4.5_delta1_gamma0.125_e10/checkpoint-8/evals/TOFU_EVAL.json
forget01,SimNPO,lr6e-5_b32_mb8_ga4_a1.0_beta4.5_delta1_gamma0.125_e10,6e-5,32,8,4,10,1.0,4.5,1,0.125,checkpoint-10,10,0.2656871402817289,0.5428226002113145,0.7678980275988578,0.09281299125855882,0.6502056864423141,0.5860278828644325,0.421389008254276,0.48911384987246903,0.37815423106433504,saves/unlearn/tofu/forget01/Llama-2-7b-chat-hf/SimNPO/lr6e-5_b32_mb8_ga4_a1.0_beta4.5_delta1_gamma0.125_e10/checkpoint-10/evals/TOFU_SUMMARY.json,saves/unlearn/tofu/forget01/Llama-2-7b-chat-hf/SimNPO/lr6e-5_b32_mb8_ga4_a1.0_beta4.5_delta1_gamma0.125_e10/checkpoint-10/evals/TOFU_EVAL.json
forget01,SimNPO,lr6e-5_b32_mb8_ga4_a1.0_beta4.5_delta1_gamma0.25_e10,6e-5,32,8,4,10,1.0,4.5,1,0.25,checkpoint-2,2,0.01430154804770646,0.5212861128222863,0.7879244714975357,0.12262349381617872,0.5315105525082486,0.5299216196030401,0.4725371352388193,0.5303947811786125,0.08031367821313554,saves/unlearn/tofu/forget01/Llama-2-7b-chat-hf/SimNPO/lr6e-5_b32_mb8_ga4_a1.0_beta4.5_delta1_gamma0.25_e10/checkpoint-2/evals/TOFU_SUMMARY.json,saves/unlearn/tofu/forget01/Llama-2-7b-chat-hf/SimNPO/lr6e-5_b32_mb8_ga4_a1.0_beta4.5_delta1_gamma0.25_e10/checkpoint-2/evals/TOFU_EVAL.json
forget01,SimNPO,lr6e-5_b32_mb8_ga4_a1.0_beta4.5_delta1_gamma0.25_e10,6e-5,32,8,4,10,1.0,4.5,1,0.25,checkpoint-4,4,0.2656871402817289,0.5242523458766168,0.7313285574316979,0.10220758498949523,0.639721561916629,0.5583084099024309,0.43546677449856674,0.4934256162353675,0.3731714149477492,saves/unlearn/tofu/forget01/Llama-2-7b-chat-hf/SimNPO/lr6e-5_b32_mb8_ga4_a1.0_beta4.5_delta1_gamma0.25_e10/checkpoint-4/evals/TOFU_SUMMARY.json,saves/unlearn/tofu/forget01/Llama-2-7b-chat-hf/SimNPO/lr6e-5_b32_mb8_ga4_a1.0_beta4.5_delta1_gamma0.25_e10/checkpoint-4/evals/TOFU_EVAL.json
forget01,SimNPO,lr6e-5_b32_mb8_ga4_a1.0_beta4.5_delta1_gamma0.25_e10,6e-5,32,8,4,10,1.0,4.5,1,0.25,checkpoint-6,6,0.404587405685253,0.5372226871410746,0.7271719962358475,0.07668808371072286,0.6742798246095745,0.6002572234839931,0.41686172563804363,0.4893361534919762,0.5398800528530424,saves/unlearn/tofu/forget01/Llama-2-7b-chat-hf/SimNPO/lr6e-5_b32_mb8_ga4_a1.0_beta4.5_delta1_gamma0.25_e10/checkpoint-6/evals/TOFU_SUMMARY.json,saves/unlearn/tofu/forget01/Llama-2-7b-chat-hf/SimNPO/lr6e-5_b32_mb8_ga4_a1.0_beta4.5_delta1_gamma0.25_e10/checkpoint-6/evals/TOFU_EVAL.json
forget01,SimNPO,lr6e-5_b32_mb8_ga4_a1.0_beta4.5_delta1_gamma0.25_e10,6e-5,32,8,4,10,1.0,4.5,1,0.25,checkpoint-8,8,0.404587405685253,0.5425442185618543,0.7233494073152542,0.06268632107852544,0.6854918535661297,0.6014437805826472,0.40929391127941755,0.4971637726645925,0.5541137600502175,saves/unlearn/tofu/forget01/Llama-2-7b-chat-hf/SimNPO/lr6e-5_b32_mb8_ga4_a1.0_beta4.5_delta1_gamma0.25_e10/checkpoint-8/evals/TOFU_SUMMARY.json,saves/unlearn/tofu/forget01/Llama-2-7b-chat-hf/SimNPO/lr6e-5_b32_mb8_ga4_a1.0_beta4.5_delta1_gamma0.25_e10/checkpoint-8/evals/TOFU_EVAL.json
forget01,SimNPO,lr6e-5_b32_mb8_ga4_a1.0_beta4.5_delta1_gamma0.25_e10,6e-5,32,8,4,10,1.0,4.5,1,0.25,checkpoint-10,10,0.404587405685253,0.5434900871756173,0.7255674123764038,0.06568632107852544,0.6892145339481087,0.5998352138256737,0.4089829821120396,0.49953700674438095,0.5524506261334057,saves/unlearn/tofu/forget01/Llama-2-7b-chat-hf/SimNPO/lr6e-5_b32_mb8_ga4_a1.0_beta4.5_delta1_gamma0.25_e10/checkpoint-10/evals/TOFU_SUMMARY.json,saves/unlearn/tofu/forget01/Llama-2-7b-chat-hf/SimNPO/lr6e-5_b32_mb8_ga4_a1.0_beta4.5_delta1_gamma0.25_e10/checkpoint-10/evals/TOFU_EVAL.json
